DEPTH = 76800;
WIDTH = 8;
ADDRESS_RADIX = DEC;
DATA_RADIX = HEX;
CONTENT
BEGIN
0 : 40;
1 : 40;
2 : 40;
3 : 40;
4 : 40;
5 : 20;
6 : 40;
7 : 40;
8 : 60;
9 : 60;
10 : 60;
11 : 64;
12 : 84;
13 : 64;
14 : 20;
15 : 40;
16 : 40;
17 : 40;
18 : 40;
19 : 40;
20 : 40;
21 : 40;
22 : 40;
23 : 40;
24 : 40;
25 : 40;
26 : 40;
27 : 40;
28 : 40;
29 : 40;
30 : 40;
31 : 40;
32 : 40;
33 : 40;
34 : 40;
35 : 40;
36 : 40;
37 : 40;
38 : 40;
39 : 40;
40 : 40;
41 : 40;
42 : 40;
43 : 40;
44 : 40;
45 : 40;
46 : 40;
47 : 40;
48 : 40;
49 : 40;
50 : 40;
51 : 40;
52 : 40;
53 : 40;
54 : 40;
55 : 40;
56 : 40;
57 : 40;
58 : 40;
59 : 40;
60 : 40;
61 : 40;
62 : 40;
63 : 40;
64 : 40;
65 : 40;
66 : 40;
67 : 40;
68 : 40;
69 : 40;
70 : 40;
71 : 40;
72 : 40;
73 : 40;
74 : 40;
75 : 40;
76 : 40;
77 : 40;
78 : 60;
79 : 60;
80 : 60;
81 : 64;
82 : 64;
83 : 64;
84 : 64;
85 : 64;
86 : 64;
87 : 64;
88 : 64;
89 : 64;
90 : 64;
91 : 64;
92 : 64;
93 : 60;
94 : 60;
95 : 60;
96 : 60;
97 : 40;
98 : 40;
99 : 40;
100 : 40;
101 : 60;
102 : 60;
103 : 60;
104 : 60;
105 : 64;
106 : 64;
107 : 64;
108 : 84;
109 : 64;
110 : 64;
111 : 64;
112 : 64;
113 : 64;
114 : 64;
115 : 84;
116 : 64;
117 : 64;
118 : 64;
119 : 64;
120 : 64;
121 : 64;
122 : 64;
123 : 64;
124 : 64;
125 : 64;
126 : 64;
127 : 64;
128 : 64;
129 : 64;
130 : 64;
131 : 64;
132 : 64;
133 : 64;
134 : 64;
135 : 85;
136 : 84;
137 : 84;
138 : 84;
139 : 84;
140 : 64;
141 : 60;
142 : 64;
143 : 40;
144 : 60;
145 : 60;
146 : 60;
147 : 60;
148 : 40;
149 : 40;
150 : 40;
151 : 40;
152 : 40;
153 : 40;
154 : 40;
155 : 40;
156 : 40;
157 : 40;
158 : 40;
159 : 40;
160 : 40;
161 : 40;
162 : 40;
163 : 40;
164 : 40;
165 : 40;
166 : 40;
167 : 40;
168 : 40;
169 : 40;
170 : 40;
171 : 40;
172 : 40;
173 : 40;
174 : 40;
175 : 40;
176 : 40;
177 : 40;
178 : 40;
179 : 40;
180 : 40;
181 : 40;
182 : 40;
183 : 40;
184 : 40;
185 : 40;
186 : 60;
187 : 60;
188 : 60;
189 : 64;
190 : 60;
191 : 64;
192 : 64;
193 : 84;
194 : 84;
195 : 84;
196 : 84;
197 : 84;
198 : 64;
199 : 64;
200 : 60;
201 : 60;
202 : 60;
203 : 60;
204 : 60;
205 : 40;
206 : 40;
207 : 40;
208 : 40;
209 : 40;
210 : 40;
211 : 40;
212 : 40;
213 : 40;
214 : 40;
215 : 40;
216 : 40;
217 : 40;
218 : 40;
219 : 40;
220 : 40;
221 : 40;
222 : 40;
223 : 40;
224 : 40;
225 : 40;
226 : 40;
227 : 40;
228 : 40;
229 : 40;
230 : 40;
231 : 40;
232 : 40;
233 : 40;
234 : 40;
235 : 40;
236 : 40;
237 : 40;
238 : 40;
239 : 40;
240 : 92;
241 : B6;
242 : 92;
243 : 6D;
244 : 6D;
245 : 49;
246 : 49;
247 : 49;
248 : 49;
249 : 49;
250 : 49;
251 : 49;
252 : 49;
253 : 49;
254 : 49;
255 : 49;
256 : 49;
257 : 49;
258 : 49;
259 : 49;
260 : 49;
261 : 49;
262 : 49;
263 : 49;
264 : 49;
265 : 49;
266 : 49;
267 : 49;
268 : 49;
269 : 49;
270 : 49;
271 : 49;
272 : 49;
273 : 49;
274 : 49;
275 : 49;
276 : 49;
277 : 49;
278 : 49;
279 : 49;
280 : 49;
281 : 49;
282 : 49;
283 : 49;
284 : 49;
285 : 49;
286 : 49;
287 : 49;
288 : 49;
289 : 49;
290 : 49;
291 : 49;
292 : 49;
293 : 49;
294 : 49;
295 : 49;
296 : 49;
297 : 49;
298 : 49;
299 : 49;
300 : 49;
301 : 49;
302 : 49;
303 : 49;
304 : 49;
305 : 49;
306 : 49;
307 : 49;
308 : 49;
309 : 49;
310 : 49;
311 : 49;
312 : 49;
313 : 49;
314 : 49;
315 : 49;
316 : 49;
317 : 49;
318 : 49;
319 : 49;
320 : 40;
321 : 40;
322 : 40;
323 : 40;
324 : 40;
325 : 20;
326 : 40;
327 : 40;
328 : 60;
329 : 60;
330 : 60;
331 : 64;
332 : 84;
333 : 64;
334 : 64;
335 : 20;
336 : 40;
337 : 40;
338 : 40;
339 : 40;
340 : 40;
341 : 40;
342 : 40;
343 : 40;
344 : 40;
345 : 40;
346 : 40;
347 : 40;
348 : 40;
349 : 40;
350 : 40;
351 : 40;
352 : 40;
353 : 40;
354 : 40;
355 : 40;
356 : 40;
357 : 40;
358 : 40;
359 : 40;
360 : 40;
361 : 40;
362 : 40;
363 : 40;
364 : 40;
365 : 40;
366 : 40;
367 : 40;
368 : 40;
369 : 40;
370 : 40;
371 : 40;
372 : 40;
373 : 40;
374 : 40;
375 : 40;
376 : 40;
377 : 40;
378 : 40;
379 : 40;
380 : 40;
381 : 40;
382 : 40;
383 : 40;
384 : 40;
385 : 40;
386 : 40;
387 : 40;
388 : 40;
389 : 40;
390 : 40;
391 : 40;
392 : 40;
393 : 40;
394 : 40;
395 : 40;
396 : 40;
397 : 60;
398 : 60;
399 : 60;
400 : 64;
401 : 64;
402 : 64;
403 : 64;
404 : 64;
405 : 64;
406 : 64;
407 : 64;
408 : 64;
409 : 64;
410 : 64;
411 : 64;
412 : 60;
413 : 60;
414 : 60;
415 : 60;
416 : 40;
417 : 40;
418 : 40;
419 : 40;
420 : 40;
421 : 60;
422 : 60;
423 : 60;
424 : 60;
425 : 64;
426 : 64;
427 : 84;
428 : 64;
429 : 64;
430 : 64;
431 : 64;
432 : 64;
433 : 64;
434 : 64;
435 : 64;
436 : 64;
437 : 64;
438 : 64;
439 : 64;
440 : 64;
441 : 64;
442 : 64;
443 : 64;
444 : 64;
445 : 64;
446 : 64;
447 : 64;
448 : 64;
449 : 64;
450 : 64;
451 : 64;
452 : 64;
453 : 64;
454 : 84;
455 : 84;
456 : 84;
457 : 84;
458 : 84;
459 : 64;
460 : 64;
461 : 60;
462 : 40;
463 : 60;
464 : 60;
465 : 60;
466 : 60;
467 : 40;
468 : 40;
469 : 40;
470 : 40;
471 : 40;
472 : 40;
473 : 40;
474 : 40;
475 : 40;
476 : 40;
477 : 40;
478 : 40;
479 : 40;
480 : 40;
481 : 40;
482 : 40;
483 : 40;
484 : 40;
485 : 40;
486 : 40;
487 : 40;
488 : 40;
489 : 40;
490 : 40;
491 : 40;
492 : 40;
493 : 40;
494 : 40;
495 : 40;
496 : 40;
497 : 40;
498 : 40;
499 : 40;
500 : 40;
501 : 40;
502 : 40;
503 : 40;
504 : 40;
505 : 40;
506 : 40;
507 : 60;
508 : 60;
509 : 60;
510 : 64;
511 : 60;
512 : 64;
513 : 84;
514 : 84;
515 : 84;
516 : 84;
517 : 84;
518 : 84;
519 : 64;
520 : 64;
521 : 64;
522 : 60;
523 : 60;
524 : 60;
525 : 60;
526 : 40;
527 : 40;
528 : 40;
529 : 40;
530 : 40;
531 : 40;
532 : 40;
533 : 40;
534 : 40;
535 : 40;
536 : 40;
537 : 40;
538 : 40;
539 : 40;
540 : 40;
541 : 40;
542 : 40;
543 : 40;
544 : 40;
545 : 40;
546 : 40;
547 : 40;
548 : 40;
549 : 40;
550 : 40;
551 : 40;
552 : 40;
553 : 40;
554 : 40;
555 : 40;
556 : 40;
557 : 40;
558 : 40;
559 : 40;
560 : 6D;
561 : 92;
562 : DB;
563 : 92;
564 : 6D;
565 : 92;
566 : B2;
567 : 92;
568 : 92;
569 : 92;
570 : 92;
571 : 92;
572 : 92;
573 : 92;
574 : 92;
575 : 92;
576 : 92;
577 : 92;
578 : 92;
579 : 92;
580 : 92;
581 : 92;
582 : 92;
583 : 92;
584 : 92;
585 : 92;
586 : 92;
587 : 92;
588 : 92;
589 : 92;
590 : 92;
591 : 72;
592 : 6E;
593 : 6E;
594 : 6E;
595 : 6E;
596 : 6E;
597 : 6E;
598 : 6D;
599 : 6D;
600 : 6D;
601 : 6D;
602 : 6D;
603 : 6D;
604 : 6D;
605 : 6D;
606 : 6D;
607 : 6E;
608 : 6E;
609 : 6E;
610 : 8E;
611 : 8E;
612 : 92;
613 : 92;
614 : 92;
615 : 92;
616 : 92;
617 : 92;
618 : 92;
619 : 92;
620 : 92;
621 : 92;
622 : 92;
623 : 92;
624 : 92;
625 : 92;
626 : 92;
627 : 92;
628 : 92;
629 : 6E;
630 : 6E;
631 : 6E;
632 : 6E;
633 : 6D;
634 : 6D;
635 : 49;
636 : 49;
637 : 49;
638 : 49;
639 : 25;
640 : 40;
641 : 40;
642 : 40;
643 : 40;
644 : 40;
645 : 20;
646 : 20;
647 : 40;
648 : 60;
649 : 60;
650 : 60;
651 : 64;
652 : 84;
653 : 64;
654 : 60;
655 : 20;
656 : 40;
657 : 40;
658 : 40;
659 : 40;
660 : 40;
661 : 40;
662 : 40;
663 : 40;
664 : 40;
665 : 40;
666 : 40;
667 : 40;
668 : 40;
669 : 40;
670 : 40;
671 : 40;
672 : 40;
673 : 40;
674 : 40;
675 : 40;
676 : 40;
677 : 40;
678 : 40;
679 : 40;
680 : 40;
681 : 40;
682 : 40;
683 : 40;
684 : 40;
685 : 40;
686 : 40;
687 : 40;
688 : 40;
689 : 40;
690 : 40;
691 : 40;
692 : 40;
693 : 40;
694 : 40;
695 : 40;
696 : 40;
697 : 40;
698 : 40;
699 : 40;
700 : 40;
701 : 40;
702 : 40;
703 : 40;
704 : 40;
705 : 40;
706 : 40;
707 : 40;
708 : 40;
709 : 40;
710 : 40;
711 : 40;
712 : 40;
713 : 40;
714 : 40;
715 : 40;
716 : 40;
717 : 60;
718 : 60;
719 : 64;
720 : 64;
721 : 64;
722 : 64;
723 : 64;
724 : 64;
725 : 64;
726 : 64;
727 : 64;
728 : 64;
729 : 64;
730 : 64;
731 : 60;
732 : 60;
733 : 40;
734 : 64;
735 : 40;
736 : 40;
737 : 40;
738 : 40;
739 : 40;
740 : 60;
741 : 60;
742 : 60;
743 : 60;
744 : 64;
745 : 64;
746 : 84;
747 : 64;
748 : 64;
749 : 64;
750 : 64;
751 : 64;
752 : 64;
753 : 64;
754 : 64;
755 : 64;
756 : 64;
757 : 64;
758 : 64;
759 : 64;
760 : 64;
761 : 64;
762 : 64;
763 : 64;
764 : 64;
765 : 64;
766 : 64;
767 : 64;
768 : 64;
769 : 64;
770 : 64;
771 : 64;
772 : 64;
773 : 84;
774 : 84;
775 : 84;
776 : 84;
777 : 84;
778 : 64;
779 : 64;
780 : 60;
781 : 60;
782 : 60;
783 : 60;
784 : 60;
785 : 60;
786 : 40;
787 : 40;
788 : 40;
789 : 20;
790 : 40;
791 : 40;
792 : 40;
793 : 40;
794 : 40;
795 : 40;
796 : 40;
797 : 40;
798 : 40;
799 : 40;
800 : 40;
801 : 40;
802 : 40;
803 : 40;
804 : 40;
805 : 40;
806 : 40;
807 : 40;
808 : 40;
809 : 40;
810 : 40;
811 : 40;
812 : 40;
813 : 40;
814 : 40;
815 : 40;
816 : 40;
817 : 40;
818 : 40;
819 : 40;
820 : 40;
821 : 40;
822 : 40;
823 : 40;
824 : 40;
825 : 40;
826 : 40;
827 : 40;
828 : 60;
829 : 60;
830 : 60;
831 : 64;
832 : 64;
833 : 64;
834 : 64;
835 : 64;
836 : 64;
837 : 84;
838 : 84;
839 : 64;
840 : 64;
841 : 64;
842 : 60;
843 : 60;
844 : 60;
845 : 60;
846 : 60;
847 : 40;
848 : 40;
849 : 40;
850 : 40;
851 : 40;
852 : 40;
853 : 40;
854 : 40;
855 : 40;
856 : 40;
857 : 40;
858 : 40;
859 : 40;
860 : 40;
861 : 40;
862 : 40;
863 : 40;
864 : 40;
865 : 40;
866 : 40;
867 : 40;
868 : 40;
869 : 40;
870 : 40;
871 : 40;
872 : 40;
873 : 40;
874 : 40;
875 : 40;
876 : 40;
877 : 40;
878 : 40;
879 : 40;
880 : 4D;
881 : 6D;
882 : 92;
883 : DB;
884 : DB;
885 : 92;
886 : 92;
887 : 92;
888 : 92;
889 : 92;
890 : 92;
891 : 92;
892 : 92;
893 : 92;
894 : 92;
895 : 92;
896 : 92;
897 : 92;
898 : 92;
899 : 92;
900 : 92;
901 : 92;
902 : 92;
903 : 92;
904 : 92;
905 : 92;
906 : 92;
907 : 92;
908 : 92;
909 : 92;
910 : 92;
911 : 92;
912 : 92;
913 : 92;
914 : 92;
915 : 92;
916 : 92;
917 : 92;
918 : 92;
919 : 92;
920 : 92;
921 : 92;
922 : 92;
923 : 92;
924 : 92;
925 : 92;
926 : 92;
927 : 92;
928 : 92;
929 : 92;
930 : 92;
931 : 8E;
932 : 6E;
933 : 6D;
934 : 6D;
935 : 6D;
936 : 6D;
937 : 6D;
938 : 6D;
939 : 6D;
940 : 6D;
941 : 6D;
942 : 6D;
943 : 6D;
944 : 6D;
945 : 6D;
946 : 6D;
947 : 6D;
948 : 6D;
949 : 6D;
950 : 6D;
951 : 69;
952 : 6D;
953 : 6D;
954 : 6D;
955 : 6D;
956 : 49;
957 : 49;
958 : 49;
959 : 24;
960 : 40;
961 : 40;
962 : 40;
963 : 40;
964 : 40;
965 : 40;
966 : 20;
967 : 60;
968 : 40;
969 : 60;
970 : 60;
971 : 60;
972 : 84;
973 : 64;
974 : 64;
975 : 40;
976 : 20;
977 : 40;
978 : 40;
979 : 40;
980 : 40;
981 : 40;
982 : 40;
983 : 40;
984 : 40;
985 : 40;
986 : 40;
987 : 40;
988 : 40;
989 : 40;
990 : 40;
991 : 40;
992 : 40;
993 : 40;
994 : 40;
995 : 40;
996 : 40;
997 : 40;
998 : 40;
999 : 40;
1000 : 40;
1001 : 40;
1002 : 40;
1003 : 40;
1004 : 40;
1005 : 40;
1006 : 40;
1007 : 40;
1008 : 40;
1009 : 40;
1010 : 40;
1011 : 40;
1012 : 40;
1013 : 40;
1014 : 40;
1015 : 40;
1016 : 40;
1017 : 40;
1018 : 40;
1019 : 40;
1020 : 40;
1021 : 40;
1022 : 40;
1023 : 40;
1024 : 40;
1025 : 40;
1026 : 40;
1027 : 40;
1028 : 40;
1029 : 40;
1030 : 40;
1031 : 40;
1032 : 40;
1033 : 40;
1034 : 40;
1035 : 64;
1036 : 60;
1037 : 40;
1038 : 64;
1039 : 64;
1040 : 64;
1041 : 64;
1042 : 64;
1043 : 64;
1044 : 64;
1045 : 64;
1046 : 64;
1047 : 60;
1048 : 64;
1049 : 64;
1050 : 60;
1051 : 60;
1052 : 60;
1053 : 64;
1054 : 40;
1055 : 40;
1056 : 40;
1057 : 40;
1058 : 40;
1059 : 40;
1060 : 60;
1061 : 60;
1062 : 40;
1063 : 40;
1064 : 64;
1065 : 84;
1066 : 64;
1067 : 64;
1068 : 64;
1069 : 64;
1070 : 64;
1071 : 64;
1072 : 64;
1073 : 64;
1074 : 64;
1075 : 64;
1076 : 64;
1077 : 64;
1078 : 64;
1079 : 64;
1080 : 64;
1081 : 64;
1082 : 64;
1083 : 64;
1084 : 64;
1085 : 64;
1086 : 64;
1087 : 64;
1088 : 64;
1089 : 64;
1090 : 64;
1091 : 64;
1092 : 84;
1093 : 84;
1094 : 84;
1095 : 84;
1096 : 84;
1097 : 64;
1098 : 64;
1099 : 64;
1100 : 60;
1101 : 60;
1102 : 60;
1103 : 60;
1104 : 40;
1105 : 40;
1106 : 40;
1107 : 40;
1108 : 40;
1109 : 40;
1110 : 40;
1111 : 40;
1112 : 40;
1113 : 40;
1114 : 40;
1115 : 40;
1116 : 40;
1117 : 40;
1118 : 40;
1119 : 40;
1120 : 40;
1121 : 40;
1122 : 40;
1123 : 40;
1124 : 40;
1125 : 40;
1126 : 40;
1127 : 40;
1128 : 40;
1129 : 40;
1130 : 40;
1131 : 40;
1132 : 40;
1133 : 40;
1134 : 40;
1135 : 40;
1136 : 40;
1137 : 40;
1138 : 40;
1139 : 40;
1140 : 40;
1141 : 40;
1142 : 40;
1143 : 40;
1144 : 40;
1145 : 40;
1146 : 40;
1147 : 40;
1148 : 40;
1149 : 60;
1150 : 60;
1151 : 60;
1152 : 64;
1153 : 64;
1154 : 64;
1155 : 64;
1156 : 64;
1157 : 64;
1158 : 64;
1159 : 64;
1160 : 64;
1161 : 64;
1162 : 64;
1163 : 60;
1164 : 60;
1165 : 60;
1166 : 60;
1167 : 60;
1168 : 40;
1169 : 40;
1170 : 40;
1171 : 40;
1172 : 40;
1173 : 40;
1174 : 40;
1175 : 40;
1176 : 40;
1177 : 40;
1178 : 40;
1179 : 40;
1180 : 40;
1181 : 40;
1182 : 40;
1183 : 40;
1184 : 40;
1185 : 40;
1186 : 40;
1187 : 40;
1188 : 40;
1189 : 40;
1190 : 40;
1191 : 40;
1192 : 40;
1193 : 40;
1194 : 40;
1195 : 40;
1196 : 40;
1197 : 40;
1198 : 40;
1199 : 40;
1200 : 49;
1201 : 49;
1202 : 6D;
1203 : B6;
1204 : 6D;
1205 : 8E;
1206 : 6E;
1207 : 6E;
1208 : 6E;
1209 : 6E;
1210 : 6E;
1211 : 6E;
1212 : 6E;
1213 : 8E;
1214 : 92;
1215 : 92;
1216 : 6E;
1217 : 6E;
1218 : 8E;
1219 : 92;
1220 : 92;
1221 : 92;
1222 : 92;
1223 : 92;
1224 : 92;
1225 : 92;
1226 : 92;
1227 : 92;
1228 : 92;
1229 : 92;
1230 : 92;
1231 : 92;
1232 : 92;
1233 : 92;
1234 : 92;
1235 : 92;
1236 : 92;
1237 : 92;
1238 : 92;
1239 : 92;
1240 : 92;
1241 : 92;
1242 : 92;
1243 : 92;
1244 : 92;
1245 : 92;
1246 : 92;
1247 : 92;
1248 : 92;
1249 : 92;
1250 : 92;
1251 : 92;
1252 : 92;
1253 : 92;
1254 : 8E;
1255 : 6D;
1256 : 6D;
1257 : 6D;
1258 : 6D;
1259 : 6D;
1260 : 6D;
1261 : 6D;
1262 : 6D;
1263 : 6D;
1264 : 6D;
1265 : 6D;
1266 : 6D;
1267 : 6D;
1268 : 6D;
1269 : 6D;
1270 : 6D;
1271 : 6D;
1272 : 6D;
1273 : 69;
1274 : 49;
1275 : 6D;
1276 : 6D;
1277 : 49;
1278 : 24;
1279 : 24;
1280 : 40;
1281 : 40;
1282 : 40;
1283 : 40;
1284 : 40;
1285 : 40;
1286 : 20;
1287 : 20;
1288 : 60;
1289 : 60;
1290 : 60;
1291 : 60;
1292 : 64;
1293 : 84;
1294 : 64;
1295 : 40;
1296 : 40;
1297 : 40;
1298 : 40;
1299 : 40;
1300 : 40;
1301 : 40;
1302 : 40;
1303 : 40;
1304 : 40;
1305 : 40;
1306 : 40;
1307 : 40;
1308 : 40;
1309 : 40;
1310 : 40;
1311 : 40;
1312 : 40;
1313 : 40;
1314 : 40;
1315 : 40;
1316 : 40;
1317 : 40;
1318 : 40;
1319 : 40;
1320 : 40;
1321 : 40;
1322 : 40;
1323 : 40;
1324 : 40;
1325 : 20;
1326 : 40;
1327 : 40;
1328 : 40;
1329 : 40;
1330 : 40;
1331 : 40;
1332 : 40;
1333 : 40;
1334 : 40;
1335 : 40;
1336 : 40;
1337 : 40;
1338 : 40;
1339 : 40;
1340 : 40;
1341 : 40;
1342 : 40;
1343 : 40;
1344 : 40;
1345 : 40;
1346 : 40;
1347 : 40;
1348 : 40;
1349 : 40;
1350 : 40;
1351 : 40;
1352 : 40;
1353 : 40;
1354 : 40;
1355 : 60;
1356 : 60;
1357 : 64;
1358 : 64;
1359 : 64;
1360 : 64;
1361 : 64;
1362 : 64;
1363 : 64;
1364 : 64;
1365 : 64;
1366 : 64;
1367 : 64;
1368 : 64;
1369 : 64;
1370 : 60;
1371 : 60;
1372 : 60;
1373 : 40;
1374 : 40;
1375 : 40;
1376 : 40;
1377 : 40;
1378 : 40;
1379 : 60;
1380 : 60;
1381 : 40;
1382 : 40;
1383 : 64;
1384 : 64;
1385 : 64;
1386 : 64;
1387 : 64;
1388 : 64;
1389 : 64;
1390 : 64;
1391 : 64;
1392 : 64;
1393 : 64;
1394 : 64;
1395 : 64;
1396 : 64;
1397 : 64;
1398 : 64;
1399 : 64;
1400 : 64;
1401 : 64;
1402 : 64;
1403 : 64;
1404 : 64;
1405 : 64;
1406 : 64;
1407 : 64;
1408 : 64;
1409 : 64;
1410 : 64;
1411 : 64;
1412 : 84;
1413 : 84;
1414 : 84;
1415 : 84;
1416 : 64;
1417 : 64;
1418 : 64;
1419 : 40;
1420 : 60;
1421 : 60;
1422 : 60;
1423 : 40;
1424 : 20;
1425 : 40;
1426 : 40;
1427 : 40;
1428 : 40;
1429 : 40;
1430 : 40;
1431 : 40;
1432 : 40;
1433 : 40;
1434 : 40;
1435 : 40;
1436 : 40;
1437 : 40;
1438 : 40;
1439 : 40;
1440 : 40;
1441 : 40;
1442 : 40;
1443 : 40;
1444 : 40;
1445 : 40;
1446 : 40;
1447 : 40;
1448 : 40;
1449 : 40;
1450 : 40;
1451 : 40;
1452 : 40;
1453 : 40;
1454 : 40;
1455 : 40;
1456 : 40;
1457 : 40;
1458 : 40;
1459 : 40;
1460 : 40;
1461 : 40;
1462 : 40;
1463 : 40;
1464 : 40;
1465 : 40;
1466 : 40;
1467 : 40;
1468 : 40;
1469 : 40;
1470 : 60;
1471 : 60;
1472 : 60;
1473 : 64;
1474 : 60;
1475 : 64;
1476 : 64;
1477 : 64;
1478 : 64;
1479 : 64;
1480 : 64;
1481 : 64;
1482 : 64;
1483 : 64;
1484 : 60;
1485 : 64;
1486 : 60;
1487 : 60;
1488 : 60;
1489 : 60;
1490 : 40;
1491 : 40;
1492 : 40;
1493 : 40;
1494 : 40;
1495 : 40;
1496 : 40;
1497 : 40;
1498 : 40;
1499 : 40;
1500 : 40;
1501 : 40;
1502 : 40;
1503 : 40;
1504 : 40;
1505 : 40;
1506 : 40;
1507 : 40;
1508 : 40;
1509 : 40;
1510 : 40;
1511 : 40;
1512 : 40;
1513 : 40;
1514 : 40;
1515 : 40;
1516 : 40;
1517 : 40;
1518 : 40;
1519 : 40;
1520 : 49;
1521 : 49;
1522 : 92;
1523 : 92;
1524 : 92;
1525 : 8E;
1526 : 6E;
1527 : 6E;
1528 : 6E;
1529 : 6E;
1530 : 6E;
1531 : 6E;
1532 : 6E;
1533 : 6E;
1534 : 6E;
1535 : 6E;
1536 : 6E;
1537 : 6E;
1538 : 92;
1539 : 92;
1540 : 8E;
1541 : 92;
1542 : 92;
1543 : 92;
1544 : 92;
1545 : 92;
1546 : 92;
1547 : 92;
1548 : 92;
1549 : 92;
1550 : 92;
1551 : 92;
1552 : 92;
1553 : 92;
1554 : 92;
1555 : 92;
1556 : 92;
1557 : 92;
1558 : 92;
1559 : 92;
1560 : 92;
1561 : 8E;
1562 : 8E;
1563 : 92;
1564 : 92;
1565 : 92;
1566 : 92;
1567 : 92;
1568 : 8E;
1569 : 6E;
1570 : 6E;
1571 : 6D;
1572 : 6D;
1573 : 6D;
1574 : 6D;
1575 : 6D;
1576 : 6D;
1577 : 6D;
1578 : 6D;
1579 : 6D;
1580 : 6D;
1581 : 6D;
1582 : 6D;
1583 : 6D;
1584 : 6D;
1585 : 6D;
1586 : 6D;
1587 : 6D;
1588 : 6D;
1589 : 69;
1590 : 6D;
1591 : 49;
1592 : 69;
1593 : 49;
1594 : 49;
1595 : 49;
1596 : 6D;
1597 : 24;
1598 : 24;
1599 : 24;
1600 : 40;
1601 : 40;
1602 : 40;
1603 : 40;
1604 : 40;
1605 : 40;
1606 : 40;
1607 : 20;
1608 : 40;
1609 : 60;
1610 : 60;
1611 : 60;
1612 : 64;
1613 : 64;
1614 : 84;
1615 : 64;
1616 : 40;
1617 : 40;
1618 : 40;
1619 : 40;
1620 : 40;
1621 : 40;
1622 : 40;
1623 : 40;
1624 : 40;
1625 : 40;
1626 : 40;
1627 : 40;
1628 : 40;
1629 : 40;
1630 : 40;
1631 : 40;
1632 : 40;
1633 : 40;
1634 : 40;
1635 : 40;
1636 : 40;
1637 : 40;
1638 : 40;
1639 : 40;
1640 : 40;
1641 : 40;
1642 : 40;
1643 : 40;
1644 : 40;
1645 : 20;
1646 : 40;
1647 : 40;
1648 : 40;
1649 : 40;
1650 : 40;
1651 : 40;
1652 : 40;
1653 : 40;
1654 : 40;
1655 : 40;
1656 : 40;
1657 : 40;
1658 : 40;
1659 : 40;
1660 : 40;
1661 : 40;
1662 : 40;
1663 : 40;
1664 : 40;
1665 : 40;
1666 : 40;
1667 : 40;
1668 : 40;
1669 : 40;
1670 : 40;
1671 : 40;
1672 : 40;
1673 : 40;
1674 : 60;
1675 : 60;
1676 : 64;
1677 : 64;
1678 : 64;
1679 : 64;
1680 : 64;
1681 : 64;
1682 : 64;
1683 : 64;
1684 : 64;
1685 : 64;
1686 : 64;
1687 : 64;
1688 : 64;
1689 : 60;
1690 : 60;
1691 : 60;
1692 : 40;
1693 : 40;
1694 : 40;
1695 : 40;
1696 : 40;
1697 : 40;
1698 : 60;
1699 : 60;
1700 : 60;
1701 : 60;
1702 : 64;
1703 : 84;
1704 : 84;
1705 : 64;
1706 : 64;
1707 : 64;
1708 : 64;
1709 : 64;
1710 : 64;
1711 : 64;
1712 : 64;
1713 : 64;
1714 : 64;
1715 : 64;
1716 : 64;
1717 : 64;
1718 : 64;
1719 : 64;
1720 : 64;
1721 : 64;
1722 : 64;
1723 : 64;
1724 : 64;
1725 : 64;
1726 : 64;
1727 : 64;
1728 : 64;
1729 : 64;
1730 : 64;
1731 : 84;
1732 : 84;
1733 : 84;
1734 : 84;
1735 : 84;
1736 : 64;
1737 : 64;
1738 : 40;
1739 : 60;
1740 : 60;
1741 : 60;
1742 : 40;
1743 : 20;
1744 : 40;
1745 : 40;
1746 : 40;
1747 : 60;
1748 : 40;
1749 : 40;
1750 : 40;
1751 : 40;
1752 : 40;
1753 : 40;
1754 : 40;
1755 : 40;
1756 : 40;
1757 : 40;
1758 : 40;
1759 : 40;
1760 : 40;
1761 : 40;
1762 : 40;
1763 : 40;
1764 : 40;
1765 : 40;
1766 : 40;
1767 : 40;
1768 : 40;
1769 : 40;
1770 : 20;
1771 : 20;
1772 : 20;
1773 : 20;
1774 : 20;
1775 : 20;
1776 : 20;
1777 : 40;
1778 : 40;
1779 : 40;
1780 : 40;
1781 : 40;
1782 : 40;
1783 : 40;
1784 : 40;
1785 : 40;
1786 : 40;
1787 : 40;
1788 : 40;
1789 : 40;
1790 : 40;
1791 : 40;
1792 : 60;
1793 : 60;
1794 : 60;
1795 : 60;
1796 : 60;
1797 : 64;
1798 : 64;
1799 : 64;
1800 : 64;
1801 : 64;
1802 : 64;
1803 : 64;
1804 : 64;
1805 : 64;
1806 : 60;
1807 : 60;
1808 : 60;
1809 : 60;
1810 : 60;
1811 : 60;
1812 : 40;
1813 : 40;
1814 : 40;
1815 : 40;
1816 : 40;
1817 : 40;
1818 : 40;
1819 : 40;
1820 : 40;
1821 : 40;
1822 : 40;
1823 : 40;
1824 : 40;
1825 : 40;
1826 : 40;
1827 : 40;
1828 : 40;
1829 : 40;
1830 : 40;
1831 : 40;
1832 : 40;
1833 : 40;
1834 : 40;
1835 : 40;
1836 : 40;
1837 : 40;
1838 : 40;
1839 : 40;
1840 : 49;
1841 : 49;
1842 : 92;
1843 : 92;
1844 : 92;
1845 : 6E;
1846 : 6E;
1847 : 6D;
1848 : 6D;
1849 : 6D;
1850 : 6E;
1851 : 6D;
1852 : 6E;
1853 : 6E;
1854 : 6E;
1855 : 6E;
1856 : 6E;
1857 : 8E;
1858 : 92;
1859 : 92;
1860 : 8E;
1861 : 8E;
1862 : 92;
1863 : 92;
1864 : 92;
1865 : 92;
1866 : 92;
1867 : 92;
1868 : 92;
1869 : 92;
1870 : 92;
1871 : 92;
1872 : 92;
1873 : 92;
1874 : 92;
1875 : 92;
1876 : 92;
1877 : 92;
1878 : 92;
1879 : 92;
1880 : 92;
1881 : 92;
1882 : 92;
1883 : 92;
1884 : 92;
1885 : 92;
1886 : 92;
1887 : 92;
1888 : 92;
1889 : 6E;
1890 : 6D;
1891 : 6D;
1892 : 6D;
1893 : 6D;
1894 : 6D;
1895 : 6D;
1896 : 6D;
1897 : 6D;
1898 : 6D;
1899 : 6D;
1900 : 6D;
1901 : 6D;
1902 : 6D;
1903 : 6D;
1904 : 6D;
1905 : 6D;
1906 : 6D;
1907 : 6D;
1908 : 6D;
1909 : 6D;
1910 : 6D;
1911 : 6D;
1912 : 6D;
1913 : 69;
1914 : 49;
1915 : 49;
1916 : 6D;
1917 : 24;
1918 : 24;
1919 : 24;
1920 : 40;
1921 : 40;
1922 : 40;
1923 : 40;
1924 : 40;
1925 : 40;
1926 : 40;
1927 : 20;
1928 : 40;
1929 : 40;
1930 : 64;
1931 : 60;
1932 : 60;
1933 : 64;
1934 : 64;
1935 : 64;
1936 : 40;
1937 : 20;
1938 : 40;
1939 : 40;
1940 : 40;
1941 : 40;
1942 : 40;
1943 : 40;
1944 : 40;
1945 : 40;
1946 : 40;
1947 : 40;
1948 : 40;
1949 : 40;
1950 : 40;
1951 : 40;
1952 : 40;
1953 : 40;
1954 : 40;
1955 : 40;
1956 : 40;
1957 : 40;
1958 : 40;
1959 : 40;
1960 : 40;
1961 : 40;
1962 : 40;
1963 : 40;
1964 : 40;
1965 : 40;
1966 : 40;
1967 : 40;
1968 : 40;
1969 : 40;
1970 : 40;
1971 : 40;
1972 : 40;
1973 : 40;
1974 : 40;
1975 : 40;
1976 : 40;
1977 : 40;
1978 : 40;
1979 : 40;
1980 : 40;
1981 : 40;
1982 : 40;
1983 : 40;
1984 : 40;
1985 : 40;
1986 : 40;
1987 : 40;
1988 : 40;
1989 : 40;
1990 : 40;
1991 : 40;
1992 : 40;
1993 : 60;
1994 : 60;
1995 : 64;
1996 : 64;
1997 : 64;
1998 : 64;
1999 : 64;
2000 : 64;
2001 : 64;
2002 : 64;
2003 : 64;
2004 : 64;
2005 : 64;
2006 : 64;
2007 : 64;
2008 : 60;
2009 : 60;
2010 : 60;
2011 : 60;
2012 : 40;
2013 : 40;
2014 : 40;
2015 : 40;
2016 : 40;
2017 : 60;
2018 : 60;
2019 : 40;
2020 : 60;
2021 : 64;
2022 : 84;
2023 : 84;
2024 : 64;
2025 : 64;
2026 : 64;
2027 : 64;
2028 : 64;
2029 : 64;
2030 : 64;
2031 : 64;
2032 : 64;
2033 : 64;
2034 : 64;
2035 : 64;
2036 : 64;
2037 : 64;
2038 : 64;
2039 : 64;
2040 : 64;
2041 : 64;
2042 : 64;
2043 : 64;
2044 : 64;
2045 : 64;
2046 : 64;
2047 : 64;
2048 : 64;
2049 : 64;
2050 : 84;
2051 : 84;
2052 : 84;
2053 : 84;
2054 : 85;
2055 : 64;
2056 : 64;
2057 : 60;
2058 : 60;
2059 : 60;
2060 : 60;
2061 : 40;
2062 : 40;
2063 : 40;
2064 : 40;
2065 : 40;
2066 : 40;
2067 : 40;
2068 : 40;
2069 : 40;
2070 : 40;
2071 : 40;
2072 : 40;
2073 : 40;
2074 : 40;
2075 : 40;
2076 : 40;
2077 : 40;
2078 : 40;
2079 : 40;
2080 : 40;
2081 : 40;
2082 : 40;
2083 : 40;
2084 : 40;
2085 : 40;
2086 : 40;
2087 : 40;
2088 : 40;
2089 : 40;
2090 : 40;
2091 : 40;
2092 : 40;
2093 : 40;
2094 : 40;
2095 : 40;
2096 : 40;
2097 : 40;
2098 : 40;
2099 : 40;
2100 : 40;
2101 : 40;
2102 : 40;
2103 : 60;
2104 : 40;
2105 : 40;
2106 : 40;
2107 : 40;
2108 : 40;
2109 : 40;
2110 : 40;
2111 : 40;
2112 : 40;
2113 : 40;
2114 : 60;
2115 : 60;
2116 : 60;
2117 : 60;
2118 : 60;
2119 : 60;
2120 : 64;
2121 : 64;
2122 : 64;
2123 : 64;
2124 : 64;
2125 : 64;
2126 : 64;
2127 : 60;
2128 : 60;
2129 : 60;
2130 : 60;
2131 : 60;
2132 : 60;
2133 : 60;
2134 : 60;
2135 : 60;
2136 : 40;
2137 : 40;
2138 : 40;
2139 : 40;
2140 : 40;
2141 : 40;
2142 : 40;
2143 : 40;
2144 : 40;
2145 : 40;
2146 : 40;
2147 : 40;
2148 : 40;
2149 : 40;
2150 : 40;
2151 : 40;
2152 : 40;
2153 : 40;
2154 : 40;
2155 : 40;
2156 : 40;
2157 : 40;
2158 : 40;
2159 : 40;
2160 : 49;
2161 : 49;
2162 : 92;
2163 : 92;
2164 : 92;
2165 : 6E;
2166 : 6E;
2167 : 6E;
2168 : 6E;
2169 : 8E;
2170 : 8E;
2171 : 8E;
2172 : 6E;
2173 : 6E;
2174 : 8E;
2175 : 92;
2176 : 8E;
2177 : 92;
2178 : 92;
2179 : 8E;
2180 : 92;
2181 : 92;
2182 : 92;
2183 : 92;
2184 : 92;
2185 : 92;
2186 : 92;
2187 : 92;
2188 : 92;
2189 : 92;
2190 : 92;
2191 : 92;
2192 : 92;
2193 : 92;
2194 : 92;
2195 : 92;
2196 : 92;
2197 : 92;
2198 : 92;
2199 : 92;
2200 : 92;
2201 : 92;
2202 : 92;
2203 : 92;
2204 : 92;
2205 : 92;
2206 : 92;
2207 : 92;
2208 : 92;
2209 : 92;
2210 : 8E;
2211 : 8E;
2212 : 6E;
2213 : 6D;
2214 : 6E;
2215 : 6D;
2216 : 6D;
2217 : 6D;
2218 : 6D;
2219 : 6D;
2220 : 6D;
2221 : 6D;
2222 : 6D;
2223 : 6D;
2224 : 6D;
2225 : 6D;
2226 : 6D;
2227 : 6D;
2228 : 6D;
2229 : 6D;
2230 : 6D;
2231 : 6D;
2232 : 69;
2233 : 6D;
2234 : 6D;
2235 : 49;
2236 : 6D;
2237 : 24;
2238 : 24;
2239 : 24;
2240 : 40;
2241 : 40;
2242 : 40;
2243 : 40;
2244 : 40;
2245 : 40;
2246 : 40;
2247 : 40;
2248 : 40;
2249 : 40;
2250 : 40;
2251 : 64;
2252 : 60;
2253 : 40;
2254 : 84;
2255 : 64;
2256 : 60;
2257 : 20;
2258 : 20;
2259 : 40;
2260 : 40;
2261 : 40;
2262 : 40;
2263 : 40;
2264 : 40;
2265 : 40;
2266 : 40;
2267 : 40;
2268 : 40;
2269 : 40;
2270 : 40;
2271 : 40;
2272 : 40;
2273 : 40;
2274 : 40;
2275 : 40;
2276 : 40;
2277 : 40;
2278 : 40;
2279 : 40;
2280 : 40;
2281 : 20;
2282 : 64;
2283 : 64;
2284 : 40;
2285 : 40;
2286 : 40;
2287 : 40;
2288 : 40;
2289 : 40;
2290 : 40;
2291 : 40;
2292 : 40;
2293 : 40;
2294 : 40;
2295 : 40;
2296 : 40;
2297 : 40;
2298 : 40;
2299 : 40;
2300 : 40;
2301 : 40;
2302 : 40;
2303 : 40;
2304 : 40;
2305 : 40;
2306 : 40;
2307 : 40;
2308 : 40;
2309 : 40;
2310 : 40;
2311 : 40;
2312 : 60;
2313 : 40;
2314 : 64;
2315 : 64;
2316 : 64;
2317 : 64;
2318 : 64;
2319 : 64;
2320 : 64;
2321 : 64;
2322 : 64;
2323 : 64;
2324 : 64;
2325 : 64;
2326 : 64;
2327 : 40;
2328 : 60;
2329 : 60;
2330 : 60;
2331 : 60;
2332 : 40;
2333 : 40;
2334 : 40;
2335 : 40;
2336 : 60;
2337 : 60;
2338 : 40;
2339 : 64;
2340 : 64;
2341 : 84;
2342 : 64;
2343 : 64;
2344 : 64;
2345 : 64;
2346 : 64;
2347 : 64;
2348 : 64;
2349 : 64;
2350 : 64;
2351 : 64;
2352 : 64;
2353 : 64;
2354 : 64;
2355 : 64;
2356 : 64;
2357 : 64;
2358 : 64;
2359 : 64;
2360 : 64;
2361 : 64;
2362 : 64;
2363 : 64;
2364 : 64;
2365 : 64;
2366 : 64;
2367 : 64;
2368 : 64;
2369 : 84;
2370 : 84;
2371 : 84;
2372 : 84;
2373 : 85;
2374 : 84;
2375 : 64;
2376 : 60;
2377 : 60;
2378 : 60;
2379 : 60;
2380 : 40;
2381 : 40;
2382 : 40;
2383 : 40;
2384 : 40;
2385 : 40;
2386 : 40;
2387 : 40;
2388 : 40;
2389 : 40;
2390 : 40;
2391 : 40;
2392 : 40;
2393 : 40;
2394 : 40;
2395 : 40;
2396 : 40;
2397 : 40;
2398 : 40;
2399 : 40;
2400 : 40;
2401 : 40;
2402 : 60;
2403 : 20;
2404 : 40;
2405 : 40;
2406 : 40;
2407 : 40;
2408 : 40;
2409 : 40;
2410 : 40;
2411 : 40;
2412 : 40;
2413 : 40;
2414 : 40;
2415 : 40;
2416 : 40;
2417 : 40;
2418 : 40;
2419 : 40;
2420 : 40;
2421 : 40;
2422 : 40;
2423 : 40;
2424 : 40;
2425 : 40;
2426 : 40;
2427 : 40;
2428 : 40;
2429 : 40;
2430 : 40;
2431 : 40;
2432 : 40;
2433 : 40;
2434 : 40;
2435 : 40;
2436 : 60;
2437 : 60;
2438 : 60;
2439 : 60;
2440 : 60;
2441 : 64;
2442 : 60;
2443 : 60;
2444 : 60;
2445 : 60;
2446 : 64;
2447 : 60;
2448 : 64;
2449 : 64;
2450 : 64;
2451 : 60;
2452 : 60;
2453 : 60;
2454 : 60;
2455 : 60;
2456 : 60;
2457 : 60;
2458 : 40;
2459 : 40;
2460 : 40;
2461 : 40;
2462 : 40;
2463 : 40;
2464 : 40;
2465 : 40;
2466 : 40;
2467 : 40;
2468 : 40;
2469 : 40;
2470 : 40;
2471 : 40;
2472 : 40;
2473 : 40;
2474 : 40;
2475 : 40;
2476 : 40;
2477 : 40;
2478 : 40;
2479 : 40;
2480 : 49;
2481 : 49;
2482 : 92;
2483 : 6E;
2484 : 6E;
2485 : 6E;
2486 : 6E;
2487 : 6E;
2488 : 6E;
2489 : 6E;
2490 : 8E;
2491 : 92;
2492 : 8E;
2493 : 8E;
2494 : 92;
2495 : 92;
2496 : 92;
2497 : 92;
2498 : 92;
2499 : 92;
2500 : 92;
2501 : 92;
2502 : 92;
2503 : 92;
2504 : 92;
2505 : 92;
2506 : 92;
2507 : 92;
2508 : 92;
2509 : 92;
2510 : 92;
2511 : 92;
2512 : 92;
2513 : 92;
2514 : 92;
2515 : 92;
2516 : 92;
2517 : 92;
2518 : 92;
2519 : 92;
2520 : 92;
2521 : 92;
2522 : 92;
2523 : 92;
2524 : 92;
2525 : 92;
2526 : 92;
2527 : 92;
2528 : 92;
2529 : 92;
2530 : 92;
2531 : 72;
2532 : 6E;
2533 : 8E;
2534 : 92;
2535 : 92;
2536 : 8E;
2537 : 6D;
2538 : 6D;
2539 : 6D;
2540 : 6D;
2541 : 6D;
2542 : 6D;
2543 : 6D;
2544 : 6D;
2545 : 6D;
2546 : 6D;
2547 : 6D;
2548 : 6D;
2549 : 6D;
2550 : 6D;
2551 : 6D;
2552 : 6D;
2553 : 69;
2554 : 69;
2555 : 49;
2556 : 6D;
2557 : 24;
2558 : 24;
2559 : 24;
2560 : 40;
2561 : 40;
2562 : 40;
2563 : 40;
2564 : 40;
2565 : 40;
2566 : 40;
2567 : 40;
2568 : 20;
2569 : 40;
2570 : 40;
2571 : 64;
2572 : 60;
2573 : 64;
2574 : 84;
2575 : 64;
2576 : 60;
2577 : 64;
2578 : 20;
2579 : 40;
2580 : 40;
2581 : 40;
2582 : 40;
2583 : 40;
2584 : 40;
2585 : 40;
2586 : 40;
2587 : 40;
2588 : 40;
2589 : 40;
2590 : 40;
2591 : 40;
2592 : 40;
2593 : 40;
2594 : 40;
2595 : 40;
2596 : 40;
2597 : 40;
2598 : 40;
2599 : 40;
2600 : 40;
2601 : 64;
2602 : 20;
2603 : 20;
2604 : 40;
2605 : 40;
2606 : 40;
2607 : 40;
2608 : 40;
2609 : 40;
2610 : 40;
2611 : 40;
2612 : 40;
2613 : 40;
2614 : 40;
2615 : 40;
2616 : 40;
2617 : 40;
2618 : 40;
2619 : 40;
2620 : 40;
2621 : 40;
2622 : 40;
2623 : 40;
2624 : 40;
2625 : 40;
2626 : 40;
2627 : 40;
2628 : 40;
2629 : 40;
2630 : 40;
2631 : 64;
2632 : 60;
2633 : 64;
2634 : 64;
2635 : 64;
2636 : 64;
2637 : 64;
2638 : 64;
2639 : 64;
2640 : 64;
2641 : 64;
2642 : 84;
2643 : 60;
2644 : 64;
2645 : 64;
2646 : 40;
2647 : 60;
2648 : 60;
2649 : 64;
2650 : 40;
2651 : 40;
2652 : 40;
2653 : 40;
2654 : 40;
2655 : 40;
2656 : 60;
2657 : 40;
2658 : 64;
2659 : 64;
2660 : 64;
2661 : 64;
2662 : 64;
2663 : 64;
2664 : 64;
2665 : 64;
2666 : 64;
2667 : 64;
2668 : 64;
2669 : 64;
2670 : 84;
2671 : 84;
2672 : 84;
2673 : 64;
2674 : 64;
2675 : 64;
2676 : 64;
2677 : 64;
2678 : 64;
2679 : 64;
2680 : 64;
2681 : 64;
2682 : 64;
2683 : 64;
2684 : 64;
2685 : 64;
2686 : 64;
2687 : 64;
2688 : 64;
2689 : 84;
2690 : 84;
2691 : 84;
2692 : 84;
2693 : 84;
2694 : 84;
2695 : 64;
2696 : 60;
2697 : 60;
2698 : 60;
2699 : 60;
2700 : 20;
2701 : 40;
2702 : 40;
2703 : 40;
2704 : 40;
2705 : 40;
2706 : 40;
2707 : 40;
2708 : 40;
2709 : 40;
2710 : 40;
2711 : 40;
2712 : 40;
2713 : 40;
2714 : 40;
2715 : 40;
2716 : 40;
2717 : 40;
2718 : 40;
2719 : 40;
2720 : 40;
2721 : 40;
2722 : 20;
2723 : 40;
2724 : 40;
2725 : 40;
2726 : 40;
2727 : 40;
2728 : 40;
2729 : 40;
2730 : 40;
2731 : 40;
2732 : 40;
2733 : 40;
2734 : 40;
2735 : 40;
2736 : 40;
2737 : 40;
2738 : 40;
2739 : 40;
2740 : 40;
2741 : 40;
2742 : 40;
2743 : 40;
2744 : 40;
2745 : 40;
2746 : 20;
2747 : 40;
2748 : 60;
2749 : 40;
2750 : 40;
2751 : 40;
2752 : 40;
2753 : 40;
2754 : 40;
2755 : 40;
2756 : 40;
2757 : 40;
2758 : 60;
2759 : 60;
2760 : 60;
2761 : 60;
2762 : 60;
2763 : 60;
2764 : 60;
2765 : 64;
2766 : 64;
2767 : 60;
2768 : 60;
2769 : 64;
2770 : 64;
2771 : 64;
2772 : 64;
2773 : 64;
2774 : 60;
2775 : 60;
2776 : 60;
2777 : 60;
2778 : 60;
2779 : 60;
2780 : 40;
2781 : 40;
2782 : 40;
2783 : 40;
2784 : 40;
2785 : 40;
2786 : 40;
2787 : 40;
2788 : 40;
2789 : 40;
2790 : 40;
2791 : 40;
2792 : 40;
2793 : 40;
2794 : 40;
2795 : 40;
2796 : 40;
2797 : 40;
2798 : 40;
2799 : 40;
2800 : 49;
2801 : 49;
2802 : 92;
2803 : 6E;
2804 : 6E;
2805 : 6D;
2806 : 6D;
2807 : 6D;
2808 : 6D;
2809 : 6E;
2810 : 6D;
2811 : 6D;
2812 : 6D;
2813 : 6D;
2814 : 6E;
2815 : 6E;
2816 : 6D;
2817 : 6E;
2818 : 6E;
2819 : 6E;
2820 : 6E;
2821 : 6E;
2822 : 92;
2823 : 92;
2824 : 92;
2825 : 92;
2826 : 92;
2827 : 92;
2828 : 92;
2829 : 92;
2830 : 92;
2831 : 92;
2832 : 92;
2833 : 92;
2834 : 92;
2835 : 92;
2836 : 92;
2837 : 92;
2838 : 92;
2839 : 92;
2840 : 92;
2841 : 92;
2842 : 92;
2843 : 92;
2844 : 92;
2845 : 92;
2846 : 92;
2847 : 92;
2848 : 6E;
2849 : 6E;
2850 : 6D;
2851 : 6D;
2852 : 6D;
2853 : 6D;
2854 : 6D;
2855 : 6D;
2856 : 6D;
2857 : 6D;
2858 : 6D;
2859 : 6D;
2860 : 6D;
2861 : 6D;
2862 : 6D;
2863 : 6D;
2864 : 6D;
2865 : 6D;
2866 : 6D;
2867 : 6D;
2868 : 6D;
2869 : 6D;
2870 : 6D;
2871 : 6D;
2872 : 4D;
2873 : 69;
2874 : 49;
2875 : 49;
2876 : 6D;
2877 : 24;
2878 : 24;
2879 : 24;
2880 : 40;
2881 : 40;
2882 : 40;
2883 : 40;
2884 : 40;
2885 : 40;
2886 : 40;
2887 : 40;
2888 : 40;
2889 : 40;
2890 : 40;
2891 : 40;
2892 : 60;
2893 : 40;
2894 : 84;
2895 : 84;
2896 : 64;
2897 : 60;
2898 : 20;
2899 : 40;
2900 : 40;
2901 : 40;
2902 : 40;
2903 : 40;
2904 : 40;
2905 : 40;
2906 : 40;
2907 : 40;
2908 : 40;
2909 : 40;
2910 : 40;
2911 : 40;
2912 : 40;
2913 : 40;
2914 : 40;
2915 : 40;
2916 : 40;
2917 : 40;
2918 : 40;
2919 : 40;
2920 : 40;
2921 : 40;
2922 : 40;
2923 : 40;
2924 : 40;
2925 : 40;
2926 : 40;
2927 : 40;
2928 : 40;
2929 : 40;
2930 : 40;
2931 : 40;
2932 : 40;
2933 : 40;
2934 : 40;
2935 : 40;
2936 : 40;
2937 : 40;
2938 : 40;
2939 : 40;
2940 : 40;
2941 : 40;
2942 : 40;
2943 : 40;
2944 : 40;
2945 : 40;
2946 : 40;
2947 : 40;
2948 : 40;
2949 : 40;
2950 : 60;
2951 : 60;
2952 : 64;
2953 : 64;
2954 : 64;
2955 : 64;
2956 : 64;
2957 : 64;
2958 : 64;
2959 : 64;
2960 : 64;
2961 : 64;
2962 : 60;
2963 : 64;
2964 : 64;
2965 : 40;
2966 : 60;
2967 : 60;
2968 : 60;
2969 : 40;
2970 : 40;
2971 : 40;
2972 : 40;
2973 : 40;
2974 : 40;
2975 : 60;
2976 : 60;
2977 : 64;
2978 : 64;
2979 : 64;
2980 : 84;
2981 : 64;
2982 : 64;
2983 : 64;
2984 : 64;
2985 : 64;
2986 : 64;
2987 : 64;
2988 : 64;
2989 : 84;
2990 : 84;
2991 : 84;
2992 : 84;
2993 : 64;
2994 : 64;
2995 : 64;
2996 : 64;
2997 : 64;
2998 : 64;
2999 : 64;
3000 : 64;
3001 : 64;
3002 : 64;
3003 : 64;
3004 : 64;
3005 : 64;
3006 : 64;
3007 : 64;
3008 : 84;
3009 : 84;
3010 : 84;
3011 : 84;
3012 : 84;
3013 : 84;
3014 : 64;
3015 : 60;
3016 : 60;
3017 : 60;
3018 : 60;
3019 : 20;
3020 : 40;
3021 : 40;
3022 : 40;
3023 : 40;
3024 : 40;
3025 : 40;
3026 : 40;
3027 : 40;
3028 : 40;
3029 : 40;
3030 : 40;
3031 : 40;
3032 : 40;
3033 : 40;
3034 : 40;
3035 : 40;
3036 : 40;
3037 : 40;
3038 : 40;
3039 : 40;
3040 : 20;
3041 : 40;
3042 : 40;
3043 : 40;
3044 : 40;
3045 : 40;
3046 : 40;
3047 : 40;
3048 : 40;
3049 : 40;
3050 : 40;
3051 : 40;
3052 : 40;
3053 : 40;
3054 : 40;
3055 : 40;
3056 : 40;
3057 : 40;
3058 : 40;
3059 : 40;
3060 : 40;
3061 : 40;
3062 : 40;
3063 : 40;
3064 : 40;
3065 : 40;
3066 : 40;
3067 : 40;
3068 : 20;
3069 : 20;
3070 : 40;
3071 : 40;
3072 : 40;
3073 : 40;
3074 : 40;
3075 : 40;
3076 : 40;
3077 : 40;
3078 : 40;
3079 : 40;
3080 : 40;
3081 : 60;
3082 : 60;
3083 : 60;
3084 : 60;
3085 : 40;
3086 : 40;
3087 : 60;
3088 : 60;
3089 : 60;
3090 : 64;
3091 : 64;
3092 : 64;
3093 : 64;
3094 : 64;
3095 : 60;
3096 : 60;
3097 : 60;
3098 : 60;
3099 : 60;
3100 : 60;
3101 : 60;
3102 : 40;
3103 : 40;
3104 : 40;
3105 : 40;
3106 : 40;
3107 : 40;
3108 : 40;
3109 : 40;
3110 : 40;
3111 : 40;
3112 : 40;
3113 : 40;
3114 : 40;
3115 : 40;
3116 : 40;
3117 : 40;
3118 : 40;
3119 : 40;
3120 : 49;
3121 : 49;
3122 : 92;
3123 : 6E;
3124 : 6E;
3125 : 6E;
3126 : 6E;
3127 : 6E;
3128 : 6E;
3129 : 6E;
3130 : 8E;
3131 : 8E;
3132 : 6E;
3133 : 6D;
3134 : 6E;
3135 : 6E;
3136 : 6D;
3137 : 6E;
3138 : 6E;
3139 : 8E;
3140 : 92;
3141 : 92;
3142 : 92;
3143 : 92;
3144 : 92;
3145 : 92;
3146 : 92;
3147 : 92;
3148 : 92;
3149 : 92;
3150 : 92;
3151 : 92;
3152 : 92;
3153 : 92;
3154 : 92;
3155 : 92;
3156 : 92;
3157 : 92;
3158 : 92;
3159 : 92;
3160 : 92;
3161 : 92;
3162 : 92;
3163 : 92;
3164 : 92;
3165 : 92;
3166 : 92;
3167 : 92;
3168 : 8E;
3169 : 6E;
3170 : 6D;
3171 : 6D;
3172 : 6D;
3173 : 6D;
3174 : 6E;
3175 : 92;
3176 : 8E;
3177 : 6E;
3178 : 6E;
3179 : 6E;
3180 : 6D;
3181 : 6D;
3182 : 6D;
3183 : 6D;
3184 : 6D;
3185 : 6D;
3186 : 6D;
3187 : 6D;
3188 : 6D;
3189 : 6D;
3190 : 6D;
3191 : 6D;
3192 : 6D;
3193 : 6D;
3194 : 6D;
3195 : 69;
3196 : 6D;
3197 : 24;
3198 : 24;
3199 : 24;
3200 : 40;
3201 : 40;
3202 : 40;
3203 : 40;
3204 : 40;
3205 : 40;
3206 : 40;
3207 : 40;
3208 : 40;
3209 : 20;
3210 : 40;
3211 : 40;
3212 : 60;
3213 : 60;
3214 : 84;
3215 : 84;
3216 : 64;
3217 : 60;
3218 : 40;
3219 : 20;
3220 : 40;
3221 : 40;
3222 : 40;
3223 : 40;
3224 : 40;
3225 : 40;
3226 : 40;
3227 : 40;
3228 : 40;
3229 : 40;
3230 : 40;
3231 : 40;
3232 : 40;
3233 : 40;
3234 : 40;
3235 : 40;
3236 : 40;
3237 : 40;
3238 : 40;
3239 : 20;
3240 : 40;
3241 : 40;
3242 : 40;
3243 : 40;
3244 : 40;
3245 : 40;
3246 : 40;
3247 : 40;
3248 : 40;
3249 : 40;
3250 : 40;
3251 : 40;
3252 : 40;
3253 : 40;
3254 : 40;
3255 : 40;
3256 : 40;
3257 : 40;
3258 : 40;
3259 : 40;
3260 : 40;
3261 : 40;
3262 : 40;
3263 : 40;
3264 : 40;
3265 : 40;
3266 : 40;
3267 : 40;
3268 : 40;
3269 : 60;
3270 : 60;
3271 : 60;
3272 : 64;
3273 : 64;
3274 : 64;
3275 : 64;
3276 : 64;
3277 : 64;
3278 : 64;
3279 : 64;
3280 : 64;
3281 : 64;
3282 : 60;
3283 : 60;
3284 : 60;
3285 : 60;
3286 : 40;
3287 : 40;
3288 : 40;
3289 : 40;
3290 : 40;
3291 : 40;
3292 : 40;
3293 : 40;
3294 : 60;
3295 : 60;
3296 : 60;
3297 : 64;
3298 : 84;
3299 : 64;
3300 : 64;
3301 : 64;
3302 : 64;
3303 : 64;
3304 : 64;
3305 : 64;
3306 : 64;
3307 : 64;
3308 : 84;
3309 : 84;
3310 : 84;
3311 : 84;
3312 : 64;
3313 : 64;
3314 : 64;
3315 : 64;
3316 : 64;
3317 : 64;
3318 : 64;
3319 : 64;
3320 : 64;
3321 : 64;
3322 : 64;
3323 : 64;
3324 : 64;
3325 : 64;
3326 : 64;
3327 : 64;
3328 : 84;
3329 : 84;
3330 : 84;
3331 : 84;
3332 : 84;
3333 : 64;
3334 : 60;
3335 : 60;
3336 : 60;
3337 : 40;
3338 : 20;
3339 : 40;
3340 : 40;
3341 : 40;
3342 : 40;
3343 : 40;
3344 : 40;
3345 : 40;
3346 : 40;
3347 : 40;
3348 : 40;
3349 : 40;
3350 : 40;
3351 : 40;
3352 : 40;
3353 : 40;
3354 : 40;
3355 : 40;
3356 : 40;
3357 : 40;
3358 : 40;
3359 : 40;
3360 : 40;
3361 : 40;
3362 : 40;
3363 : 40;
3364 : 40;
3365 : 40;
3366 : 40;
3367 : 40;
3368 : 40;
3369 : 40;
3370 : 40;
3371 : 40;
3372 : 40;
3373 : 40;
3374 : 40;
3375 : 40;
3376 : 40;
3377 : 40;
3378 : 40;
3379 : 40;
3380 : 40;
3381 : 40;
3382 : 40;
3383 : 40;
3384 : 40;
3385 : 40;
3386 : 40;
3387 : 40;
3388 : 40;
3389 : 40;
3390 : 40;
3391 : 40;
3392 : 20;
3393 : 40;
3394 : 40;
3395 : 40;
3396 : 40;
3397 : 40;
3398 : 40;
3399 : 40;
3400 : 40;
3401 : 40;
3402 : 40;
3403 : 40;
3404 : 40;
3405 : 40;
3406 : 40;
3407 : 60;
3408 : 40;
3409 : 40;
3410 : 40;
3411 : 60;
3412 : 64;
3413 : 64;
3414 : 64;
3415 : 64;
3416 : 64;
3417 : 64;
3418 : 60;
3419 : 60;
3420 : 60;
3421 : 60;
3422 : 60;
3423 : 60;
3424 : 40;
3425 : 40;
3426 : 40;
3427 : 40;
3428 : 40;
3429 : 40;
3430 : 40;
3431 : 40;
3432 : 40;
3433 : 40;
3434 : 40;
3435 : 40;
3436 : 40;
3437 : 40;
3438 : 40;
3439 : 40;
3440 : 49;
3441 : 49;
3442 : 92;
3443 : 6E;
3444 : 6E;
3445 : 6E;
3446 : 6D;
3447 : 6E;
3448 : 6E;
3449 : 6E;
3450 : 6E;
3451 : 6E;
3452 : 6E;
3453 : 6E;
3454 : 8E;
3455 : 92;
3456 : 8E;
3457 : 92;
3458 : 92;
3459 : 92;
3460 : 92;
3461 : 92;
3462 : 92;
3463 : 92;
3464 : 92;
3465 : 92;
3466 : 92;
3467 : 92;
3468 : 92;
3469 : 92;
3470 : 92;
3471 : 92;
3472 : 92;
3473 : 92;
3474 : 92;
3475 : 92;
3476 : 92;
3477 : 92;
3478 : 92;
3479 : 92;
3480 : 92;
3481 : 92;
3482 : 92;
3483 : 92;
3484 : 92;
3485 : 92;
3486 : 92;
3487 : 92;
3488 : 92;
3489 : 92;
3490 : 6E;
3491 : 6D;
3492 : 6D;
3493 : 6D;
3494 : 6D;
3495 : 6E;
3496 : 6D;
3497 : 6D;
3498 : 6D;
3499 : 6D;
3500 : 6D;
3501 : 6D;
3502 : 6D;
3503 : 6D;
3504 : 6D;
3505 : 6D;
3506 : 6D;
3507 : 6D;
3508 : 6D;
3509 : 6D;
3510 : 6D;
3511 : 6D;
3512 : 6D;
3513 : 6D;
3514 : 6D;
3515 : 69;
3516 : 6D;
3517 : 24;
3518 : 24;
3519 : 24;
3520 : 40;
3521 : 40;
3522 : 40;
3523 : 40;
3524 : 40;
3525 : 40;
3526 : 40;
3527 : 40;
3528 : 40;
3529 : 20;
3530 : 40;
3531 : 40;
3532 : 60;
3533 : 60;
3534 : 60;
3535 : 84;
3536 : 84;
3537 : 64;
3538 : 40;
3539 : 20;
3540 : 40;
3541 : 40;
3542 : 40;
3543 : 40;
3544 : 40;
3545 : 40;
3546 : 40;
3547 : 40;
3548 : 40;
3549 : 40;
3550 : 40;
3551 : 40;
3552 : 40;
3553 : 40;
3554 : 40;
3555 : 40;
3556 : 40;
3557 : 40;
3558 : 20;
3559 : 64;
3560 : 40;
3561 : 40;
3562 : 40;
3563 : 40;
3564 : 40;
3565 : 40;
3566 : 40;
3567 : 40;
3568 : 40;
3569 : 40;
3570 : 40;
3571 : 20;
3572 : 64;
3573 : 40;
3574 : 40;
3575 : 40;
3576 : 40;
3577 : 40;
3578 : 40;
3579 : 40;
3580 : 40;
3581 : 40;
3582 : 40;
3583 : 40;
3584 : 40;
3585 : 40;
3586 : 40;
3587 : 40;
3588 : 60;
3589 : 60;
3590 : 60;
3591 : 64;
3592 : 64;
3593 : 64;
3594 : 64;
3595 : 64;
3596 : 64;
3597 : 64;
3598 : 84;
3599 : 64;
3600 : 64;
3601 : 60;
3602 : 60;
3603 : 60;
3604 : 40;
3605 : 40;
3606 : 40;
3607 : 40;
3608 : 40;
3609 : 40;
3610 : 40;
3611 : 40;
3612 : 40;
3613 : 60;
3614 : 60;
3615 : 60;
3616 : 64;
3617 : 84;
3618 : 64;
3619 : 64;
3620 : 64;
3621 : 64;
3622 : 64;
3623 : 64;
3624 : 64;
3625 : 64;
3626 : 64;
3627 : 84;
3628 : 84;
3629 : 84;
3630 : 84;
3631 : 84;
3632 : 64;
3633 : 64;
3634 : 64;
3635 : 64;
3636 : 64;
3637 : 64;
3638 : 64;
3639 : 64;
3640 : 64;
3641 : 64;
3642 : 64;
3643 : 64;
3644 : 64;
3645 : 64;
3646 : 64;
3647 : 64;
3648 : 84;
3649 : 84;
3650 : 85;
3651 : 64;
3652 : 64;
3653 : 64;
3654 : 60;
3655 : 60;
3656 : 40;
3657 : 40;
3658 : 40;
3659 : 40;
3660 : 40;
3661 : 40;
3662 : 40;
3663 : 40;
3664 : 40;
3665 : 40;
3666 : 40;
3667 : 40;
3668 : 40;
3669 : 40;
3670 : 40;
3671 : 40;
3672 : 40;
3673 : 40;
3674 : 40;
3675 : 40;
3676 : 40;
3677 : 40;
3678 : 40;
3679 : 40;
3680 : 40;
3681 : 40;
3682 : 40;
3683 : 40;
3684 : 40;
3685 : 40;
3686 : 40;
3687 : 40;
3688 : 40;
3689 : 40;
3690 : 40;
3691 : 40;
3692 : 40;
3693 : 40;
3694 : 40;
3695 : 40;
3696 : 40;
3697 : 40;
3698 : 40;
3699 : 40;
3700 : 40;
3701 : 40;
3702 : 40;
3703 : 40;
3704 : 40;
3705 : 40;
3706 : 40;
3707 : 40;
3708 : 40;
3709 : 40;
3710 : 40;
3711 : 40;
3712 : 20;
3713 : 40;
3714 : 40;
3715 : 40;
3716 : 40;
3717 : 40;
3718 : 60;
3719 : 40;
3720 : 40;
3721 : 40;
3722 : 40;
3723 : 40;
3724 : 40;
3725 : 40;
3726 : 40;
3727 : 40;
3728 : 40;
3729 : 40;
3730 : 40;
3731 : 60;
3732 : 60;
3733 : 64;
3734 : 64;
3735 : 64;
3736 : 84;
3737 : 84;
3738 : 64;
3739 : 64;
3740 : 64;
3741 : 60;
3742 : 60;
3743 : 60;
3744 : 60;
3745 : 40;
3746 : 40;
3747 : 40;
3748 : 40;
3749 : 40;
3750 : 40;
3751 : 40;
3752 : 40;
3753 : 40;
3754 : 40;
3755 : 40;
3756 : 40;
3757 : 40;
3758 : 40;
3759 : 40;
3760 : 49;
3761 : 49;
3762 : 92;
3763 : 6D;
3764 : 6E;
3765 : 6D;
3766 : 6D;
3767 : 6D;
3768 : 6D;
3769 : 6D;
3770 : 6D;
3771 : 6E;
3772 : 6E;
3773 : 6D;
3774 : 8E;
3775 : 6E;
3776 : 6E;
3777 : 6E;
3778 : 8E;
3779 : 6E;
3780 : 6E;
3781 : 92;
3782 : 92;
3783 : 92;
3784 : 92;
3785 : 92;
3786 : 92;
3787 : 92;
3788 : 92;
3789 : 92;
3790 : 92;
3791 : 92;
3792 : 92;
3793 : 92;
3794 : 92;
3795 : 92;
3796 : 92;
3797 : 92;
3798 : 92;
3799 : 92;
3800 : 92;
3801 : 8E;
3802 : 72;
3803 : 92;
3804 : 92;
3805 : 92;
3806 : 92;
3807 : 92;
3808 : 8E;
3809 : 6E;
3810 : 6D;
3811 : 6D;
3812 : 6D;
3813 : 6E;
3814 : 6D;
3815 : 6E;
3816 : 6D;
3817 : 6D;
3818 : 6D;
3819 : 6D;
3820 : 6D;
3821 : 6D;
3822 : 6D;
3823 : 6D;
3824 : 6D;
3825 : 6D;
3826 : 6D;
3827 : 6D;
3828 : 6D;
3829 : 6D;
3830 : 6D;
3831 : 6D;
3832 : 6D;
3833 : 6D;
3834 : 6D;
3835 : 6D;
3836 : 6D;
3837 : 24;
3838 : 24;
3839 : 24;
3840 : 40;
3841 : 40;
3842 : 40;
3843 : 40;
3844 : 40;
3845 : 40;
3846 : 40;
3847 : 40;
3848 : 40;
3849 : 20;
3850 : 40;
3851 : 40;
3852 : 40;
3853 : 60;
3854 : 60;
3855 : 84;
3856 : 84;
3857 : 64;
3858 : 40;
3859 : 40;
3860 : 20;
3861 : 40;
3862 : 40;
3863 : 40;
3864 : 40;
3865 : 40;
3866 : 40;
3867 : 40;
3868 : 40;
3869 : 40;
3870 : 40;
3871 : 40;
3872 : 40;
3873 : 40;
3874 : 40;
3875 : 40;
3876 : 40;
3877 : 20;
3878 : 60;
3879 : 40;
3880 : 20;
3881 : 40;
3882 : 20;
3883 : 40;
3884 : 40;
3885 : 40;
3886 : 40;
3887 : 40;
3888 : 40;
3889 : 40;
3890 : 20;
3891 : 64;
3892 : 40;
3893 : 40;
3894 : 40;
3895 : 40;
3896 : 40;
3897 : 40;
3898 : 40;
3899 : 40;
3900 : 40;
3901 : 40;
3902 : 40;
3903 : 40;
3904 : 40;
3905 : 40;
3906 : 40;
3907 : 40;
3908 : 60;
3909 : 60;
3910 : 64;
3911 : 64;
3912 : 64;
3913 : 64;
3914 : 64;
3915 : 64;
3916 : 64;
3917 : 84;
3918 : 60;
3919 : 64;
3920 : 64;
3921 : 40;
3922 : 40;
3923 : 40;
3924 : 40;
3925 : 40;
3926 : 40;
3927 : 40;
3928 : 40;
3929 : 40;
3930 : 40;
3931 : 40;
3932 : 60;
3933 : 60;
3934 : 40;
3935 : 64;
3936 : 84;
3937 : 84;
3938 : 64;
3939 : 64;
3940 : 64;
3941 : 64;
3942 : 64;
3943 : 64;
3944 : 84;
3945 : 84;
3946 : 84;
3947 : 84;
3948 : 84;
3949 : 84;
3950 : 84;
3951 : 64;
3952 : 64;
3953 : 64;
3954 : 64;
3955 : 64;
3956 : 64;
3957 : 64;
3958 : 64;
3959 : 64;
3960 : 64;
3961 : 64;
3962 : 64;
3963 : 64;
3964 : 64;
3965 : 64;
3966 : 64;
3967 : 85;
3968 : 84;
3969 : 84;
3970 : 64;
3971 : 84;
3972 : 64;
3973 : 64;
3974 : 60;
3975 : 60;
3976 : 20;
3977 : 40;
3978 : 40;
3979 : 40;
3980 : 40;
3981 : 40;
3982 : 40;
3983 : 40;
3984 : 40;
3985 : 40;
3986 : 40;
3987 : 40;
3988 : 40;
3989 : 40;
3990 : 40;
3991 : 40;
3992 : 40;
3993 : 60;
3994 : 20;
3995 : 40;
3996 : 40;
3997 : 40;
3998 : 40;
3999 : 40;
4000 : 40;
4001 : 40;
4002 : 40;
4003 : 40;
4004 : 40;
4005 : 40;
4006 : 40;
4007 : 40;
4008 : 40;
4009 : 40;
4010 : 40;
4011 : 40;
4012 : 40;
4013 : 40;
4014 : 40;
4015 : 40;
4016 : 40;
4017 : 40;
4018 : 40;
4019 : 40;
4020 : 40;
4021 : 40;
4022 : 40;
4023 : 40;
4024 : 40;
4025 : 40;
4026 : 40;
4027 : 40;
4028 : 40;
4029 : 40;
4030 : 40;
4031 : 40;
4032 : 40;
4033 : 40;
4034 : 40;
4035 : 40;
4036 : 40;
4037 : 40;
4038 : 20;
4039 : 40;
4040 : 40;
4041 : 40;
4042 : 40;
4043 : 40;
4044 : 40;
4045 : 40;
4046 : 40;
4047 : 40;
4048 : 40;
4049 : 40;
4050 : 40;
4051 : 40;
4052 : 60;
4053 : 60;
4054 : 60;
4055 : 84;
4056 : 84;
4057 : 64;
4058 : 64;
4059 : 84;
4060 : 64;
4061 : 64;
4062 : 60;
4063 : 60;
4064 : 60;
4065 : 60;
4066 : 40;
4067 : 40;
4068 : 40;
4069 : 40;
4070 : 40;
4071 : 40;
4072 : 40;
4073 : 40;
4074 : 40;
4075 : 40;
4076 : 40;
4077 : 40;
4078 : 40;
4079 : 40;
4080 : 49;
4081 : 49;
4082 : 92;
4083 : 6D;
4084 : 6D;
4085 : 6D;
4086 : 6D;
4087 : 6D;
4088 : 6D;
4089 : 6D;
4090 : 6E;
4091 : 6D;
4092 : 6E;
4093 : 6E;
4094 : 92;
4095 : 92;
4096 : 8E;
4097 : 8E;
4098 : 92;
4099 : 92;
4100 : 92;
4101 : 92;
4102 : 92;
4103 : 92;
4104 : 92;
4105 : 92;
4106 : 92;
4107 : 92;
4108 : 92;
4109 : 92;
4110 : 92;
4111 : 92;
4112 : 92;
4113 : 92;
4114 : 92;
4115 : 92;
4116 : 92;
4117 : 92;
4118 : 92;
4119 : 92;
4120 : 92;
4121 : 92;
4122 : 92;
4123 : 92;
4124 : 92;
4125 : 92;
4126 : 92;
4127 : 92;
4128 : 92;
4129 : 6E;
4130 : 6D;
4131 : 6D;
4132 : 6D;
4133 : 6D;
4134 : 6D;
4135 : 6D;
4136 : 6D;
4137 : 6D;
4138 : 6D;
4139 : 6D;
4140 : 6D;
4141 : 6D;
4142 : 6D;
4143 : 6D;
4144 : 6D;
4145 : 6D;
4146 : 6D;
4147 : 6D;
4148 : 6D;
4149 : 6D;
4150 : 6D;
4151 : 6D;
4152 : 6D;
4153 : 6D;
4154 : 6D;
4155 : 69;
4156 : 6D;
4157 : 24;
4158 : 24;
4159 : 24;
4160 : 40;
4161 : 40;
4162 : 40;
4163 : 40;
4164 : 40;
4165 : 40;
4166 : 40;
4167 : 40;
4168 : 40;
4169 : 20;
4170 : 40;
4171 : 40;
4172 : 40;
4173 : 60;
4174 : 64;
4175 : 60;
4176 : 84;
4177 : 84;
4178 : 40;
4179 : 40;
4180 : 20;
4181 : 40;
4182 : 40;
4183 : 40;
4184 : 40;
4185 : 40;
4186 : 40;
4187 : 40;
4188 : 40;
4189 : 40;
4190 : 40;
4191 : 40;
4192 : 40;
4193 : 40;
4194 : 40;
4195 : 40;
4196 : 40;
4197 : 40;
4198 : 40;
4199 : 40;
4200 : 64;
4201 : 40;
4202 : 40;
4203 : 40;
4204 : 40;
4205 : 40;
4206 : 40;
4207 : 40;
4208 : 40;
4209 : 40;
4210 : 60;
4211 : 60;
4212 : 40;
4213 : 40;
4214 : 40;
4215 : 40;
4216 : 40;
4217 : 40;
4218 : 40;
4219 : 40;
4220 : 40;
4221 : 40;
4222 : 40;
4223 : 40;
4224 : 40;
4225 : 40;
4226 : 40;
4227 : 64;
4228 : 60;
4229 : 60;
4230 : 64;
4231 : 64;
4232 : 64;
4233 : 64;
4234 : 64;
4235 : 64;
4236 : 64;
4237 : 64;
4238 : 64;
4239 : 64;
4240 : 40;
4241 : 40;
4242 : 40;
4243 : 40;
4244 : 40;
4245 : 40;
4246 : 40;
4247 : 40;
4248 : 40;
4249 : 40;
4250 : 40;
4251 : 64;
4252 : 60;
4253 : 60;
4254 : 64;
4255 : 64;
4256 : 84;
4257 : 64;
4258 : 64;
4259 : 64;
4260 : 64;
4261 : 64;
4262 : 64;
4263 : 84;
4264 : 84;
4265 : 84;
4266 : 85;
4267 : 85;
4268 : 84;
4269 : 84;
4270 : 64;
4271 : 64;
4272 : 64;
4273 : 64;
4274 : 64;
4275 : 64;
4276 : 64;
4277 : 64;
4278 : 64;
4279 : 64;
4280 : 64;
4281 : 64;
4282 : 64;
4283 : 64;
4284 : 64;
4285 : 64;
4286 : 85;
4287 : 84;
4288 : 84;
4289 : 84;
4290 : 84;
4291 : 64;
4292 : 64;
4293 : 60;
4294 : 60;
4295 : 40;
4296 : 40;
4297 : 40;
4298 : 40;
4299 : 60;
4300 : 40;
4301 : 40;
4302 : 40;
4303 : 40;
4304 : 40;
4305 : 40;
4306 : 40;
4307 : 40;
4308 : 40;
4309 : 40;
4310 : 40;
4311 : 40;
4312 : 40;
4313 : 40;
4314 : 40;
4315 : 40;
4316 : 40;
4317 : 40;
4318 : 40;
4319 : 40;
4320 : 40;
4321 : 40;
4322 : 40;
4323 : 40;
4324 : 40;
4325 : 40;
4326 : 40;
4327 : 40;
4328 : 40;
4329 : 40;
4330 : 40;
4331 : 40;
4332 : 40;
4333 : 40;
4334 : 40;
4335 : 40;
4336 : 40;
4337 : 40;
4338 : 40;
4339 : 40;
4340 : 40;
4341 : 40;
4342 : 40;
4343 : 40;
4344 : 40;
4345 : 40;
4346 : 40;
4347 : 40;
4348 : 40;
4349 : 40;
4350 : 40;
4351 : 40;
4352 : 40;
4353 : 40;
4354 : 40;
4355 : 40;
4356 : 40;
4357 : 40;
4358 : 40;
4359 : 40;
4360 : 40;
4361 : 40;
4362 : 20;
4363 : 40;
4364 : 40;
4365 : 40;
4366 : 40;
4367 : 40;
4368 : 40;
4369 : 40;
4370 : 40;
4371 : 40;
4372 : 40;
4373 : 60;
4374 : 60;
4375 : 64;
4376 : 84;
4377 : 84;
4378 : 84;
4379 : 84;
4380 : 84;
4381 : 64;
4382 : 64;
4383 : 60;
4384 : 60;
4385 : 60;
4386 : 60;
4387 : 40;
4388 : 40;
4389 : 40;
4390 : 40;
4391 : 40;
4392 : 40;
4393 : 40;
4394 : 40;
4395 : 40;
4396 : 40;
4397 : 40;
4398 : 40;
4399 : 40;
4400 : 49;
4401 : 49;
4402 : 92;
4403 : 6D;
4404 : 6E;
4405 : 8E;
4406 : 92;
4407 : 8E;
4408 : 92;
4409 : 92;
4410 : 92;
4411 : 8E;
4412 : 8E;
4413 : 8E;
4414 : 92;
4415 : 8E;
4416 : 8E;
4417 : 92;
4418 : 92;
4419 : 92;
4420 : 92;
4421 : 92;
4422 : 92;
4423 : 92;
4424 : 92;
4425 : 92;
4426 : 92;
4427 : 92;
4428 : 92;
4429 : 92;
4430 : 92;
4431 : 92;
4432 : 92;
4433 : 92;
4434 : 92;
4435 : 92;
4436 : 92;
4437 : 92;
4438 : 92;
4439 : 92;
4440 : 92;
4441 : 92;
4442 : 92;
4443 : 92;
4444 : 92;
4445 : 92;
4446 : 92;
4447 : 92;
4448 : 92;
4449 : 92;
4450 : 6E;
4451 : 6D;
4452 : 6D;
4453 : 6D;
4454 : 6D;
4455 : 6D;
4456 : 6E;
4457 : 6D;
4458 : 6D;
4459 : 6D;
4460 : 6D;
4461 : 6D;
4462 : 6D;
4463 : 6D;
4464 : 6D;
4465 : 6D;
4466 : 6D;
4467 : 6D;
4468 : 6D;
4469 : 6D;
4470 : 6D;
4471 : 6D;
4472 : 6D;
4473 : 6D;
4474 : 6D;
4475 : 6D;
4476 : 6D;
4477 : 24;
4478 : 24;
4479 : 24;
4480 : 40;
4481 : 40;
4482 : 40;
4483 : 40;
4484 : 40;
4485 : 40;
4486 : 40;
4487 : 40;
4488 : 40;
4489 : 40;
4490 : 40;
4491 : 40;
4492 : 40;
4493 : 40;
4494 : 40;
4495 : 60;
4496 : 84;
4497 : 84;
4498 : 64;
4499 : 40;
4500 : 40;
4501 : 40;
4502 : 40;
4503 : 40;
4504 : 40;
4505 : 40;
4506 : 40;
4507 : 40;
4508 : 40;
4509 : 40;
4510 : 40;
4511 : 40;
4512 : 40;
4513 : 40;
4514 : 40;
4515 : 60;
4516 : 40;
4517 : 40;
4518 : 40;
4519 : 40;
4520 : 40;
4521 : 40;
4522 : 40;
4523 : 60;
4524 : 40;
4525 : 40;
4526 : 40;
4527 : 40;
4528 : 40;
4529 : 60;
4530 : 40;
4531 : 40;
4532 : 40;
4533 : 40;
4534 : 40;
4535 : 40;
4536 : 40;
4537 : 40;
4538 : 40;
4539 : 40;
4540 : 40;
4541 : 40;
4542 : 40;
4543 : 40;
4544 : 40;
4545 : 40;
4546 : 60;
4547 : 60;
4548 : 60;
4549 : 64;
4550 : 64;
4551 : 64;
4552 : 64;
4553 : 64;
4554 : 64;
4555 : 64;
4556 : 64;
4557 : 64;
4558 : 60;
4559 : 60;
4560 : 40;
4561 : 40;
4562 : 40;
4563 : 40;
4564 : 40;
4565 : 40;
4566 : 40;
4567 : 40;
4568 : 40;
4569 : 40;
4570 : 60;
4571 : 60;
4572 : 60;
4573 : 64;
4574 : 64;
4575 : 84;
4576 : 84;
4577 : 64;
4578 : 64;
4579 : 64;
4580 : 64;
4581 : 64;
4582 : 84;
4583 : 64;
4584 : 84;
4585 : 85;
4586 : 85;
4587 : 84;
4588 : 84;
4589 : 84;
4590 : 64;
4591 : 64;
4592 : 64;
4593 : 64;
4594 : 64;
4595 : 64;
4596 : 64;
4597 : 64;
4598 : 64;
4599 : 64;
4600 : 64;
4601 : 64;
4602 : 64;
4603 : 64;
4604 : 64;
4605 : 84;
4606 : 84;
4607 : 85;
4608 : 84;
4609 : 84;
4610 : 64;
4611 : 64;
4612 : 60;
4613 : 60;
4614 : 40;
4615 : 20;
4616 : 40;
4617 : 40;
4618 : 40;
4619 : 40;
4620 : 40;
4621 : 40;
4622 : 40;
4623 : 40;
4624 : 40;
4625 : 40;
4626 : 40;
4627 : 40;
4628 : 40;
4629 : 40;
4630 : 40;
4631 : 40;
4632 : 40;
4633 : 40;
4634 : 40;
4635 : 40;
4636 : 40;
4637 : 40;
4638 : 40;
4639 : 40;
4640 : 40;
4641 : 40;
4642 : 40;
4643 : 40;
4644 : 40;
4645 : 40;
4646 : 40;
4647 : 40;
4648 : 40;
4649 : 40;
4650 : 40;
4651 : 40;
4652 : 40;
4653 : 40;
4654 : 40;
4655 : 40;
4656 : 40;
4657 : 40;
4658 : 40;
4659 : 40;
4660 : 40;
4661 : 40;
4662 : 40;
4663 : 40;
4664 : 40;
4665 : 40;
4666 : 40;
4667 : 40;
4668 : 40;
4669 : 40;
4670 : 40;
4671 : 40;
4672 : 40;
4673 : 40;
4674 : 40;
4675 : 40;
4676 : 40;
4677 : 40;
4678 : 40;
4679 : 40;
4680 : 40;
4681 : 40;
4682 : 40;
4683 : 40;
4684 : 40;
4685 : 40;
4686 : 40;
4687 : 40;
4688 : 40;
4689 : 40;
4690 : 40;
4691 : 40;
4692 : 40;
4693 : 40;
4694 : 60;
4695 : 60;
4696 : 64;
4697 : 64;
4698 : 84;
4699 : 84;
4700 : 84;
4701 : 84;
4702 : 84;
4703 : 64;
4704 : 64;
4705 : 60;
4706 : 60;
4707 : 60;
4708 : 40;
4709 : 40;
4710 : 40;
4711 : 40;
4712 : 40;
4713 : 40;
4714 : 40;
4715 : 40;
4716 : 40;
4717 : 40;
4718 : 40;
4719 : 44;
4720 : 49;
4721 : 49;
4722 : 92;
4723 : 6D;
4724 : 6E;
4725 : 6E;
4726 : 6E;
4727 : 6E;
4728 : 6E;
4729 : 6E;
4730 : 8E;
4731 : 6E;
4732 : 6E;
4733 : 6E;
4734 : 92;
4735 : 92;
4736 : 92;
4737 : 92;
4738 : 92;
4739 : 92;
4740 : 92;
4741 : 92;
4742 : 92;
4743 : 92;
4744 : 92;
4745 : 92;
4746 : 92;
4747 : 92;
4748 : 92;
4749 : 92;
4750 : 92;
4751 : 92;
4752 : 92;
4753 : 92;
4754 : 92;
4755 : 92;
4756 : 92;
4757 : 92;
4758 : 92;
4759 : 92;
4760 : 92;
4761 : 92;
4762 : 92;
4763 : 92;
4764 : 92;
4765 : 92;
4766 : 92;
4767 : 92;
4768 : 92;
4769 : 92;
4770 : 92;
4771 : 92;
4772 : 92;
4773 : 6E;
4774 : 6E;
4775 : 6D;
4776 : 6D;
4777 : 6D;
4778 : 6E;
4779 : 6D;
4780 : 6D;
4781 : 6D;
4782 : 6D;
4783 : 6D;
4784 : 6D;
4785 : 6D;
4786 : 6D;
4787 : 6D;
4788 : 6D;
4789 : 6D;
4790 : 6D;
4791 : 6D;
4792 : 6D;
4793 : 6D;
4794 : 6D;
4795 : 69;
4796 : 6D;
4797 : 24;
4798 : 24;
4799 : 24;
4800 : 40;
4801 : 40;
4802 : 40;
4803 : 40;
4804 : 40;
4805 : 40;
4806 : 40;
4807 : 40;
4808 : 40;
4809 : 40;
4810 : 40;
4811 : 20;
4812 : 40;
4813 : 40;
4814 : 40;
4815 : 64;
4816 : 64;
4817 : 64;
4818 : 64;
4819 : 60;
4820 : 40;
4821 : 20;
4822 : 40;
4823 : 40;
4824 : 40;
4825 : 40;
4826 : 40;
4827 : 40;
4828 : 40;
4829 : 40;
4830 : 40;
4831 : 20;
4832 : 40;
4833 : 64;
4834 : 40;
4835 : 40;
4836 : 40;
4837 : 40;
4838 : 40;
4839 : 40;
4840 : 40;
4841 : 40;
4842 : 40;
4843 : 40;
4844 : 60;
4845 : 64;
4846 : 64;
4847 : 64;
4848 : 40;
4849 : 40;
4850 : 40;
4851 : 40;
4852 : 40;
4853 : 20;
4854 : 64;
4855 : 64;
4856 : 40;
4857 : 40;
4858 : 40;
4859 : 40;
4860 : 40;
4861 : 40;
4862 : 40;
4863 : 40;
4864 : 40;
4865 : 60;
4866 : 64;
4867 : 64;
4868 : 64;
4869 : 64;
4870 : 64;
4871 : 64;
4872 : 64;
4873 : 64;
4874 : 84;
4875 : 64;
4876 : 64;
4877 : 64;
4878 : 64;
4879 : 40;
4880 : 40;
4881 : 40;
4882 : 40;
4883 : 40;
4884 : 40;
4885 : 40;
4886 : 40;
4887 : 40;
4888 : 40;
4889 : 60;
4890 : 60;
4891 : 60;
4892 : 60;
4893 : 64;
4894 : 64;
4895 : 84;
4896 : 64;
4897 : 64;
4898 : 64;
4899 : 64;
4900 : 64;
4901 : 84;
4902 : 64;
4903 : 85;
4904 : 85;
4905 : 85;
4906 : 85;
4907 : 85;
4908 : 64;
4909 : 64;
4910 : 64;
4911 : 64;
4912 : 64;
4913 : 64;
4914 : 64;
4915 : 64;
4916 : 64;
4917 : 64;
4918 : 64;
4919 : 64;
4920 : 64;
4921 : 64;
4922 : 64;
4923 : 64;
4924 : 84;
4925 : 84;
4926 : 85;
4927 : 64;
4928 : 84;
4929 : 64;
4930 : 64;
4931 : 64;
4932 : 60;
4933 : 40;
4934 : 40;
4935 : 40;
4936 : 40;
4937 : 40;
4938 : 40;
4939 : 40;
4940 : 40;
4941 : 40;
4942 : 40;
4943 : 40;
4944 : 40;
4945 : 40;
4946 : 40;
4947 : 40;
4948 : 40;
4949 : 40;
4950 : 64;
4951 : 40;
4952 : 40;
4953 : 40;
4954 : 40;
4955 : 40;
4956 : 40;
4957 : 40;
4958 : 40;
4959 : 40;
4960 : 40;
4961 : 40;
4962 : 40;
4963 : 40;
4964 : 40;
4965 : 40;
4966 : 40;
4967 : 40;
4968 : 40;
4969 : 40;
4970 : 40;
4971 : 40;
4972 : 40;
4973 : 40;
4974 : 40;
4975 : 40;
4976 : 40;
4977 : 40;
4978 : 40;
4979 : 40;
4980 : 40;
4981 : 40;
4982 : 40;
4983 : 40;
4984 : 40;
4985 : 40;
4986 : 40;
4987 : 40;
4988 : 40;
4989 : 40;
4990 : 40;
4991 : 40;
4992 : 40;
4993 : 40;
4994 : 40;
4995 : 40;
4996 : 40;
4997 : 40;
4998 : 40;
4999 : 40;
5000 : 40;
5001 : 40;
5002 : 40;
5003 : 40;
5004 : 40;
5005 : 40;
5006 : 40;
5007 : 40;
5008 : 40;
5009 : 40;
5010 : 40;
5011 : 40;
5012 : 40;
5013 : 40;
5014 : 60;
5015 : 60;
5016 : 60;
5017 : 64;
5018 : 60;
5019 : 84;
5020 : 84;
5021 : 84;
5022 : 84;
5023 : 84;
5024 : 64;
5025 : 64;
5026 : 60;
5027 : 60;
5028 : 40;
5029 : 40;
5030 : 40;
5031 : 40;
5032 : 40;
5033 : 40;
5034 : 40;
5035 : 40;
5036 : 40;
5037 : 40;
5038 : 40;
5039 : 44;
5040 : 49;
5041 : 49;
5042 : 92;
5043 : 6D;
5044 : 6D;
5045 : 6E;
5046 : 6E;
5047 : 6D;
5048 : 6D;
5049 : 6E;
5050 : 6D;
5051 : 6E;
5052 : 6E;
5053 : 6E;
5054 : 8E;
5055 : 8E;
5056 : 92;
5057 : 92;
5058 : 92;
5059 : 92;
5060 : 92;
5061 : 92;
5062 : 92;
5063 : 92;
5064 : 92;
5065 : 92;
5066 : 92;
5067 : 92;
5068 : 92;
5069 : 92;
5070 : 92;
5071 : 92;
5072 : 92;
5073 : 92;
5074 : 92;
5075 : 92;
5076 : 92;
5077 : 92;
5078 : 92;
5079 : 92;
5080 : 72;
5081 : 92;
5082 : 92;
5083 : 92;
5084 : 92;
5085 : 92;
5086 : 92;
5087 : 92;
5088 : 92;
5089 : 92;
5090 : 8E;
5091 : 6D;
5092 : 6D;
5093 : 6D;
5094 : 6D;
5095 : 6D;
5096 : 6D;
5097 : 6D;
5098 : 6D;
5099 : 6D;
5100 : 6D;
5101 : 6D;
5102 : 6D;
5103 : 6D;
5104 : 6D;
5105 : 6D;
5106 : 6D;
5107 : 6D;
5108 : 6D;
5109 : 6D;
5110 : 6D;
5111 : 6D;
5112 : 6D;
5113 : 69;
5114 : 69;
5115 : 49;
5116 : 6D;
5117 : 24;
5118 : 24;
5119 : 24;
5120 : 40;
5121 : 40;
5122 : 40;
5123 : 40;
5124 : 40;
5125 : 40;
5126 : 40;
5127 : 40;
5128 : 20;
5129 : 40;
5130 : 40;
5131 : 20;
5132 : 20;
5133 : 40;
5134 : 40;
5135 : 40;
5136 : 64;
5137 : 64;
5138 : 64;
5139 : 60;
5140 : 64;
5141 : 64;
5142 : 20;
5143 : 20;
5144 : 40;
5145 : 40;
5146 : 40;
5147 : 40;
5148 : 40;
5149 : 40;
5150 : 20;
5151 : 64;
5152 : 60;
5153 : 20;
5154 : 40;
5155 : 40;
5156 : 40;
5157 : 40;
5158 : 40;
5159 : 40;
5160 : 40;
5161 : 40;
5162 : 20;
5163 : 64;
5164 : 40;
5165 : 20;
5166 : 20;
5167 : 20;
5168 : 20;
5169 : 20;
5170 : 40;
5171 : 40;
5172 : 40;
5173 : 40;
5174 : 20;
5175 : 20;
5176 : 20;
5177 : 40;
5178 : 40;
5179 : 40;
5180 : 40;
5181 : 40;
5182 : 40;
5183 : 40;
5184 : 40;
5185 : 60;
5186 : 60;
5187 : 64;
5188 : 64;
5189 : 64;
5190 : 64;
5191 : 64;
5192 : 64;
5193 : 84;
5194 : 60;
5195 : 64;
5196 : 64;
5197 : 64;
5198 : 40;
5199 : 40;
5200 : 40;
5201 : 40;
5202 : 40;
5203 : 40;
5204 : 40;
5205 : 40;
5206 : 40;
5207 : 64;
5208 : 60;
5209 : 60;
5210 : 60;
5211 : 60;
5212 : 64;
5213 : 64;
5214 : 64;
5215 : 84;
5216 : 64;
5217 : 64;
5218 : 64;
5219 : 64;
5220 : 84;
5221 : 64;
5222 : 85;
5223 : 85;
5224 : 85;
5225 : 85;
5226 : 85;
5227 : 84;
5228 : 64;
5229 : 64;
5230 : 64;
5231 : 64;
5232 : 64;
5233 : 64;
5234 : 64;
5235 : 64;
5236 : 64;
5237 : 64;
5238 : 64;
5239 : 64;
5240 : 64;
5241 : 64;
5242 : 64;
5243 : 85;
5244 : 85;
5245 : 84;
5246 : 85;
5247 : 64;
5248 : 84;
5249 : 64;
5250 : 64;
5251 : 64;
5252 : 40;
5253 : 20;
5254 : 40;
5255 : 40;
5256 : 40;
5257 : 40;
5258 : 40;
5259 : 40;
5260 : 40;
5261 : 40;
5262 : 40;
5263 : 40;
5264 : 40;
5265 : 40;
5266 : 40;
5267 : 40;
5268 : 40;
5269 : 60;
5270 : 20;
5271 : 40;
5272 : 40;
5273 : 40;
5274 : 40;
5275 : 40;
5276 : 40;
5277 : 40;
5278 : 40;
5279 : 40;
5280 : 40;
5281 : 40;
5282 : 40;
5283 : 40;
5284 : 40;
5285 : 40;
5286 : 40;
5287 : 40;
5288 : 40;
5289 : 40;
5290 : 40;
5291 : 40;
5292 : 40;
5293 : 60;
5294 : 60;
5295 : 40;
5296 : 60;
5297 : 64;
5298 : 64;
5299 : 64;
5300 : 64;
5301 : 64;
5302 : 64;
5303 : 60;
5304 : 60;
5305 : 60;
5306 : 40;
5307 : 40;
5308 : 40;
5309 : 40;
5310 : 40;
5311 : 40;
5312 : 40;
5313 : 40;
5314 : 40;
5315 : 40;
5316 : 40;
5317 : 40;
5318 : 40;
5319 : 40;
5320 : 40;
5321 : 40;
5322 : 40;
5323 : 40;
5324 : 40;
5325 : 40;
5326 : 40;
5327 : 40;
5328 : 20;
5329 : 40;
5330 : 40;
5331 : 40;
5332 : 40;
5333 : 40;
5334 : 40;
5335 : 60;
5336 : 60;
5337 : 60;
5338 : 64;
5339 : 64;
5340 : 84;
5341 : 64;
5342 : 64;
5343 : 64;
5344 : 84;
5345 : 64;
5346 : 60;
5347 : 60;
5348 : 40;
5349 : 40;
5350 : 40;
5351 : 40;
5352 : 40;
5353 : 40;
5354 : 40;
5355 : 40;
5356 : 40;
5357 : 40;
5358 : 40;
5359 : 40;
5360 : 49;
5361 : 49;
5362 : 92;
5363 : 6D;
5364 : 6D;
5365 : 6E;
5366 : 92;
5367 : 6D;
5368 : 6D;
5369 : 6D;
5370 : 6D;
5371 : 6D;
5372 : 6D;
5373 : 6D;
5374 : 6D;
5375 : 6D;
5376 : 6D;
5377 : 6D;
5378 : 6D;
5379 : 6D;
5380 : 6D;
5381 : 6D;
5382 : 6D;
5383 : 6D;
5384 : 6D;
5385 : 6D;
5386 : 6D;
5387 : 6D;
5388 : 6D;
5389 : 6D;
5390 : 6D;
5391 : 6D;
5392 : 6D;
5393 : 6D;
5394 : 6D;
5395 : 6D;
5396 : 6D;
5397 : 6D;
5398 : 6D;
5399 : 6D;
5400 : 6D;
5401 : 6D;
5402 : 6D;
5403 : 6D;
5404 : 6D;
5405 : 6D;
5406 : 6D;
5407 : 6D;
5408 : 6D;
5409 : 6D;
5410 : 6D;
5411 : 6D;
5412 : 6D;
5413 : 6D;
5414 : 6D;
5415 : 6D;
5416 : 6D;
5417 : 6D;
5418 : 6D;
5419 : 6D;
5420 : 6D;
5421 : 6D;
5422 : 6D;
5423 : 6D;
5424 : 69;
5425 : 69;
5426 : 49;
5427 : 49;
5428 : 49;
5429 : 49;
5430 : 49;
5431 : 49;
5432 : 6D;
5433 : 6D;
5434 : 69;
5435 : 6D;
5436 : 6D;
5437 : 24;
5438 : 24;
5439 : 24;
5440 : 40;
5441 : 40;
5442 : 40;
5443 : 40;
5444 : 40;
5445 : 40;
5446 : 40;
5447 : 20;
5448 : 40;
5449 : 40;
5450 : 20;
5451 : 20;
5452 : 40;
5453 : 40;
5454 : 40;
5455 : 40;
5456 : 60;
5457 : 64;
5458 : 84;
5459 : 64;
5460 : 64;
5461 : 40;
5462 : 64;
5463 : 64;
5464 : 40;
5465 : 40;
5466 : 40;
5467 : 40;
5468 : 40;
5469 : 64;
5470 : 64;
5471 : 40;
5472 : 20;
5473 : 40;
5474 : 40;
5475 : 40;
5476 : 40;
5477 : 40;
5478 : 40;
5479 : 40;
5480 : 40;
5481 : 40;
5482 : 64;
5483 : 40;
5484 : 20;
5485 : 40;
5486 : 40;
5487 : 40;
5488 : 40;
5489 : 40;
5490 : 40;
5491 : 40;
5492 : 40;
5493 : 40;
5494 : 40;
5495 : 40;
5496 : 40;
5497 : 40;
5498 : 40;
5499 : 40;
5500 : 40;
5501 : 40;
5502 : 40;
5503 : 40;
5504 : 40;
5505 : 60;
5506 : 60;
5507 : 64;
5508 : 64;
5509 : 64;
5510 : 64;
5511 : 64;
5512 : 64;
5513 : 64;
5514 : 64;
5515 : 64;
5516 : 64;
5517 : 40;
5518 : 40;
5519 : 40;
5520 : 40;
5521 : 40;
5522 : 40;
5523 : 40;
5524 : 40;
5525 : 40;
5526 : 60;
5527 : 40;
5528 : 60;
5529 : 60;
5530 : 60;
5531 : 64;
5532 : 64;
5533 : 64;
5534 : 64;
5535 : 64;
5536 : 64;
5537 : 64;
5538 : 64;
5539 : 84;
5540 : 84;
5541 : 85;
5542 : 85;
5543 : 85;
5544 : 85;
5545 : 84;
5546 : 84;
5547 : 84;
5548 : 64;
5549 : 64;
5550 : 64;
5551 : 64;
5552 : 64;
5553 : 64;
5554 : 64;
5555 : 64;
5556 : 64;
5557 : 64;
5558 : 64;
5559 : 64;
5560 : 64;
5561 : 64;
5562 : 84;
5563 : 85;
5564 : 85;
5565 : 84;
5566 : 64;
5567 : 84;
5568 : 64;
5569 : 64;
5570 : 64;
5571 : 40;
5572 : 20;
5573 : 40;
5574 : 40;
5575 : 40;
5576 : 40;
5577 : 40;
5578 : 40;
5579 : 40;
5580 : 40;
5581 : 40;
5582 : 40;
5583 : 40;
5584 : 40;
5585 : 40;
5586 : 40;
5587 : 40;
5588 : 40;
5589 : 40;
5590 : 40;
5591 : 40;
5592 : 40;
5593 : 40;
5594 : 40;
5595 : 40;
5596 : 40;
5597 : 40;
5598 : 40;
5599 : 40;
5600 : 40;
5601 : 40;
5602 : 40;
5603 : 40;
5604 : 40;
5605 : 40;
5606 : 40;
5607 : 40;
5608 : 40;
5609 : 40;
5610 : 44;
5611 : 64;
5612 : 44;
5613 : 40;
5614 : 44;
5615 : 44;
5616 : 40;
5617 : 40;
5618 : 40;
5619 : 40;
5620 : 44;
5621 : 44;
5622 : 40;
5623 : 40;
5624 : 44;
5625 : 40;
5626 : 64;
5627 : 64;
5628 : 64;
5629 : 64;
5630 : 40;
5631 : 40;
5632 : 40;
5633 : 40;
5634 : 40;
5635 : 40;
5636 : 40;
5637 : 40;
5638 : 40;
5639 : 40;
5640 : 40;
5641 : 40;
5642 : 40;
5643 : 40;
5644 : 40;
5645 : 40;
5646 : 40;
5647 : 40;
5648 : 40;
5649 : 20;
5650 : 40;
5651 : 40;
5652 : 40;
5653 : 40;
5654 : 40;
5655 : 40;
5656 : 40;
5657 : 60;
5658 : 64;
5659 : 64;
5660 : 64;
5661 : 64;
5662 : 64;
5663 : 64;
5664 : 64;
5665 : 84;
5666 : 60;
5667 : 60;
5668 : 40;
5669 : 40;
5670 : 40;
5671 : 40;
5672 : 40;
5673 : 40;
5674 : 40;
5675 : 40;
5676 : 40;
5677 : 40;
5678 : 40;
5679 : 40;
5680 : 49;
5681 : 49;
5682 : 92;
5683 : 6D;
5684 : 6D;
5685 : 92;
5686 : 49;
5687 : 00;
5688 : 24;
5689 : 24;
5690 : 24;
5691 : 24;
5692 : 24;
5693 : 24;
5694 : 24;
5695 : 24;
5696 : 24;
5697 : 24;
5698 : 24;
5699 : 24;
5700 : 24;
5701 : 24;
5702 : 24;
5703 : 24;
5704 : 24;
5705 : 24;
5706 : 24;
5707 : 24;
5708 : 24;
5709 : 24;
5710 : 24;
5711 : 24;
5712 : 24;
5713 : 24;
5714 : 24;
5715 : 24;
5716 : 24;
5717 : 24;
5718 : 24;
5719 : 24;
5720 : 24;
5721 : 24;
5722 : 24;
5723 : 24;
5724 : 24;
5725 : 24;
5726 : 24;
5727 : 24;
5728 : 24;
5729 : 24;
5730 : 24;
5731 : 24;
5732 : 24;
5733 : 24;
5734 : 24;
5735 : 24;
5736 : 24;
5737 : 24;
5738 : 24;
5739 : 24;
5740 : 24;
5741 : 24;
5742 : 24;
5743 : 24;
5744 : 24;
5745 : 24;
5746 : 24;
5747 : 24;
5748 : 24;
5749 : 24;
5750 : 24;
5751 : 24;
5752 : 04;
5753 : 49;
5754 : 6D;
5755 : 6D;
5756 : 6D;
5757 : 24;
5758 : 24;
5759 : 24;
5760 : 40;
5761 : 40;
5762 : 40;
5763 : 40;
5764 : 40;
5765 : 40;
5766 : 20;
5767 : 40;
5768 : 40;
5769 : 20;
5770 : 40;
5771 : 40;
5772 : 40;
5773 : 20;
5774 : 40;
5775 : 40;
5776 : 60;
5777 : 64;
5778 : 84;
5779 : 85;
5780 : 64;
5781 : 40;
5782 : 40;
5783 : 40;
5784 : 40;
5785 : 60;
5786 : 60;
5787 : 60;
5788 : 40;
5789 : 40;
5790 : 20;
5791 : 40;
5792 : 40;
5793 : 40;
5794 : 40;
5795 : 40;
5796 : 40;
5797 : 40;
5798 : 40;
5799 : 40;
5800 : 40;
5801 : 60;
5802 : 40;
5803 : 20;
5804 : 40;
5805 : 40;
5806 : 40;
5807 : 40;
5808 : 40;
5809 : 40;
5810 : 40;
5811 : 40;
5812 : 40;
5813 : 40;
5814 : 40;
5815 : 40;
5816 : 40;
5817 : 40;
5818 : 40;
5819 : 40;
5820 : 40;
5821 : 40;
5822 : 40;
5823 : 40;
5824 : 40;
5825 : 64;
5826 : 60;
5827 : 64;
5828 : 64;
5829 : 64;
5830 : 64;
5831 : 64;
5832 : 64;
5833 : 64;
5834 : 64;
5835 : 64;
5836 : 60;
5837 : 40;
5838 : 40;
5839 : 40;
5840 : 40;
5841 : 40;
5842 : 40;
5843 : 40;
5844 : 40;
5845 : 60;
5846 : 60;
5847 : 60;
5848 : 60;
5849 : 64;
5850 : 60;
5851 : 64;
5852 : 64;
5853 : 64;
5854 : 64;
5855 : 64;
5856 : 64;
5857 : 64;
5858 : 84;
5859 : 84;
5860 : 84;
5861 : 85;
5862 : 85;
5863 : 85;
5864 : 84;
5865 : 84;
5866 : 64;
5867 : 64;
5868 : 64;
5869 : 64;
5870 : 64;
5871 : 64;
5872 : 64;
5873 : 64;
5874 : 64;
5875 : 64;
5876 : 64;
5877 : 64;
5878 : 64;
5879 : 64;
5880 : 64;
5881 : 84;
5882 : 84;
5883 : 84;
5884 : 84;
5885 : 84;
5886 : 84;
5887 : 64;
5888 : 64;
5889 : 64;
5890 : 60;
5891 : 20;
5892 : 40;
5893 : 20;
5894 : 40;
5895 : 40;
5896 : 40;
5897 : 40;
5898 : 40;
5899 : 40;
5900 : 40;
5901 : 40;
5902 : 40;
5903 : 40;
5904 : 40;
5905 : 40;
5906 : 40;
5907 : 40;
5908 : 40;
5909 : 20;
5910 : 40;
5911 : 40;
5912 : 40;
5913 : 40;
5914 : 40;
5915 : 40;
5916 : 40;
5917 : 40;
5918 : 40;
5919 : 40;
5920 : 40;
5921 : 40;
5922 : 40;
5923 : 40;
5924 : 40;
5925 : 40;
5926 : 40;
5927 : 40;
5928 : 44;
5929 : 40;
5930 : 40;
5931 : 44;
5932 : 44;
5933 : 40;
5934 : 44;
5935 : 44;
5936 : 40;
5937 : 44;
5938 : 44;
5939 : 40;
5940 : 40;
5941 : 40;
5942 : 40;
5943 : 40;
5944 : 40;
5945 : 40;
5946 : 40;
5947 : 40;
5948 : 40;
5949 : 44;
5950 : 44;
5951 : 60;
5952 : 40;
5953 : 40;
5954 : 40;
5955 : 40;
5956 : 40;
5957 : 40;
5958 : 40;
5959 : 40;
5960 : 40;
5961 : 40;
5962 : 40;
5963 : 40;
5964 : 40;
5965 : 40;
5966 : 40;
5967 : 40;
5968 : 40;
5969 : 40;
5970 : 40;
5971 : 40;
5972 : 40;
5973 : 40;
5974 : 40;
5975 : 40;
5976 : 40;
5977 : 60;
5978 : 60;
5979 : 64;
5980 : 64;
5981 : 60;
5982 : 64;
5983 : 64;
5984 : 64;
5985 : 64;
5986 : 64;
5987 : 60;
5988 : 40;
5989 : 40;
5990 : 40;
5991 : 40;
5992 : 40;
5993 : 40;
5994 : 40;
5995 : 40;
5996 : 40;
5997 : 40;
5998 : 40;
5999 : 44;
6000 : 49;
6001 : 49;
6002 : 92;
6003 : 6D;
6004 : 8E;
6005 : 49;
6006 : 49;
6007 : 92;
6008 : 6D;
6009 : 6E;
6010 : 6E;
6011 : 6E;
6012 : 92;
6013 : 92;
6014 : 92;
6015 : 92;
6016 : 92;
6017 : 92;
6018 : 92;
6019 : 92;
6020 : 92;
6021 : 92;
6022 : 92;
6023 : 92;
6024 : 92;
6025 : 92;
6026 : 92;
6027 : 92;
6028 : 92;
6029 : 92;
6030 : 92;
6031 : 92;
6032 : 92;
6033 : 92;
6034 : 92;
6035 : 92;
6036 : 92;
6037 : 92;
6038 : 92;
6039 : 92;
6040 : 92;
6041 : 92;
6042 : 92;
6043 : 92;
6044 : 92;
6045 : 92;
6046 : 92;
6047 : 92;
6048 : 92;
6049 : 92;
6050 : 92;
6051 : 92;
6052 : 92;
6053 : 6E;
6054 : 6E;
6055 : 6E;
6056 : 6D;
6057 : 6D;
6058 : 6D;
6059 : 6D;
6060 : 6D;
6061 : 6D;
6062 : 6D;
6063 : 6D;
6064 : 6D;
6065 : 6D;
6066 : 6D;
6067 : 6D;
6068 : 6D;
6069 : 6D;
6070 : 6D;
6071 : 6D;
6072 : 6D;
6073 : 00;
6074 : 6D;
6075 : 6D;
6076 : 6D;
6077 : 24;
6078 : 24;
6079 : 24;
6080 : 40;
6081 : 40;
6082 : 40;
6083 : 40;
6084 : 40;
6085 : 20;
6086 : 40;
6087 : 40;
6088 : 20;
6089 : 40;
6090 : 40;
6091 : 40;
6092 : 40;
6093 : 20;
6094 : 64;
6095 : 40;
6096 : 60;
6097 : 64;
6098 : 84;
6099 : 85;
6100 : 64;
6101 : 60;
6102 : 20;
6103 : 40;
6104 : 20;
6105 : 20;
6106 : 40;
6107 : 20;
6108 : 40;
6109 : 40;
6110 : 40;
6111 : 40;
6112 : 40;
6113 : 40;
6114 : 40;
6115 : 40;
6116 : 40;
6117 : 40;
6118 : 40;
6119 : 20;
6120 : 60;
6121 : 20;
6122 : 40;
6123 : 40;
6124 : 40;
6125 : 40;
6126 : 40;
6127 : 40;
6128 : 40;
6129 : 40;
6130 : 40;
6131 : 40;
6132 : 40;
6133 : 40;
6134 : 40;
6135 : 40;
6136 : 40;
6137 : 40;
6138 : 40;
6139 : 40;
6140 : 40;
6141 : 40;
6142 : 40;
6143 : 40;
6144 : 40;
6145 : 60;
6146 : 64;
6147 : 64;
6148 : 64;
6149 : 64;
6150 : 64;
6151 : 64;
6152 : 64;
6153 : 64;
6154 : 64;
6155 : 60;
6156 : 40;
6157 : 40;
6158 : 40;
6159 : 40;
6160 : 40;
6161 : 40;
6162 : 40;
6163 : 40;
6164 : 40;
6165 : 40;
6166 : 60;
6167 : 64;
6168 : 64;
6169 : 60;
6170 : 60;
6171 : 64;
6172 : 64;
6173 : 64;
6174 : 64;
6175 : 64;
6176 : 64;
6177 : 64;
6178 : 84;
6179 : 64;
6180 : 85;
6181 : 85;
6182 : 85;
6183 : 85;
6184 : 84;
6185 : 64;
6186 : 64;
6187 : 64;
6188 : 64;
6189 : 64;
6190 : 64;
6191 : 64;
6192 : 64;
6193 : 64;
6194 : 64;
6195 : 64;
6196 : 64;
6197 : 64;
6198 : 64;
6199 : 64;
6200 : 84;
6201 : 84;
6202 : 84;
6203 : 85;
6204 : 84;
6205 : 84;
6206 : 84;
6207 : 60;
6208 : 64;
6209 : 60;
6210 : 40;
6211 : 40;
6212 : 20;
6213 : 40;
6214 : 40;
6215 : 40;
6216 : 40;
6217 : 40;
6218 : 40;
6219 : 40;
6220 : 40;
6221 : 40;
6222 : 40;
6223 : 40;
6224 : 40;
6225 : 60;
6226 : 40;
6227 : 40;
6228 : 40;
6229 : 40;
6230 : 40;
6231 : 40;
6232 : 40;
6233 : 40;
6234 : 40;
6235 : 40;
6236 : 40;
6237 : 40;
6238 : 40;
6239 : 40;
6240 : 40;
6241 : 40;
6242 : 40;
6243 : 40;
6244 : 40;
6245 : 40;
6246 : 44;
6247 : 44;
6248 : 40;
6249 : 40;
6250 : 44;
6251 : 40;
6252 : 40;
6253 : 40;
6254 : 40;
6255 : 40;
6256 : 44;
6257 : 40;
6258 : 40;
6259 : 44;
6260 : 64;
6261 : 64;
6262 : 64;
6263 : 64;
6264 : 64;
6265 : 64;
6266 : 64;
6267 : 40;
6268 : 44;
6269 : 40;
6270 : 44;
6271 : 44;
6272 : 40;
6273 : 40;
6274 : 40;
6275 : 40;
6276 : 40;
6277 : 40;
6278 : 40;
6279 : 40;
6280 : 40;
6281 : 40;
6282 : 40;
6283 : 40;
6284 : 40;
6285 : 40;
6286 : 40;
6287 : 40;
6288 : 40;
6289 : 40;
6290 : 40;
6291 : 40;
6292 : 40;
6293 : 40;
6294 : 40;
6295 : 40;
6296 : 40;
6297 : 40;
6298 : 60;
6299 : 60;
6300 : 60;
6301 : 64;
6302 : 64;
6303 : 64;
6304 : 60;
6305 : 64;
6306 : 64;
6307 : 60;
6308 : 60;
6309 : 40;
6310 : 40;
6311 : 40;
6312 : 40;
6313 : 40;
6314 : 40;
6315 : 40;
6316 : 40;
6317 : 40;
6318 : 40;
6319 : 40;
6320 : 49;
6321 : 49;
6322 : 92;
6323 : 6D;
6324 : 6D;
6325 : 04;
6326 : 92;
6327 : 6D;
6328 : 6D;
6329 : 6D;
6330 : 6D;
6331 : 6D;
6332 : 6D;
6333 : 6E;
6334 : 6E;
6335 : 6D;
6336 : 6E;
6337 : 6E;
6338 : 6D;
6339 : 6D;
6340 : 6D;
6341 : 6D;
6342 : 6E;
6343 : 6E;
6344 : 92;
6345 : 92;
6346 : 92;
6347 : 92;
6348 : 92;
6349 : 92;
6350 : 92;
6351 : 92;
6352 : 92;
6353 : 6E;
6354 : 6E;
6355 : 6D;
6356 : 6E;
6357 : 92;
6358 : 92;
6359 : 92;
6360 : 6D;
6361 : 6E;
6362 : 6D;
6363 : 6E;
6364 : 92;
6365 : 92;
6366 : 92;
6367 : 92;
6368 : 92;
6369 : 92;
6370 : 92;
6371 : 6D;
6372 : 6D;
6373 : 6D;
6374 : 6D;
6375 : 6D;
6376 : 6D;
6377 : 6D;
6378 : 6D;
6379 : 6D;
6380 : 6D;
6381 : 6D;
6382 : 6D;
6383 : 6D;
6384 : 6D;
6385 : 6D;
6386 : 6D;
6387 : 6D;
6388 : 6D;
6389 : 69;
6390 : 4D;
6391 : 69;
6392 : 6D;
6393 : 49;
6394 : 25;
6395 : 6D;
6396 : 6D;
6397 : 24;
6398 : 24;
6399 : 24;
6400 : 40;
6401 : 40;
6402 : 40;
6403 : 40;
6404 : 40;
6405 : 40;
6406 : 40;
6407 : 20;
6408 : 20;
6409 : 40;
6410 : 40;
6411 : 40;
6412 : 40;
6413 : 20;
6414 : 20;
6415 : 64;
6416 : 60;
6417 : 60;
6418 : 84;
6419 : 85;
6420 : 84;
6421 : 64;
6422 : 20;
6423 : 40;
6424 : 40;
6425 : 40;
6426 : 40;
6427 : 40;
6428 : 40;
6429 : 40;
6430 : 40;
6431 : 40;
6432 : 40;
6433 : 40;
6434 : 40;
6435 : 40;
6436 : 40;
6437 : 40;
6438 : 20;
6439 : 64;
6440 : 20;
6441 : 40;
6442 : 40;
6443 : 40;
6444 : 40;
6445 : 40;
6446 : 40;
6447 : 40;
6448 : 40;
6449 : 40;
6450 : 40;
6451 : 40;
6452 : 40;
6453 : 40;
6454 : 40;
6455 : 40;
6456 : 40;
6457 : 40;
6458 : 40;
6459 : 40;
6460 : 40;
6461 : 40;
6462 : 40;
6463 : 40;
6464 : 64;
6465 : 64;
6466 : 60;
6467 : 64;
6468 : 64;
6469 : 64;
6470 : 64;
6471 : 64;
6472 : 64;
6473 : 64;
6474 : 60;
6475 : 60;
6476 : 40;
6477 : 40;
6478 : 40;
6479 : 40;
6480 : 40;
6481 : 40;
6482 : 40;
6483 : 40;
6484 : 40;
6485 : 60;
6486 : 60;
6487 : 60;
6488 : 64;
6489 : 64;
6490 : 64;
6491 : 64;
6492 : 64;
6493 : 64;
6494 : 64;
6495 : 64;
6496 : 64;
6497 : 84;
6498 : 64;
6499 : 85;
6500 : 85;
6501 : 85;
6502 : 85;
6503 : 84;
6504 : 84;
6505 : 64;
6506 : 64;
6507 : 64;
6508 : 64;
6509 : 64;
6510 : 64;
6511 : 64;
6512 : 64;
6513 : 64;
6514 : 64;
6515 : 64;
6516 : 64;
6517 : 64;
6518 : 64;
6519 : 85;
6520 : 84;
6521 : 84;
6522 : 85;
6523 : 64;
6524 : 84;
6525 : 84;
6526 : 60;
6527 : 64;
6528 : 60;
6529 : 40;
6530 : 40;
6531 : 40;
6532 : 40;
6533 : 40;
6534 : 40;
6535 : 40;
6536 : 40;
6537 : 40;
6538 : 40;
6539 : 40;
6540 : 40;
6541 : 40;
6542 : 40;
6543 : 40;
6544 : 40;
6545 : 40;
6546 : 40;
6547 : 40;
6548 : 40;
6549 : 40;
6550 : 40;
6551 : 40;
6552 : 40;
6553 : 40;
6554 : 40;
6555 : 40;
6556 : 40;
6557 : 40;
6558 : 40;
6559 : 40;
6560 : 40;
6561 : 40;
6562 : 40;
6563 : 44;
6564 : 64;
6565 : 64;
6566 : 40;
6567 : 40;
6568 : 40;
6569 : 40;
6570 : 40;
6571 : 64;
6572 : 40;
6573 : 40;
6574 : 40;
6575 : 64;
6576 : 64;
6577 : 64;
6578 : 64;
6579 : 64;
6580 : 64;
6581 : 64;
6582 : 64;
6583 : 64;
6584 : 64;
6585 : 64;
6586 : 64;
6587 : 64;
6588 : 64;
6589 : 40;
6590 : 40;
6591 : 40;
6592 : 40;
6593 : 40;
6594 : 40;
6595 : 40;
6596 : 40;
6597 : 64;
6598 : 44;
6599 : 40;
6600 : 40;
6601 : 40;
6602 : 40;
6603 : 40;
6604 : 40;
6605 : 40;
6606 : 40;
6607 : 40;
6608 : 40;
6609 : 40;
6610 : 40;
6611 : 40;
6612 : 40;
6613 : 20;
6614 : 64;
6615 : 40;
6616 : 40;
6617 : 40;
6618 : 40;
6619 : 60;
6620 : 60;
6621 : 60;
6622 : 64;
6623 : 64;
6624 : 64;
6625 : 60;
6626 : 84;
6627 : 60;
6628 : 60;
6629 : 40;
6630 : 40;
6631 : 40;
6632 : 40;
6633 : 40;
6634 : 40;
6635 : 40;
6636 : 40;
6637 : 40;
6638 : 40;
6639 : 44;
6640 : 49;
6641 : 49;
6642 : 92;
6643 : 6D;
6644 : 49;
6645 : 6D;
6646 : 6D;
6647 : 6D;
6648 : 6D;
6649 : 6D;
6650 : 6D;
6651 : 6E;
6652 : 6E;
6653 : 6E;
6654 : 6E;
6655 : 6E;
6656 : 6E;
6657 : 6E;
6658 : 6E;
6659 : 6E;
6660 : 6D;
6661 : 6D;
6662 : 6D;
6663 : 6D;
6664 : 6E;
6665 : 92;
6666 : 92;
6667 : 92;
6668 : 92;
6669 : 92;
6670 : 6E;
6671 : 8E;
6672 : 6D;
6673 : 6D;
6674 : 6D;
6675 : 6D;
6676 : 6D;
6677 : 6D;
6678 : 6D;
6679 : 6D;
6680 : 6D;
6681 : 6D;
6682 : 6D;
6683 : 6D;
6684 : 8D;
6685 : 6E;
6686 : 71;
6687 : 92;
6688 : 72;
6689 : 92;
6690 : 6E;
6691 : 6D;
6692 : 6D;
6693 : 6D;
6694 : 6D;
6695 : 6D;
6696 : 6D;
6697 : 6D;
6698 : 6D;
6699 : 6D;
6700 : 6D;
6701 : 6D;
6702 : 6D;
6703 : 6D;
6704 : 6D;
6705 : 6D;
6706 : 6D;
6707 : 6D;
6708 : 6D;
6709 : 6D;
6710 : 6D;
6711 : 6D;
6712 : 6D;
6713 : 49;
6714 : 24;
6715 : 6D;
6716 : 6D;
6717 : 24;
6718 : 24;
6719 : 24;
6720 : 40;
6721 : 40;
6722 : 40;
6723 : 40;
6724 : 40;
6725 : 40;
6726 : 20;
6727 : 20;
6728 : 40;
6729 : 40;
6730 : 40;
6731 : 40;
6732 : 40;
6733 : 40;
6734 : 20;
6735 : 64;
6736 : 60;
6737 : 60;
6738 : 84;
6739 : 85;
6740 : 84;
6741 : 64;
6742 : 20;
6743 : 40;
6744 : 40;
6745 : 40;
6746 : 40;
6747 : 40;
6748 : 40;
6749 : 40;
6750 : 40;
6751 : 40;
6752 : 40;
6753 : 40;
6754 : 40;
6755 : 40;
6756 : 40;
6757 : 20;
6758 : 84;
6759 : 60;
6760 : 20;
6761 : 40;
6762 : 40;
6763 : 40;
6764 : 40;
6765 : 40;
6766 : 40;
6767 : 40;
6768 : 40;
6769 : 40;
6770 : 40;
6771 : 40;
6772 : 40;
6773 : 40;
6774 : 40;
6775 : 40;
6776 : 40;
6777 : 40;
6778 : 40;
6779 : 40;
6780 : 40;
6781 : 40;
6782 : 40;
6783 : 40;
6784 : 60;
6785 : 60;
6786 : 60;
6787 : 64;
6788 : 64;
6789 : 64;
6790 : 64;
6791 : 64;
6792 : 64;
6793 : 60;
6794 : 64;
6795 : 40;
6796 : 40;
6797 : 40;
6798 : 40;
6799 : 40;
6800 : 40;
6801 : 40;
6802 : 40;
6803 : 40;
6804 : 40;
6805 : 60;
6806 : 64;
6807 : 64;
6808 : 64;
6809 : 64;
6810 : 64;
6811 : 64;
6812 : 64;
6813 : 64;
6814 : 64;
6815 : 64;
6816 : 84;
6817 : 84;
6818 : 85;
6819 : 84;
6820 : 85;
6821 : 85;
6822 : 85;
6823 : 84;
6824 : 84;
6825 : 64;
6826 : 64;
6827 : 64;
6828 : 64;
6829 : 64;
6830 : 64;
6831 : 64;
6832 : 64;
6833 : 64;
6834 : 64;
6835 : 64;
6836 : 64;
6837 : 64;
6838 : 85;
6839 : 84;
6840 : 84;
6841 : 85;
6842 : 64;
6843 : 84;
6844 : 84;
6845 : 64;
6846 : 64;
6847 : 64;
6848 : 40;
6849 : 40;
6850 : 40;
6851 : 40;
6852 : 40;
6853 : 40;
6854 : 40;
6855 : 40;
6856 : 40;
6857 : 40;
6858 : 40;
6859 : 40;
6860 : 40;
6861 : 40;
6862 : 40;
6863 : 40;
6864 : 40;
6865 : 40;
6866 : 40;
6867 : 40;
6868 : 40;
6869 : 40;
6870 : 40;
6871 : 40;
6872 : 40;
6873 : 40;
6874 : 40;
6875 : 40;
6876 : 40;
6877 : 40;
6878 : 40;
6879 : 40;
6880 : 40;
6881 : 40;
6882 : 44;
6883 : 44;
6884 : 44;
6885 : 40;
6886 : 40;
6887 : 40;
6888 : 40;
6889 : 44;
6890 : 40;
6891 : 64;
6892 : 64;
6893 : 64;
6894 : 64;
6895 : 64;
6896 : 64;
6897 : 64;
6898 : 64;
6899 : 64;
6900 : 64;
6901 : 64;
6902 : 64;
6903 : 64;
6904 : 64;
6905 : 64;
6906 : 64;
6907 : 64;
6908 : 64;
6909 : 64;
6910 : 40;
6911 : 40;
6912 : 40;
6913 : 40;
6914 : 40;
6915 : 40;
6916 : 40;
6917 : 40;
6918 : 40;
6919 : 44;
6920 : 44;
6921 : 44;
6922 : 40;
6923 : 40;
6924 : 40;
6925 : 40;
6926 : 40;
6927 : 40;
6928 : 40;
6929 : 40;
6930 : 40;
6931 : 40;
6932 : 40;
6933 : 40;
6934 : 20;
6935 : 40;
6936 : 40;
6937 : 40;
6938 : 40;
6939 : 40;
6940 : 40;
6941 : 40;
6942 : 64;
6943 : 64;
6944 : 64;
6945 : 64;
6946 : 60;
6947 : 64;
6948 : 60;
6949 : 40;
6950 : 40;
6951 : 40;
6952 : 40;
6953 : 40;
6954 : 40;
6955 : 40;
6956 : 40;
6957 : 40;
6958 : 40;
6959 : 44;
6960 : 49;
6961 : 49;
6962 : 92;
6963 : 6D;
6964 : 49;
6965 : 4D;
6966 : 6D;
6967 : 6D;
6968 : 6D;
6969 : 6D;
6970 : 6E;
6971 : 6E;
6972 : 6D;
6973 : 6E;
6974 : 6E;
6975 : 6E;
6976 : 6E;
6977 : 6E;
6978 : 6D;
6979 : 6E;
6980 : 6D;
6981 : 6D;
6982 : 6D;
6983 : 6E;
6984 : 6D;
6985 : 6D;
6986 : 8E;
6987 : 92;
6988 : 92;
6989 : 92;
6990 : 8E;
6991 : 6E;
6992 : 6D;
6993 : 6D;
6994 : 6D;
6995 : 6D;
6996 : 6D;
6997 : 6D;
6998 : 6D;
6999 : 6D;
7000 : 6D;
7001 : 6D;
7002 : 6D;
7003 : 6D;
7004 : 6D;
7005 : 6D;
7006 : 92;
7007 : 92;
7008 : 92;
7009 : 92;
7010 : 6E;
7011 : 6D;
7012 : 6D;
7013 : 6D;
7014 : 6D;
7015 : 6D;
7016 : 6D;
7017 : 6D;
7018 : 6D;
7019 : 6D;
7020 : 6D;
7021 : 6D;
7022 : 6D;
7023 : 6D;
7024 : 6D;
7025 : 6D;
7026 : 6D;
7027 : 6D;
7028 : 6D;
7029 : 6D;
7030 : 6D;
7031 : 6D;
7032 : 6D;
7033 : 49;
7034 : 24;
7035 : 69;
7036 : 6D;
7037 : 24;
7038 : 24;
7039 : 24;
7040 : 40;
7041 : 40;
7042 : 40;
7043 : 40;
7044 : 40;
7045 : 40;
7046 : 20;
7047 : 40;
7048 : 40;
7049 : 40;
7050 : 40;
7051 : 40;
7052 : 40;
7053 : 40;
7054 : 20;
7055 : 40;
7056 : 60;
7057 : 60;
7058 : 64;
7059 : 85;
7060 : 84;
7061 : 64;
7062 : 40;
7063 : 20;
7064 : 40;
7065 : 40;
7066 : 40;
7067 : 40;
7068 : 40;
7069 : 40;
7070 : 40;
7071 : 40;
7072 : 40;
7073 : 40;
7074 : 40;
7075 : 40;
7076 : 40;
7077 : 20;
7078 : 64;
7079 : 20;
7080 : 40;
7081 : 40;
7082 : 40;
7083 : 40;
7084 : 40;
7085 : 40;
7086 : 40;
7087 : 40;
7088 : 40;
7089 : 40;
7090 : 40;
7091 : 40;
7092 : 40;
7093 : 40;
7094 : 40;
7095 : 40;
7096 : 40;
7097 : 40;
7098 : 40;
7099 : 40;
7100 : 40;
7101 : 40;
7102 : 40;
7103 : 40;
7104 : 60;
7105 : 60;
7106 : 64;
7107 : 64;
7108 : 64;
7109 : 64;
7110 : 64;
7111 : 64;
7112 : 64;
7113 : 64;
7114 : 60;
7115 : 40;
7116 : 40;
7117 : 40;
7118 : 40;
7119 : 60;
7120 : 40;
7121 : 40;
7122 : 40;
7123 : 40;
7124 : 40;
7125 : 60;
7126 : 64;
7127 : 64;
7128 : 64;
7129 : 64;
7130 : 64;
7131 : 64;
7132 : 64;
7133 : 64;
7134 : 64;
7135 : 84;
7136 : 84;
7137 : 85;
7138 : 85;
7139 : 85;
7140 : 85;
7141 : 84;
7142 : 84;
7143 : 84;
7144 : 64;
7145 : 64;
7146 : 64;
7147 : 64;
7148 : 64;
7149 : 64;
7150 : 64;
7151 : 64;
7152 : 64;
7153 : 64;
7154 : 64;
7155 : 64;
7156 : 64;
7157 : 84;
7158 : 84;
7159 : 84;
7160 : 84;
7161 : 84;
7162 : 84;
7163 : 84;
7164 : 64;
7165 : 64;
7166 : 60;
7167 : 40;
7168 : 20;
7169 : 40;
7170 : 20;
7171 : 60;
7172 : 40;
7173 : 40;
7174 : 40;
7175 : 40;
7176 : 40;
7177 : 40;
7178 : 40;
7179 : 40;
7180 : 40;
7181 : 40;
7182 : 40;
7183 : 40;
7184 : 40;
7185 : 40;
7186 : 40;
7187 : 40;
7188 : 40;
7189 : 40;
7190 : 40;
7191 : 40;
7192 : 40;
7193 : 40;
7194 : 40;
7195 : 40;
7196 : 40;
7197 : 40;
7198 : 40;
7199 : 40;
7200 : 60;
7201 : 60;
7202 : 44;
7203 : 44;
7204 : 40;
7205 : 40;
7206 : 40;
7207 : 44;
7208 : 40;
7209 : 64;
7210 : 64;
7211 : 64;
7212 : 64;
7213 : 64;
7214 : 64;
7215 : 64;
7216 : 64;
7217 : 64;
7218 : 64;
7219 : 64;
7220 : 64;
7221 : 64;
7222 : 64;
7223 : 64;
7224 : 64;
7225 : 64;
7226 : 64;
7227 : 64;
7228 : 64;
7229 : 64;
7230 : 64;
7231 : 64;
7232 : 64;
7233 : 64;
7234 : 64;
7235 : 40;
7236 : 40;
7237 : 40;
7238 : 40;
7239 : 40;
7240 : 44;
7241 : 44;
7242 : 44;
7243 : 44;
7244 : 40;
7245 : 40;
7246 : 40;
7247 : 40;
7248 : 40;
7249 : 40;
7250 : 40;
7251 : 40;
7252 : 40;
7253 : 40;
7254 : 40;
7255 : 40;
7256 : 40;
7257 : 40;
7258 : 40;
7259 : 40;
7260 : 40;
7261 : 40;
7262 : 40;
7263 : 60;
7264 : 60;
7265 : 64;
7266 : 64;
7267 : 60;
7268 : 60;
7269 : 40;
7270 : 40;
7271 : 40;
7272 : 40;
7273 : 40;
7274 : 40;
7275 : 40;
7276 : 40;
7277 : 40;
7278 : 40;
7279 : 44;
7280 : 49;
7281 : 49;
7282 : 92;
7283 : 6D;
7284 : 49;
7285 : 49;
7286 : 6D;
7287 : 6E;
7288 : 6E;
7289 : 6E;
7290 : 92;
7291 : 8E;
7292 : 6E;
7293 : 6E;
7294 : 6E;
7295 : 6E;
7296 : 6E;
7297 : 6D;
7298 : 6D;
7299 : 6D;
7300 : 6D;
7301 : 6D;
7302 : 6D;
7303 : 6E;
7304 : 6E;
7305 : 92;
7306 : 92;
7307 : 72;
7308 : 92;
7309 : 8E;
7310 : 92;
7311 : 8E;
7312 : 91;
7313 : 91;
7314 : 91;
7315 : 6D;
7316 : 8D;
7317 : 8D;
7318 : 6D;
7319 : 8D;
7320 : 6D;
7321 : 8D;
7322 : 6D;
7323 : 91;
7324 : 91;
7325 : 92;
7326 : 92;
7327 : 92;
7328 : 92;
7329 : 92;
7330 : 6E;
7331 : 6D;
7332 : 6D;
7333 : 6D;
7334 : 6D;
7335 : 6D;
7336 : 6D;
7337 : 6D;
7338 : 6D;
7339 : 6D;
7340 : 6D;
7341 : 6D;
7342 : 6D;
7343 : 6D;
7344 : 6D;
7345 : 6D;
7346 : 6D;
7347 : 6D;
7348 : 6D;
7349 : 6D;
7350 : 6D;
7351 : 6D;
7352 : 6D;
7353 : 49;
7354 : 24;
7355 : 49;
7356 : 6D;
7357 : 24;
7358 : 24;
7359 : 24;
7360 : 40;
7361 : 40;
7362 : 40;
7363 : 20;
7364 : 40;
7365 : 20;
7366 : 40;
7367 : 40;
7368 : 40;
7369 : 40;
7370 : 40;
7371 : 40;
7372 : 40;
7373 : 40;
7374 : 40;
7375 : 20;
7376 : 64;
7377 : 40;
7378 : 64;
7379 : 85;
7380 : 85;
7381 : 84;
7382 : 64;
7383 : 20;
7384 : 40;
7385 : 40;
7386 : 40;
7387 : 40;
7388 : 40;
7389 : 40;
7390 : 40;
7391 : 40;
7392 : 40;
7393 : 40;
7394 : 40;
7395 : 40;
7396 : 40;
7397 : 40;
7398 : 64;
7399 : 20;
7400 : 40;
7401 : 40;
7402 : 40;
7403 : 40;
7404 : 40;
7405 : 40;
7406 : 40;
7407 : 40;
7408 : 40;
7409 : 40;
7410 : 40;
7411 : 40;
7412 : 40;
7413 : 40;
7414 : 40;
7415 : 40;
7416 : 40;
7417 : 40;
7418 : 40;
7419 : 40;
7420 : 40;
7421 : 40;
7422 : 40;
7423 : 40;
7424 : 60;
7425 : 60;
7426 : 64;
7427 : 64;
7428 : 64;
7429 : 64;
7430 : 64;
7431 : 64;
7432 : 64;
7433 : 60;
7434 : 40;
7435 : 40;
7436 : 40;
7437 : 40;
7438 : 40;
7439 : 40;
7440 : 40;
7441 : 40;
7442 : 40;
7443 : 40;
7444 : 60;
7445 : 64;
7446 : 64;
7447 : 64;
7448 : 64;
7449 : 64;
7450 : 64;
7451 : 64;
7452 : 64;
7453 : 64;
7454 : 84;
7455 : 84;
7456 : 84;
7457 : 85;
7458 : 85;
7459 : 85;
7460 : 85;
7461 : 84;
7462 : 84;
7463 : 84;
7464 : 64;
7465 : 64;
7466 : 64;
7467 : 64;
7468 : 64;
7469 : 64;
7470 : 64;
7471 : 64;
7472 : 64;
7473 : 64;
7474 : 64;
7475 : 64;
7476 : 64;
7477 : 84;
7478 : 85;
7479 : 85;
7480 : 84;
7481 : 84;
7482 : 84;
7483 : 64;
7484 : 64;
7485 : 60;
7486 : 60;
7487 : 40;
7488 : 40;
7489 : 20;
7490 : 40;
7491 : 40;
7492 : 40;
7493 : 40;
7494 : 40;
7495 : 40;
7496 : 40;
7497 : 40;
7498 : 40;
7499 : 40;
7500 : 40;
7501 : 40;
7502 : 40;
7503 : 40;
7504 : 40;
7505 : 40;
7506 : 40;
7507 : 40;
7508 : 40;
7509 : 40;
7510 : 40;
7511 : 40;
7512 : 40;
7513 : 40;
7514 : 40;
7515 : 40;
7516 : 40;
7517 : 40;
7518 : 64;
7519 : 64;
7520 : 60;
7521 : 40;
7522 : 64;
7523 : 40;
7524 : 40;
7525 : 40;
7526 : 40;
7527 : 40;
7528 : 64;
7529 : 64;
7530 : 64;
7531 : 64;
7532 : 64;
7533 : 64;
7534 : 64;
7535 : 64;
7536 : 64;
7537 : 64;
7538 : 64;
7539 : 64;
7540 : 64;
7541 : 64;
7542 : 64;
7543 : 64;
7544 : 64;
7545 : 64;
7546 : 64;
7547 : 64;
7548 : 64;
7549 : 64;
7550 : 64;
7551 : 64;
7552 : 64;
7553 : 64;
7554 : 64;
7555 : 64;
7556 : 64;
7557 : 40;
7558 : 40;
7559 : 40;
7560 : 40;
7561 : 44;
7562 : 44;
7563 : 40;
7564 : 44;
7565 : 64;
7566 : 44;
7567 : 40;
7568 : 40;
7569 : 40;
7570 : 40;
7571 : 40;
7572 : 40;
7573 : 40;
7574 : 40;
7575 : 40;
7576 : 40;
7577 : 40;
7578 : 40;
7579 : 40;
7580 : 40;
7581 : 40;
7582 : 40;
7583 : 40;
7584 : 40;
7585 : 60;
7586 : 60;
7587 : 60;
7588 : 60;
7589 : 40;
7590 : 40;
7591 : 40;
7592 : 40;
7593 : 40;
7594 : 40;
7595 : 40;
7596 : 40;
7597 : 40;
7598 : 40;
7599 : 40;
7600 : 49;
7601 : 49;
7602 : 92;
7603 : 6D;
7604 : 49;
7605 : 49;
7606 : 6D;
7607 : 6D;
7608 : 6D;
7609 : 6D;
7610 : 6D;
7611 : 6D;
7612 : 6D;
7613 : 6E;
7614 : 6E;
7615 : 72;
7616 : 72;
7617 : 72;
7618 : 72;
7619 : 72;
7620 : 72;
7621 : 72;
7622 : 6D;
7623 : 6D;
7624 : 6D;
7625 : 6D;
7626 : 6E;
7627 : 92;
7628 : 6D;
7629 : 92;
7630 : 6D;
7631 : 6D;
7632 : 6D;
7633 : 8D;
7634 : 8D;
7635 : 8D;
7636 : 91;
7637 : 91;
7638 : 91;
7639 : 91;
7640 : 91;
7641 : 8D;
7642 : 8D;
7643 : 8D;
7644 : 8D;
7645 : 91;
7646 : 92;
7647 : 92;
7648 : 92;
7649 : 92;
7650 : 92;
7651 : 6D;
7652 : 6D;
7653 : 6D;
7654 : 6D;
7655 : 6D;
7656 : 6D;
7657 : 6D;
7658 : 6D;
7659 : 6D;
7660 : 6D;
7661 : 6D;
7662 : 6D;
7663 : 6D;
7664 : 69;
7665 : 6D;
7666 : 6D;
7667 : 6D;
7668 : 6D;
7669 : 6D;
7670 : 6D;
7671 : 6D;
7672 : 6D;
7673 : 49;
7674 : 24;
7675 : 49;
7676 : 6D;
7677 : 24;
7678 : 24;
7679 : 24;
7680 : 20;
7681 : 20;
7682 : 20;
7683 : 20;
7684 : 40;
7685 : 20;
7686 : 40;
7687 : 40;
7688 : 40;
7689 : 40;
7690 : 40;
7691 : 40;
7692 : 40;
7693 : 40;
7694 : 40;
7695 : 20;
7696 : 64;
7697 : 40;
7698 : 64;
7699 : 64;
7700 : 85;
7701 : 85;
7702 : 64;
7703 : 40;
7704 : 40;
7705 : 40;
7706 : 40;
7707 : 40;
7708 : 40;
7709 : 40;
7710 : 40;
7711 : 40;
7712 : 40;
7713 : 40;
7714 : 40;
7715 : 40;
7716 : 40;
7717 : 64;
7718 : 40;
7719 : 40;
7720 : 40;
7721 : 40;
7722 : 40;
7723 : 40;
7724 : 40;
7725 : 40;
7726 : 40;
7727 : 40;
7728 : 40;
7729 : 40;
7730 : 40;
7731 : 40;
7732 : 20;
7733 : 40;
7734 : 40;
7735 : 40;
7736 : 40;
7737 : 40;
7738 : 40;
7739 : 40;
7740 : 40;
7741 : 40;
7742 : 40;
7743 : 60;
7744 : 60;
7745 : 40;
7746 : 64;
7747 : 64;
7748 : 64;
7749 : 64;
7750 : 64;
7751 : 64;
7752 : 60;
7753 : 64;
7754 : 40;
7755 : 40;
7756 : 40;
7757 : 40;
7758 : 40;
7759 : 40;
7760 : 40;
7761 : 40;
7762 : 40;
7763 : 60;
7764 : 60;
7765 : 64;
7766 : 64;
7767 : 64;
7768 : 64;
7769 : 64;
7770 : 64;
7771 : 64;
7772 : 64;
7773 : 64;
7774 : 84;
7775 : 84;
7776 : 85;
7777 : 85;
7778 : 85;
7779 : 85;
7780 : 84;
7781 : 84;
7782 : 84;
7783 : 64;
7784 : 64;
7785 : 64;
7786 : 64;
7787 : 64;
7788 : 64;
7789 : 64;
7790 : 64;
7791 : 64;
7792 : 64;
7793 : 64;
7794 : 64;
7795 : 64;
7796 : 85;
7797 : 85;
7798 : 84;
7799 : 85;
7800 : 64;
7801 : 84;
7802 : 64;
7803 : 64;
7804 : 60;
7805 : 40;
7806 : 60;
7807 : 20;
7808 : 20;
7809 : 40;
7810 : 40;
7811 : 40;
7812 : 40;
7813 : 40;
7814 : 40;
7815 : 40;
7816 : 40;
7817 : 40;
7818 : 40;
7819 : 40;
7820 : 40;
7821 : 40;
7822 : 20;
7823 : 40;
7824 : 40;
7825 : 40;
7826 : 40;
7827 : 40;
7828 : 40;
7829 : 40;
7830 : 40;
7831 : 40;
7832 : 40;
7833 : 40;
7834 : 40;
7835 : 40;
7836 : 40;
7837 : 60;
7838 : 60;
7839 : 40;
7840 : 60;
7841 : 64;
7842 : 64;
7843 : 40;
7844 : 40;
7845 : 40;
7846 : 40;
7847 : 40;
7848 : 64;
7849 : 64;
7850 : 64;
7851 : 64;
7852 : 64;
7853 : 64;
7854 : 64;
7855 : 64;
7856 : 64;
7857 : 64;
7858 : 64;
7859 : 64;
7860 : 64;
7861 : 64;
7862 : 64;
7863 : 64;
7864 : 64;
7865 : 64;
7866 : 64;
7867 : 64;
7868 : 64;
7869 : 64;
7870 : 64;
7871 : 64;
7872 : 64;
7873 : 64;
7874 : 64;
7875 : 64;
7876 : 64;
7877 : 64;
7878 : 64;
7879 : 64;
7880 : 40;
7881 : 40;
7882 : 40;
7883 : 40;
7884 : 40;
7885 : 40;
7886 : 64;
7887 : 44;
7888 : 40;
7889 : 40;
7890 : 40;
7891 : 40;
7892 : 40;
7893 : 40;
7894 : 40;
7895 : 40;
7896 : 40;
7897 : 20;
7898 : 64;
7899 : 40;
7900 : 40;
7901 : 40;
7902 : 40;
7903 : 40;
7904 : 40;
7905 : 40;
7906 : 60;
7907 : 60;
7908 : 60;
7909 : 40;
7910 : 40;
7911 : 40;
7912 : 40;
7913 : 40;
7914 : 40;
7915 : 40;
7916 : 40;
7917 : 40;
7918 : 40;
7919 : 40;
7920 : 49;
7921 : 49;
7922 : 92;
7923 : 6D;
7924 : 49;
7925 : 49;
7926 : 6D;
7927 : 6D;
7928 : 6D;
7929 : 6D;
7930 : 6D;
7931 : 6D;
7932 : 6D;
7933 : 6D;
7934 : 6D;
7935 : 6E;
7936 : 72;
7937 : 6D;
7938 : 6D;
7939 : 6D;
7940 : 6D;
7941 : 92;
7942 : 6D;
7943 : 6D;
7944 : 6D;
7945 : 6D;
7946 : 6D;
7947 : 6D;
7948 : 6D;
7949 : 6D;
7950 : 8D;
7951 : 6D;
7952 : 91;
7953 : 91;
7954 : 91;
7955 : 91;
7956 : 91;
7957 : 92;
7958 : 6D;
7959 : 6D;
7960 : 6D;
7961 : 8D;
7962 : 92;
7963 : 91;
7964 : 91;
7965 : 92;
7966 : 92;
7967 : 92;
7968 : 92;
7969 : 92;
7970 : 92;
7971 : 6D;
7972 : 6D;
7973 : 6D;
7974 : 6D;
7975 : 6D;
7976 : 6D;
7977 : 6D;
7978 : 8D;
7979 : 69;
7980 : 69;
7981 : 69;
7982 : 69;
7983 : 6D;
7984 : 6D;
7985 : 6D;
7986 : 6D;
7987 : 6D;
7988 : 6D;
7989 : 6D;
7990 : 6D;
7991 : 6D;
7992 : 6D;
7993 : 49;
7994 : 24;
7995 : 49;
7996 : 6D;
7997 : 24;
7998 : 24;
7999 : 24;
8000 : 40;
8001 : 40;
8002 : 20;
8003 : 40;
8004 : 40;
8005 : 40;
8006 : 40;
8007 : 40;
8008 : 40;
8009 : 40;
8010 : 40;
8011 : 40;
8012 : 40;
8013 : 40;
8014 : 40;
8015 : 20;
8016 : 40;
8017 : 40;
8018 : 64;
8019 : 64;
8020 : 85;
8021 : 85;
8022 : 64;
8023 : 40;
8024 : 40;
8025 : 40;
8026 : 40;
8027 : 40;
8028 : 40;
8029 : 40;
8030 : 40;
8031 : 40;
8032 : 40;
8033 : 40;
8034 : 40;
8035 : 40;
8036 : 40;
8037 : 64;
8038 : 20;
8039 : 40;
8040 : 40;
8041 : 40;
8042 : 40;
8043 : 40;
8044 : 40;
8045 : 40;
8046 : 40;
8047 : 40;
8048 : 40;
8049 : 64;
8050 : 40;
8051 : 40;
8052 : 40;
8053 : 40;
8054 : 40;
8055 : 40;
8056 : 40;
8057 : 40;
8058 : 40;
8059 : 40;
8060 : 40;
8061 : 40;
8062 : 40;
8063 : 60;
8064 : 60;
8065 : 64;
8066 : 64;
8067 : 64;
8068 : 64;
8069 : 64;
8070 : 64;
8071 : 64;
8072 : 60;
8073 : 64;
8074 : 40;
8075 : 40;
8076 : 40;
8077 : 40;
8078 : 40;
8079 : 40;
8080 : 40;
8081 : 40;
8082 : 60;
8083 : 60;
8084 : 64;
8085 : 64;
8086 : 64;
8087 : 64;
8088 : 64;
8089 : 64;
8090 : 64;
8091 : 64;
8092 : 64;
8093 : 84;
8094 : 84;
8095 : 84;
8096 : 84;
8097 : 84;
8098 : 85;
8099 : 85;
8100 : 84;
8101 : 84;
8102 : 64;
8103 : 64;
8104 : 64;
8105 : 64;
8106 : 64;
8107 : 64;
8108 : 64;
8109 : 64;
8110 : 64;
8111 : 64;
8112 : 64;
8113 : 64;
8114 : 64;
8115 : 84;
8116 : 85;
8117 : 85;
8118 : 85;
8119 : 64;
8120 : 84;
8121 : 64;
8122 : 64;
8123 : 64;
8124 : 40;
8125 : 60;
8126 : 20;
8127 : 40;
8128 : 40;
8129 : 40;
8130 : 40;
8131 : 40;
8132 : 40;
8133 : 40;
8134 : 40;
8135 : 40;
8136 : 40;
8137 : 40;
8138 : 40;
8139 : 40;
8140 : 40;
8141 : 40;
8142 : 40;
8143 : 40;
8144 : 40;
8145 : 40;
8146 : 40;
8147 : 40;
8148 : 40;
8149 : 40;
8150 : 40;
8151 : 40;
8152 : 40;
8153 : 40;
8154 : 40;
8155 : 40;
8156 : 64;
8157 : 60;
8158 : 44;
8159 : 64;
8160 : 64;
8161 : 64;
8162 : 40;
8163 : 40;
8164 : 40;
8165 : 40;
8166 : 40;
8167 : 64;
8168 : 64;
8169 : 64;
8170 : 64;
8171 : 64;
8172 : 64;
8173 : 64;
8174 : 64;
8175 : 40;
8176 : 40;
8177 : 40;
8178 : 40;
8179 : 40;
8180 : 40;
8181 : 40;
8182 : 64;
8183 : 64;
8184 : 64;
8185 : 64;
8186 : 64;
8187 : 64;
8188 : 64;
8189 : 64;
8190 : 64;
8191 : 64;
8192 : 64;
8193 : 64;
8194 : 64;
8195 : 64;
8196 : 64;
8197 : 64;
8198 : 64;
8199 : 64;
8200 : 64;
8201 : 64;
8202 : 40;
8203 : 40;
8204 : 44;
8205 : 40;
8206 : 40;
8207 : 44;
8208 : 40;
8209 : 40;
8210 : 40;
8211 : 40;
8212 : 40;
8213 : 40;
8214 : 40;
8215 : 40;
8216 : 40;
8217 : 40;
8218 : 20;
8219 : 40;
8220 : 40;
8221 : 40;
8222 : 40;
8223 : 40;
8224 : 40;
8225 : 40;
8226 : 40;
8227 : 40;
8228 : 40;
8229 : 40;
8230 : 40;
8231 : 40;
8232 : 40;
8233 : 40;
8234 : 40;
8235 : 40;
8236 : 40;
8237 : 40;
8238 : 40;
8239 : 44;
8240 : 49;
8241 : 49;
8242 : 92;
8243 : 6D;
8244 : 49;
8245 : 49;
8246 : 6D;
8247 : 6D;
8248 : 6D;
8249 : 6D;
8250 : 6D;
8251 : 6D;
8252 : 6D;
8253 : 6D;
8254 : 72;
8255 : 6D;
8256 : 92;
8257 : 92;
8258 : 6D;
8259 : 6D;
8260 : 6D;
8261 : 49;
8262 : 6D;
8263 : 92;
8264 : 6D;
8265 : 6D;
8266 : 6D;
8267 : 6D;
8268 : 6D;
8269 : 6D;
8270 : 6D;
8271 : 6D;
8272 : 91;
8273 : 92;
8274 : 91;
8275 : 92;
8276 : 6D;
8277 : 92;
8278 : 92;
8279 : 6D;
8280 : 6D;
8281 : 6D;
8282 : 49;
8283 : 6D;
8284 : 92;
8285 : 91;
8286 : 91;
8287 : 91;
8288 : 92;
8289 : 8E;
8290 : 6D;
8291 : 6D;
8292 : 6D;
8293 : 6D;
8294 : 6D;
8295 : 6D;
8296 : 8D;
8297 : 69;
8298 : 92;
8299 : 8D;
8300 : 69;
8301 : 69;
8302 : 49;
8303 : 49;
8304 : 69;
8305 : 6D;
8306 : 6D;
8307 : 6D;
8308 : 6D;
8309 : 6D;
8310 : 6D;
8311 : 6D;
8312 : 6D;
8313 : 49;
8314 : 24;
8315 : 49;
8316 : 6D;
8317 : 24;
8318 : 24;
8319 : 24;
8320 : 40;
8321 : 40;
8322 : 20;
8323 : 40;
8324 : 40;
8325 : 40;
8326 : 40;
8327 : 40;
8328 : 40;
8329 : 40;
8330 : 40;
8331 : 40;
8332 : 40;
8333 : 40;
8334 : 40;
8335 : 40;
8336 : 20;
8337 : 40;
8338 : 40;
8339 : 64;
8340 : 84;
8341 : 85;
8342 : 84;
8343 : 60;
8344 : 40;
8345 : 40;
8346 : 40;
8347 : 40;
8348 : 40;
8349 : 40;
8350 : 40;
8351 : 40;
8352 : 40;
8353 : 40;
8354 : 40;
8355 : 20;
8356 : 60;
8357 : 20;
8358 : 40;
8359 : 40;
8360 : 40;
8361 : 40;
8362 : 40;
8363 : 40;
8364 : 40;
8365 : 40;
8366 : 40;
8367 : 20;
8368 : 40;
8369 : 40;
8370 : 40;
8371 : 40;
8372 : 40;
8373 : 40;
8374 : 40;
8375 : 40;
8376 : 40;
8377 : 40;
8378 : 40;
8379 : 40;
8380 : 40;
8381 : 40;
8382 : 40;
8383 : 60;
8384 : 60;
8385 : 64;
8386 : 64;
8387 : 64;
8388 : 64;
8389 : 64;
8390 : 64;
8391 : 40;
8392 : 60;
8393 : 40;
8394 : 40;
8395 : 40;
8396 : 40;
8397 : 40;
8398 : 40;
8399 : 40;
8400 : 40;
8401 : 60;
8402 : 64;
8403 : 64;
8404 : 64;
8405 : 64;
8406 : 64;
8407 : 64;
8408 : 64;
8409 : 64;
8410 : 64;
8411 : 64;
8412 : 64;
8413 : 84;
8414 : 84;
8415 : 85;
8416 : 85;
8417 : 85;
8418 : 85;
8419 : 64;
8420 : 84;
8421 : 64;
8422 : 64;
8423 : 64;
8424 : 64;
8425 : 64;
8426 : 64;
8427 : 64;
8428 : 64;
8429 : 64;
8430 : 64;
8431 : 64;
8432 : 64;
8433 : 64;
8434 : 64;
8435 : 85;
8436 : 85;
8437 : 85;
8438 : 84;
8439 : 84;
8440 : 84;
8441 : 64;
8442 : 64;
8443 : 40;
8444 : 60;
8445 : 40;
8446 : 40;
8447 : 40;
8448 : 40;
8449 : 40;
8450 : 40;
8451 : 40;
8452 : 40;
8453 : 40;
8454 : 40;
8455 : 40;
8456 : 40;
8457 : 40;
8458 : 40;
8459 : 40;
8460 : 40;
8461 : 40;
8462 : 40;
8463 : 40;
8464 : 40;
8465 : 40;
8466 : 40;
8467 : 40;
8468 : 40;
8469 : 40;
8470 : 40;
8471 : 40;
8472 : 40;
8473 : 40;
8474 : 40;
8475 : 64;
8476 : 64;
8477 : 64;
8478 : 64;
8479 : 64;
8480 : 64;
8481 : 40;
8482 : 40;
8483 : 40;
8484 : 64;
8485 : 64;
8486 : 64;
8487 : 64;
8488 : 64;
8489 : 64;
8490 : 64;
8491 : 64;
8492 : 64;
8493 : 64;
8494 : 40;
8495 : 40;
8496 : 40;
8497 : 40;
8498 : 40;
8499 : 40;
8500 : 40;
8501 : 40;
8502 : 40;
8503 : 64;
8504 : 64;
8505 : 64;
8506 : 64;
8507 : 64;
8508 : 64;
8509 : 64;
8510 : 64;
8511 : 64;
8512 : 64;
8513 : 64;
8514 : 64;
8515 : 64;
8516 : 64;
8517 : 64;
8518 : 64;
8519 : 64;
8520 : 64;
8521 : 64;
8522 : 64;
8523 : 64;
8524 : 64;
8525 : 44;
8526 : 40;
8527 : 40;
8528 : 40;
8529 : 64;
8530 : 40;
8531 : 40;
8532 : 40;
8533 : 40;
8534 : 40;
8535 : 40;
8536 : 40;
8537 : 40;
8538 : 40;
8539 : 40;
8540 : 40;
8541 : 40;
8542 : 40;
8543 : 40;
8544 : 40;
8545 : 40;
8546 : 40;
8547 : 40;
8548 : 40;
8549 : 40;
8550 : 40;
8551 : 40;
8552 : 40;
8553 : 40;
8554 : 40;
8555 : 40;
8556 : 40;
8557 : 40;
8558 : 40;
8559 : 40;
8560 : 49;
8561 : 49;
8562 : 92;
8563 : 6D;
8564 : 49;
8565 : 49;
8566 : 6D;
8567 : 6D;
8568 : 6D;
8569 : 6D;
8570 : 6D;
8571 : 6D;
8572 : 71;
8573 : 6D;
8574 : 6D;
8575 : 6D;
8576 : DB;
8577 : 71;
8578 : 71;
8579 : 71;
8580 : 6D;
8581 : 6D;
8582 : 49;
8583 : 28;
8584 : 92;
8585 : 6D;
8586 : 6D;
8587 : 71;
8588 : 6D;
8589 : 6D;
8590 : 91;
8591 : 91;
8592 : 91;
8593 : 92;
8594 : 6D;
8595 : 6D;
8596 : 6D;
8597 : DA;
8598 : 91;
8599 : 91;
8600 : 8D;
8601 : 6D;
8602 : 6D;
8603 : 49;
8604 : 48;
8605 : 92;
8606 : 91;
8607 : 92;
8608 : 92;
8609 : 92;
8610 : 92;
8611 : 6D;
8612 : 6D;
8613 : 6D;
8614 : 8D;
8615 : 69;
8616 : 6D;
8617 : 6D;
8618 : D6;
8619 : 89;
8620 : 69;
8621 : 65;
8622 : 69;
8623 : 69;
8624 : 49;
8625 : 44;
8626 : 8D;
8627 : 6D;
8628 : 6D;
8629 : 6D;
8630 : 6D;
8631 : 6D;
8632 : 6D;
8633 : 49;
8634 : 24;
8635 : 49;
8636 : 6D;
8637 : 24;
8638 : 24;
8639 : 24;
8640 : 40;
8641 : 20;
8642 : 40;
8643 : 40;
8644 : 20;
8645 : 40;
8646 : 40;
8647 : 40;
8648 : 40;
8649 : 40;
8650 : 40;
8651 : 40;
8652 : 40;
8653 : 40;
8654 : 40;
8655 : 40;
8656 : 20;
8657 : 40;
8658 : 40;
8659 : 60;
8660 : 84;
8661 : 85;
8662 : 85;
8663 : 60;
8664 : 64;
8665 : 64;
8666 : 20;
8667 : 40;
8668 : 40;
8669 : 40;
8670 : 40;
8671 : 40;
8672 : 40;
8673 : 20;
8674 : 20;
8675 : 64;
8676 : 40;
8677 : 20;
8678 : 40;
8679 : 40;
8680 : 40;
8681 : 40;
8682 : 40;
8683 : 40;
8684 : 40;
8685 : 40;
8686 : 20;
8687 : 64;
8688 : 40;
8689 : 40;
8690 : 40;
8691 : 40;
8692 : 40;
8693 : 40;
8694 : 40;
8695 : 40;
8696 : 40;
8697 : 40;
8698 : 40;
8699 : 40;
8700 : 40;
8701 : 40;
8702 : 40;
8703 : 60;
8704 : 60;
8705 : 64;
8706 : 64;
8707 : 64;
8708 : 64;
8709 : 64;
8710 : 64;
8711 : 60;
8712 : 60;
8713 : 40;
8714 : 40;
8715 : 40;
8716 : 40;
8717 : 40;
8718 : 40;
8719 : 40;
8720 : 60;
8721 : 60;
8722 : 60;
8723 : 64;
8724 : 64;
8725 : 64;
8726 : 64;
8727 : 64;
8728 : 64;
8729 : 64;
8730 : 64;
8731 : 64;
8732 : 64;
8733 : 84;
8734 : 64;
8735 : 85;
8736 : 85;
8737 : 85;
8738 : 84;
8739 : 84;
8740 : 64;
8741 : 64;
8742 : 64;
8743 : 64;
8744 : 64;
8745 : 64;
8746 : 64;
8747 : 64;
8748 : 64;
8749 : 64;
8750 : 64;
8751 : 64;
8752 : 64;
8753 : 64;
8754 : 84;
8755 : 85;
8756 : 85;
8757 : 84;
8758 : 84;
8759 : 84;
8760 : 64;
8761 : 64;
8762 : 60;
8763 : 60;
8764 : 60;
8765 : 40;
8766 : 20;
8767 : 20;
8768 : 40;
8769 : 40;
8770 : 40;
8771 : 40;
8772 : 40;
8773 : 40;
8774 : 40;
8775 : 40;
8776 : 40;
8777 : 40;
8778 : 40;
8779 : 40;
8780 : 20;
8781 : 40;
8782 : 40;
8783 : 40;
8784 : 40;
8785 : 40;
8786 : 40;
8787 : 40;
8788 : 40;
8789 : 40;
8790 : 40;
8791 : 44;
8792 : 60;
8793 : 40;
8794 : 40;
8795 : 60;
8796 : 64;
8797 : 64;
8798 : 64;
8799 : 40;
8800 : 40;
8801 : 40;
8802 : 40;
8803 : 64;
8804 : 64;
8805 : 64;
8806 : 64;
8807 : 64;
8808 : 64;
8809 : 64;
8810 : 64;
8811 : 64;
8812 : 40;
8813 : 40;
8814 : 40;
8815 : 40;
8816 : 40;
8817 : 44;
8818 : 64;
8819 : 40;
8820 : 40;
8821 : 40;
8822 : 40;
8823 : 40;
8824 : 44;
8825 : 40;
8826 : 64;
8827 : 64;
8828 : 64;
8829 : 64;
8830 : 64;
8831 : 64;
8832 : 64;
8833 : 64;
8834 : 64;
8835 : 64;
8836 : 64;
8837 : 64;
8838 : 64;
8839 : 64;
8840 : 64;
8841 : 64;
8842 : 64;
8843 : 64;
8844 : 64;
8845 : 64;
8846 : 64;
8847 : 40;
8848 : 44;
8849 : 40;
8850 : 64;
8851 : 40;
8852 : 40;
8853 : 40;
8854 : 40;
8855 : 40;
8856 : 40;
8857 : 40;
8858 : 40;
8859 : 40;
8860 : 40;
8861 : 40;
8862 : 40;
8863 : 40;
8864 : 40;
8865 : 40;
8866 : 40;
8867 : 40;
8868 : 40;
8869 : 40;
8870 : 40;
8871 : 60;
8872 : 40;
8873 : 40;
8874 : 40;
8875 : 40;
8876 : 40;
8877 : 40;
8878 : 40;
8879 : 40;
8880 : 49;
8881 : 49;
8882 : 92;
8883 : 6D;
8884 : 49;
8885 : 49;
8886 : 6D;
8887 : 6D;
8888 : 6D;
8889 : 6D;
8890 : 6D;
8891 : 72;
8892 : 4D;
8893 : 92;
8894 : 72;
8895 : 48;
8896 : 24;
8897 : 4D;
8898 : 4D;
8899 : 4D;
8900 : 28;
8901 : 04;
8902 : 49;
8903 : 49;
8904 : 29;
8905 : 6D;
8906 : 6D;
8907 : 6D;
8908 : 8D;
8909 : 8D;
8910 : 91;
8911 : 91;
8912 : 92;
8913 : 6D;
8914 : 92;
8915 : 92;
8916 : 68;
8917 : 44;
8918 : 68;
8919 : 6C;
8920 : 68;
8921 : 68;
8922 : 44;
8923 : 68;
8924 : 49;
8925 : 49;
8926 : 91;
8927 : 91;
8928 : 92;
8929 : 92;
8930 : 8D;
8931 : 8D;
8932 : 6D;
8933 : 8D;
8934 : 69;
8935 : 8D;
8936 : 8D;
8937 : 44;
8938 : 20;
8939 : 40;
8940 : 60;
8941 : 60;
8942 : 40;
8943 : 40;
8944 : 44;
8945 : 49;
8946 : 49;
8947 : 6D;
8948 : 6D;
8949 : 6D;
8950 : 6D;
8951 : 6D;
8952 : 6D;
8953 : 49;
8954 : 24;
8955 : 49;
8956 : 6D;
8957 : 24;
8958 : 24;
8959 : 24;
8960 : 40;
8961 : 20;
8962 : 40;
8963 : 40;
8964 : 20;
8965 : 40;
8966 : 40;
8967 : 40;
8968 : 40;
8969 : 40;
8970 : 40;
8971 : 40;
8972 : 40;
8973 : 40;
8974 : 40;
8975 : 40;
8976 : 40;
8977 : 40;
8978 : 40;
8979 : 60;
8980 : 84;
8981 : 85;
8982 : A9;
8983 : 60;
8984 : 64;
8985 : 64;
8986 : 64;
8987 : 40;
8988 : 20;
8989 : 40;
8990 : 40;
8991 : 40;
8992 : 20;
8993 : 40;
8994 : 84;
8995 : 40;
8996 : 40;
8997 : 64;
8998 : 20;
8999 : 20;
9000 : 40;
9001 : 40;
9002 : 40;
9003 : 40;
9004 : 40;
9005 : 40;
9006 : 20;
9007 : 64;
9008 : 40;
9009 : 40;
9010 : 40;
9011 : 40;
9012 : 40;
9013 : 40;
9014 : 40;
9015 : 40;
9016 : 40;
9017 : 40;
9018 : 40;
9019 : 40;
9020 : 40;
9021 : 40;
9022 : 60;
9023 : 60;
9024 : 60;
9025 : 64;
9026 : 64;
9027 : 64;
9028 : 64;
9029 : 64;
9030 : 64;
9031 : 60;
9032 : 60;
9033 : 40;
9034 : 40;
9035 : 40;
9036 : 40;
9037 : 40;
9038 : 40;
9039 : 40;
9040 : 64;
9041 : 60;
9042 : 64;
9043 : 64;
9044 : 64;
9045 : 64;
9046 : 64;
9047 : 64;
9048 : 64;
9049 : 64;
9050 : 64;
9051 : 64;
9052 : 64;
9053 : 84;
9054 : 85;
9055 : 85;
9056 : 85;
9057 : 84;
9058 : 84;
9059 : 84;
9060 : 84;
9061 : 64;
9062 : 64;
9063 : 64;
9064 : 64;
9065 : 64;
9066 : 64;
9067 : 64;
9068 : 64;
9069 : 64;
9070 : 64;
9071 : 64;
9072 : 64;
9073 : 64;
9074 : 64;
9075 : 85;
9076 : 85;
9077 : 84;
9078 : 64;
9079 : 64;
9080 : 64;
9081 : 64;
9082 : 60;
9083 : 60;
9084 : 40;
9085 : 20;
9086 : 20;
9087 : 40;
9088 : 40;
9089 : 40;
9090 : 40;
9091 : 40;
9092 : 40;
9093 : 40;
9094 : 40;
9095 : 40;
9096 : 40;
9097 : 40;
9098 : 20;
9099 : 40;
9100 : 40;
9101 : 40;
9102 : 40;
9103 : 40;
9104 : 40;
9105 : 40;
9106 : 40;
9107 : 40;
9108 : 40;
9109 : 60;
9110 : 44;
9111 : 40;
9112 : 44;
9113 : 64;
9114 : 64;
9115 : 64;
9116 : 64;
9117 : 64;
9118 : 40;
9119 : 40;
9120 : 40;
9121 : 40;
9122 : 64;
9123 : 64;
9124 : 64;
9125 : 64;
9126 : 64;
9127 : 64;
9128 : 64;
9129 : 64;
9130 : 64;
9131 : 40;
9132 : 40;
9133 : 44;
9134 : 40;
9135 : 40;
9136 : 44;
9137 : 40;
9138 : 40;
9139 : 64;
9140 : 40;
9141 : 40;
9142 : 40;
9143 : 40;
9144 : 40;
9145 : 40;
9146 : 40;
9147 : 64;
9148 : 64;
9149 : 64;
9150 : 64;
9151 : 64;
9152 : 64;
9153 : 64;
9154 : 64;
9155 : 64;
9156 : 64;
9157 : 64;
9158 : 64;
9159 : 64;
9160 : 64;
9161 : 64;
9162 : 64;
9163 : 64;
9164 : 64;
9165 : 64;
9166 : 64;
9167 : 64;
9168 : 40;
9169 : 40;
9170 : 64;
9171 : 40;
9172 : 40;
9173 : 40;
9174 : 40;
9175 : 40;
9176 : 40;
9177 : 40;
9178 : 40;
9179 : 40;
9180 : 20;
9181 : 40;
9182 : 40;
9183 : 40;
9184 : 40;
9185 : 40;
9186 : 40;
9187 : 40;
9188 : 40;
9189 : 40;
9190 : 60;
9191 : 64;
9192 : 60;
9193 : 40;
9194 : 40;
9195 : 40;
9196 : 40;
9197 : 40;
9198 : 40;
9199 : 44;
9200 : 49;
9201 : 49;
9202 : 92;
9203 : 6D;
9204 : 49;
9205 : 49;
9206 : 6D;
9207 : 6D;
9208 : 6D;
9209 : 6D;
9210 : 6D;
9211 : 4D;
9212 : DB;
9213 : DB;
9214 : 04;
9215 : 71;
9216 : 4D;
9217 : 28;
9218 : 2D;
9219 : 28;
9220 : 24;
9221 : 28;
9222 : 24;
9223 : 28;
9224 : 49;
9225 : 4D;
9226 : 92;
9227 : 91;
9228 : 6D;
9229 : 8D;
9230 : 91;
9231 : 91;
9232 : 6D;
9233 : DB;
9234 : DB;
9235 : 24;
9236 : 8D;
9237 : 6C;
9238 : 68;
9239 : 68;
9240 : 68;
9241 : 48;
9242 : 68;
9243 : 48;
9244 : 48;
9245 : 6D;
9246 : 49;
9247 : 92;
9248 : 92;
9249 : 92;
9250 : 91;
9251 : 8D;
9252 : 6D;
9253 : 69;
9254 : DB;
9255 : DB;
9256 : 20;
9257 : 64;
9258 : 60;
9259 : 40;
9260 : 60;
9261 : 60;
9262 : 40;
9263 : 64;
9264 : 40;
9265 : 44;
9266 : 69;
9267 : 49;
9268 : 6D;
9269 : 6D;
9270 : 6D;
9271 : 6D;
9272 : 6D;
9273 : 49;
9274 : 24;
9275 : 49;
9276 : 6D;
9277 : 24;
9278 : 24;
9279 : 24;
9280 : 20;
9281 : 40;
9282 : 40;
9283 : 20;
9284 : 40;
9285 : 40;
9286 : 40;
9287 : 40;
9288 : 40;
9289 : 40;
9290 : 40;
9291 : 40;
9292 : 40;
9293 : 40;
9294 : 40;
9295 : 40;
9296 : 40;
9297 : 20;
9298 : 64;
9299 : 60;
9300 : 84;
9301 : 85;
9302 : A9;
9303 : 64;
9304 : 40;
9305 : 20;
9306 : 40;
9307 : 64;
9308 : 64;
9309 : 40;
9310 : 20;
9311 : 40;
9312 : 84;
9313 : 64;
9314 : 40;
9315 : 20;
9316 : 40;
9317 : 40;
9318 : 64;
9319 : 64;
9320 : 40;
9321 : 40;
9322 : 40;
9323 : 40;
9324 : 40;
9325 : 40;
9326 : 40;
9327 : 64;
9328 : 40;
9329 : 40;
9330 : 40;
9331 : 40;
9332 : 40;
9333 : 40;
9334 : 40;
9335 : 40;
9336 : 40;
9337 : 40;
9338 : 40;
9339 : 40;
9340 : 40;
9341 : 40;
9342 : 60;
9343 : 60;
9344 : 60;
9345 : 64;
9346 : 64;
9347 : 64;
9348 : 64;
9349 : 64;
9350 : 40;
9351 : 60;
9352 : 60;
9353 : 40;
9354 : 40;
9355 : 40;
9356 : 40;
9357 : 40;
9358 : 40;
9359 : 60;
9360 : 60;
9361 : 64;
9362 : 64;
9363 : 64;
9364 : 64;
9365 : 64;
9366 : 64;
9367 : 64;
9368 : 64;
9369 : 64;
9370 : 64;
9371 : 64;
9372 : 64;
9373 : 84;
9374 : 85;
9375 : 85;
9376 : 85;
9377 : 84;
9378 : 84;
9379 : 84;
9380 : 64;
9381 : 64;
9382 : 64;
9383 : 64;
9384 : 64;
9385 : 64;
9386 : 64;
9387 : 64;
9388 : 64;
9389 : 64;
9390 : 64;
9391 : 64;
9392 : 64;
9393 : 84;
9394 : 84;
9395 : 85;
9396 : 84;
9397 : 64;
9398 : 64;
9399 : 64;
9400 : 64;
9401 : 60;
9402 : 60;
9403 : 60;
9404 : 40;
9405 : 20;
9406 : 40;
9407 : 40;
9408 : 40;
9409 : 40;
9410 : 40;
9411 : 40;
9412 : 40;
9413 : 40;
9414 : 40;
9415 : 40;
9416 : 40;
9417 : 40;
9418 : 40;
9419 : 40;
9420 : 40;
9421 : 40;
9422 : 40;
9423 : 40;
9424 : 40;
9425 : 40;
9426 : 40;
9427 : 40;
9428 : 40;
9429 : 60;
9430 : 40;
9431 : 64;
9432 : 64;
9433 : 64;
9434 : 64;
9435 : 64;
9436 : 64;
9437 : 40;
9438 : 44;
9439 : 40;
9440 : 40;
9441 : 64;
9442 : 64;
9443 : 64;
9444 : 64;
9445 : 64;
9446 : 64;
9447 : 64;
9448 : 64;
9449 : 64;
9450 : 44;
9451 : 64;
9452 : 64;
9453 : 60;
9454 : 44;
9455 : 64;
9456 : 40;
9457 : 40;
9458 : 44;
9459 : 40;
9460 : 64;
9461 : 40;
9462 : 40;
9463 : 40;
9464 : 40;
9465 : 40;
9466 : 40;
9467 : 40;
9468 : 40;
9469 : 64;
9470 : 64;
9471 : 64;
9472 : 64;
9473 : 64;
9474 : 64;
9475 : 64;
9476 : 64;
9477 : 64;
9478 : 64;
9479 : 64;
9480 : 64;
9481 : 64;
9482 : 64;
9483 : 64;
9484 : 64;
9485 : 64;
9486 : 64;
9487 : 64;
9488 : 64;
9489 : 64;
9490 : 44;
9491 : 40;
9492 : 40;
9493 : 40;
9494 : 40;
9495 : 40;
9496 : 40;
9497 : 40;
9498 : 40;
9499 : 40;
9500 : 40;
9501 : 40;
9502 : 40;
9503 : 40;
9504 : 40;
9505 : 40;
9506 : 40;
9507 : 40;
9508 : 40;
9509 : 40;
9510 : 40;
9511 : 64;
9512 : 64;
9513 : 60;
9514 : 40;
9515 : 40;
9516 : 40;
9517 : 40;
9518 : 40;
9519 : 40;
9520 : 49;
9521 : 49;
9522 : 92;
9523 : 6D;
9524 : 49;
9525 : 49;
9526 : 6D;
9527 : 6D;
9528 : 6D;
9529 : 6D;
9530 : 92;
9531 : 6D;
9532 : DB;
9533 : 04;
9534 : 71;
9535 : 28;
9536 : BB;
9537 : BA;
9538 : 51;
9539 : 4D;
9540 : 4D;
9541 : 28;
9542 : 28;
9543 : 28;
9544 : 4D;
9545 : 6D;
9546 : 6D;
9547 : 91;
9548 : 92;
9549 : 71;
9550 : 91;
9551 : 92;
9552 : 6D;
9553 : DB;
9554 : 24;
9555 : B1;
9556 : 68;
9557 : DA;
9558 : D6;
9559 : 8C;
9560 : 8C;
9561 : 8C;
9562 : 68;
9563 : 68;
9564 : 48;
9565 : 6D;
9566 : 6D;
9567 : 6D;
9568 : 92;
9569 : 92;
9570 : 91;
9571 : 8D;
9572 : 8D;
9573 : 69;
9574 : DB;
9575 : 20;
9576 : 89;
9577 : 40;
9578 : D2;
9579 : D2;
9580 : 84;
9581 : 84;
9582 : 84;
9583 : 64;
9584 : 60;
9585 : 40;
9586 : 69;
9587 : 69;
9588 : 49;
9589 : 6D;
9590 : 6D;
9591 : 6D;
9592 : 6D;
9593 : 49;
9594 : 24;
9595 : 49;
9596 : 6D;
9597 : 24;
9598 : 24;
9599 : 24;
9600 : 20;
9601 : 40;
9602 : 20;
9603 : 20;
9604 : 40;
9605 : 40;
9606 : 40;
9607 : 40;
9608 : 40;
9609 : 40;
9610 : 40;
9611 : 40;
9612 : 40;
9613 : 40;
9614 : 40;
9615 : 40;
9616 : 40;
9617 : 20;
9618 : 40;
9619 : 64;
9620 : 64;
9621 : 84;
9622 : A9;
9623 : 84;
9624 : 60;
9625 : 20;
9626 : 20;
9627 : 20;
9628 : 40;
9629 : 64;
9630 : 64;
9631 : 64;
9632 : 60;
9633 : 40;
9634 : 40;
9635 : 40;
9636 : 40;
9637 : 40;
9638 : 20;
9639 : 40;
9640 : 60;
9641 : 40;
9642 : 40;
9643 : 40;
9644 : 40;
9645 : 20;
9646 : 84;
9647 : 20;
9648 : 40;
9649 : 40;
9650 : 40;
9651 : 40;
9652 : 40;
9653 : 40;
9654 : 40;
9655 : 40;
9656 : 40;
9657 : 40;
9658 : 40;
9659 : 40;
9660 : 40;
9661 : 40;
9662 : 64;
9663 : 60;
9664 : 60;
9665 : 64;
9666 : 64;
9667 : 64;
9668 : 64;
9669 : 64;
9670 : 40;
9671 : 60;
9672 : 60;
9673 : 40;
9674 : 40;
9675 : 40;
9676 : 40;
9677 : 40;
9678 : 60;
9679 : 60;
9680 : 60;
9681 : 64;
9682 : 64;
9683 : 64;
9684 : 64;
9685 : 64;
9686 : 64;
9687 : 64;
9688 : 64;
9689 : 64;
9690 : 64;
9691 : 64;
9692 : 64;
9693 : 85;
9694 : 85;
9695 : 85;
9696 : 85;
9697 : 84;
9698 : 84;
9699 : 64;
9700 : 64;
9701 : 64;
9702 : 64;
9703 : 64;
9704 : 64;
9705 : 64;
9706 : 64;
9707 : 64;
9708 : 64;
9709 : 64;
9710 : 64;
9711 : 64;
9712 : 64;
9713 : 84;
9714 : 84;
9715 : 85;
9716 : 84;
9717 : 84;
9718 : 84;
9719 : 64;
9720 : 64;
9721 : 60;
9722 : 60;
9723 : 60;
9724 : 40;
9725 : 40;
9726 : 40;
9727 : 40;
9728 : 40;
9729 : 40;
9730 : 40;
9731 : 40;
9732 : 40;
9733 : 40;
9734 : 40;
9735 : 40;
9736 : 40;
9737 : 20;
9738 : 40;
9739 : 40;
9740 : 40;
9741 : 40;
9742 : 40;
9743 : 40;
9744 : 40;
9745 : 40;
9746 : 40;
9747 : 40;
9748 : 64;
9749 : 60;
9750 : 64;
9751 : 64;
9752 : 64;
9753 : 64;
9754 : 64;
9755 : 40;
9756 : 40;
9757 : 40;
9758 : 40;
9759 : 40;
9760 : 64;
9761 : 64;
9762 : 64;
9763 : 40;
9764 : 64;
9765 : 64;
9766 : 64;
9767 : 64;
9768 : 64;
9769 : 64;
9770 : 64;
9771 : 64;
9772 : 64;
9773 : 64;
9774 : 64;
9775 : 40;
9776 : 40;
9777 : 40;
9778 : 40;
9779 : 64;
9780 : 44;
9781 : 40;
9782 : 40;
9783 : 40;
9784 : 40;
9785 : 40;
9786 : 40;
9787 : 40;
9788 : 40;
9789 : 40;
9790 : 64;
9791 : 64;
9792 : 64;
9793 : 64;
9794 : 64;
9795 : 64;
9796 : 64;
9797 : 64;
9798 : 64;
9799 : 64;
9800 : 64;
9801 : 64;
9802 : 64;
9803 : 64;
9804 : 64;
9805 : 64;
9806 : 64;
9807 : 64;
9808 : 64;
9809 : 64;
9810 : 44;
9811 : 40;
9812 : 40;
9813 : 40;
9814 : 40;
9815 : 40;
9816 : 40;
9817 : 40;
9818 : 40;
9819 : 40;
9820 : 40;
9821 : 20;
9822 : 40;
9823 : 40;
9824 : 40;
9825 : 40;
9826 : 40;
9827 : 40;
9828 : 40;
9829 : 40;
9830 : 40;
9831 : 64;
9832 : 64;
9833 : 64;
9834 : 60;
9835 : 40;
9836 : 40;
9837 : 40;
9838 : 40;
9839 : 44;
9840 : 49;
9841 : 49;
9842 : 92;
9843 : 6D;
9844 : 49;
9845 : 49;
9846 : 6D;
9847 : 6D;
9848 : 6D;
9849 : 6D;
9850 : 6D;
9851 : 92;
9852 : 92;
9853 : 49;
9854 : 28;
9855 : DB;
9856 : 71;
9857 : 96;
9858 : 75;
9859 : 50;
9860 : 2C;
9861 : 2C;
9862 : 2C;
9863 : 28;
9864 : 28;
9865 : 6D;
9866 : 49;
9867 : 92;
9868 : 92;
9869 : 91;
9870 : 91;
9871 : 6D;
9872 : 71;
9873 : 8D;
9874 : 68;
9875 : 48;
9876 : FA;
9877 : B1;
9878 : D5;
9879 : D5;
9880 : B0;
9881 : 8C;
9882 : 8C;
9883 : 6C;
9884 : 68;
9885 : 44;
9886 : 6D;
9887 : 49;
9888 : 92;
9889 : 92;
9890 : 91;
9891 : 6D;
9892 : 69;
9893 : 6D;
9894 : 8D;
9895 : 40;
9896 : 40;
9897 : F6;
9898 : A9;
9899 : CD;
9900 : C9;
9901 : A4;
9902 : A0;
9903 : 80;
9904 : 64;
9905 : 64;
9906 : 20;
9907 : 69;
9908 : 44;
9909 : 6D;
9910 : 6D;
9911 : 6D;
9912 : 6D;
9913 : 49;
9914 : 24;
9915 : 49;
9916 : 6D;
9917 : 24;
9918 : 24;
9919 : 24;
9920 : 40;
9921 : 40;
9922 : 40;
9923 : 40;
9924 : 40;
9925 : 40;
9926 : 40;
9927 : 40;
9928 : 40;
9929 : 40;
9930 : 40;
9931 : 40;
9932 : 40;
9933 : 40;
9934 : 40;
9935 : 40;
9936 : 40;
9937 : 40;
9938 : 20;
9939 : 64;
9940 : 64;
9941 : 64;
9942 : A9;
9943 : 85;
9944 : 60;
9945 : 20;
9946 : 40;
9947 : 40;
9948 : 20;
9949 : 20;
9950 : 40;
9951 : 40;
9952 : 40;
9953 : 40;
9954 : 40;
9955 : 40;
9956 : 40;
9957 : 40;
9958 : 40;
9959 : 40;
9960 : 40;
9961 : 40;
9962 : 40;
9963 : 60;
9964 : 64;
9965 : 20;
9966 : 40;
9967 : 40;
9968 : 40;
9969 : 40;
9970 : 40;
9971 : 40;
9972 : 40;
9973 : 40;
9974 : 20;
9975 : 64;
9976 : 60;
9977 : 60;
9978 : 60;
9979 : 60;
9980 : 60;
9981 : 40;
9982 : 40;
9983 : 40;
9984 : 60;
9985 : 64;
9986 : 64;
9987 : 64;
9988 : 64;
9989 : 60;
9990 : 60;
9991 : 60;
9992 : 60;
9993 : 40;
9994 : 40;
9995 : 40;
9996 : 40;
9997 : 40;
9998 : 60;
9999 : 60;
10000 : 60;
10001 : 64;
10002 : 64;
10003 : 64;
10004 : 64;
10005 : 64;
10006 : 64;
10007 : 64;
10008 : 64;
10009 : 64;
10010 : 64;
10011 : 64;
10012 : 84;
10013 : 85;
10014 : 85;
10015 : 85;
10016 : 84;
10017 : 84;
10018 : 84;
10019 : 64;
10020 : 64;
10021 : 64;
10022 : 64;
10023 : 64;
10024 : 64;
10025 : 64;
10026 : 64;
10027 : 64;
10028 : 64;
10029 : 64;
10030 : 64;
10031 : 64;
10032 : 64;
10033 : 84;
10034 : 84;
10035 : 85;
10036 : 84;
10037 : 84;
10038 : 84;
10039 : 64;
10040 : 64;
10041 : 60;
10042 : 60;
10043 : 40;
10044 : 20;
10045 : 40;
10046 : 40;
10047 : 40;
10048 : 40;
10049 : 40;
10050 : 40;
10051 : 40;
10052 : 40;
10053 : 40;
10054 : 40;
10055 : 40;
10056 : 40;
10057 : 20;
10058 : 40;
10059 : 40;
10060 : 40;
10061 : 40;
10062 : 40;
10063 : 40;
10064 : 40;
10065 : 40;
10066 : 40;
10067 : 60;
10068 : 64;
10069 : 64;
10070 : 64;
10071 : 64;
10072 : 64;
10073 : 64;
10074 : 40;
10075 : 40;
10076 : 40;
10077 : 40;
10078 : 40;
10079 : 64;
10080 : 64;
10081 : 64;
10082 : 64;
10083 : 40;
10084 : 40;
10085 : 64;
10086 : 64;
10087 : 64;
10088 : 64;
10089 : 64;
10090 : 64;
10091 : 64;
10092 : 64;
10093 : 64;
10094 : 64;
10095 : 40;
10096 : 40;
10097 : 40;
10098 : 64;
10099 : 64;
10100 : 64;
10101 : 64;
10102 : 40;
10103 : 40;
10104 : 40;
10105 : 40;
10106 : 40;
10107 : 40;
10108 : 40;
10109 : 40;
10110 : 40;
10111 : 40;
10112 : 64;
10113 : 64;
10114 : 64;
10115 : 64;
10116 : 64;
10117 : 64;
10118 : 64;
10119 : 64;
10120 : 64;
10121 : 64;
10122 : 64;
10123 : 64;
10124 : 64;
10125 : 64;
10126 : 64;
10127 : 64;
10128 : 64;
10129 : 64;
10130 : 64;
10131 : 64;
10132 : 40;
10133 : 40;
10134 : 40;
10135 : 40;
10136 : 40;
10137 : 40;
10138 : 40;
10139 : 40;
10140 : 40;
10141 : 40;
10142 : 40;
10143 : 40;
10144 : 40;
10145 : 40;
10146 : 40;
10147 : 40;
10148 : 40;
10149 : 40;
10150 : 40;
10151 : 60;
10152 : 64;
10153 : 64;
10154 : 64;
10155 : 60;
10156 : 60;
10157 : 40;
10158 : 40;
10159 : 44;
10160 : 49;
10161 : 49;
10162 : 92;
10163 : 6D;
10164 : 49;
10165 : 49;
10166 : 6D;
10167 : 6D;
10168 : 6D;
10169 : 6D;
10170 : 6D;
10171 : 92;
10172 : 28;
10173 : 71;
10174 : 92;
10175 : 71;
10176 : 51;
10177 : 55;
10178 : 34;
10179 : 55;
10180 : 30;
10181 : 2C;
10182 : 2C;
10183 : 28;
10184 : 28;
10185 : 6D;
10186 : 49;
10187 : 71;
10188 : 71;
10189 : 71;
10190 : 91;
10191 : 4D;
10192 : 6D;
10193 : 44;
10194 : 8D;
10195 : B1;
10196 : B1;
10197 : B0;
10198 : D4;
10199 : D4;
10200 : D4;
10201 : D0;
10202 : 8C;
10203 : 8C;
10204 : 68;
10205 : 48;
10206 : 6D;
10207 : 49;
10208 : 92;
10209 : 92;
10210 : 8D;
10211 : 8D;
10212 : 49;
10213 : 6D;
10214 : 44;
10215 : 89;
10216 : 89;
10217 : A9;
10218 : C4;
10219 : C4;
10220 : C4;
10221 : C4;
10222 : C0;
10223 : 80;
10224 : 80;
10225 : 40;
10226 : 40;
10227 : 69;
10228 : 49;
10229 : 69;
10230 : 6D;
10231 : 6D;
10232 : 6D;
10233 : 49;
10234 : 24;
10235 : 49;
10236 : 6D;
10237 : 24;
10238 : 24;
10239 : 24;
10240 : 40;
10241 : 20;
10242 : 40;
10243 : 40;
10244 : 40;
10245 : 40;
10246 : 40;
10247 : 40;
10248 : 40;
10249 : 40;
10250 : 40;
10251 : 40;
10252 : 40;
10253 : 40;
10254 : 40;
10255 : 40;
10256 : 40;
10257 : 40;
10258 : 20;
10259 : 64;
10260 : 64;
10261 : 64;
10262 : A9;
10263 : 85;
10264 : 60;
10265 : 40;
10266 : 20;
10267 : 40;
10268 : 40;
10269 : 40;
10270 : 40;
10271 : 40;
10272 : 40;
10273 : 40;
10274 : 40;
10275 : 40;
10276 : 40;
10277 : 40;
10278 : 40;
10279 : 40;
10280 : 40;
10281 : 40;
10282 : 40;
10283 : 20;
10284 : 40;
10285 : 64;
10286 : 40;
10287 : 40;
10288 : 40;
10289 : 40;
10290 : 40;
10291 : 40;
10292 : 20;
10293 : 60;
10294 : 64;
10295 : 20;
10296 : 40;
10297 : 40;
10298 : 40;
10299 : 40;
10300 : 40;
10301 : 40;
10302 : 40;
10303 : 60;
10304 : 60;
10305 : 64;
10306 : 64;
10307 : 64;
10308 : 64;
10309 : 64;
10310 : 60;
10311 : 60;
10312 : 60;
10313 : 40;
10314 : 40;
10315 : 40;
10316 : 60;
10317 : 60;
10318 : 60;
10319 : 60;
10320 : 64;
10321 : 64;
10322 : 64;
10323 : 64;
10324 : 64;
10325 : 60;
10326 : 64;
10327 : 64;
10328 : 64;
10329 : 64;
10330 : 64;
10331 : 64;
10332 : 84;
10333 : 84;
10334 : 85;
10335 : 85;
10336 : 84;
10337 : 84;
10338 : 84;
10339 : 64;
10340 : 64;
10341 : 64;
10342 : 64;
10343 : 64;
10344 : 64;
10345 : 64;
10346 : 64;
10347 : 64;
10348 : 64;
10349 : 64;
10350 : 64;
10351 : 64;
10352 : 64;
10353 : 84;
10354 : 84;
10355 : 85;
10356 : 84;
10357 : 84;
10358 : 84;
10359 : 64;
10360 : 64;
10361 : 60;
10362 : 60;
10363 : 20;
10364 : 40;
10365 : 40;
10366 : 40;
10367 : 40;
10368 : 40;
10369 : 40;
10370 : 40;
10371 : 40;
10372 : 40;
10373 : 40;
10374 : 40;
10375 : 20;
10376 : 20;
10377 : 40;
10378 : 40;
10379 : 40;
10380 : 40;
10381 : 40;
10382 : 40;
10383 : 40;
10384 : 40;
10385 : 60;
10386 : 60;
10387 : 60;
10388 : 64;
10389 : 64;
10390 : 64;
10391 : 64;
10392 : 64;
10393 : 40;
10394 : 40;
10395 : 40;
10396 : 40;
10397 : 44;
10398 : 64;
10399 : 64;
10400 : 64;
10401 : 64;
10402 : 64;
10403 : 40;
10404 : 40;
10405 : 64;
10406 : 40;
10407 : 64;
10408 : 64;
10409 : 64;
10410 : 64;
10411 : 64;
10412 : 64;
10413 : 64;
10414 : 20;
10415 : 64;
10416 : 40;
10417 : 64;
10418 : 64;
10419 : 64;
10420 : 64;
10421 : 64;
10422 : 64;
10423 : 64;
10424 : 64;
10425 : 40;
10426 : 40;
10427 : 40;
10428 : 40;
10429 : 40;
10430 : 40;
10431 : 40;
10432 : 40;
10433 : 40;
10434 : 44;
10435 : 64;
10436 : 64;
10437 : 64;
10438 : 64;
10439 : 64;
10440 : 64;
10441 : 64;
10442 : 64;
10443 : 64;
10444 : 64;
10445 : 64;
10446 : 64;
10447 : 64;
10448 : 64;
10449 : 64;
10450 : 64;
10451 : 64;
10452 : 44;
10453 : 40;
10454 : 40;
10455 : 40;
10456 : 40;
10457 : 40;
10458 : 40;
10459 : 40;
10460 : 40;
10461 : 40;
10462 : 20;
10463 : 40;
10464 : 40;
10465 : 40;
10466 : 40;
10467 : 40;
10468 : 40;
10469 : 40;
10470 : 40;
10471 : 40;
10472 : 60;
10473 : 64;
10474 : 64;
10475 : 60;
10476 : 60;
10477 : 60;
10478 : 40;
10479 : 44;
10480 : 49;
10481 : 49;
10482 : 92;
10483 : 6D;
10484 : 49;
10485 : 49;
10486 : 6D;
10487 : 6D;
10488 : 6D;
10489 : 6E;
10490 : 6D;
10491 : 92;
10492 : 04;
10493 : 4D;
10494 : 71;
10495 : 96;
10496 : 55;
10497 : 59;
10498 : 5D;
10499 : 5D;
10500 : 59;
10501 : 50;
10502 : 2C;
10503 : 2C;
10504 : 28;
10505 : 4D;
10506 : 4D;
10507 : 6D;
10508 : 6D;
10509 : 6D;
10510 : 91;
10511 : 6D;
10512 : 91;
10513 : 24;
10514 : 68;
10515 : B5;
10516 : D5;
10517 : D4;
10518 : F9;
10519 : F9;
10520 : F9;
10521 : D4;
10522 : B0;
10523 : 8C;
10524 : 6C;
10525 : 68;
10526 : 89;
10527 : 69;
10528 : 6D;
10529 : 91;
10530 : 8D;
10531 : 8D;
10532 : 49;
10533 : 8D;
10534 : 20;
10535 : 64;
10536 : AD;
10537 : CD;
10538 : C4;
10539 : E4;
10540 : E8;
10541 : E8;
10542 : C4;
10543 : A0;
10544 : 80;
10545 : 60;
10546 : 40;
10547 : 64;
10548 : 44;
10549 : 49;
10550 : 6D;
10551 : 6D;
10552 : 69;
10553 : 49;
10554 : 24;
10555 : 49;
10556 : 6D;
10557 : 24;
10558 : 24;
10559 : 24;
10560 : 40;
10561 : 20;
10562 : 40;
10563 : 40;
10564 : 40;
10565 : 40;
10566 : 40;
10567 : 40;
10568 : 40;
10569 : 40;
10570 : 40;
10571 : 40;
10572 : 40;
10573 : 40;
10574 : 40;
10575 : 40;
10576 : 40;
10577 : 40;
10578 : 40;
10579 : 20;
10580 : 60;
10581 : 40;
10582 : 85;
10583 : 85;
10584 : 64;
10585 : 40;
10586 : 20;
10587 : 40;
10588 : 40;
10589 : 40;
10590 : 40;
10591 : 40;
10592 : 40;
10593 : 40;
10594 : 40;
10595 : 40;
10596 : 40;
10597 : 40;
10598 : 40;
10599 : 40;
10600 : 40;
10601 : 40;
10602 : 40;
10603 : 40;
10604 : 20;
10605 : 40;
10606 : 60;
10607 : 64;
10608 : 40;
10609 : 40;
10610 : 40;
10611 : 40;
10612 : 64;
10613 : 40;
10614 : 20;
10615 : 40;
10616 : 40;
10617 : 40;
10618 : 40;
10619 : 40;
10620 : 40;
10621 : 40;
10622 : 60;
10623 : 60;
10624 : 60;
10625 : 64;
10626 : 64;
10627 : 64;
10628 : 64;
10629 : 40;
10630 : 60;
10631 : 60;
10632 : 40;
10633 : 40;
10634 : 40;
10635 : 40;
10636 : 60;
10637 : 60;
10638 : 60;
10639 : 60;
10640 : 64;
10641 : 64;
10642 : 64;
10643 : 64;
10644 : 64;
10645 : 64;
10646 : 64;
10647 : 64;
10648 : 64;
10649 : 64;
10650 : 64;
10651 : 84;
10652 : 84;
10653 : 85;
10654 : 85;
10655 : 85;
10656 : 84;
10657 : 84;
10658 : 64;
10659 : 64;
10660 : 64;
10661 : 64;
10662 : 64;
10663 : 64;
10664 : 64;
10665 : 64;
10666 : 64;
10667 : 64;
10668 : 64;
10669 : 64;
10670 : 64;
10671 : 64;
10672 : 64;
10673 : 84;
10674 : 84;
10675 : 85;
10676 : 84;
10677 : 84;
10678 : 84;
10679 : 64;
10680 : 60;
10681 : 60;
10682 : 60;
10683 : 20;
10684 : 40;
10685 : 40;
10686 : 40;
10687 : 40;
10688 : 40;
10689 : 40;
10690 : 40;
10691 : 40;
10692 : 40;
10693 : 40;
10694 : 20;
10695 : 40;
10696 : 40;
10697 : 40;
10698 : 40;
10699 : 40;
10700 : 40;
10701 : 40;
10702 : 40;
10703 : 40;
10704 : 40;
10705 : 40;
10706 : 64;
10707 : 64;
10708 : 64;
10709 : 64;
10710 : 64;
10711 : 64;
10712 : 40;
10713 : 40;
10714 : 40;
10715 : 40;
10716 : 64;
10717 : 64;
10718 : 64;
10719 : 64;
10720 : 64;
10721 : 64;
10722 : 64;
10723 : 64;
10724 : 40;
10725 : 40;
10726 : 64;
10727 : 40;
10728 : 64;
10729 : 64;
10730 : 64;
10731 : 64;
10732 : 64;
10733 : 64;
10734 : 40;
10735 : 64;
10736 : 40;
10737 : 64;
10738 : 64;
10739 : 64;
10740 : 64;
10741 : 64;
10742 : 64;
10743 : 64;
10744 : 64;
10745 : 64;
10746 : 64;
10747 : 44;
10748 : 40;
10749 : 40;
10750 : 40;
10751 : 40;
10752 : 40;
10753 : 40;
10754 : 40;
10755 : 40;
10756 : 40;
10757 : 40;
10758 : 64;
10759 : 64;
10760 : 64;
10761 : 64;
10762 : 64;
10763 : 64;
10764 : 64;
10765 : 64;
10766 : 64;
10767 : 64;
10768 : 64;
10769 : 64;
10770 : 64;
10771 : 64;
10772 : 64;
10773 : 40;
10774 : 40;
10775 : 40;
10776 : 40;
10777 : 40;
10778 : 40;
10779 : 40;
10780 : 40;
10781 : 40;
10782 : 20;
10783 : 40;
10784 : 40;
10785 : 40;
10786 : 40;
10787 : 40;
10788 : 40;
10789 : 40;
10790 : 40;
10791 : 40;
10792 : 60;
10793 : 60;
10794 : 64;
10795 : 60;
10796 : 60;
10797 : 60;
10798 : 60;
10799 : 44;
10800 : 49;
10801 : 49;
10802 : 92;
10803 : 6D;
10804 : 49;
10805 : 49;
10806 : 6D;
10807 : 6D;
10808 : 6D;
10809 : 72;
10810 : 4D;
10811 : 96;
10812 : 04;
10813 : 28;
10814 : 2C;
10815 : 30;
10816 : 55;
10817 : 59;
10818 : 5D;
10819 : 5D;
10820 : 5D;
10821 : 51;
10822 : 2C;
10823 : 2C;
10824 : 28;
10825 : 6C;
10826 : 4D;
10827 : 6D;
10828 : 91;
10829 : 91;
10830 : 92;
10831 : 49;
10832 : B5;
10833 : 24;
10834 : 48;
10835 : 8C;
10836 : B0;
10837 : D4;
10838 : F9;
10839 : F9;
10840 : F9;
10841 : F9;
10842 : B0;
10843 : 8C;
10844 : 8C;
10845 : 48;
10846 : 8D;
10847 : 69;
10848 : 6D;
10849 : 91;
10850 : 8D;
10851 : 8D;
10852 : 49;
10853 : CD;
10854 : 20;
10855 : 40;
10856 : 84;
10857 : A0;
10858 : C4;
10859 : E4;
10860 : E8;
10861 : E8;
10862 : C4;
10863 : A0;
10864 : 80;
10865 : 60;
10866 : 40;
10867 : 64;
10868 : 44;
10869 : 49;
10870 : 6D;
10871 : 6D;
10872 : 6D;
10873 : 49;
10874 : 24;
10875 : 49;
10876 : 6D;
10877 : 24;
10878 : 24;
10879 : 24;
10880 : 20;
10881 : 40;
10882 : 40;
10883 : 40;
10884 : 40;
10885 : 40;
10886 : 40;
10887 : 40;
10888 : 40;
10889 : 40;
10890 : 40;
10891 : 40;
10892 : 40;
10893 : 40;
10894 : 40;
10895 : 40;
10896 : 40;
10897 : 40;
10898 : 40;
10899 : 20;
10900 : 40;
10901 : 60;
10902 : 64;
10903 : 85;
10904 : 85;
10905 : 64;
10906 : 20;
10907 : 20;
10908 : 40;
10909 : 40;
10910 : 40;
10911 : 40;
10912 : 40;
10913 : 40;
10914 : 40;
10915 : 40;
10916 : 40;
10917 : 40;
10918 : 40;
10919 : 40;
10920 : 40;
10921 : 40;
10922 : 40;
10923 : 40;
10924 : 40;
10925 : 40;
10926 : 40;
10927 : 40;
10928 : 60;
10929 : 60;
10930 : 64;
10931 : 60;
10932 : 40;
10933 : 20;
10934 : 40;
10935 : 40;
10936 : 40;
10937 : 40;
10938 : 40;
10939 : 40;
10940 : 40;
10941 : 40;
10942 : 60;
10943 : 60;
10944 : 60;
10945 : 64;
10946 : 64;
10947 : 64;
10948 : 64;
10949 : 60;
10950 : 60;
10951 : 60;
10952 : 40;
10953 : 40;
10954 : 60;
10955 : 60;
10956 : 60;
10957 : 40;
10958 : 60;
10959 : 64;
10960 : 64;
10961 : 64;
10962 : 64;
10963 : 64;
10964 : 64;
10965 : 64;
10966 : 64;
10967 : 64;
10968 : 64;
10969 : 64;
10970 : 64;
10971 : 84;
10972 : 84;
10973 : 85;
10974 : 85;
10975 : 85;
10976 : 84;
10977 : 84;
10978 : 64;
10979 : 64;
10980 : 64;
10981 : 64;
10982 : 64;
10983 : 64;
10984 : 64;
10985 : 64;
10986 : 64;
10987 : 64;
10988 : 64;
10989 : 64;
10990 : 64;
10991 : 64;
10992 : 64;
10993 : 84;
10994 : 84;
10995 : 85;
10996 : 84;
10997 : 84;
10998 : 84;
10999 : 64;
11000 : 64;
11001 : 60;
11002 : 20;
11003 : 40;
11004 : 40;
11005 : 40;
11006 : 40;
11007 : 40;
11008 : 40;
11009 : 40;
11010 : 40;
11011 : 40;
11012 : 40;
11013 : 40;
11014 : 40;
11015 : 20;
11016 : 40;
11017 : 40;
11018 : 40;
11019 : 40;
11020 : 40;
11021 : 40;
11022 : 40;
11023 : 44;
11024 : 64;
11025 : 64;
11026 : 64;
11027 : 64;
11028 : 64;
11029 : 64;
11030 : 64;
11031 : 40;
11032 : 40;
11033 : 40;
11034 : 40;
11035 : 64;
11036 : 64;
11037 : 64;
11038 : 64;
11039 : 64;
11040 : 64;
11041 : 64;
11042 : 64;
11043 : 64;
11044 : 40;
11045 : 40;
11046 : 64;
11047 : 40;
11048 : 64;
11049 : 64;
11050 : 64;
11051 : 64;
11052 : 64;
11053 : 64;
11054 : 40;
11055 : 64;
11056 : 40;
11057 : 64;
11058 : 64;
11059 : 64;
11060 : 64;
11061 : 64;
11062 : 64;
11063 : 64;
11064 : 64;
11065 : 64;
11066 : 64;
11067 : 64;
11068 : 64;
11069 : 64;
11070 : 40;
11071 : 40;
11072 : 40;
11073 : 40;
11074 : 40;
11075 : 40;
11076 : 40;
11077 : 40;
11078 : 44;
11079 : 64;
11080 : 64;
11081 : 64;
11082 : 64;
11083 : 64;
11084 : 64;
11085 : 64;
11086 : 64;
11087 : 64;
11088 : 64;
11089 : 64;
11090 : 64;
11091 : 64;
11092 : 64;
11093 : 64;
11094 : 64;
11095 : 44;
11096 : 40;
11097 : 40;
11098 : 40;
11099 : 40;
11100 : 40;
11101 : 40;
11102 : 40;
11103 : 40;
11104 : 40;
11105 : 40;
11106 : 40;
11107 : 40;
11108 : 40;
11109 : 40;
11110 : 40;
11111 : 40;
11112 : 40;
11113 : 60;
11114 : 64;
11115 : 64;
11116 : 64;
11117 : 60;
11118 : 60;
11119 : 44;
11120 : 49;
11121 : 49;
11122 : 92;
11123 : 6D;
11124 : 49;
11125 : 49;
11126 : 6D;
11127 : 6D;
11128 : 6D;
11129 : 6D;
11130 : 49;
11131 : 71;
11132 : 04;
11133 : 28;
11134 : 2C;
11135 : 30;
11136 : 51;
11137 : 59;
11138 : 5D;
11139 : 5D;
11140 : 59;
11141 : 51;
11142 : 2C;
11143 : 2C;
11144 : 04;
11145 : 71;
11146 : 49;
11147 : 6D;
11148 : 6D;
11149 : 6D;
11150 : 92;
11151 : 49;
11152 : 91;
11153 : 44;
11154 : 68;
11155 : 8C;
11156 : B0;
11157 : D4;
11158 : D8;
11159 : F9;
11160 : F9;
11161 : D5;
11162 : B0;
11163 : 8C;
11164 : 8C;
11165 : 44;
11166 : 89;
11167 : 48;
11168 : 6D;
11169 : 8D;
11170 : 8D;
11171 : 8D;
11172 : 44;
11173 : 89;
11174 : 40;
11175 : 64;
11176 : 84;
11177 : A4;
11178 : A0;
11179 : C4;
11180 : E8;
11181 : E8;
11182 : C4;
11183 : A0;
11184 : 80;
11185 : 64;
11186 : 20;
11187 : 89;
11188 : 44;
11189 : 69;
11190 : 6D;
11191 : 6D;
11192 : 6D;
11193 : 49;
11194 : 24;
11195 : 49;
11196 : 6D;
11197 : 24;
11198 : 24;
11199 : 24;
11200 : 40;
11201 : 40;
11202 : 40;
11203 : 40;
11204 : 40;
11205 : 40;
11206 : 40;
11207 : 40;
11208 : 40;
11209 : 40;
11210 : 40;
11211 : 40;
11212 : 40;
11213 : 40;
11214 : 40;
11215 : 40;
11216 : 40;
11217 : 40;
11218 : 40;
11219 : 20;
11220 : 40;
11221 : 60;
11222 : 60;
11223 : 84;
11224 : 85;
11225 : 85;
11226 : 40;
11227 : 40;
11228 : 40;
11229 : 40;
11230 : 40;
11231 : 40;
11232 : 40;
11233 : 40;
11234 : 40;
11235 : 40;
11236 : 40;
11237 : 40;
11238 : 40;
11239 : 40;
11240 : 40;
11241 : 40;
11242 : 40;
11243 : 40;
11244 : 40;
11245 : 40;
11246 : 40;
11247 : 40;
11248 : 40;
11249 : 40;
11250 : 40;
11251 : 40;
11252 : 40;
11253 : 40;
11254 : 40;
11255 : 40;
11256 : 40;
11257 : 40;
11258 : 40;
11259 : 40;
11260 : 40;
11261 : 40;
11262 : 60;
11263 : 60;
11264 : 60;
11265 : 64;
11266 : 64;
11267 : 64;
11268 : 64;
11269 : 60;
11270 : 60;
11271 : 60;
11272 : 40;
11273 : 40;
11274 : 60;
11275 : 60;
11276 : 60;
11277 : 60;
11278 : 64;
11279 : 64;
11280 : 64;
11281 : 64;
11282 : 64;
11283 : 64;
11284 : 64;
11285 : 64;
11286 : 64;
11287 : 64;
11288 : 64;
11289 : 64;
11290 : 64;
11291 : 84;
11292 : 85;
11293 : 85;
11294 : 85;
11295 : 85;
11296 : 84;
11297 : 84;
11298 : 64;
11299 : 64;
11300 : 64;
11301 : 64;
11302 : 64;
11303 : 64;
11304 : 64;
11305 : 64;
11306 : 64;
11307 : 64;
11308 : 64;
11309 : 64;
11310 : 64;
11311 : 64;
11312 : 64;
11313 : 84;
11314 : 84;
11315 : 84;
11316 : 84;
11317 : 84;
11318 : 84;
11319 : 64;
11320 : 60;
11321 : 60;
11322 : 40;
11323 : 40;
11324 : 40;
11325 : 40;
11326 : 40;
11327 : 40;
11328 : 40;
11329 : 40;
11330 : 64;
11331 : 40;
11332 : 40;
11333 : 20;
11334 : 20;
11335 : 40;
11336 : 40;
11337 : 40;
11338 : 40;
11339 : 40;
11340 : 40;
11341 : 40;
11342 : 40;
11343 : 64;
11344 : 64;
11345 : 64;
11346 : 64;
11347 : 64;
11348 : 64;
11349 : 64;
11350 : 40;
11351 : 40;
11352 : 40;
11353 : 40;
11354 : 64;
11355 : 64;
11356 : 64;
11357 : 64;
11358 : 64;
11359 : 64;
11360 : 64;
11361 : 64;
11362 : 64;
11363 : 64;
11364 : 40;
11365 : 40;
11366 : 64;
11367 : 40;
11368 : 64;
11369 : 64;
11370 : 64;
11371 : 64;
11372 : 64;
11373 : 40;
11374 : 40;
11375 : 64;
11376 : 40;
11377 : 64;
11378 : 64;
11379 : 64;
11380 : 64;
11381 : 64;
11382 : 64;
11383 : 64;
11384 : 64;
11385 : 64;
11386 : 64;
11387 : 64;
11388 : 64;
11389 : 64;
11390 : 64;
11391 : 64;
11392 : 40;
11393 : 44;
11394 : 40;
11395 : 64;
11396 : 40;
11397 : 40;
11398 : 40;
11399 : 44;
11400 : 64;
11401 : 64;
11402 : 64;
11403 : 64;
11404 : 64;
11405 : 64;
11406 : 64;
11407 : 64;
11408 : 64;
11409 : 64;
11410 : 64;
11411 : 64;
11412 : 64;
11413 : 64;
11414 : 64;
11415 : 64;
11416 : 40;
11417 : 40;
11418 : 40;
11419 : 40;
11420 : 40;
11421 : 40;
11422 : 40;
11423 : 40;
11424 : 20;
11425 : 40;
11426 : 40;
11427 : 40;
11428 : 40;
11429 : 40;
11430 : 40;
11431 : 40;
11432 : 40;
11433 : 40;
11434 : 40;
11435 : 64;
11436 : 64;
11437 : 64;
11438 : 60;
11439 : 44;
11440 : 49;
11441 : 49;
11442 : 92;
11443 : 6D;
11444 : 49;
11445 : 49;
11446 : 6D;
11447 : 6D;
11448 : 6D;
11449 : 6D;
11450 : 49;
11451 : 4D;
11452 : 28;
11453 : 28;
11454 : 2C;
11455 : 30;
11456 : 30;
11457 : 55;
11458 : 55;
11459 : 59;
11460 : 55;
11461 : 30;
11462 : 51;
11463 : 28;
11464 : 04;
11465 : 49;
11466 : 24;
11467 : 6D;
11468 : 6D;
11469 : 6D;
11470 : 91;
11471 : 49;
11472 : 6D;
11473 : 68;
11474 : 68;
11475 : 6C;
11476 : 90;
11477 : B0;
11478 : B4;
11479 : D4;
11480 : D5;
11481 : D4;
11482 : B0;
11483 : B0;
11484 : 68;
11485 : 24;
11486 : 69;
11487 : 44;
11488 : 8D;
11489 : 8D;
11490 : 6D;
11491 : 6D;
11492 : 49;
11493 : 69;
11494 : 64;
11495 : 44;
11496 : 64;
11497 : 84;
11498 : A0;
11499 : A0;
11500 : C4;
11501 : C4;
11502 : C4;
11503 : A0;
11504 : A4;
11505 : 40;
11506 : 20;
11507 : 69;
11508 : 24;
11509 : 69;
11510 : 69;
11511 : 6D;
11512 : 49;
11513 : 49;
11514 : 24;
11515 : 49;
11516 : 6D;
11517 : 24;
11518 : 24;
11519 : 24;
11520 : 40;
11521 : 40;
11522 : 40;
11523 : 40;
11524 : 40;
11525 : 40;
11526 : 40;
11527 : 40;
11528 : 40;
11529 : 40;
11530 : 40;
11531 : 40;
11532 : 40;
11533 : 40;
11534 : 40;
11535 : 40;
11536 : 40;
11537 : 40;
11538 : 40;
11539 : 40;
11540 : 40;
11541 : 64;
11542 : 60;
11543 : 64;
11544 : 85;
11545 : A9;
11546 : 64;
11547 : 40;
11548 : 40;
11549 : 40;
11550 : 40;
11551 : 40;
11552 : 40;
11553 : 40;
11554 : 40;
11555 : 40;
11556 : 40;
11557 : 40;
11558 : 40;
11559 : 40;
11560 : 40;
11561 : 40;
11562 : 40;
11563 : 40;
11564 : 40;
11565 : 40;
11566 : 40;
11567 : 40;
11568 : 40;
11569 : 40;
11570 : 40;
11571 : 40;
11572 : 40;
11573 : 40;
11574 : 40;
11575 : 40;
11576 : 40;
11577 : 40;
11578 : 40;
11579 : 40;
11580 : 40;
11581 : 40;
11582 : 60;
11583 : 60;
11584 : 60;
11585 : 64;
11586 : 64;
11587 : 64;
11588 : 64;
11589 : 60;
11590 : 60;
11591 : 64;
11592 : 40;
11593 : 64;
11594 : 60;
11595 : 60;
11596 : 64;
11597 : 60;
11598 : 64;
11599 : 64;
11600 : 64;
11601 : 64;
11602 : 64;
11603 : 64;
11604 : 64;
11605 : 64;
11606 : 64;
11607 : 64;
11608 : 64;
11609 : 64;
11610 : 84;
11611 : 84;
11612 : 85;
11613 : 85;
11614 : 85;
11615 : 64;
11616 : 84;
11617 : 84;
11618 : 64;
11619 : 64;
11620 : 64;
11621 : 64;
11622 : 64;
11623 : 64;
11624 : 64;
11625 : 64;
11626 : 64;
11627 : 64;
11628 : 64;
11629 : 64;
11630 : 64;
11631 : 84;
11632 : 84;
11633 : 84;
11634 : 84;
11635 : 84;
11636 : 84;
11637 : 84;
11638 : 64;
11639 : 64;
11640 : 60;
11641 : 40;
11642 : 20;
11643 : 40;
11644 : 40;
11645 : 40;
11646 : 40;
11647 : 40;
11648 : 40;
11649 : 44;
11650 : 64;
11651 : 64;
11652 : 40;
11653 : 20;
11654 : 20;
11655 : 40;
11656 : 40;
11657 : 40;
11658 : 40;
11659 : 40;
11660 : 40;
11661 : 40;
11662 : 40;
11663 : 64;
11664 : 64;
11665 : 64;
11666 : 64;
11667 : 64;
11668 : 64;
11669 : 40;
11670 : 40;
11671 : 40;
11672 : 40;
11673 : 64;
11674 : 64;
11675 : 64;
11676 : 64;
11677 : 40;
11678 : 40;
11679 : 40;
11680 : 40;
11681 : 44;
11682 : 64;
11683 : 64;
11684 : 40;
11685 : 64;
11686 : 20;
11687 : 64;
11688 : 64;
11689 : 64;
11690 : 64;
11691 : 64;
11692 : 64;
11693 : 40;
11694 : 64;
11695 : 40;
11696 : 64;
11697 : 64;
11698 : 64;
11699 : 64;
11700 : 64;
11701 : 64;
11702 : 64;
11703 : 64;
11704 : 64;
11705 : 64;
11706 : 64;
11707 : 64;
11708 : 64;
11709 : 64;
11710 : 64;
11711 : 64;
11712 : 64;
11713 : 40;
11714 : 64;
11715 : 40;
11716 : 40;
11717 : 40;
11718 : 40;
11719 : 40;
11720 : 40;
11721 : 64;
11722 : 64;
11723 : 64;
11724 : 44;
11725 : 64;
11726 : 64;
11727 : 64;
11728 : 64;
11729 : 64;
11730 : 64;
11731 : 44;
11732 : 64;
11733 : 64;
11734 : 64;
11735 : 64;
11736 : 64;
11737 : 40;
11738 : 44;
11739 : 40;
11740 : 40;
11741 : 40;
11742 : 40;
11743 : 40;
11744 : 40;
11745 : 20;
11746 : 64;
11747 : 40;
11748 : 40;
11749 : 40;
11750 : 40;
11751 : 40;
11752 : 40;
11753 : 40;
11754 : 40;
11755 : 60;
11756 : 64;
11757 : 64;
11758 : 60;
11759 : 44;
11760 : 49;
11761 : 49;
11762 : 92;
11763 : 6D;
11764 : 49;
11765 : 49;
11766 : 6D;
11767 : 6D;
11768 : 6D;
11769 : 6D;
11770 : 4D;
11771 : 49;
11772 : 4D;
11773 : 24;
11774 : 28;
11775 : 4D;
11776 : 51;
11777 : 31;
11778 : 31;
11779 : 51;
11780 : 30;
11781 : 55;
11782 : 4D;
11783 : 28;
11784 : 49;
11785 : 28;
11786 : 24;
11787 : 6D;
11788 : 6D;
11789 : 6D;
11790 : 71;
11791 : 6D;
11792 : 6D;
11793 : 6D;
11794 : 44;
11795 : 68;
11796 : 8C;
11797 : 90;
11798 : 90;
11799 : B0;
11800 : B0;
11801 : B0;
11802 : B5;
11803 : 90;
11804 : 48;
11805 : 6C;
11806 : 44;
11807 : 24;
11808 : 8D;
11809 : 6D;
11810 : 6D;
11811 : 6D;
11812 : 69;
11813 : 69;
11814 : 69;
11815 : 40;
11816 : 60;
11817 : 84;
11818 : 84;
11819 : 80;
11820 : A0;
11821 : A0;
11822 : A0;
11823 : A4;
11824 : 84;
11825 : 40;
11826 : 64;
11827 : 44;
11828 : 24;
11829 : 69;
11830 : 69;
11831 : 6D;
11832 : 49;
11833 : 49;
11834 : 24;
11835 : 49;
11836 : 6D;
11837 : 24;
11838 : 24;
11839 : 24;
11840 : 40;
11841 : 40;
11842 : 40;
11843 : 40;
11844 : 40;
11845 : 40;
11846 : 40;
11847 : 40;
11848 : 40;
11849 : 40;
11850 : 40;
11851 : 40;
11852 : 40;
11853 : 40;
11854 : 40;
11855 : 40;
11856 : 40;
11857 : 40;
11858 : 40;
11859 : 40;
11860 : 20;
11861 : 40;
11862 : 64;
11863 : 60;
11864 : 64;
11865 : 85;
11866 : 89;
11867 : 40;
11868 : 40;
11869 : 40;
11870 : 40;
11871 : 40;
11872 : 40;
11873 : 40;
11874 : 40;
11875 : 40;
11876 : 40;
11877 : 40;
11878 : 40;
11879 : 40;
11880 : 40;
11881 : 40;
11882 : 40;
11883 : 40;
11884 : 40;
11885 : 40;
11886 : 40;
11887 : 40;
11888 : 40;
11889 : 40;
11890 : 40;
11891 : 40;
11892 : 40;
11893 : 40;
11894 : 40;
11895 : 40;
11896 : 40;
11897 : 40;
11898 : 40;
11899 : 40;
11900 : 40;
11901 : 40;
11902 : 60;
11903 : 60;
11904 : 60;
11905 : 64;
11906 : 64;
11907 : 64;
11908 : 64;
11909 : 60;
11910 : 60;
11911 : 60;
11912 : 60;
11913 : 60;
11914 : 60;
11915 : 60;
11916 : 60;
11917 : 64;
11918 : 64;
11919 : 64;
11920 : 64;
11921 : 64;
11922 : 64;
11923 : 64;
11924 : 64;
11925 : 64;
11926 : 64;
11927 : 64;
11928 : 64;
11929 : 64;
11930 : 84;
11931 : 84;
11932 : 85;
11933 : 85;
11934 : 85;
11935 : 84;
11936 : 84;
11937 : 84;
11938 : 64;
11939 : 64;
11940 : 64;
11941 : 64;
11942 : 64;
11943 : 64;
11944 : 64;
11945 : 64;
11946 : 64;
11947 : 64;
11948 : 64;
11949 : 64;
11950 : 64;
11951 : 84;
11952 : 84;
11953 : 84;
11954 : 84;
11955 : 84;
11956 : 84;
11957 : 84;
11958 : 64;
11959 : 64;
11960 : 60;
11961 : 40;
11962 : 20;
11963 : 40;
11964 : 40;
11965 : 40;
11966 : 40;
11967 : 40;
11968 : 40;
11969 : 64;
11970 : 64;
11971 : 40;
11972 : 20;
11973 : 20;
11974 : 20;
11975 : 40;
11976 : 40;
11977 : 40;
11978 : 40;
11979 : 40;
11980 : 44;
11981 : 44;
11982 : 64;
11983 : 64;
11984 : 64;
11985 : 64;
11986 : 64;
11987 : 64;
11988 : 64;
11989 : 40;
11990 : 40;
11991 : 40;
11992 : 64;
11993 : 64;
11994 : 64;
11995 : 64;
11996 : 64;
11997 : 64;
11998 : 64;
11999 : 40;
12000 : 40;
12001 : 40;
12002 : 40;
12003 : 64;
12004 : 40;
12005 : 64;
12006 : 40;
12007 : 64;
12008 : 64;
12009 : 64;
12010 : 64;
12011 : 40;
12012 : 40;
12013 : 64;
12014 : 40;
12015 : 64;
12016 : 64;
12017 : 64;
12018 : 64;
12019 : 64;
12020 : 64;
12021 : 64;
12022 : 64;
12023 : 64;
12024 : 64;
12025 : 64;
12026 : 64;
12027 : 64;
12028 : 64;
12029 : 64;
12030 : 64;
12031 : 64;
12032 : 64;
12033 : 64;
12034 : 40;
12035 : 40;
12036 : 64;
12037 : 40;
12038 : 44;
12039 : 40;
12040 : 40;
12041 : 40;
12042 : 40;
12043 : 64;
12044 : 40;
12045 : 40;
12046 : 64;
12047 : 64;
12048 : 64;
12049 : 64;
12050 : 64;
12051 : 64;
12052 : 64;
12053 : 64;
12054 : 64;
12055 : 64;
12056 : 64;
12057 : 64;
12058 : 40;
12059 : 44;
12060 : 40;
12061 : 40;
12062 : 40;
12063 : 40;
12064 : 40;
12065 : 40;
12066 : 20;
12067 : 40;
12068 : 40;
12069 : 40;
12070 : 40;
12071 : 40;
12072 : 40;
12073 : 40;
12074 : 40;
12075 : 40;
12076 : 60;
12077 : 60;
12078 : 84;
12079 : 64;
12080 : 49;
12081 : 49;
12082 : 92;
12083 : 6D;
12084 : 49;
12085 : 49;
12086 : 6D;
12087 : 6D;
12088 : 6D;
12089 : 6D;
12090 : 6D;
12091 : 49;
12092 : 4D;
12093 : 28;
12094 : 28;
12095 : 2C;
12096 : 2C;
12097 : 51;
12098 : 51;
12099 : 2C;
12100 : 79;
12101 : 4D;
12102 : 28;
12103 : 28;
12104 : 4D;
12105 : 4D;
12106 : 4D;
12107 : 6D;
12108 : 6D;
12109 : 6D;
12110 : 6D;
12111 : 92;
12112 : 49;
12113 : 6D;
12114 : 48;
12115 : 44;
12116 : 68;
12117 : 68;
12118 : 8C;
12119 : B0;
12120 : 90;
12121 : F9;
12122 : 90;
12123 : 68;
12124 : 68;
12125 : 69;
12126 : 6D;
12127 : 6D;
12128 : 6D;
12129 : 6D;
12130 : 6D;
12131 : 6D;
12132 : 6D;
12133 : 44;
12134 : 69;
12135 : 44;
12136 : 20;
12137 : 40;
12138 : 60;
12139 : 84;
12140 : 84;
12141 : 80;
12142 : CD;
12143 : 84;
12144 : 40;
12145 : 44;
12146 : 69;
12147 : 69;
12148 : 49;
12149 : 69;
12150 : 69;
12151 : 69;
12152 : 49;
12153 : 49;
12154 : 24;
12155 : 49;
12156 : 6D;
12157 : 24;
12158 : 24;
12159 : 24;
12160 : 40;
12161 : 40;
12162 : 40;
12163 : 40;
12164 : 40;
12165 : 40;
12166 : 40;
12167 : 40;
12168 : 40;
12169 : 40;
12170 : 40;
12171 : 40;
12172 : 40;
12173 : 40;
12174 : 40;
12175 : 40;
12176 : 40;
12177 : 40;
12178 : 40;
12179 : 40;
12180 : 40;
12181 : 40;
12182 : 64;
12183 : 64;
12184 : 64;
12185 : 85;
12186 : A5;
12187 : 84;
12188 : 40;
12189 : 40;
12190 : 40;
12191 : 40;
12192 : 40;
12193 : 40;
12194 : 40;
12195 : 40;
12196 : 40;
12197 : 40;
12198 : 40;
12199 : 40;
12200 : 40;
12201 : 40;
12202 : 40;
12203 : 40;
12204 : 40;
12205 : 40;
12206 : 40;
12207 : 40;
12208 : 40;
12209 : 40;
12210 : 40;
12211 : 40;
12212 : 40;
12213 : 40;
12214 : 40;
12215 : 40;
12216 : 40;
12217 : 40;
12218 : 40;
12219 : 40;
12220 : 40;
12221 : 40;
12222 : 40;
12223 : 60;
12224 : 60;
12225 : 64;
12226 : 64;
12227 : 64;
12228 : 64;
12229 : 40;
12230 : 60;
12231 : 60;
12232 : 60;
12233 : 64;
12234 : 60;
12235 : 60;
12236 : 60;
12237 : 64;
12238 : 64;
12239 : 64;
12240 : 64;
12241 : 64;
12242 : 64;
12243 : 64;
12244 : 64;
12245 : 64;
12246 : 64;
12247 : 64;
12248 : 64;
12249 : 64;
12250 : 84;
12251 : 84;
12252 : 85;
12253 : 85;
12254 : 85;
12255 : 84;
12256 : 84;
12257 : 84;
12258 : 64;
12259 : 64;
12260 : 64;
12261 : 64;
12262 : 64;
12263 : 64;
12264 : 64;
12265 : 64;
12266 : 64;
12267 : 64;
12268 : 64;
12269 : 64;
12270 : 64;
12271 : 85;
12272 : 84;
12273 : 84;
12274 : 84;
12275 : 84;
12276 : 84;
12277 : 64;
12278 : 64;
12279 : 60;
12280 : 60;
12281 : 40;
12282 : 40;
12283 : 40;
12284 : 40;
12285 : 40;
12286 : 40;
12287 : 40;
12288 : 64;
12289 : 64;
12290 : 64;
12291 : 20;
12292 : 20;
12293 : 20;
12294 : 40;
12295 : 40;
12296 : 40;
12297 : 40;
12298 : 40;
12299 : 44;
12300 : 40;
12301 : 64;
12302 : 64;
12303 : 64;
12304 : 64;
12305 : 64;
12306 : 64;
12307 : 64;
12308 : 40;
12309 : 40;
12310 : 40;
12311 : 64;
12312 : 64;
12313 : 64;
12314 : 64;
12315 : 64;
12316 : 64;
12317 : 64;
12318 : 64;
12319 : 64;
12320 : 40;
12321 : 40;
12322 : 44;
12323 : 40;
12324 : 64;
12325 : 40;
12326 : 40;
12327 : 64;
12328 : 64;
12329 : 44;
12330 : 40;
12331 : 40;
12332 : 40;
12333 : 40;
12334 : 64;
12335 : 64;
12336 : 64;
12337 : 64;
12338 : 64;
12339 : 64;
12340 : 64;
12341 : 64;
12342 : 64;
12343 : 64;
12344 : 64;
12345 : 64;
12346 : 64;
12347 : 64;
12348 : 64;
12349 : 64;
12350 : 64;
12351 : 64;
12352 : 64;
12353 : 64;
12354 : 40;
12355 : 64;
12356 : 40;
12357 : 64;
12358 : 44;
12359 : 40;
12360 : 44;
12361 : 44;
12362 : 40;
12363 : 64;
12364 : 64;
12365 : 44;
12366 : 40;
12367 : 64;
12368 : 64;
12369 : 64;
12370 : 64;
12371 : 64;
12372 : 64;
12373 : 64;
12374 : 64;
12375 : 64;
12376 : 64;
12377 : 64;
12378 : 64;
12379 : 44;
12380 : 44;
12381 : 40;
12382 : 40;
12383 : 40;
12384 : 40;
12385 : 40;
12386 : 40;
12387 : 40;
12388 : 40;
12389 : 40;
12390 : 40;
12391 : 40;
12392 : 40;
12393 : 40;
12394 : 40;
12395 : 40;
12396 : 40;
12397 : 60;
12398 : 60;
12399 : 64;
12400 : 49;
12401 : 49;
12402 : 92;
12403 : 6D;
12404 : 49;
12405 : 49;
12406 : 6D;
12407 : 6D;
12408 : 6D;
12409 : 6D;
12410 : 6D;
12411 : 49;
12412 : 6D;
12413 : 49;
12414 : 4D;
12415 : 24;
12416 : 28;
12417 : 28;
12418 : 28;
12419 : 28;
12420 : 28;
12421 : 28;
12422 : 28;
12423 : 6D;
12424 : 49;
12425 : 28;
12426 : 6D;
12427 : 6D;
12428 : 6D;
12429 : 6D;
12430 : 6D;
12431 : 6D;
12432 : 6D;
12433 : 6D;
12434 : 48;
12435 : 68;
12436 : 24;
12437 : 48;
12438 : 68;
12439 : 68;
12440 : 68;
12441 : 68;
12442 : 68;
12443 : 68;
12444 : 6D;
12445 : 49;
12446 : 44;
12447 : 6D;
12448 : 6D;
12449 : 6D;
12450 : 6D;
12451 : 6D;
12452 : 6D;
12453 : 49;
12454 : 69;
12455 : 44;
12456 : 44;
12457 : 20;
12458 : 40;
12459 : 40;
12460 : 40;
12461 : 40;
12462 : 40;
12463 : 44;
12464 : 44;
12465 : 69;
12466 : 49;
12467 : 24;
12468 : 69;
12469 : 69;
12470 : 69;
12471 : 49;
12472 : 49;
12473 : 49;
12474 : 24;
12475 : 49;
12476 : 6D;
12477 : 24;
12478 : 24;
12479 : 24;
12480 : 40;
12481 : 40;
12482 : 40;
12483 : 40;
12484 : 40;
12485 : 40;
12486 : 40;
12487 : 40;
12488 : 40;
12489 : 40;
12490 : 40;
12491 : 40;
12492 : 40;
12493 : 40;
12494 : 40;
12495 : 40;
12496 : 40;
12497 : 40;
12498 : 40;
12499 : 40;
12500 : 40;
12501 : 40;
12502 : 85;
12503 : 60;
12504 : 64;
12505 : 84;
12506 : A9;
12507 : 85;
12508 : 60;
12509 : 20;
12510 : 40;
12511 : 40;
12512 : 40;
12513 : 40;
12514 : 40;
12515 : 40;
12516 : 40;
12517 : 40;
12518 : 40;
12519 : 40;
12520 : 40;
12521 : 40;
12522 : 40;
12523 : 40;
12524 : 40;
12525 : 40;
12526 : 40;
12527 : 40;
12528 : 40;
12529 : 20;
12530 : 20;
12531 : 20;
12532 : 40;
12533 : 20;
12534 : 20;
12535 : 40;
12536 : 40;
12537 : 40;
12538 : 40;
12539 : 40;
12540 : 40;
12541 : 40;
12542 : 40;
12543 : 60;
12544 : 60;
12545 : 60;
12546 : 64;
12547 : 64;
12548 : 64;
12549 : 60;
12550 : 60;
12551 : 60;
12552 : 60;
12553 : 60;
12554 : 60;
12555 : 60;
12556 : 60;
12557 : 64;
12558 : 64;
12559 : 64;
12560 : 64;
12561 : 64;
12562 : 64;
12563 : 64;
12564 : 64;
12565 : 64;
12566 : 64;
12567 : 64;
12568 : 64;
12569 : 64;
12570 : 84;
12571 : 84;
12572 : 85;
12573 : 85;
12574 : 85;
12575 : 84;
12576 : 84;
12577 : 84;
12578 : 64;
12579 : 64;
12580 : 64;
12581 : 64;
12582 : 64;
12583 : 64;
12584 : 64;
12585 : 64;
12586 : 64;
12587 : 64;
12588 : 64;
12589 : 64;
12590 : 85;
12591 : 85;
12592 : 84;
12593 : 84;
12594 : 84;
12595 : 84;
12596 : 64;
12597 : 64;
12598 : 60;
12599 : 60;
12600 : 40;
12601 : 20;
12602 : 40;
12603 : 40;
12604 : 40;
12605 : 40;
12606 : 40;
12607 : 64;
12608 : 64;
12609 : 64;
12610 : 40;
12611 : 20;
12612 : 40;
12613 : 40;
12614 : 40;
12615 : 40;
12616 : 40;
12617 : 40;
12618 : 40;
12619 : 40;
12620 : 64;
12621 : 64;
12622 : 64;
12623 : 64;
12624 : 64;
12625 : 64;
12626 : 64;
12627 : 44;
12628 : 40;
12629 : 40;
12630 : 40;
12631 : 64;
12632 : 64;
12633 : 64;
12634 : 64;
12635 : 64;
12636 : 64;
12637 : 64;
12638 : 64;
12639 : 64;
12640 : 64;
12641 : 64;
12642 : 44;
12643 : 40;
12644 : 64;
12645 : 40;
12646 : 64;
12647 : 64;
12648 : 44;
12649 : 40;
12650 : 40;
12651 : 64;
12652 : 64;
12653 : 64;
12654 : 64;
12655 : 64;
12656 : 64;
12657 : 64;
12658 : 64;
12659 : 64;
12660 : 64;
12661 : 64;
12662 : 64;
12663 : 64;
12664 : 64;
12665 : 64;
12666 : 64;
12667 : 64;
12668 : 64;
12669 : 64;
12670 : 64;
12671 : 64;
12672 : 64;
12673 : 64;
12674 : 40;
12675 : 64;
12676 : 40;
12677 : 64;
12678 : 64;
12679 : 64;
12680 : 44;
12681 : 40;
12682 : 44;
12683 : 64;
12684 : 64;
12685 : 64;
12686 : 40;
12687 : 44;
12688 : 44;
12689 : 64;
12690 : 64;
12691 : 64;
12692 : 64;
12693 : 64;
12694 : 64;
12695 : 64;
12696 : 64;
12697 : 64;
12698 : 64;
12699 : 64;
12700 : 44;
12701 : 40;
12702 : 44;
12703 : 40;
12704 : 40;
12705 : 40;
12706 : 40;
12707 : 40;
12708 : 40;
12709 : 40;
12710 : 40;
12711 : 40;
12712 : 40;
12713 : 40;
12714 : 40;
12715 : 40;
12716 : 40;
12717 : 40;
12718 : 60;
12719 : 64;
12720 : 49;
12721 : 49;
12722 : 92;
12723 : 6D;
12724 : 49;
12725 : 49;
12726 : 6D;
12727 : 6D;
12728 : 6D;
12729 : 6D;
12730 : 6D;
12731 : 6D;
12732 : 49;
12733 : 49;
12734 : 29;
12735 : 49;
12736 : 28;
12737 : 24;
12738 : 24;
12739 : 24;
12740 : 28;
12741 : 49;
12742 : 49;
12743 : 49;
12744 : 49;
12745 : 4D;
12746 : 6D;
12747 : 6D;
12748 : 6D;
12749 : 6D;
12750 : 6D;
12751 : 6D;
12752 : 6D;
12753 : 49;
12754 : 48;
12755 : 44;
12756 : 49;
12757 : 48;
12758 : 44;
12759 : 44;
12760 : 44;
12761 : 48;
12762 : 68;
12763 : 69;
12764 : 69;
12765 : 69;
12766 : 6D;
12767 : 6D;
12768 : 6D;
12769 : 6D;
12770 : 6D;
12771 : 6D;
12772 : 6D;
12773 : 6D;
12774 : 44;
12775 : 44;
12776 : 44;
12777 : 44;
12778 : 44;
12779 : 20;
12780 : 20;
12781 : 40;
12782 : 44;
12783 : 64;
12784 : 44;
12785 : 49;
12786 : 44;
12787 : 49;
12788 : 49;
12789 : 69;
12790 : 49;
12791 : 49;
12792 : 49;
12793 : 49;
12794 : 24;
12795 : 49;
12796 : 6D;
12797 : 24;
12798 : 24;
12799 : 24;
12800 : 40;
12801 : 40;
12802 : 40;
12803 : 40;
12804 : 40;
12805 : 40;
12806 : 40;
12807 : 40;
12808 : 40;
12809 : 40;
12810 : 40;
12811 : 40;
12812 : 40;
12813 : 40;
12814 : 40;
12815 : 40;
12816 : 40;
12817 : 40;
12818 : 40;
12819 : 40;
12820 : 40;
12821 : 40;
12822 : A9;
12823 : 64;
12824 : 64;
12825 : 64;
12826 : 84;
12827 : A9;
12828 : 84;
12829 : 40;
12830 : 20;
12831 : 40;
12832 : 40;
12833 : 40;
12834 : 40;
12835 : 40;
12836 : 40;
12837 : 40;
12838 : 40;
12839 : 40;
12840 : 40;
12841 : 40;
12842 : 40;
12843 : 40;
12844 : 40;
12845 : 40;
12846 : 40;
12847 : 40;
12848 : 40;
12849 : 40;
12850 : 64;
12851 : 64;
12852 : 40;
12853 : 64;
12854 : 64;
12855 : 20;
12856 : 40;
12857 : 40;
12858 : 40;
12859 : 40;
12860 : 40;
12861 : 40;
12862 : 40;
12863 : 60;
12864 : 60;
12865 : 60;
12866 : 64;
12867 : 64;
12868 : 64;
12869 : 40;
12870 : 60;
12871 : 60;
12872 : 60;
12873 : 60;
12874 : 60;
12875 : 60;
12876 : 64;
12877 : 64;
12878 : 64;
12879 : 64;
12880 : 64;
12881 : 64;
12882 : 64;
12883 : 64;
12884 : 64;
12885 : 64;
12886 : 64;
12887 : 64;
12888 : 64;
12889 : 64;
12890 : 84;
12891 : 84;
12892 : 85;
12893 : 85;
12894 : 85;
12895 : 84;
12896 : 84;
12897 : 84;
12898 : 64;
12899 : 64;
12900 : 64;
12901 : 64;
12902 : 64;
12903 : 64;
12904 : 64;
12905 : 64;
12906 : 64;
12907 : 64;
12908 : 64;
12909 : 85;
12910 : 85;
12911 : 85;
12912 : 84;
12913 : 84;
12914 : 84;
12915 : 84;
12916 : 64;
12917 : 64;
12918 : 60;
12919 : 60;
12920 : 40;
12921 : 40;
12922 : 40;
12923 : 40;
12924 : 40;
12925 : 40;
12926 : 64;
12927 : 64;
12928 : 64;
12929 : 64;
12930 : 20;
12931 : 20;
12932 : 20;
12933 : 40;
12934 : 40;
12935 : 40;
12936 : 40;
12937 : 40;
12938 : 40;
12939 : 40;
12940 : 64;
12941 : 64;
12942 : 64;
12943 : 64;
12944 : 64;
12945 : 64;
12946 : 40;
12947 : 40;
12948 : 40;
12949 : 40;
12950 : 64;
12951 : 64;
12952 : 64;
12953 : 64;
12954 : 64;
12955 : 64;
12956 : 64;
12957 : 64;
12958 : 64;
12959 : 64;
12960 : 64;
12961 : 64;
12962 : 64;
12963 : 40;
12964 : 64;
12965 : 40;
12966 : 64;
12967 : 64;
12968 : 40;
12969 : 40;
12970 : 40;
12971 : 64;
12972 : 64;
12973 : 64;
12974 : 64;
12975 : 64;
12976 : 64;
12977 : 64;
12978 : 64;
12979 : 64;
12980 : 64;
12981 : 64;
12982 : 64;
12983 : 64;
12984 : 64;
12985 : 64;
12986 : 64;
12987 : 64;
12988 : 64;
12989 : 64;
12990 : 64;
12991 : 64;
12992 : 64;
12993 : 64;
12994 : 40;
12995 : 64;
12996 : 40;
12997 : 64;
12998 : 64;
12999 : 64;
13000 : 64;
13001 : 64;
13002 : 44;
13003 : 44;
13004 : 64;
13005 : 64;
13006 : 64;
13007 : 40;
13008 : 40;
13009 : 64;
13010 : 64;
13011 : 64;
13012 : 64;
13013 : 64;
13014 : 64;
13015 : 44;
13016 : 64;
13017 : 64;
13018 : 64;
13019 : 64;
13020 : 64;
13021 : 40;
13022 : 44;
13023 : 44;
13024 : 40;
13025 : 40;
13026 : 40;
13027 : 40;
13028 : 40;
13029 : 44;
13030 : 40;
13031 : 40;
13032 : 40;
13033 : 40;
13034 : 40;
13035 : 40;
13036 : 40;
13037 : 40;
13038 : 40;
13039 : 44;
13040 : 49;
13041 : 49;
13042 : 92;
13043 : 6D;
13044 : 49;
13045 : 49;
13046 : 6D;
13047 : 6D;
13048 : 6D;
13049 : 6D;
13050 : 6D;
13051 : 6D;
13052 : 6D;
13053 : 49;
13054 : 24;
13055 : 28;
13056 : 28;
13057 : 29;
13058 : 4D;
13059 : 4D;
13060 : 28;
13061 : 28;
13062 : 28;
13063 : 49;
13064 : 4D;
13065 : 6D;
13066 : 6D;
13067 : 6D;
13068 : 6D;
13069 : 6D;
13070 : 6D;
13071 : 6D;
13072 : 6D;
13073 : 6D;
13074 : 49;
13075 : 24;
13076 : 44;
13077 : 48;
13078 : 48;
13079 : 8D;
13080 : 8C;
13081 : 48;
13082 : 48;
13083 : 44;
13084 : 48;
13085 : 69;
13086 : 6D;
13087 : 6D;
13088 : 6D;
13089 : 6D;
13090 : 6D;
13091 : 6D;
13092 : 6D;
13093 : 6D;
13094 : 69;
13095 : 49;
13096 : 24;
13097 : 24;
13098 : 24;
13099 : 44;
13100 : 84;
13101 : 84;
13102 : 44;
13103 : 44;
13104 : 44;
13105 : 44;
13106 : 49;
13107 : 49;
13108 : 49;
13109 : 49;
13110 : 49;
13111 : 49;
13112 : 49;
13113 : 49;
13114 : 24;
13115 : 49;
13116 : 6D;
13117 : 24;
13118 : 24;
13119 : 24;
13120 : 40;
13121 : 40;
13122 : 40;
13123 : 40;
13124 : 40;
13125 : 40;
13126 : 40;
13127 : 40;
13128 : 40;
13129 : 40;
13130 : 40;
13131 : 40;
13132 : 40;
13133 : 40;
13134 : 40;
13135 : 40;
13136 : 40;
13137 : 40;
13138 : 40;
13139 : 40;
13140 : 40;
13141 : 40;
13142 : A9;
13143 : 85;
13144 : 40;
13145 : 40;
13146 : 64;
13147 : 85;
13148 : 85;
13149 : 64;
13150 : 40;
13151 : 20;
13152 : 40;
13153 : 40;
13154 : 40;
13155 : 40;
13156 : 40;
13157 : 40;
13158 : 40;
13159 : 40;
13160 : 40;
13161 : 40;
13162 : 40;
13163 : 40;
13164 : 40;
13165 : 40;
13166 : 40;
13167 : 20;
13168 : 60;
13169 : 20;
13170 : 20;
13171 : 20;
13172 : 20;
13173 : 20;
13174 : 20;
13175 : 64;
13176 : 40;
13177 : 40;
13178 : 40;
13179 : 40;
13180 : 40;
13181 : 40;
13182 : 40;
13183 : 60;
13184 : 40;
13185 : 64;
13186 : 40;
13187 : 64;
13188 : 64;
13189 : 60;
13190 : 60;
13191 : 60;
13192 : 60;
13193 : 60;
13194 : 60;
13195 : 60;
13196 : 64;
13197 : 64;
13198 : 64;
13199 : 64;
13200 : 64;
13201 : 64;
13202 : 64;
13203 : 64;
13204 : 64;
13205 : 64;
13206 : 64;
13207 : 64;
13208 : 64;
13209 : 64;
13210 : 84;
13211 : 84;
13212 : 85;
13213 : 85;
13214 : 64;
13215 : 84;
13216 : 84;
13217 : 64;
13218 : 64;
13219 : 64;
13220 : 64;
13221 : 64;
13222 : 64;
13223 : 64;
13224 : 64;
13225 : 64;
13226 : 64;
13227 : 84;
13228 : 84;
13229 : 85;
13230 : 85;
13231 : 85;
13232 : 84;
13233 : 84;
13234 : 84;
13235 : 84;
13236 : 64;
13237 : 60;
13238 : 60;
13239 : 60;
13240 : 40;
13241 : 40;
13242 : 40;
13243 : 40;
13244 : 40;
13245 : 64;
13246 : 60;
13247 : 64;
13248 : 64;
13249 : 40;
13250 : 40;
13251 : 40;
13252 : 40;
13253 : 40;
13254 : 40;
13255 : 40;
13256 : 40;
13257 : 40;
13258 : 40;
13259 : 64;
13260 : 64;
13261 : 64;
13262 : 64;
13263 : 64;
13264 : 64;
13265 : 60;
13266 : 40;
13267 : 40;
13268 : 40;
13269 : 40;
13270 : 64;
13271 : 64;
13272 : 64;
13273 : 64;
13274 : 64;
13275 : 64;
13276 : 64;
13277 : 64;
13278 : 64;
13279 : 64;
13280 : 64;
13281 : 64;
13282 : 64;
13283 : 40;
13284 : 40;
13285 : 40;
13286 : 64;
13287 : 64;
13288 : 40;
13289 : 40;
13290 : 64;
13291 : 64;
13292 : 64;
13293 : 64;
13294 : 64;
13295 : 64;
13296 : 64;
13297 : 64;
13298 : 64;
13299 : 64;
13300 : 64;
13301 : 64;
13302 : 64;
13303 : 64;
13304 : 64;
13305 : 64;
13306 : 64;
13307 : 64;
13308 : 64;
13309 : 64;
13310 : 64;
13311 : 64;
13312 : 64;
13313 : 64;
13314 : 40;
13315 : 64;
13316 : 40;
13317 : 64;
13318 : 64;
13319 : 64;
13320 : 64;
13321 : 64;
13322 : 64;
13323 : 64;
13324 : 64;
13325 : 64;
13326 : 64;
13327 : 40;
13328 : 40;
13329 : 64;
13330 : 64;
13331 : 64;
13332 : 64;
13333 : 64;
13334 : 64;
13335 : 64;
13336 : 64;
13337 : 64;
13338 : 64;
13339 : 64;
13340 : 64;
13341 : 64;
13342 : 44;
13343 : 44;
13344 : 40;
13345 : 40;
13346 : 44;
13347 : 40;
13348 : 40;
13349 : 20;
13350 : 40;
13351 : 40;
13352 : 40;
13353 : 40;
13354 : 40;
13355 : 40;
13356 : 40;
13357 : 40;
13358 : 40;
13359 : 44;
13360 : 49;
13361 : 49;
13362 : 92;
13363 : 6D;
13364 : 49;
13365 : 49;
13366 : 6D;
13367 : 6D;
13368 : 6D;
13369 : 6D;
13370 : 6D;
13371 : 6D;
13372 : 6D;
13373 : 4D;
13374 : 6D;
13375 : 49;
13376 : 24;
13377 : 28;
13378 : 49;
13379 : 4D;
13380 : 28;
13381 : 49;
13382 : 4D;
13383 : 49;
13384 : 4D;
13385 : 6D;
13386 : 6D;
13387 : 6D;
13388 : 6D;
13389 : 6D;
13390 : 6D;
13391 : 6D;
13392 : 6D;
13393 : 6D;
13394 : 6D;
13395 : 6D;
13396 : 49;
13397 : 44;
13398 : 48;
13399 : 68;
13400 : 6C;
13401 : 48;
13402 : 48;
13403 : 69;
13404 : 69;
13405 : 6D;
13406 : 6D;
13407 : 6D;
13408 : 6D;
13409 : 6D;
13410 : 6D;
13411 : 6D;
13412 : 6D;
13413 : 6D;
13414 : 69;
13415 : 69;
13416 : 69;
13417 : 44;
13418 : 24;
13419 : 44;
13420 : 64;
13421 : 84;
13422 : 44;
13423 : 44;
13424 : 44;
13425 : 44;
13426 : 49;
13427 : 49;
13428 : 49;
13429 : 49;
13430 : 49;
13431 : 49;
13432 : 49;
13433 : 49;
13434 : 24;
13435 : 49;
13436 : 4D;
13437 : 24;
13438 : 24;
13439 : 24;
13440 : 40;
13441 : 40;
13442 : 40;
13443 : 40;
13444 : 40;
13445 : 40;
13446 : 40;
13447 : 40;
13448 : 40;
13449 : 40;
13450 : 40;
13451 : 40;
13452 : 40;
13453 : 40;
13454 : 40;
13455 : 40;
13456 : 40;
13457 : 40;
13458 : 40;
13459 : 40;
13460 : 40;
13461 : 40;
13462 : A9;
13463 : 84;
13464 : 40;
13465 : 40;
13466 : 60;
13467 : 85;
13468 : 85;
13469 : 85;
13470 : 40;
13471 : 40;
13472 : 40;
13473 : 40;
13474 : 40;
13475 : 40;
13476 : 40;
13477 : 40;
13478 : 40;
13479 : 40;
13480 : 40;
13481 : 40;
13482 : 40;
13483 : 40;
13484 : 40;
13485 : 40;
13486 : 40;
13487 : 60;
13488 : 20;
13489 : 40;
13490 : 40;
13491 : 40;
13492 : 40;
13493 : 40;
13494 : 40;
13495 : 40;
13496 : 40;
13497 : 40;
13498 : 40;
13499 : 40;
13500 : 40;
13501 : 40;
13502 : 40;
13503 : 60;
13504 : 60;
13505 : 60;
13506 : 60;
13507 : 64;
13508 : 64;
13509 : 60;
13510 : 60;
13511 : 60;
13512 : 60;
13513 : 60;
13514 : 60;
13515 : 40;
13516 : 40;
13517 : 64;
13518 : 64;
13519 : 64;
13520 : 64;
13521 : 64;
13522 : 64;
13523 : 64;
13524 : 64;
13525 : 64;
13526 : 64;
13527 : 84;
13528 : 64;
13529 : 64;
13530 : 84;
13531 : 84;
13532 : 85;
13533 : 85;
13534 : 84;
13535 : 84;
13536 : 84;
13537 : 64;
13538 : 64;
13539 : 64;
13540 : 64;
13541 : 64;
13542 : 64;
13543 : 64;
13544 : 64;
13545 : 64;
13546 : 64;
13547 : 84;
13548 : 85;
13549 : 85;
13550 : 85;
13551 : 84;
13552 : 84;
13553 : 84;
13554 : 64;
13555 : 64;
13556 : 64;
13557 : 60;
13558 : 60;
13559 : 40;
13560 : 20;
13561 : 40;
13562 : 40;
13563 : 40;
13564 : 40;
13565 : 64;
13566 : 64;
13567 : 64;
13568 : 64;
13569 : 40;
13570 : 20;
13571 : 40;
13572 : 40;
13573 : 40;
13574 : 40;
13575 : 40;
13576 : 40;
13577 : 40;
13578 : 40;
13579 : 64;
13580 : 64;
13581 : 64;
13582 : 64;
13583 : 64;
13584 : 64;
13585 : 40;
13586 : 40;
13587 : 40;
13588 : 40;
13589 : 64;
13590 : 64;
13591 : 64;
13592 : 64;
13593 : 64;
13594 : 64;
13595 : 64;
13596 : 64;
13597 : 64;
13598 : 64;
13599 : 64;
13600 : 64;
13601 : 64;
13602 : 64;
13603 : 40;
13604 : 40;
13605 : 40;
13606 : 64;
13607 : 40;
13608 : 44;
13609 : 44;
13610 : 64;
13611 : 64;
13612 : 64;
13613 : 64;
13614 : 64;
13615 : 64;
13616 : 64;
13617 : 64;
13618 : 64;
13619 : 64;
13620 : 64;
13621 : 64;
13622 : 64;
13623 : 64;
13624 : 64;
13625 : 64;
13626 : 64;
13627 : 64;
13628 : 64;
13629 : 64;
13630 : 64;
13631 : 64;
13632 : 64;
13633 : 64;
13634 : 40;
13635 : 64;
13636 : 40;
13637 : 64;
13638 : 64;
13639 : 64;
13640 : 64;
13641 : 64;
13642 : 64;
13643 : 64;
13644 : 64;
13645 : 64;
13646 : 64;
13647 : 64;
13648 : 40;
13649 : 40;
13650 : 64;
13651 : 64;
13652 : 64;
13653 : 64;
13654 : 64;
13655 : 64;
13656 : 64;
13657 : 64;
13658 : 64;
13659 : 64;
13660 : 64;
13661 : 64;
13662 : 44;
13663 : 40;
13664 : 40;
13665 : 40;
13666 : 40;
13667 : 40;
13668 : 40;
13669 : 40;
13670 : 40;
13671 : 40;
13672 : 40;
13673 : 40;
13674 : 40;
13675 : 40;
13676 : 40;
13677 : 40;
13678 : 40;
13679 : 40;
13680 : 49;
13681 : 49;
13682 : 92;
13683 : 6D;
13684 : 49;
13685 : 49;
13686 : 6D;
13687 : 6D;
13688 : 6D;
13689 : 6D;
13690 : 6D;
13691 : 6D;
13692 : 6D;
13693 : 6D;
13694 : 4D;
13695 : 4D;
13696 : 4D;
13697 : 4D;
13698 : 4D;
13699 : 49;
13700 : 4D;
13701 : 49;
13702 : 4D;
13703 : 6D;
13704 : 6D;
13705 : 6D;
13706 : 6D;
13707 : 6D;
13708 : 6D;
13709 : 6D;
13710 : 6D;
13711 : 6D;
13712 : 6D;
13713 : 6D;
13714 : 6D;
13715 : 6D;
13716 : 6D;
13717 : 6D;
13718 : 6D;
13719 : 69;
13720 : 69;
13721 : 6D;
13722 : 69;
13723 : 69;
13724 : 6D;
13725 : 6D;
13726 : 6D;
13727 : 6D;
13728 : 6D;
13729 : 6D;
13730 : 6D;
13731 : 6D;
13732 : 6D;
13733 : 6D;
13734 : 6D;
13735 : 69;
13736 : 69;
13737 : 69;
13738 : 69;
13739 : 69;
13740 : 49;
13741 : 44;
13742 : 69;
13743 : 44;
13744 : 49;
13745 : 49;
13746 : 49;
13747 : 49;
13748 : 49;
13749 : 49;
13750 : 49;
13751 : 49;
13752 : 49;
13753 : 49;
13754 : 24;
13755 : 49;
13756 : 4D;
13757 : 24;
13758 : 24;
13759 : 24;
13760 : 40;
13761 : 40;
13762 : 40;
13763 : 40;
13764 : 40;
13765 : 40;
13766 : 40;
13767 : 40;
13768 : 40;
13769 : 40;
13770 : 40;
13771 : 40;
13772 : 40;
13773 : 40;
13774 : 40;
13775 : 40;
13776 : 40;
13777 : 40;
13778 : 40;
13779 : 40;
13780 : 40;
13781 : 64;
13782 : A9;
13783 : 64;
13784 : 20;
13785 : 20;
13786 : 40;
13787 : 64;
13788 : 85;
13789 : 85;
13790 : 60;
13791 : 60;
13792 : 64;
13793 : 84;
13794 : 64;
13795 : 64;
13796 : 64;
13797 : 64;
13798 : 64;
13799 : 64;
13800 : 84;
13801 : 64;
13802 : 64;
13803 : 60;
13804 : 60;
13805 : 64;
13806 : 60;
13807 : 20;
13808 : 20;
13809 : 40;
13810 : 40;
13811 : 40;
13812 : 40;
13813 : 40;
13814 : 40;
13815 : 40;
13816 : 40;
13817 : 40;
13818 : 40;
13819 : 40;
13820 : 40;
13821 : 40;
13822 : 40;
13823 : 60;
13824 : 60;
13825 : 60;
13826 : 60;
13827 : 60;
13828 : 64;
13829 : 60;
13830 : 60;
13831 : 60;
13832 : 60;
13833 : 60;
13834 : 40;
13835 : 40;
13836 : 64;
13837 : 64;
13838 : 64;
13839 : 64;
13840 : 64;
13841 : 64;
13842 : 64;
13843 : 64;
13844 : 64;
13845 : 64;
13846 : 64;
13847 : 84;
13848 : 64;
13849 : 64;
13850 : 84;
13851 : 84;
13852 : 85;
13853 : 84;
13854 : 84;
13855 : 84;
13856 : 84;
13857 : 64;
13858 : 64;
13859 : 64;
13860 : 64;
13861 : 64;
13862 : 64;
13863 : 64;
13864 : 64;
13865 : 64;
13866 : 84;
13867 : 85;
13868 : 85;
13869 : 84;
13870 : 84;
13871 : 84;
13872 : 84;
13873 : 64;
13874 : 64;
13875 : 64;
13876 : 60;
13877 : 60;
13878 : 40;
13879 : 40;
13880 : 20;
13881 : 40;
13882 : 40;
13883 : 40;
13884 : 64;
13885 : 64;
13886 : 64;
13887 : 64;
13888 : 64;
13889 : 40;
13890 : 40;
13891 : 40;
13892 : 40;
13893 : 40;
13894 : 40;
13895 : 40;
13896 : 40;
13897 : 40;
13898 : 60;
13899 : 64;
13900 : 64;
13901 : 64;
13902 : 64;
13903 : 64;
13904 : 64;
13905 : 40;
13906 : 40;
13907 : 40;
13908 : 64;
13909 : 64;
13910 : 64;
13911 : 64;
13912 : 64;
13913 : 64;
13914 : 64;
13915 : 64;
13916 : 64;
13917 : 64;
13918 : 64;
13919 : 64;
13920 : 64;
13921 : 64;
13922 : 64;
13923 : 40;
13924 : 40;
13925 : 40;
13926 : 40;
13927 : 64;
13928 : 40;
13929 : 64;
13930 : 64;
13931 : 64;
13932 : 64;
13933 : 64;
13934 : 64;
13935 : 64;
13936 : 64;
13937 : 64;
13938 : 64;
13939 : 64;
13940 : 64;
13941 : 64;
13942 : 64;
13943 : 64;
13944 : 64;
13945 : 64;
13946 : 64;
13947 : 64;
13948 : 64;
13949 : 64;
13950 : 64;
13951 : 64;
13952 : 64;
13953 : 64;
13954 : 64;
13955 : 40;
13956 : 64;
13957 : 64;
13958 : 64;
13959 : 64;
13960 : 64;
13961 : 64;
13962 : 64;
13963 : 64;
13964 : 64;
13965 : 64;
13966 : 64;
13967 : 64;
13968 : 40;
13969 : 44;
13970 : 40;
13971 : 64;
13972 : 64;
13973 : 64;
13974 : 64;
13975 : 64;
13976 : 64;
13977 : 64;
13978 : 64;
13979 : 64;
13980 : 64;
13981 : 64;
13982 : 64;
13983 : 44;
13984 : 40;
13985 : 44;
13986 : 40;
13987 : 40;
13988 : 40;
13989 : 40;
13990 : 20;
13991 : 64;
13992 : 40;
13993 : 40;
13994 : 40;
13995 : 40;
13996 : 40;
13997 : 40;
13998 : 40;
13999 : 44;
14000 : 49;
14001 : 49;
14002 : 92;
14003 : 6D;
14004 : 49;
14005 : 49;
14006 : 6D;
14007 : 6D;
14008 : 6D;
14009 : 6D;
14010 : 6D;
14011 : 6D;
14012 : 6D;
14013 : 6D;
14014 : 6D;
14015 : 6D;
14016 : 4D;
14017 : 4D;
14018 : 4D;
14019 : 4D;
14020 : 4D;
14021 : 6D;
14022 : 6D;
14023 : 6D;
14024 : 6D;
14025 : 6D;
14026 : 6D;
14027 : 6D;
14028 : 6D;
14029 : 6D;
14030 : 6D;
14031 : 6D;
14032 : 6D;
14033 : 6D;
14034 : 6D;
14035 : 6D;
14036 : 6D;
14037 : 6D;
14038 : 6D;
14039 : 6D;
14040 : 6D;
14041 : 6D;
14042 : 6D;
14043 : 6D;
14044 : 6D;
14045 : 6D;
14046 : 6D;
14047 : 6D;
14048 : 6D;
14049 : 6D;
14050 : 6D;
14051 : 6D;
14052 : 6D;
14053 : 6D;
14054 : 6D;
14055 : 6D;
14056 : 69;
14057 : 69;
14058 : 69;
14059 : 69;
14060 : 49;
14061 : 49;
14062 : 49;
14063 : 49;
14064 : 49;
14065 : 49;
14066 : 49;
14067 : 49;
14068 : 49;
14069 : 49;
14070 : 49;
14071 : 49;
14072 : 49;
14073 : 49;
14074 : 24;
14075 : 49;
14076 : 49;
14077 : 24;
14078 : 24;
14079 : 24;
14080 : 40;
14081 : 40;
14082 : 40;
14083 : 40;
14084 : 40;
14085 : 40;
14086 : 40;
14087 : 40;
14088 : 40;
14089 : 40;
14090 : 40;
14091 : 40;
14092 : 40;
14093 : 40;
14094 : 40;
14095 : 40;
14096 : 40;
14097 : 40;
14098 : 40;
14099 : 40;
14100 : 40;
14101 : 85;
14102 : A5;
14103 : 64;
14104 : 20;
14105 : 20;
14106 : 20;
14107 : 64;
14108 : 85;
14109 : A9;
14110 : 84;
14111 : 40;
14112 : 20;
14113 : 40;
14114 : 40;
14115 : 40;
14116 : 40;
14117 : 40;
14118 : 20;
14119 : 20;
14120 : 20;
14121 : 20;
14122 : 20;
14123 : 20;
14124 : 20;
14125 : 20;
14126 : 40;
14127 : 40;
14128 : 64;
14129 : 20;
14130 : 20;
14131 : 40;
14132 : 40;
14133 : 40;
14134 : 40;
14135 : 40;
14136 : 40;
14137 : 40;
14138 : 40;
14139 : 40;
14140 : 40;
14141 : 40;
14142 : 40;
14143 : 60;
14144 : 60;
14145 : 60;
14146 : 60;
14147 : 60;
14148 : 40;
14149 : 60;
14150 : 40;
14151 : 60;
14152 : 60;
14153 : 64;
14154 : 40;
14155 : 64;
14156 : 64;
14157 : 64;
14158 : 64;
14159 : 64;
14160 : 64;
14161 : 64;
14162 : 64;
14163 : 64;
14164 : 64;
14165 : 64;
14166 : 84;
14167 : 64;
14168 : 64;
14169 : 64;
14170 : 64;
14171 : 84;
14172 : 85;
14173 : 84;
14174 : 84;
14175 : 84;
14176 : 84;
14177 : 64;
14178 : 64;
14179 : 64;
14180 : 64;
14181 : 64;
14182 : 64;
14183 : 64;
14184 : 64;
14185 : 84;
14186 : 85;
14187 : 85;
14188 : 85;
14189 : 84;
14190 : 84;
14191 : 84;
14192 : 64;
14193 : 64;
14194 : 64;
14195 : 40;
14196 : 60;
14197 : 60;
14198 : 40;
14199 : 40;
14200 : 40;
14201 : 40;
14202 : 40;
14203 : 40;
14204 : 64;
14205 : 64;
14206 : 64;
14207 : 64;
14208 : 40;
14209 : 20;
14210 : 20;
14211 : 40;
14212 : 40;
14213 : 40;
14214 : 40;
14215 : 40;
14216 : 40;
14217 : 40;
14218 : 64;
14219 : 64;
14220 : 64;
14221 : 64;
14222 : 64;
14223 : 64;
14224 : 40;
14225 : 40;
14226 : 40;
14227 : 40;
14228 : 64;
14229 : 64;
14230 : 64;
14231 : 64;
14232 : 64;
14233 : 64;
14234 : 64;
14235 : 64;
14236 : 64;
14237 : 64;
14238 : 64;
14239 : 64;
14240 : 64;
14241 : 64;
14242 : 64;
14243 : 40;
14244 : 40;
14245 : 64;
14246 : 64;
14247 : 40;
14248 : 64;
14249 : 64;
14250 : 64;
14251 : 64;
14252 : 64;
14253 : 64;
14254 : 64;
14255 : 64;
14256 : 64;
14257 : 64;
14258 : 64;
14259 : 64;
14260 : 64;
14261 : 64;
14262 : 64;
14263 : 64;
14264 : 64;
14265 : 64;
14266 : 64;
14267 : 64;
14268 : 64;
14269 : 64;
14270 : 64;
14271 : 64;
14272 : 64;
14273 : 40;
14274 : 64;
14275 : 40;
14276 : 64;
14277 : 64;
14278 : 64;
14279 : 64;
14280 : 64;
14281 : 64;
14282 : 64;
14283 : 64;
14284 : 64;
14285 : 64;
14286 : 64;
14287 : 64;
14288 : 44;
14289 : 64;
14290 : 40;
14291 : 64;
14292 : 64;
14293 : 64;
14294 : 64;
14295 : 64;
14296 : 64;
14297 : 64;
14298 : 64;
14299 : 44;
14300 : 64;
14301 : 64;
14302 : 64;
14303 : 64;
14304 : 44;
14305 : 40;
14306 : 44;
14307 : 40;
14308 : 40;
14309 : 40;
14310 : 40;
14311 : 40;
14312 : 40;
14313 : 40;
14314 : 40;
14315 : 40;
14316 : 40;
14317 : 40;
14318 : 40;
14319 : 44;
14320 : 49;
14321 : 49;
14322 : 92;
14323 : 6D;
14324 : 49;
14325 : 49;
14326 : 6D;
14327 : 6D;
14328 : 6D;
14329 : 6D;
14330 : 6D;
14331 : 6D;
14332 : 6D;
14333 : 6D;
14334 : 6D;
14335 : 6D;
14336 : 6D;
14337 : 6D;
14338 : 6D;
14339 : 6D;
14340 : 6D;
14341 : 6D;
14342 : 6D;
14343 : 6D;
14344 : 6D;
14345 : 6D;
14346 : 6D;
14347 : 6D;
14348 : 6D;
14349 : 6D;
14350 : 6D;
14351 : 6D;
14352 : 6D;
14353 : 6D;
14354 : 6D;
14355 : 6D;
14356 : 6D;
14357 : 6D;
14358 : 6D;
14359 : 6D;
14360 : 6D;
14361 : 6D;
14362 : 6D;
14363 : 6D;
14364 : 6D;
14365 : 6D;
14366 : 6D;
14367 : 6D;
14368 : 6D;
14369 : 6D;
14370 : 6D;
14371 : 6D;
14372 : 6D;
14373 : 6D;
14374 : 6D;
14375 : 6D;
14376 : 6D;
14377 : 6D;
14378 : 69;
14379 : 69;
14380 : 69;
14381 : 49;
14382 : 49;
14383 : 49;
14384 : 49;
14385 : 49;
14386 : 49;
14387 : 49;
14388 : 49;
14389 : 49;
14390 : 49;
14391 : 49;
14392 : 49;
14393 : 49;
14394 : 24;
14395 : 49;
14396 : 49;
14397 : 24;
14398 : 24;
14399 : 24;
14400 : 40;
14401 : 40;
14402 : 40;
14403 : 40;
14404 : 40;
14405 : 40;
14406 : 40;
14407 : 40;
14408 : 40;
14409 : 40;
14410 : 40;
14411 : 40;
14412 : 40;
14413 : 40;
14414 : 40;
14415 : 40;
14416 : 40;
14417 : 40;
14418 : 40;
14419 : 40;
14420 : 40;
14421 : 85;
14422 : A5;
14423 : 64;
14424 : 20;
14425 : 20;
14426 : 20;
14427 : 60;
14428 : 84;
14429 : A9;
14430 : A9;
14431 : 64;
14432 : 40;
14433 : 20;
14434 : 20;
14435 : 20;
14436 : 20;
14437 : 20;
14438 : 40;
14439 : 40;
14440 : 40;
14441 : 40;
14442 : 40;
14443 : 40;
14444 : 40;
14445 : 40;
14446 : 40;
14447 : 20;
14448 : 20;
14449 : 60;
14450 : 64;
14451 : 20;
14452 : 40;
14453 : 40;
14454 : 40;
14455 : 40;
14456 : 40;
14457 : 40;
14458 : 40;
14459 : 40;
14460 : 40;
14461 : 40;
14462 : 40;
14463 : 60;
14464 : 40;
14465 : 40;
14466 : 60;
14467 : 60;
14468 : 60;
14469 : 60;
14470 : 60;
14471 : 60;
14472 : 60;
14473 : 60;
14474 : 40;
14475 : 64;
14476 : 64;
14477 : 64;
14478 : 64;
14479 : 64;
14480 : 64;
14481 : 64;
14482 : 64;
14483 : 64;
14484 : 64;
14485 : 64;
14486 : 84;
14487 : 84;
14488 : 64;
14489 : 64;
14490 : 64;
14491 : 84;
14492 : 85;
14493 : 84;
14494 : 84;
14495 : 84;
14496 : 64;
14497 : 64;
14498 : 64;
14499 : 64;
14500 : 64;
14501 : 64;
14502 : 64;
14503 : 64;
14504 : 64;
14505 : 84;
14506 : 85;
14507 : 85;
14508 : 84;
14509 : 84;
14510 : 84;
14511 : 84;
14512 : 64;
14513 : 64;
14514 : 40;
14515 : 60;
14516 : 60;
14517 : 60;
14518 : 60;
14519 : 40;
14520 : 40;
14521 : 40;
14522 : 40;
14523 : 64;
14524 : 64;
14525 : 64;
14526 : 64;
14527 : 64;
14528 : 40;
14529 : 20;
14530 : 20;
14531 : 40;
14532 : 40;
14533 : 40;
14534 : 40;
14535 : 40;
14536 : 40;
14537 : 44;
14538 : 64;
14539 : 64;
14540 : 64;
14541 : 64;
14542 : 64;
14543 : 64;
14544 : 40;
14545 : 40;
14546 : 40;
14547 : 64;
14548 : 64;
14549 : 64;
14550 : 64;
14551 : 64;
14552 : 64;
14553 : 64;
14554 : 64;
14555 : 64;
14556 : 64;
14557 : 64;
14558 : 64;
14559 : 64;
14560 : 64;
14561 : 64;
14562 : 64;
14563 : 40;
14564 : 40;
14565 : 40;
14566 : 40;
14567 : 64;
14568 : 64;
14569 : 64;
14570 : 64;
14571 : 64;
14572 : 64;
14573 : 64;
14574 : 64;
14575 : 64;
14576 : 64;
14577 : 64;
14578 : 64;
14579 : 64;
14580 : 64;
14581 : 64;
14582 : 64;
14583 : 64;
14584 : 64;
14585 : 64;
14586 : 64;
14587 : 64;
14588 : 64;
14589 : 64;
14590 : 64;
14591 : 64;
14592 : 64;
14593 : 40;
14594 : 64;
14595 : 40;
14596 : 64;
14597 : 64;
14598 : 64;
14599 : 64;
14600 : 64;
14601 : 64;
14602 : 64;
14603 : 64;
14604 : 64;
14605 : 64;
14606 : 64;
14607 : 64;
14608 : 40;
14609 : 44;
14610 : 40;
14611 : 64;
14612 : 64;
14613 : 64;
14614 : 64;
14615 : 64;
14616 : 64;
14617 : 64;
14618 : 64;
14619 : 64;
14620 : 44;
14621 : 64;
14622 : 64;
14623 : 64;
14624 : 64;
14625 : 40;
14626 : 44;
14627 : 40;
14628 : 40;
14629 : 40;
14630 : 40;
14631 : 40;
14632 : 40;
14633 : 40;
14634 : 40;
14635 : 40;
14636 : 40;
14637 : 40;
14638 : 40;
14639 : 40;
14640 : 49;
14641 : 49;
14642 : 92;
14643 : 6D;
14644 : 49;
14645 : 49;
14646 : 6D;
14647 : 6D;
14648 : 6D;
14649 : 6D;
14650 : 6D;
14651 : 6D;
14652 : 6D;
14653 : 6D;
14654 : 6D;
14655 : 6D;
14656 : 6D;
14657 : 6D;
14658 : 6D;
14659 : 6D;
14660 : 6D;
14661 : 6D;
14662 : 6D;
14663 : 6D;
14664 : 6D;
14665 : 6D;
14666 : 6D;
14667 : 6D;
14668 : 6D;
14669 : 6D;
14670 : 6D;
14671 : 6D;
14672 : 6D;
14673 : 6D;
14674 : 6D;
14675 : 6D;
14676 : 6D;
14677 : 6D;
14678 : 6D;
14679 : 6D;
14680 : 6D;
14681 : 6D;
14682 : 6D;
14683 : 6D;
14684 : 6D;
14685 : 6D;
14686 : 6D;
14687 : 6D;
14688 : 6D;
14689 : 6D;
14690 : 6D;
14691 : 6D;
14692 : 6D;
14693 : 6D;
14694 : 6D;
14695 : 6D;
14696 : 6D;
14697 : 6D;
14698 : 6D;
14699 : 69;
14700 : 69;
14701 : 69;
14702 : 49;
14703 : 49;
14704 : 49;
14705 : 49;
14706 : 49;
14707 : 49;
14708 : 49;
14709 : 49;
14710 : 49;
14711 : 49;
14712 : 49;
14713 : 49;
14714 : 24;
14715 : 49;
14716 : 49;
14717 : 24;
14718 : 24;
14719 : 24;
14720 : 40;
14721 : 40;
14722 : 40;
14723 : 40;
14724 : 40;
14725 : 40;
14726 : 40;
14727 : 40;
14728 : 40;
14729 : 40;
14730 : 40;
14731 : 40;
14732 : 40;
14733 : 40;
14734 : 40;
14735 : 40;
14736 : 40;
14737 : 40;
14738 : 40;
14739 : 40;
14740 : 40;
14741 : 85;
14742 : 85;
14743 : 40;
14744 : 20;
14745 : 20;
14746 : 40;
14747 : 20;
14748 : 64;
14749 : 85;
14750 : A9;
14751 : 85;
14752 : 40;
14753 : 40;
14754 : 40;
14755 : 40;
14756 : 40;
14757 : 40;
14758 : 40;
14759 : 40;
14760 : 40;
14761 : 40;
14762 : 40;
14763 : 40;
14764 : 40;
14765 : 40;
14766 : 40;
14767 : 40;
14768 : 40;
14769 : 40;
14770 : 20;
14771 : 60;
14772 : 40;
14773 : 40;
14774 : 40;
14775 : 40;
14776 : 40;
14777 : 40;
14778 : 40;
14779 : 40;
14780 : 40;
14781 : 40;
14782 : 40;
14783 : 40;
14784 : 40;
14785 : 40;
14786 : 60;
14787 : 60;
14788 : 60;
14789 : 60;
14790 : 60;
14791 : 60;
14792 : 60;
14793 : 40;
14794 : 64;
14795 : 60;
14796 : 60;
14797 : 64;
14798 : 64;
14799 : 64;
14800 : 64;
14801 : 64;
14802 : 64;
14803 : 64;
14804 : 64;
14805 : 64;
14806 : 84;
14807 : 84;
14808 : 64;
14809 : 64;
14810 : 64;
14811 : 84;
14812 : 84;
14813 : 84;
14814 : 84;
14815 : 84;
14816 : 64;
14817 : 64;
14818 : 64;
14819 : 64;
14820 : 64;
14821 : 64;
14822 : 64;
14823 : 64;
14824 : 84;
14825 : 85;
14826 : 85;
14827 : 85;
14828 : 84;
14829 : 84;
14830 : 84;
14831 : 64;
14832 : 64;
14833 : 60;
14834 : 60;
14835 : 40;
14836 : 60;
14837 : 60;
14838 : 64;
14839 : 20;
14840 : 40;
14841 : 40;
14842 : 40;
14843 : 64;
14844 : 64;
14845 : 64;
14846 : 64;
14847 : 64;
14848 : 40;
14849 : 20;
14850 : 40;
14851 : 40;
14852 : 40;
14853 : 40;
14854 : 40;
14855 : 40;
14856 : 64;
14857 : 64;
14858 : 64;
14859 : 64;
14860 : 64;
14861 : 64;
14862 : 64;
14863 : 40;
14864 : 40;
14865 : 40;
14866 : 64;
14867 : 64;
14868 : 64;
14869 : 64;
14870 : 64;
14871 : 64;
14872 : 64;
14873 : 64;
14874 : 64;
14875 : 64;
14876 : 64;
14877 : 64;
14878 : 64;
14879 : 64;
14880 : 64;
14881 : 64;
14882 : 20;
14883 : 40;
14884 : 40;
14885 : 44;
14886 : 64;
14887 : 64;
14888 : 64;
14889 : 64;
14890 : 64;
14891 : 64;
14892 : 64;
14893 : 64;
14894 : 64;
14895 : 64;
14896 : 64;
14897 : 64;
14898 : 64;
14899 : 64;
14900 : 64;
14901 : 64;
14902 : 64;
14903 : 64;
14904 : 64;
14905 : 64;
14906 : 64;
14907 : 64;
14908 : 64;
14909 : 64;
14910 : 64;
14911 : 64;
14912 : 64;
14913 : 40;
14914 : 64;
14915 : 40;
14916 : 64;
14917 : 64;
14918 : 64;
14919 : 64;
14920 : 64;
14921 : 64;
14922 : 64;
14923 : 64;
14924 : 64;
14925 : 64;
14926 : 64;
14927 : 64;
14928 : 64;
14929 : 40;
14930 : 40;
14931 : 64;
14932 : 64;
14933 : 64;
14934 : 64;
14935 : 64;
14936 : 64;
14937 : 64;
14938 : 64;
14939 : 64;
14940 : 64;
14941 : 64;
14942 : 64;
14943 : 64;
14944 : 64;
14945 : 64;
14946 : 40;
14947 : 44;
14948 : 40;
14949 : 44;
14950 : 40;
14951 : 40;
14952 : 40;
14953 : 40;
14954 : 40;
14955 : 40;
14956 : 40;
14957 : 40;
14958 : 40;
14959 : 44;
14960 : 49;
14961 : 49;
14962 : 92;
14963 : 6D;
14964 : 49;
14965 : 49;
14966 : 6D;
14967 : 6D;
14968 : 6D;
14969 : 6D;
14970 : 6D;
14971 : 6D;
14972 : 6D;
14973 : 6D;
14974 : 6D;
14975 : 6D;
14976 : 6D;
14977 : 6D;
14978 : 6D;
14979 : 6D;
14980 : 6D;
14981 : 6D;
14982 : 6D;
14983 : 6D;
14984 : 6D;
14985 : 6D;
14986 : 6D;
14987 : 6D;
14988 : 6D;
14989 : 6D;
14990 : 6D;
14991 : 6D;
14992 : 6D;
14993 : 6D;
14994 : 6D;
14995 : 6D;
14996 : 6D;
14997 : 6D;
14998 : 6D;
14999 : 6D;
15000 : 6D;
15001 : 6D;
15002 : 6D;
15003 : 6D;
15004 : 6D;
15005 : 6D;
15006 : 6D;
15007 : 6D;
15008 : 6D;
15009 : 6D;
15010 : 6D;
15011 : 6D;
15012 : 6D;
15013 : 6D;
15014 : 6D;
15015 : 6D;
15016 : 6D;
15017 : 6D;
15018 : 6D;
15019 : 6D;
15020 : 6D;
15021 : 49;
15022 : 69;
15023 : 49;
15024 : 49;
15025 : 49;
15026 : 49;
15027 : 49;
15028 : 49;
15029 : 49;
15030 : 49;
15031 : 49;
15032 : 49;
15033 : 49;
15034 : 24;
15035 : 49;
15036 : 49;
15037 : 24;
15038 : 24;
15039 : 24;
15040 : 40;
15041 : 40;
15042 : 40;
15043 : 40;
15044 : 40;
15045 : 40;
15046 : 40;
15047 : 40;
15048 : 40;
15049 : 40;
15050 : 40;
15051 : 40;
15052 : 40;
15053 : 40;
15054 : 40;
15055 : 40;
15056 : 40;
15057 : 40;
15058 : 40;
15059 : 40;
15060 : 40;
15061 : 85;
15062 : 85;
15063 : 40;
15064 : 20;
15065 : 40;
15066 : 40;
15067 : 20;
15068 : 40;
15069 : 64;
15070 : 85;
15071 : 85;
15072 : 64;
15073 : 20;
15074 : 20;
15075 : 40;
15076 : 40;
15077 : 40;
15078 : 40;
15079 : 40;
15080 : 40;
15081 : 40;
15082 : 40;
15083 : 40;
15084 : 40;
15085 : 40;
15086 : 40;
15087 : 40;
15088 : 40;
15089 : 40;
15090 : 40;
15091 : 40;
15092 : 40;
15093 : 60;
15094 : 40;
15095 : 40;
15096 : 40;
15097 : 40;
15098 : 40;
15099 : 40;
15100 : 40;
15101 : 40;
15102 : 40;
15103 : 60;
15104 : 40;
15105 : 40;
15106 : 60;
15107 : 60;
15108 : 60;
15109 : 60;
15110 : 60;
15111 : 60;
15112 : 60;
15113 : 40;
15114 : 60;
15115 : 60;
15116 : 64;
15117 : 64;
15118 : 64;
15119 : 64;
15120 : 64;
15121 : 64;
15122 : 64;
15123 : 64;
15124 : 64;
15125 : 84;
15126 : 64;
15127 : 84;
15128 : 64;
15129 : 64;
15130 : 64;
15131 : 84;
15132 : 64;
15133 : 84;
15134 : 84;
15135 : 84;
15136 : 64;
15137 : 64;
15138 : 64;
15139 : 64;
15140 : 64;
15141 : 64;
15142 : 64;
15143 : 84;
15144 : 85;
15145 : 85;
15146 : 85;
15147 : 84;
15148 : 84;
15149 : 64;
15150 : 64;
15151 : 64;
15152 : 40;
15153 : 40;
15154 : 40;
15155 : 60;
15156 : 40;
15157 : 60;
15158 : 40;
15159 : 40;
15160 : 40;
15161 : 40;
15162 : 64;
15163 : 64;
15164 : 64;
15165 : 64;
15166 : 64;
15167 : 64;
15168 : 40;
15169 : 20;
15170 : 40;
15171 : 40;
15172 : 40;
15173 : 40;
15174 : 40;
15175 : 40;
15176 : 40;
15177 : 64;
15178 : 64;
15179 : 64;
15180 : 64;
15181 : 64;
15182 : 40;
15183 : 40;
15184 : 40;
15185 : 64;
15186 : 64;
15187 : 64;
15188 : 64;
15189 : 64;
15190 : 64;
15191 : 64;
15192 : 64;
15193 : 64;
15194 : 64;
15195 : 64;
15196 : 64;
15197 : 64;
15198 : 64;
15199 : 64;
15200 : 64;
15201 : 64;
15202 : 40;
15203 : 64;
15204 : 40;
15205 : 64;
15206 : 64;
15207 : 64;
15208 : 64;
15209 : 64;
15210 : 64;
15211 : 64;
15212 : 64;
15213 : 64;
15214 : 64;
15215 : 64;
15216 : 64;
15217 : 64;
15218 : 64;
15219 : 64;
15220 : 64;
15221 : 64;
15222 : 64;
15223 : 64;
15224 : 64;
15225 : 64;
15226 : 64;
15227 : 64;
15228 : 64;
15229 : 64;
15230 : 64;
15231 : 64;
15232 : 64;
15233 : 40;
15234 : 64;
15235 : 40;
15236 : 64;
15237 : 64;
15238 : 64;
15239 : 64;
15240 : 64;
15241 : 64;
15242 : 64;
15243 : 64;
15244 : 64;
15245 : 64;
15246 : 64;
15247 : 64;
15248 : 44;
15249 : 44;
15250 : 40;
15251 : 64;
15252 : 64;
15253 : 64;
15254 : 64;
15255 : 64;
15256 : 64;
15257 : 64;
15258 : 64;
15259 : 64;
15260 : 64;
15261 : 64;
15262 : 64;
15263 : 64;
15264 : 64;
15265 : 64;
15266 : 64;
15267 : 40;
15268 : 40;
15269 : 40;
15270 : 40;
15271 : 40;
15272 : 40;
15273 : 40;
15274 : 40;
15275 : 40;
15276 : 40;
15277 : 40;
15278 : 40;
15279 : 44;
15280 : 49;
15281 : 49;
15282 : 92;
15283 : 6D;
15284 : 49;
15285 : 49;
15286 : 6D;
15287 : 6D;
15288 : 6D;
15289 : 6D;
15290 : 6D;
15291 : 6D;
15292 : 6D;
15293 : 6D;
15294 : 6D;
15295 : 6D;
15296 : 6D;
15297 : 6D;
15298 : 6D;
15299 : 6D;
15300 : 6D;
15301 : 6D;
15302 : 6D;
15303 : 6D;
15304 : 6D;
15305 : 6D;
15306 : 6D;
15307 : 6D;
15308 : 6D;
15309 : 6D;
15310 : 6D;
15311 : 6D;
15312 : 6D;
15313 : 6D;
15314 : 6D;
15315 : 6D;
15316 : 6D;
15317 : 6D;
15318 : 6D;
15319 : 6D;
15320 : 6D;
15321 : 6D;
15322 : 6D;
15323 : 6D;
15324 : 6D;
15325 : 6D;
15326 : 6D;
15327 : 6D;
15328 : 6D;
15329 : 6D;
15330 : 6D;
15331 : 6D;
15332 : 6D;
15333 : 6D;
15334 : 6D;
15335 : 6D;
15336 : 6D;
15337 : 6D;
15338 : 6D;
15339 : 6D;
15340 : 6D;
15341 : 6D;
15342 : 69;
15343 : 69;
15344 : 69;
15345 : 49;
15346 : 49;
15347 : 49;
15348 : 49;
15349 : 49;
15350 : 49;
15351 : 49;
15352 : 49;
15353 : 49;
15354 : 24;
15355 : 49;
15356 : 49;
15357 : 24;
15358 : 24;
15359 : 24;
15360 : 40;
15361 : 40;
15362 : 40;
15363 : 40;
15364 : 40;
15365 : 40;
15366 : 40;
15367 : 40;
15368 : 40;
15369 : 40;
15370 : 40;
15371 : 40;
15372 : 40;
15373 : 40;
15374 : 40;
15375 : 40;
15376 : 40;
15377 : 40;
15378 : 40;
15379 : 20;
15380 : 64;
15381 : A5;
15382 : 84;
15383 : 20;
15384 : 40;
15385 : 40;
15386 : 40;
15387 : 20;
15388 : 40;
15389 : 40;
15390 : 64;
15391 : A9;
15392 : 85;
15393 : 40;
15394 : 20;
15395 : 40;
15396 : 40;
15397 : 40;
15398 : 40;
15399 : 40;
15400 : 40;
15401 : 40;
15402 : 40;
15403 : 40;
15404 : 40;
15405 : 40;
15406 : 40;
15407 : 40;
15408 : 40;
15409 : 40;
15410 : 40;
15411 : 40;
15412 : 40;
15413 : 20;
15414 : 40;
15415 : 20;
15416 : 40;
15417 : 40;
15418 : 40;
15419 : 40;
15420 : 40;
15421 : 40;
15422 : 40;
15423 : 40;
15424 : 40;
15425 : 60;
15426 : 60;
15427 : 60;
15428 : 60;
15429 : 60;
15430 : 60;
15431 : 60;
15432 : 40;
15433 : 60;
15434 : 40;
15435 : 64;
15436 : 64;
15437 : 64;
15438 : 64;
15439 : 40;
15440 : 64;
15441 : 64;
15442 : 64;
15443 : 64;
15444 : 64;
15445 : 84;
15446 : 64;
15447 : 84;
15448 : 64;
15449 : 64;
15450 : 64;
15451 : 84;
15452 : 64;
15453 : 84;
15454 : 84;
15455 : 84;
15456 : 64;
15457 : 64;
15458 : 64;
15459 : 64;
15460 : 64;
15461 : 64;
15462 : 84;
15463 : 84;
15464 : 85;
15465 : 85;
15466 : 85;
15467 : 84;
15468 : 84;
15469 : 64;
15470 : 64;
15471 : 64;
15472 : 40;
15473 : 40;
15474 : 40;
15475 : 40;
15476 : 40;
15477 : 64;
15478 : 20;
15479 : 40;
15480 : 40;
15481 : 64;
15482 : 64;
15483 : 64;
15484 : 64;
15485 : 64;
15486 : 44;
15487 : 64;
15488 : 20;
15489 : 40;
15490 : 40;
15491 : 40;
15492 : 40;
15493 : 40;
15494 : 40;
15495 : 40;
15496 : 40;
15497 : 64;
15498 : 64;
15499 : 64;
15500 : 64;
15501 : 64;
15502 : 40;
15503 : 40;
15504 : 44;
15505 : 64;
15506 : 64;
15507 : 64;
15508 : 64;
15509 : 64;
15510 : 64;
15511 : 64;
15512 : 64;
15513 : 64;
15514 : 64;
15515 : 64;
15516 : 64;
15517 : 64;
15518 : 64;
15519 : 64;
15520 : 64;
15521 : 40;
15522 : 64;
15523 : 40;
15524 : 64;
15525 : 64;
15526 : 64;
15527 : 64;
15528 : 64;
15529 : 64;
15530 : 64;
15531 : 64;
15532 : 64;
15533 : 64;
15534 : 64;
15535 : 64;
15536 : 64;
15537 : 64;
15538 : 64;
15539 : 64;
15540 : 64;
15541 : 64;
15542 : 64;
15543 : 64;
15544 : 64;
15545 : 64;
15546 : 64;
15547 : 64;
15548 : 64;
15549 : 64;
15550 : 64;
15551 : 64;
15552 : 64;
15553 : 40;
15554 : 64;
15555 : 40;
15556 : 64;
15557 : 64;
15558 : 64;
15559 : 64;
15560 : 64;
15561 : 64;
15562 : 64;
15563 : 64;
15564 : 64;
15565 : 64;
15566 : 64;
15567 : 64;
15568 : 40;
15569 : 64;
15570 : 40;
15571 : 64;
15572 : 64;
15573 : 64;
15574 : 64;
15575 : 64;
15576 : 64;
15577 : 64;
15578 : 64;
15579 : 64;
15580 : 64;
15581 : 64;
15582 : 40;
15583 : 64;
15584 : 64;
15585 : 64;
15586 : 64;
15587 : 40;
15588 : 44;
15589 : 40;
15590 : 40;
15591 : 40;
15592 : 40;
15593 : 40;
15594 : 40;
15595 : 40;
15596 : 40;
15597 : 40;
15598 : 40;
15599 : 44;
15600 : 49;
15601 : 49;
15602 : 92;
15603 : 6D;
15604 : 49;
15605 : 49;
15606 : 6D;
15607 : 6D;
15608 : 6D;
15609 : 6D;
15610 : 6D;
15611 : 6D;
15612 : 6D;
15613 : 6D;
15614 : 6D;
15615 : 6D;
15616 : 6D;
15617 : 6D;
15618 : 6D;
15619 : 6D;
15620 : 6D;
15621 : 6D;
15622 : 6D;
15623 : 6D;
15624 : 6D;
15625 : 6D;
15626 : 6D;
15627 : 6D;
15628 : 6D;
15629 : 6D;
15630 : 6D;
15631 : 6D;
15632 : 6D;
15633 : 6D;
15634 : 6D;
15635 : 6D;
15636 : 6D;
15637 : 6D;
15638 : 6D;
15639 : 6D;
15640 : 6D;
15641 : 6D;
15642 : 6D;
15643 : 6D;
15644 : 6D;
15645 : 6D;
15646 : 6D;
15647 : 6D;
15648 : 6D;
15649 : 6D;
15650 : 6D;
15651 : 6D;
15652 : 6D;
15653 : 6D;
15654 : 6D;
15655 : 6D;
15656 : 6D;
15657 : 6D;
15658 : 6D;
15659 : 6D;
15660 : 6D;
15661 : 6D;
15662 : 6D;
15663 : 69;
15664 : 49;
15665 : 69;
15666 : 69;
15667 : 69;
15668 : 49;
15669 : 49;
15670 : 49;
15671 : 49;
15672 : 49;
15673 : 49;
15674 : 24;
15675 : 49;
15676 : 49;
15677 : 24;
15678 : 24;
15679 : 24;
15680 : 40;
15681 : 40;
15682 : 40;
15683 : 40;
15684 : 40;
15685 : 40;
15686 : 40;
15687 : 40;
15688 : 40;
15689 : 40;
15690 : 40;
15691 : 40;
15692 : 40;
15693 : 40;
15694 : 40;
15695 : 40;
15696 : 40;
15697 : 40;
15698 : 40;
15699 : 20;
15700 : 85;
15701 : 85;
15702 : 60;
15703 : 20;
15704 : 40;
15705 : 40;
15706 : 40;
15707 : 20;
15708 : 20;
15709 : 40;
15710 : 64;
15711 : 85;
15712 : A9;
15713 : 84;
15714 : 40;
15715 : 20;
15716 : 40;
15717 : 40;
15718 : 40;
15719 : 40;
15720 : 40;
15721 : 40;
15722 : 40;
15723 : 40;
15724 : 40;
15725 : 40;
15726 : 40;
15727 : 40;
15728 : 40;
15729 : 40;
15730 : 40;
15731 : 40;
15732 : 40;
15733 : 40;
15734 : 20;
15735 : 40;
15736 : 40;
15737 : 40;
15738 : 40;
15739 : 40;
15740 : 40;
15741 : 40;
15742 : 40;
15743 : 40;
15744 : 40;
15745 : 60;
15746 : 60;
15747 : 60;
15748 : 60;
15749 : 60;
15750 : 60;
15751 : 60;
15752 : 40;
15753 : 40;
15754 : 64;
15755 : 64;
15756 : 64;
15757 : 64;
15758 : 40;
15759 : 64;
15760 : 64;
15761 : 64;
15762 : 64;
15763 : 64;
15764 : 64;
15765 : 64;
15766 : 64;
15767 : 64;
15768 : 64;
15769 : 64;
15770 : 64;
15771 : 84;
15772 : 64;
15773 : 84;
15774 : 84;
15775 : 64;
15776 : 64;
15777 : 64;
15778 : 64;
15779 : 64;
15780 : 64;
15781 : 64;
15782 : 84;
15783 : 84;
15784 : 85;
15785 : 85;
15786 : 85;
15787 : 84;
15788 : 84;
15789 : 64;
15790 : 64;
15791 : 40;
15792 : 40;
15793 : 40;
15794 : 40;
15795 : 40;
15796 : 60;
15797 : 40;
15798 : 40;
15799 : 40;
15800 : 40;
15801 : 64;
15802 : 64;
15803 : 64;
15804 : 64;
15805 : 64;
15806 : 64;
15807 : 64;
15808 : 20;
15809 : 40;
15810 : 40;
15811 : 40;
15812 : 40;
15813 : 40;
15814 : 40;
15815 : 40;
15816 : 40;
15817 : 64;
15818 : 64;
15819 : 64;
15820 : 64;
15821 : 40;
15822 : 40;
15823 : 40;
15824 : 64;
15825 : 64;
15826 : 64;
15827 : 64;
15828 : 64;
15829 : 64;
15830 : 64;
15831 : 64;
15832 : 64;
15833 : 64;
15834 : 64;
15835 : 64;
15836 : 64;
15837 : 64;
15838 : 64;
15839 : 64;
15840 : 64;
15841 : 40;
15842 : 64;
15843 : 40;
15844 : 64;
15845 : 64;
15846 : 64;
15847 : 64;
15848 : 64;
15849 : 64;
15850 : 64;
15851 : 64;
15852 : 64;
15853 : 64;
15854 : 64;
15855 : 64;
15856 : 64;
15857 : 64;
15858 : 64;
15859 : 64;
15860 : 64;
15861 : 64;
15862 : 64;
15863 : 64;
15864 : 64;
15865 : 64;
15866 : 64;
15867 : 64;
15868 : 64;
15869 : 64;
15870 : 64;
15871 : 64;
15872 : 44;
15873 : 64;
15874 : 64;
15875 : 40;
15876 : 64;
15877 : 64;
15878 : 64;
15879 : 64;
15880 : 64;
15881 : 64;
15882 : 64;
15883 : 64;
15884 : 64;
15885 : 64;
15886 : 64;
15887 : 64;
15888 : 40;
15889 : 64;
15890 : 40;
15891 : 64;
15892 : 64;
15893 : 64;
15894 : 64;
15895 : 64;
15896 : 64;
15897 : 64;
15898 : 64;
15899 : 64;
15900 : 64;
15901 : 64;
15902 : 64;
15903 : 44;
15904 : 64;
15905 : 64;
15906 : 64;
15907 : 64;
15908 : 44;
15909 : 40;
15910 : 40;
15911 : 40;
15912 : 20;
15913 : 40;
15914 : 40;
15915 : 40;
15916 : 40;
15917 : 40;
15918 : 40;
15919 : 44;
15920 : 49;
15921 : 49;
15922 : 92;
15923 : 6D;
15924 : 49;
15925 : 49;
15926 : 6D;
15927 : 6D;
15928 : 6D;
15929 : 6D;
15930 : 6D;
15931 : 6D;
15932 : 6D;
15933 : 6D;
15934 : 6D;
15935 : 6D;
15936 : 6D;
15937 : 6D;
15938 : 6D;
15939 : 6D;
15940 : 6D;
15941 : 6D;
15942 : 6D;
15943 : 6D;
15944 : 6D;
15945 : 6D;
15946 : 6D;
15947 : 6D;
15948 : 6D;
15949 : 6D;
15950 : 6D;
15951 : 6D;
15952 : 6D;
15953 : 6D;
15954 : 6D;
15955 : 6D;
15956 : 6D;
15957 : 6D;
15958 : 6D;
15959 : 6D;
15960 : 6D;
15961 : 6D;
15962 : 6D;
15963 : 6D;
15964 : 6D;
15965 : 6D;
15966 : 6D;
15967 : 6D;
15968 : 6D;
15969 : 6D;
15970 : 6D;
15971 : 6D;
15972 : 6D;
15973 : 6D;
15974 : 6D;
15975 : 6D;
15976 : 6D;
15977 : 6D;
15978 : 6D;
15979 : 6D;
15980 : 6D;
15981 : 6D;
15982 : 69;
15983 : 49;
15984 : 49;
15985 : 49;
15986 : 49;
15987 : 49;
15988 : 49;
15989 : 49;
15990 : 49;
15991 : 49;
15992 : 49;
15993 : 49;
15994 : 24;
15995 : 49;
15996 : 49;
15997 : 24;
15998 : 24;
15999 : 24;
16000 : 40;
16001 : 40;
16002 : 40;
16003 : 40;
16004 : 40;
16005 : 40;
16006 : 40;
16007 : 40;
16008 : 40;
16009 : 40;
16010 : 40;
16011 : 40;
16012 : 40;
16013 : 40;
16014 : 40;
16015 : 40;
16016 : 40;
16017 : 40;
16018 : 20;
16019 : 60;
16020 : A5;
16021 : 85;
16022 : 20;
16023 : 20;
16024 : 40;
16025 : 40;
16026 : 40;
16027 : 40;
16028 : 20;
16029 : 20;
16030 : 40;
16031 : 64;
16032 : A9;
16033 : A9;
16034 : 64;
16035 : 40;
16036 : 40;
16037 : 40;
16038 : 40;
16039 : 40;
16040 : 40;
16041 : 40;
16042 : 40;
16043 : 40;
16044 : 40;
16045 : 40;
16046 : 40;
16047 : 40;
16048 : 40;
16049 : 40;
16050 : 40;
16051 : 40;
16052 : 40;
16053 : 40;
16054 : 40;
16055 : 40;
16056 : 40;
16057 : 40;
16058 : 40;
16059 : 40;
16060 : 40;
16061 : 40;
16062 : 40;
16063 : 40;
16064 : 40;
16065 : 60;
16066 : 60;
16067 : 60;
16068 : 60;
16069 : 60;
16070 : 40;
16071 : 40;
16072 : 40;
16073 : 40;
16074 : 60;
16075 : 64;
16076 : 64;
16077 : 40;
16078 : 64;
16079 : 40;
16080 : 64;
16081 : 64;
16082 : 64;
16083 : 64;
16084 : 64;
16085 : 64;
16086 : 64;
16087 : 64;
16088 : 64;
16089 : 64;
16090 : 64;
16091 : 64;
16092 : 64;
16093 : 64;
16094 : 84;
16095 : 64;
16096 : 64;
16097 : 64;
16098 : 64;
16099 : 64;
16100 : 64;
16101 : 64;
16102 : 84;
16103 : 84;
16104 : 85;
16105 : 85;
16106 : 84;
16107 : 84;
16108 : 64;
16109 : 64;
16110 : 40;
16111 : 40;
16112 : 40;
16113 : 40;
16114 : 40;
16115 : 60;
16116 : 40;
16117 : 40;
16118 : 40;
16119 : 40;
16120 : 40;
16121 : 64;
16122 : 64;
16123 : 64;
16124 : 84;
16125 : 64;
16126 : 64;
16127 : 20;
16128 : 40;
16129 : 40;
16130 : 40;
16131 : 40;
16132 : 40;
16133 : 40;
16134 : 40;
16135 : 64;
16136 : 64;
16137 : 64;
16138 : 64;
16139 : 64;
16140 : 64;
16141 : 40;
16142 : 40;
16143 : 40;
16144 : 44;
16145 : 64;
16146 : 64;
16147 : 64;
16148 : 64;
16149 : 64;
16150 : 64;
16151 : 64;
16152 : 64;
16153 : 64;
16154 : 64;
16155 : 64;
16156 : 64;
16157 : 64;
16158 : 64;
16159 : 64;
16160 : 64;
16161 : 40;
16162 : 64;
16163 : 40;
16164 : 64;
16165 : 64;
16166 : 64;
16167 : 64;
16168 : 64;
16169 : 64;
16170 : 64;
16171 : 64;
16172 : 64;
16173 : 64;
16174 : 64;
16175 : 64;
16176 : 64;
16177 : 64;
16178 : 64;
16179 : 64;
16180 : 64;
16181 : 64;
16182 : 64;
16183 : 64;
16184 : 64;
16185 : 64;
16186 : 64;
16187 : 64;
16188 : 64;
16189 : 64;
16190 : 64;
16191 : 64;
16192 : 40;
16193 : 64;
16194 : 40;
16195 : 44;
16196 : 64;
16197 : 64;
16198 : 64;
16199 : 64;
16200 : 64;
16201 : 64;
16202 : 64;
16203 : 64;
16204 : 64;
16205 : 64;
16206 : 64;
16207 : 64;
16208 : 44;
16209 : 64;
16210 : 40;
16211 : 64;
16212 : 64;
16213 : 64;
16214 : 64;
16215 : 64;
16216 : 64;
16217 : 64;
16218 : 64;
16219 : 64;
16220 : 64;
16221 : 64;
16222 : 64;
16223 : 64;
16224 : 64;
16225 : 64;
16226 : 64;
16227 : 64;
16228 : 44;
16229 : 40;
16230 : 40;
16231 : 40;
16232 : 40;
16233 : 40;
16234 : 40;
16235 : 40;
16236 : 40;
16237 : 40;
16238 : 40;
16239 : 44;
16240 : 49;
16241 : 49;
16242 : 92;
16243 : 6D;
16244 : 49;
16245 : 49;
16246 : 6D;
16247 : 6D;
16248 : 6D;
16249 : 6D;
16250 : 6D;
16251 : 6D;
16252 : 6D;
16253 : 6D;
16254 : 6D;
16255 : 6D;
16256 : 6D;
16257 : 6D;
16258 : 6D;
16259 : 6D;
16260 : 6D;
16261 : 6D;
16262 : 6D;
16263 : 6D;
16264 : 6D;
16265 : 6D;
16266 : 6D;
16267 : 6D;
16268 : 6D;
16269 : 6D;
16270 : 6D;
16271 : 6D;
16272 : 6D;
16273 : 6D;
16274 : 6D;
16275 : 6D;
16276 : 6D;
16277 : 6D;
16278 : 6D;
16279 : 6D;
16280 : 6D;
16281 : 6D;
16282 : 6D;
16283 : 6D;
16284 : 6D;
16285 : 6D;
16286 : 6D;
16287 : 6D;
16288 : 6D;
16289 : 6D;
16290 : 6D;
16291 : 6D;
16292 : 6D;
16293 : 6D;
16294 : 6D;
16295 : 6D;
16296 : 6D;
16297 : 6D;
16298 : 6D;
16299 : 6D;
16300 : 49;
16301 : 49;
16302 : 49;
16303 : 49;
16304 : 49;
16305 : 49;
16306 : 69;
16307 : 49;
16308 : 49;
16309 : 49;
16310 : 49;
16311 : 49;
16312 : 49;
16313 : 49;
16314 : 24;
16315 : 49;
16316 : 69;
16317 : 24;
16318 : 24;
16319 : 24;
16320 : 40;
16321 : 40;
16322 : 40;
16323 : 40;
16324 : 40;
16325 : 40;
16326 : 40;
16327 : 40;
16328 : 40;
16329 : 40;
16330 : 40;
16331 : 40;
16332 : 40;
16333 : 40;
16334 : 40;
16335 : 40;
16336 : 40;
16337 : 40;
16338 : 20;
16339 : 85;
16340 : 85;
16341 : 64;
16342 : 20;
16343 : 40;
16344 : 40;
16345 : 40;
16346 : 40;
16347 : 40;
16348 : 40;
16349 : 20;
16350 : 20;
16351 : 40;
16352 : 64;
16353 : A9;
16354 : A9;
16355 : 64;
16356 : 40;
16357 : 40;
16358 : 40;
16359 : 40;
16360 : 40;
16361 : 40;
16362 : 40;
16363 : 40;
16364 : 40;
16365 : 40;
16366 : 40;
16367 : 40;
16368 : 40;
16369 : 40;
16370 : 40;
16371 : 40;
16372 : 40;
16373 : 40;
16374 : 40;
16375 : 40;
16376 : 40;
16377 : 40;
16378 : 40;
16379 : 40;
16380 : 40;
16381 : 40;
16382 : 40;
16383 : 40;
16384 : 40;
16385 : 40;
16386 : 60;
16387 : 60;
16388 : 60;
16389 : 40;
16390 : 40;
16391 : 40;
16392 : 64;
16393 : 64;
16394 : 64;
16395 : 40;
16396 : 64;
16397 : 64;
16398 : 40;
16399 : 64;
16400 : 64;
16401 : 64;
16402 : 64;
16403 : 64;
16404 : 64;
16405 : 64;
16406 : 84;
16407 : 64;
16408 : 64;
16409 : 64;
16410 : 64;
16411 : 64;
16412 : 64;
16413 : 64;
16414 : 64;
16415 : 64;
16416 : 64;
16417 : 64;
16418 : 64;
16419 : 64;
16420 : 64;
16421 : 64;
16422 : 64;
16423 : 84;
16424 : 85;
16425 : 85;
16426 : 84;
16427 : 64;
16428 : 64;
16429 : 60;
16430 : 40;
16431 : 40;
16432 : 40;
16433 : 40;
16434 : 40;
16435 : 40;
16436 : 40;
16437 : 20;
16438 : 40;
16439 : 40;
16440 : 64;
16441 : 64;
16442 : 64;
16443 : 64;
16444 : 64;
16445 : 64;
16446 : 64;
16447 : 20;
16448 : 40;
16449 : 40;
16450 : 40;
16451 : 40;
16452 : 40;
16453 : 40;
16454 : 40;
16455 : 64;
16456 : 64;
16457 : 64;
16458 : 64;
16459 : 64;
16460 : 64;
16461 : 40;
16462 : 44;
16463 : 44;
16464 : 64;
16465 : 64;
16466 : 64;
16467 : 64;
16468 : 64;
16469 : 64;
16470 : 64;
16471 : 64;
16472 : 64;
16473 : 64;
16474 : 64;
16475 : 64;
16476 : 64;
16477 : 64;
16478 : 64;
16479 : 64;
16480 : 40;
16481 : 64;
16482 : 40;
16483 : 64;
16484 : 64;
16485 : 64;
16486 : 64;
16487 : 64;
16488 : 64;
16489 : 64;
16490 : 64;
16491 : 64;
16492 : 64;
16493 : 64;
16494 : 64;
16495 : 64;
16496 : 64;
16497 : 64;
16498 : 64;
16499 : 64;
16500 : 64;
16501 : 64;
16502 : 64;
16503 : 64;
16504 : 64;
16505 : 64;
16506 : 64;
16507 : 64;
16508 : 64;
16509 : 64;
16510 : 44;
16511 : 40;
16512 : 64;
16513 : 64;
16514 : 40;
16515 : 64;
16516 : 64;
16517 : 64;
16518 : 64;
16519 : 64;
16520 : 64;
16521 : 64;
16522 : 64;
16523 : 64;
16524 : 64;
16525 : 64;
16526 : 64;
16527 : 64;
16528 : 64;
16529 : 40;
16530 : 40;
16531 : 64;
16532 : 64;
16533 : 64;
16534 : 64;
16535 : 64;
16536 : 64;
16537 : 64;
16538 : 64;
16539 : 64;
16540 : 64;
16541 : 64;
16542 : 64;
16543 : 64;
16544 : 64;
16545 : 64;
16546 : 64;
16547 : 64;
16548 : 44;
16549 : 44;
16550 : 44;
16551 : 40;
16552 : 40;
16553 : 40;
16554 : 40;
16555 : 40;
16556 : 40;
16557 : 40;
16558 : 40;
16559 : 44;
16560 : 49;
16561 : 49;
16562 : 92;
16563 : 6D;
16564 : 49;
16565 : 49;
16566 : 6D;
16567 : 6D;
16568 : 6D;
16569 : 6D;
16570 : 6D;
16571 : 6D;
16572 : 6D;
16573 : 6D;
16574 : 6D;
16575 : 6D;
16576 : 6D;
16577 : 6D;
16578 : 6D;
16579 : 6D;
16580 : 6D;
16581 : 6D;
16582 : 6D;
16583 : 6D;
16584 : 6D;
16585 : 6D;
16586 : 6D;
16587 : 6D;
16588 : 6D;
16589 : 6D;
16590 : 6D;
16591 : 6D;
16592 : 6D;
16593 : 6D;
16594 : 6D;
16595 : 6D;
16596 : 6D;
16597 : 6D;
16598 : 6D;
16599 : 6D;
16600 : 6D;
16601 : 6D;
16602 : 6D;
16603 : 6D;
16604 : 6D;
16605 : 6D;
16606 : 6D;
16607 : 6D;
16608 : 6D;
16609 : 6D;
16610 : 6D;
16611 : 6D;
16612 : 6D;
16613 : 6D;
16614 : 6D;
16615 : 6D;
16616 : 6D;
16617 : 6D;
16618 : 6D;
16619 : 6D;
16620 : 6D;
16621 : 6D;
16622 : 49;
16623 : 49;
16624 : 49;
16625 : 49;
16626 : 49;
16627 : 49;
16628 : 49;
16629 : 49;
16630 : 49;
16631 : 49;
16632 : 49;
16633 : 49;
16634 : 24;
16635 : 49;
16636 : 4D;
16637 : 24;
16638 : 24;
16639 : 24;
16640 : 40;
16641 : 40;
16642 : 40;
16643 : 40;
16644 : 40;
16645 : 40;
16646 : 40;
16647 : 40;
16648 : 40;
16649 : 40;
16650 : 40;
16651 : 40;
16652 : 40;
16653 : 40;
16654 : 40;
16655 : 40;
16656 : 40;
16657 : 20;
16658 : 64;
16659 : 85;
16660 : 84;
16661 : 40;
16662 : 20;
16663 : 40;
16664 : 40;
16665 : 40;
16666 : 40;
16667 : 40;
16668 : 40;
16669 : 40;
16670 : 20;
16671 : 20;
16672 : 64;
16673 : 64;
16674 : C9;
16675 : A9;
16676 : 64;
16677 : 20;
16678 : 40;
16679 : 40;
16680 : 40;
16681 : 40;
16682 : 40;
16683 : 40;
16684 : 40;
16685 : 40;
16686 : 40;
16687 : 40;
16688 : 40;
16689 : 40;
16690 : 40;
16691 : 40;
16692 : 40;
16693 : 40;
16694 : 40;
16695 : 40;
16696 : 40;
16697 : 40;
16698 : 40;
16699 : 40;
16700 : 40;
16701 : 40;
16702 : 40;
16703 : 40;
16704 : 40;
16705 : 60;
16706 : 60;
16707 : 40;
16708 : 40;
16709 : 64;
16710 : 64;
16711 : 40;
16712 : 40;
16713 : 40;
16714 : 40;
16715 : 64;
16716 : 64;
16717 : 64;
16718 : 40;
16719 : 64;
16720 : 64;
16721 : 64;
16722 : 64;
16723 : 64;
16724 : 84;
16725 : 64;
16726 : 64;
16727 : 64;
16728 : 64;
16729 : 64;
16730 : 64;
16731 : 64;
16732 : 64;
16733 : 64;
16734 : 64;
16735 : 64;
16736 : 64;
16737 : 64;
16738 : 64;
16739 : 64;
16740 : 64;
16741 : 64;
16742 : 64;
16743 : 85;
16744 : 85;
16745 : 84;
16746 : 84;
16747 : 64;
16748 : 64;
16749 : 40;
16750 : 40;
16751 : 40;
16752 : 40;
16753 : 40;
16754 : 40;
16755 : 40;
16756 : 40;
16757 : 20;
16758 : 40;
16759 : 40;
16760 : 64;
16761 : 64;
16762 : 64;
16763 : 64;
16764 : 64;
16765 : 64;
16766 : 64;
16767 : 40;
16768 : 40;
16769 : 40;
16770 : 40;
16771 : 40;
16772 : 40;
16773 : 40;
16774 : 44;
16775 : 40;
16776 : 64;
16777 : 64;
16778 : 64;
16779 : 64;
16780 : 64;
16781 : 40;
16782 : 40;
16783 : 40;
16784 : 64;
16785 : 64;
16786 : 64;
16787 : 64;
16788 : 64;
16789 : 64;
16790 : 64;
16791 : 64;
16792 : 64;
16793 : 64;
16794 : 64;
16795 : 64;
16796 : 64;
16797 : 64;
16798 : 64;
16799 : 64;
16800 : 40;
16801 : 64;
16802 : 20;
16803 : 64;
16804 : 64;
16805 : 64;
16806 : 40;
16807 : 65;
16808 : 64;
16809 : 64;
16810 : 64;
16811 : 64;
16812 : 64;
16813 : 64;
16814 : 64;
16815 : 64;
16816 : 64;
16817 : 64;
16818 : 64;
16819 : 64;
16820 : 44;
16821 : 64;
16822 : 64;
16823 : 64;
16824 : 64;
16825 : 64;
16826 : 64;
16827 : 64;
16828 : 64;
16829 : 40;
16830 : 40;
16831 : 64;
16832 : 64;
16833 : 40;
16834 : 64;
16835 : 64;
16836 : 64;
16837 : 64;
16838 : 64;
16839 : 64;
16840 : 64;
16841 : 64;
16842 : 64;
16843 : 64;
16844 : 64;
16845 : 64;
16846 : 64;
16847 : 64;
16848 : 64;
16849 : 40;
16850 : 64;
16851 : 40;
16852 : 64;
16853 : 64;
16854 : 64;
16855 : 64;
16856 : 64;
16857 : 64;
16858 : 64;
16859 : 64;
16860 : 64;
16861 : 64;
16862 : 64;
16863 : 64;
16864 : 64;
16865 : 64;
16866 : 64;
16867 : 64;
16868 : 64;
16869 : 44;
16870 : 44;
16871 : 40;
16872 : 40;
16873 : 40;
16874 : 40;
16875 : 40;
16876 : 40;
16877 : 40;
16878 : 40;
16879 : 44;
16880 : 49;
16881 : 49;
16882 : 92;
16883 : 6D;
16884 : 49;
16885 : 49;
16886 : 6D;
16887 : 6D;
16888 : 6D;
16889 : 6D;
16890 : 6D;
16891 : 6D;
16892 : 6D;
16893 : 6D;
16894 : 6D;
16895 : 6D;
16896 : 6D;
16897 : 6D;
16898 : 6D;
16899 : 6D;
16900 : 6D;
16901 : 6D;
16902 : 6D;
16903 : 6D;
16904 : 6D;
16905 : 6D;
16906 : 6D;
16907 : 6D;
16908 : 6D;
16909 : 6D;
16910 : 6D;
16911 : 6D;
16912 : 6D;
16913 : 6D;
16914 : 6D;
16915 : 6D;
16916 : 6D;
16917 : 6D;
16918 : 6D;
16919 : 6D;
16920 : 6D;
16921 : 6D;
16922 : 6D;
16923 : 6D;
16924 : 6D;
16925 : 6D;
16926 : 6D;
16927 : 6D;
16928 : 6D;
16929 : 6D;
16930 : 6D;
16931 : 6D;
16932 : 6D;
16933 : 6D;
16934 : 6D;
16935 : 6D;
16936 : 6D;
16937 : 6D;
16938 : 6D;
16939 : 6D;
16940 : 6D;
16941 : 69;
16942 : 49;
16943 : 49;
16944 : 49;
16945 : 49;
16946 : 49;
16947 : 69;
16948 : 49;
16949 : 49;
16950 : 49;
16951 : 49;
16952 : 49;
16953 : 49;
16954 : 24;
16955 : 49;
16956 : 6D;
16957 : 24;
16958 : 24;
16959 : 24;
16960 : 40;
16961 : 40;
16962 : 40;
16963 : 40;
16964 : 40;
16965 : 40;
16966 : 40;
16967 : 40;
16968 : 40;
16969 : 40;
16970 : 40;
16971 : 40;
16972 : 40;
16973 : 40;
16974 : 40;
16975 : 40;
16976 : 40;
16977 : 20;
16978 : 64;
16979 : 85;
16980 : 64;
16981 : 20;
16982 : 20;
16983 : 40;
16984 : 40;
16985 : 40;
16986 : 40;
16987 : 40;
16988 : 40;
16989 : 40;
16990 : 40;
16991 : 20;
16992 : 20;
16993 : 40;
16994 : 64;
16995 : CD;
16996 : A9;
16997 : 85;
16998 : 20;
16999 : 20;
17000 : 40;
17001 : 40;
17002 : 40;
17003 : 40;
17004 : 40;
17005 : 40;
17006 : 40;
17007 : 40;
17008 : 40;
17009 : 40;
17010 : 40;
17011 : 40;
17012 : 40;
17013 : 40;
17014 : 40;
17015 : 40;
17016 : 40;
17017 : 40;
17018 : 40;
17019 : 40;
17020 : 40;
17021 : 40;
17022 : 40;
17023 : 40;
17024 : 40;
17025 : 60;
17026 : 60;
17027 : 40;
17028 : 60;
17029 : 40;
17030 : 20;
17031 : 40;
17032 : 64;
17033 : 64;
17034 : 64;
17035 : 64;
17036 : 64;
17037 : 40;
17038 : 64;
17039 : 64;
17040 : 64;
17041 : 64;
17042 : 64;
17043 : 64;
17044 : 84;
17045 : 64;
17046 : 64;
17047 : 64;
17048 : 64;
17049 : 64;
17050 : 64;
17051 : 64;
17052 : 64;
17053 : 64;
17054 : 64;
17055 : 64;
17056 : 64;
17057 : 64;
17058 : 64;
17059 : 64;
17060 : 64;
17061 : 64;
17062 : 64;
17063 : 85;
17064 : 85;
17065 : 84;
17066 : 84;
17067 : 64;
17068 : 40;
17069 : 40;
17070 : 40;
17071 : 40;
17072 : 40;
17073 : 40;
17074 : 40;
17075 : 40;
17076 : 40;
17077 : 40;
17078 : 40;
17079 : 44;
17080 : 64;
17081 : 64;
17082 : 64;
17083 : 64;
17084 : 64;
17085 : 64;
17086 : 40;
17087 : 20;
17088 : 40;
17089 : 40;
17090 : 40;
17091 : 40;
17092 : 40;
17093 : 40;
17094 : 44;
17095 : 44;
17096 : 64;
17097 : 64;
17098 : 64;
17099 : 64;
17100 : 64;
17101 : 40;
17102 : 64;
17103 : 64;
17104 : 64;
17105 : 64;
17106 : 64;
17107 : 64;
17108 : 64;
17109 : 64;
17110 : 64;
17111 : 64;
17112 : 64;
17113 : 64;
17114 : 64;
17115 : 64;
17116 : 64;
17117 : 64;
17118 : 64;
17119 : 64;
17120 : 40;
17121 : 40;
17122 : 64;
17123 : 64;
17124 : 64;
17125 : 40;
17126 : 64;
17127 : 40;
17128 : 64;
17129 : 64;
17130 : 64;
17131 : 64;
17132 : 64;
17133 : 64;
17134 : 64;
17135 : 64;
17136 : 64;
17137 : 64;
17138 : 64;
17139 : 64;
17140 : 44;
17141 : 64;
17142 : 64;
17143 : 64;
17144 : 64;
17145 : 64;
17146 : 64;
17147 : 64;
17148 : 64;
17149 : 64;
17150 : 64;
17151 : 64;
17152 : 40;
17153 : 64;
17154 : 64;
17155 : 64;
17156 : 64;
17157 : 64;
17158 : 64;
17159 : 64;
17160 : 64;
17161 : 64;
17162 : 64;
17163 : 64;
17164 : 64;
17165 : 64;
17166 : 64;
17167 : 64;
17168 : 64;
17169 : 40;
17170 : 64;
17171 : 40;
17172 : 64;
17173 : 64;
17174 : 64;
17175 : 64;
17176 : 64;
17177 : 64;
17178 : 64;
17179 : 64;
17180 : 64;
17181 : 64;
17182 : 64;
17183 : 64;
17184 : 64;
17185 : 64;
17186 : 64;
17187 : 64;
17188 : 64;
17189 : 44;
17190 : 44;
17191 : 40;
17192 : 40;
17193 : 40;
17194 : 40;
17195 : 40;
17196 : 40;
17197 : 40;
17198 : 40;
17199 : 44;
17200 : 49;
17201 : 49;
17202 : 92;
17203 : 6D;
17204 : 49;
17205 : 49;
17206 : 6D;
17207 : 6D;
17208 : 6D;
17209 : 6D;
17210 : 6D;
17211 : 6D;
17212 : 6D;
17213 : 6D;
17214 : 6D;
17215 : 6D;
17216 : 6D;
17217 : 6D;
17218 : 6D;
17219 : 6D;
17220 : 6D;
17221 : 6D;
17222 : 6D;
17223 : 6D;
17224 : 6D;
17225 : 6D;
17226 : 6D;
17227 : 6D;
17228 : 6D;
17229 : 6D;
17230 : 6D;
17231 : 6D;
17232 : 6D;
17233 : 6D;
17234 : 6D;
17235 : 6D;
17236 : 6D;
17237 : 6D;
17238 : 6D;
17239 : 6D;
17240 : 6D;
17241 : 6D;
17242 : 6D;
17243 : 6D;
17244 : 6D;
17245 : 6D;
17246 : 6D;
17247 : 6D;
17248 : 6D;
17249 : 6D;
17250 : 6D;
17251 : 6D;
17252 : 6D;
17253 : 6D;
17254 : 6D;
17255 : 6D;
17256 : 6D;
17257 : 6D;
17258 : 6D;
17259 : 6D;
17260 : 6D;
17261 : 49;
17262 : 49;
17263 : 49;
17264 : 49;
17265 : 49;
17266 : 49;
17267 : 49;
17268 : 49;
17269 : 49;
17270 : 49;
17271 : 49;
17272 : 49;
17273 : 49;
17274 : 24;
17275 : 49;
17276 : 4D;
17277 : 24;
17278 : 24;
17279 : 24;
17280 : 40;
17281 : 40;
17282 : 40;
17283 : 40;
17284 : 40;
17285 : 40;
17286 : 40;
17287 : 40;
17288 : 40;
17289 : 40;
17290 : 40;
17291 : 40;
17292 : 40;
17293 : 40;
17294 : 40;
17295 : 40;
17296 : 40;
17297 : 20;
17298 : 64;
17299 : 85;
17300 : 60;
17301 : 20;
17302 : 40;
17303 : 40;
17304 : 40;
17305 : 40;
17306 : 40;
17307 : 40;
17308 : 40;
17309 : 40;
17310 : 40;
17311 : 40;
17312 : 20;
17313 : 40;
17314 : 60;
17315 : 64;
17316 : A9;
17317 : A9;
17318 : 84;
17319 : 40;
17320 : 20;
17321 : 20;
17322 : 40;
17323 : 40;
17324 : 40;
17325 : 40;
17326 : 40;
17327 : 40;
17328 : 40;
17329 : 40;
17330 : 40;
17331 : 40;
17332 : 40;
17333 : 40;
17334 : 40;
17335 : 40;
17336 : 40;
17337 : 40;
17338 : 40;
17339 : 40;
17340 : 40;
17341 : 40;
17342 : 40;
17343 : 40;
17344 : 40;
17345 : 60;
17346 : 64;
17347 : 40;
17348 : 64;
17349 : 40;
17350 : 40;
17351 : 60;
17352 : 60;
17353 : 64;
17354 : 64;
17355 : 64;
17356 : 64;
17357 : 40;
17358 : 64;
17359 : 64;
17360 : 64;
17361 : 64;
17362 : 64;
17363 : 84;
17364 : 64;
17365 : 64;
17366 : 64;
17367 : 64;
17368 : 84;
17369 : 64;
17370 : 64;
17371 : 64;
17372 : 64;
17373 : 64;
17374 : 64;
17375 : 64;
17376 : 64;
17377 : 64;
17378 : 64;
17379 : 64;
17380 : 84;
17381 : 84;
17382 : 64;
17383 : 85;
17384 : 84;
17385 : 84;
17386 : 64;
17387 : 64;
17388 : 40;
17389 : 40;
17390 : 40;
17391 : 40;
17392 : 40;
17393 : 40;
17394 : 40;
17395 : 40;
17396 : 40;
17397 : 40;
17398 : 40;
17399 : 44;
17400 : 64;
17401 : 64;
17402 : 64;
17403 : 64;
17404 : 64;
17405 : 64;
17406 : 40;
17407 : 20;
17408 : 40;
17409 : 40;
17410 : 40;
17411 : 40;
17412 : 40;
17413 : 40;
17414 : 44;
17415 : 44;
17416 : 64;
17417 : 64;
17418 : 64;
17419 : 64;
17420 : 64;
17421 : 40;
17422 : 64;
17423 : 64;
17424 : 64;
17425 : 64;
17426 : 64;
17427 : 64;
17428 : 64;
17429 : 64;
17430 : 64;
17431 : 64;
17432 : 64;
17433 : 64;
17434 : 64;
17435 : 64;
17436 : 64;
17437 : 64;
17438 : 64;
17439 : 20;
17440 : 40;
17441 : 40;
17442 : 64;
17443 : 64;
17444 : 64;
17445 : 64;
17446 : 40;
17447 : 64;
17448 : 40;
17449 : 64;
17450 : 64;
17451 : 64;
17452 : 40;
17453 : 44;
17454 : 64;
17455 : 64;
17456 : 64;
17457 : 64;
17458 : 64;
17459 : 40;
17460 : 64;
17461 : 64;
17462 : 64;
17463 : 64;
17464 : 64;
17465 : 64;
17466 : 64;
17467 : 64;
17468 : 40;
17469 : 40;
17470 : 40;
17471 : 40;
17472 : 64;
17473 : 64;
17474 : 64;
17475 : 64;
17476 : 64;
17477 : 64;
17478 : 64;
17479 : 64;
17480 : 64;
17481 : 64;
17482 : 64;
17483 : 64;
17484 : 64;
17485 : 64;
17486 : 64;
17487 : 64;
17488 : 64;
17489 : 40;
17490 : 64;
17491 : 40;
17492 : 44;
17493 : 64;
17494 : 64;
17495 : 64;
17496 : 64;
17497 : 64;
17498 : 64;
17499 : 64;
17500 : 64;
17501 : 64;
17502 : 64;
17503 : 64;
17504 : 64;
17505 : 64;
17506 : 64;
17507 : 64;
17508 : 64;
17509 : 44;
17510 : 40;
17511 : 44;
17512 : 40;
17513 : 20;
17514 : 40;
17515 : 40;
17516 : 40;
17517 : 40;
17518 : 40;
17519 : 44;
17520 : 49;
17521 : 49;
17522 : 92;
17523 : 6D;
17524 : 49;
17525 : 49;
17526 : 6D;
17527 : 6D;
17528 : 6D;
17529 : 6D;
17530 : 6D;
17531 : 6D;
17532 : 6D;
17533 : 6D;
17534 : 6D;
17535 : 6D;
17536 : 6D;
17537 : 6D;
17538 : 6D;
17539 : 6D;
17540 : 6D;
17541 : 6D;
17542 : 6D;
17543 : 6D;
17544 : 6D;
17545 : 6D;
17546 : 6D;
17547 : 6D;
17548 : 6D;
17549 : 6D;
17550 : 6D;
17551 : 6D;
17552 : 6D;
17553 : 6D;
17554 : 6D;
17555 : 6D;
17556 : 6D;
17557 : 6D;
17558 : 6D;
17559 : 6D;
17560 : 6D;
17561 : 6D;
17562 : 6D;
17563 : 6D;
17564 : 6D;
17565 : 6D;
17566 : 6D;
17567 : 6D;
17568 : 6D;
17569 : 6D;
17570 : 6D;
17571 : 6D;
17572 : 6D;
17573 : 6D;
17574 : 6D;
17575 : 6D;
17576 : 6D;
17577 : 6D;
17578 : 6D;
17579 : 6D;
17580 : 6D;
17581 : 4D;
17582 : 69;
17583 : 49;
17584 : 49;
17585 : 49;
17586 : 49;
17587 : 49;
17588 : 49;
17589 : 49;
17590 : 49;
17591 : 49;
17592 : 49;
17593 : 49;
17594 : 24;
17595 : 49;
17596 : 6D;
17597 : 24;
17598 : 24;
17599 : 24;
17600 : 40;
17601 : 40;
17602 : 40;
17603 : 40;
17604 : 40;
17605 : 40;
17606 : 40;
17607 : 40;
17608 : 40;
17609 : 40;
17610 : 40;
17611 : 40;
17612 : 40;
17613 : 40;
17614 : 40;
17615 : 40;
17616 : 20;
17617 : 40;
17618 : 64;
17619 : 84;
17620 : 40;
17621 : 20;
17622 : 40;
17623 : 40;
17624 : 40;
17625 : 40;
17626 : 40;
17627 : 40;
17628 : 40;
17629 : 40;
17630 : 40;
17631 : 40;
17632 : 40;
17633 : 20;
17634 : 20;
17635 : 64;
17636 : 84;
17637 : A9;
17638 : A9;
17639 : 85;
17640 : 64;
17641 : 40;
17642 : 20;
17643 : 20;
17644 : 40;
17645 : 40;
17646 : 40;
17647 : 40;
17648 : 40;
17649 : 40;
17650 : 40;
17651 : 40;
17652 : 40;
17653 : 40;
17654 : 40;
17655 : 40;
17656 : 40;
17657 : 40;
17658 : 40;
17659 : 40;
17660 : 40;
17661 : 40;
17662 : 40;
17663 : 40;
17664 : 40;
17665 : 64;
17666 : 40;
17667 : 60;
17668 : 40;
17669 : 40;
17670 : 60;
17671 : 60;
17672 : 64;
17673 : 64;
17674 : 64;
17675 : 64;
17676 : 60;
17677 : 40;
17678 : 64;
17679 : 64;
17680 : 64;
17681 : 64;
17682 : 64;
17683 : 64;
17684 : 64;
17685 : 64;
17686 : 64;
17687 : 64;
17688 : 64;
17689 : 64;
17690 : 64;
17691 : 64;
17692 : 64;
17693 : 64;
17694 : 64;
17695 : 64;
17696 : 64;
17697 : 64;
17698 : 64;
17699 : 64;
17700 : 84;
17701 : 64;
17702 : 84;
17703 : 85;
17704 : 84;
17705 : 64;
17706 : 64;
17707 : 40;
17708 : 40;
17709 : 40;
17710 : 40;
17711 : 40;
17712 : 40;
17713 : 40;
17714 : 40;
17715 : 40;
17716 : 40;
17717 : 40;
17718 : 40;
17719 : 64;
17720 : 64;
17721 : 64;
17722 : 64;
17723 : 64;
17724 : 64;
17725 : 64;
17726 : 40;
17727 : 20;
17728 : 40;
17729 : 40;
17730 : 40;
17731 : 40;
17732 : 40;
17733 : 40;
17734 : 44;
17735 : 44;
17736 : 64;
17737 : 64;
17738 : 64;
17739 : 64;
17740 : 64;
17741 : 44;
17742 : 64;
17743 : 64;
17744 : 64;
17745 : 64;
17746 : 64;
17747 : 64;
17748 : 64;
17749 : 64;
17750 : 64;
17751 : 64;
17752 : 64;
17753 : 64;
17754 : 64;
17755 : 64;
17756 : 64;
17757 : 64;
17758 : 40;
17759 : 40;
17760 : 40;
17761 : 44;
17762 : 64;
17763 : 64;
17764 : 64;
17765 : 64;
17766 : 64;
17767 : 64;
17768 : 44;
17769 : 64;
17770 : 64;
17771 : 64;
17772 : 64;
17773 : 44;
17774 : 44;
17775 : 64;
17776 : 64;
17777 : 64;
17778 : 64;
17779 : 40;
17780 : 64;
17781 : 64;
17782 : 64;
17783 : 64;
17784 : 64;
17785 : 64;
17786 : 44;
17787 : 64;
17788 : 64;
17789 : 44;
17790 : 64;
17791 : 64;
17792 : 64;
17793 : 64;
17794 : 64;
17795 : 64;
17796 : 64;
17797 : 64;
17798 : 64;
17799 : 64;
17800 : 64;
17801 : 64;
17802 : 64;
17803 : 64;
17804 : 64;
17805 : 64;
17806 : 64;
17807 : 64;
17808 : 64;
17809 : 64;
17810 : 40;
17811 : 64;
17812 : 40;
17813 : 64;
17814 : 64;
17815 : 64;
17816 : 64;
17817 : 64;
17818 : 64;
17819 : 64;
17820 : 64;
17821 : 64;
17822 : 64;
17823 : 64;
17824 : 64;
17825 : 64;
17826 : 64;
17827 : 64;
17828 : 64;
17829 : 64;
17830 : 40;
17831 : 44;
17832 : 40;
17833 : 40;
17834 : 40;
17835 : 40;
17836 : 40;
17837 : 40;
17838 : 40;
17839 : 44;
17840 : 49;
17841 : 49;
17842 : 92;
17843 : 6D;
17844 : 49;
17845 : 49;
17846 : 6D;
17847 : 6D;
17848 : 6D;
17849 : 6D;
17850 : 6D;
17851 : 6D;
17852 : 6D;
17853 : 6D;
17854 : 6D;
17855 : 6D;
17856 : 6D;
17857 : 6D;
17858 : 6D;
17859 : 6D;
17860 : 6D;
17861 : 6D;
17862 : 6D;
17863 : 6D;
17864 : 6D;
17865 : 6D;
17866 : 6D;
17867 : 6D;
17868 : 6D;
17869 : 6D;
17870 : 6D;
17871 : 6D;
17872 : 6D;
17873 : 6D;
17874 : 6D;
17875 : 6D;
17876 : 6D;
17877 : 6D;
17878 : 6D;
17879 : 6D;
17880 : 6D;
17881 : 6D;
17882 : 6D;
17883 : 6D;
17884 : 6D;
17885 : 6D;
17886 : 6D;
17887 : 6D;
17888 : 6D;
17889 : 6D;
17890 : 6D;
17891 : 6D;
17892 : 6D;
17893 : 6D;
17894 : 6D;
17895 : 6D;
17896 : 6D;
17897 : 6D;
17898 : 6D;
17899 : 6D;
17900 : 69;
17901 : 49;
17902 : 49;
17903 : 49;
17904 : 49;
17905 : 49;
17906 : 49;
17907 : 49;
17908 : 49;
17909 : 49;
17910 : 49;
17911 : 49;
17912 : 49;
17913 : 49;
17914 : 24;
17915 : 49;
17916 : 6D;
17917 : 24;
17918 : 24;
17919 : 24;
17920 : 40;
17921 : 40;
17922 : 40;
17923 : 40;
17924 : 40;
17925 : 40;
17926 : 40;
17927 : 40;
17928 : 40;
17929 : 40;
17930 : 40;
17931 : 40;
17932 : 40;
17933 : 40;
17934 : 40;
17935 : 40;
17936 : 20;
17937 : 40;
17938 : 84;
17939 : 64;
17940 : 40;
17941 : 40;
17942 : 40;
17943 : 40;
17944 : 40;
17945 : 40;
17946 : 40;
17947 : 40;
17948 : 40;
17949 : 40;
17950 : 40;
17951 : 40;
17952 : 40;
17953 : 40;
17954 : 20;
17955 : 20;
17956 : 64;
17957 : 64;
17958 : 84;
17959 : A9;
17960 : A9;
17961 : 85;
17962 : 64;
17963 : 40;
17964 : 40;
17965 : 20;
17966 : 20;
17967 : 20;
17968 : 20;
17969 : 20;
17970 : 20;
17971 : 20;
17972 : 40;
17973 : 40;
17974 : 40;
17975 : 40;
17976 : 40;
17977 : 40;
17978 : 40;
17979 : 40;
17980 : 40;
17981 : 40;
17982 : 40;
17983 : 40;
17984 : 40;
17985 : 64;
17986 : 20;
17987 : 64;
17988 : 40;
17989 : 40;
17990 : 60;
17991 : 60;
17992 : 60;
17993 : 64;
17994 : 64;
17995 : 64;
17996 : 60;
17997 : 60;
17998 : 64;
17999 : 64;
18000 : 64;
18001 : 64;
18002 : 64;
18003 : 64;
18004 : 64;
18005 : 64;
18006 : 64;
18007 : 64;
18008 : 64;
18009 : 64;
18010 : 64;
18011 : 64;
18012 : 64;
18013 : 64;
18014 : 64;
18015 : 64;
18016 : 64;
18017 : 64;
18018 : 64;
18019 : 64;
18020 : 84;
18021 : 64;
18022 : 85;
18023 : 85;
18024 : 84;
18025 : 64;
18026 : 64;
18027 : 40;
18028 : 40;
18029 : 40;
18030 : 40;
18031 : 40;
18032 : 40;
18033 : 40;
18034 : 60;
18035 : 20;
18036 : 40;
18037 : 40;
18038 : 44;
18039 : 44;
18040 : 64;
18041 : 64;
18042 : 64;
18043 : 64;
18044 : 64;
18045 : 64;
18046 : 40;
18047 : 20;
18048 : 40;
18049 : 40;
18050 : 40;
18051 : 40;
18052 : 40;
18053 : 40;
18054 : 44;
18055 : 44;
18056 : 64;
18057 : 64;
18058 : 64;
18059 : 64;
18060 : 64;
18061 : 64;
18062 : 64;
18063 : 64;
18064 : 64;
18065 : 64;
18066 : 64;
18067 : 64;
18068 : 64;
18069 : 64;
18070 : 64;
18071 : 64;
18072 : 64;
18073 : 64;
18074 : 64;
18075 : 64;
18076 : 64;
18077 : 40;
18078 : 40;
18079 : 64;
18080 : 40;
18081 : 64;
18082 : 64;
18083 : 64;
18084 : 64;
18085 : 64;
18086 : 65;
18087 : 40;
18088 : 64;
18089 : 64;
18090 : 64;
18091 : 64;
18092 : 64;
18093 : 40;
18094 : 40;
18095 : 84;
18096 : 64;
18097 : 64;
18098 : 85;
18099 : 40;
18100 : 64;
18101 : 64;
18102 : 64;
18103 : 64;
18104 : 64;
18105 : 84;
18106 : 20;
18107 : 84;
18108 : 40;
18109 : 64;
18110 : 64;
18111 : 64;
18112 : 64;
18113 : 64;
18114 : 64;
18115 : 64;
18116 : 64;
18117 : 64;
18118 : 64;
18119 : 64;
18120 : 64;
18121 : 64;
18122 : 64;
18123 : 64;
18124 : 64;
18125 : 64;
18126 : 64;
18127 : 64;
18128 : 64;
18129 : 64;
18130 : 40;
18131 : 64;
18132 : 40;
18133 : 64;
18134 : 64;
18135 : 64;
18136 : 64;
18137 : 64;
18138 : 64;
18139 : 64;
18140 : 64;
18141 : 64;
18142 : 64;
18143 : 64;
18144 : 64;
18145 : 64;
18146 : 44;
18147 : 64;
18148 : 64;
18149 : 64;
18150 : 64;
18151 : 40;
18152 : 40;
18153 : 40;
18154 : 44;
18155 : 40;
18156 : 40;
18157 : 40;
18158 : 40;
18159 : 40;
18160 : 49;
18161 : 49;
18162 : 92;
18163 : 6D;
18164 : 49;
18165 : 49;
18166 : 6D;
18167 : 6D;
18168 : 6D;
18169 : 6D;
18170 : 6D;
18171 : 6D;
18172 : 6D;
18173 : 6D;
18174 : 6D;
18175 : 6D;
18176 : 6D;
18177 : 6D;
18178 : 6D;
18179 : 6D;
18180 : 6D;
18181 : 6D;
18182 : 6D;
18183 : 6D;
18184 : 6D;
18185 : 6D;
18186 : 6D;
18187 : 6D;
18188 : 6D;
18189 : 6D;
18190 : 6D;
18191 : 6D;
18192 : 6D;
18193 : 6D;
18194 : 6D;
18195 : 6D;
18196 : 6D;
18197 : 6D;
18198 : 6D;
18199 : 6D;
18200 : 6D;
18201 : 6D;
18202 : 6D;
18203 : 6D;
18204 : 6D;
18205 : 6D;
18206 : 6D;
18207 : 6D;
18208 : 6D;
18209 : 6D;
18210 : 6D;
18211 : 6D;
18212 : 6D;
18213 : 6D;
18214 : 6D;
18215 : 6D;
18216 : 6D;
18217 : 6D;
18218 : 6D;
18219 : 6D;
18220 : 6D;
18221 : 6D;
18222 : 69;
18223 : 69;
18224 : 49;
18225 : 49;
18226 : 49;
18227 : 49;
18228 : 49;
18229 : 49;
18230 : 49;
18231 : 69;
18232 : 69;
18233 : 49;
18234 : 24;
18235 : 49;
18236 : 4D;
18237 : 24;
18238 : 24;
18239 : 24;
18240 : 40;
18241 : 40;
18242 : 40;
18243 : 40;
18244 : 40;
18245 : 40;
18246 : 40;
18247 : 40;
18248 : 40;
18249 : 40;
18250 : 40;
18251 : 40;
18252 : 40;
18253 : 40;
18254 : 40;
18255 : 40;
18256 : 20;
18257 : 60;
18258 : 20;
18259 : 64;
18260 : 60;
18261 : 40;
18262 : 40;
18263 : 40;
18264 : 40;
18265 : 40;
18266 : 40;
18267 : 40;
18268 : 40;
18269 : 40;
18270 : 40;
18271 : 40;
18272 : 40;
18273 : 40;
18274 : 40;
18275 : 20;
18276 : 20;
18277 : 40;
18278 : 64;
18279 : 64;
18280 : 64;
18281 : 85;
18282 : A9;
18283 : A9;
18284 : 64;
18285 : 64;
18286 : 64;
18287 : 64;
18288 : 64;
18289 : 64;
18290 : 64;
18291 : 64;
18292 : 20;
18293 : 20;
18294 : 40;
18295 : 40;
18296 : 40;
18297 : 40;
18298 : 40;
18299 : 40;
18300 : 40;
18301 : 40;
18302 : 40;
18303 : 40;
18304 : 40;
18305 : 20;
18306 : 64;
18307 : 40;
18308 : 40;
18309 : 40;
18310 : 60;
18311 : 60;
18312 : 64;
18313 : 64;
18314 : 64;
18315 : 64;
18316 : 40;
18317 : 85;
18318 : 64;
18319 : 64;
18320 : 64;
18321 : 64;
18322 : 64;
18323 : 64;
18324 : 64;
18325 : 64;
18326 : 64;
18327 : 64;
18328 : 64;
18329 : 84;
18330 : 64;
18331 : 64;
18332 : 64;
18333 : 64;
18334 : 64;
18335 : 64;
18336 : 64;
18337 : 64;
18338 : 64;
18339 : 84;
18340 : 84;
18341 : 85;
18342 : 85;
18343 : 64;
18344 : 64;
18345 : 64;
18346 : 40;
18347 : 40;
18348 : 40;
18349 : 40;
18350 : 40;
18351 : 40;
18352 : 40;
18353 : 40;
18354 : 40;
18355 : 20;
18356 : 40;
18357 : 40;
18358 : 44;
18359 : 44;
18360 : 64;
18361 : 64;
18362 : 64;
18363 : 64;
18364 : 64;
18365 : 64;
18366 : 40;
18367 : 20;
18368 : 40;
18369 : 40;
18370 : 40;
18371 : 40;
18372 : 40;
18373 : 40;
18374 : 44;
18375 : 64;
18376 : 64;
18377 : 64;
18378 : 64;
18379 : 64;
18380 : 64;
18381 : 64;
18382 : 64;
18383 : 64;
18384 : 64;
18385 : 64;
18386 : 64;
18387 : 64;
18388 : 64;
18389 : 64;
18390 : 64;
18391 : 64;
18392 : 64;
18393 : 64;
18394 : 64;
18395 : 64;
18396 : 40;
18397 : 40;
18398 : 64;
18399 : 40;
18400 : 44;
18401 : 64;
18402 : 64;
18403 : 64;
18404 : 64;
18405 : 64;
18406 : 64;
18407 : 64;
18408 : 40;
18409 : 40;
18410 : 64;
18411 : 64;
18412 : 64;
18413 : 64;
18414 : 40;
18415 : 84;
18416 : 64;
18417 : 64;
18418 : 40;
18419 : 85;
18420 : 64;
18421 : 64;
18422 : 64;
18423 : 64;
18424 : 64;
18425 : 40;
18426 : 84;
18427 : 64;
18428 : 44;
18429 : 64;
18430 : 64;
18431 : 64;
18432 : 64;
18433 : 64;
18434 : 64;
18435 : 64;
18436 : 64;
18437 : 64;
18438 : 64;
18439 : 64;
18440 : 64;
18441 : 64;
18442 : 64;
18443 : 64;
18444 : 64;
18445 : 64;
18446 : 64;
18447 : 64;
18448 : 64;
18449 : 64;
18450 : 40;
18451 : 64;
18452 : 40;
18453 : 64;
18454 : 64;
18455 : 64;
18456 : 64;
18457 : 64;
18458 : 64;
18459 : 64;
18460 : 64;
18461 : 64;
18462 : 64;
18463 : 20;
18464 : 64;
18465 : 64;
18466 : 64;
18467 : 64;
18468 : 64;
18469 : 64;
18470 : 64;
18471 : 40;
18472 : 40;
18473 : 40;
18474 : 64;
18475 : 40;
18476 : 40;
18477 : 40;
18478 : 40;
18479 : 44;
18480 : 49;
18481 : 49;
18482 : 92;
18483 : 6D;
18484 : 49;
18485 : 49;
18486 : 6D;
18487 : 6D;
18488 : 6D;
18489 : 6D;
18490 : 6D;
18491 : 6D;
18492 : 6D;
18493 : 6D;
18494 : 6D;
18495 : 6D;
18496 : 6D;
18497 : 6D;
18498 : 6D;
18499 : 6D;
18500 : 6D;
18501 : 6D;
18502 : 6D;
18503 : 6D;
18504 : 6D;
18505 : 6D;
18506 : 6D;
18507 : 6D;
18508 : 6D;
18509 : 6D;
18510 : 6D;
18511 : 6D;
18512 : 6D;
18513 : 6D;
18514 : 6D;
18515 : 6D;
18516 : 6D;
18517 : 6D;
18518 : 6D;
18519 : 6D;
18520 : 6D;
18521 : 6D;
18522 : 6D;
18523 : 6D;
18524 : 6D;
18525 : 6D;
18526 : 6D;
18527 : 6D;
18528 : 6D;
18529 : 6D;
18530 : 6D;
18531 : 6D;
18532 : 6D;
18533 : 6D;
18534 : 6D;
18535 : 6D;
18536 : 6D;
18537 : 6D;
18538 : 6D;
18539 : 6D;
18540 : 49;
18541 : 49;
18542 : 49;
18543 : 49;
18544 : 49;
18545 : 49;
18546 : 49;
18547 : 49;
18548 : 49;
18549 : 49;
18550 : 49;
18551 : 49;
18552 : 49;
18553 : 49;
18554 : 24;
18555 : 49;
18556 : 6D;
18557 : 24;
18558 : 24;
18559 : 24;
18560 : 40;
18561 : 40;
18562 : 40;
18563 : 40;
18564 : 40;
18565 : 40;
18566 : 40;
18567 : 40;
18568 : 40;
18569 : 40;
18570 : 40;
18571 : 40;
18572 : 40;
18573 : 40;
18574 : 40;
18575 : 20;
18576 : 40;
18577 : 64;
18578 : 20;
18579 : 64;
18580 : 60;
18581 : 40;
18582 : 40;
18583 : 40;
18584 : 40;
18585 : 40;
18586 : 40;
18587 : 40;
18588 : 40;
18589 : 40;
18590 : 40;
18591 : 40;
18592 : 40;
18593 : 40;
18594 : 40;
18595 : 40;
18596 : 20;
18597 : 20;
18598 : 64;
18599 : 64;
18600 : 64;
18601 : 64;
18602 : 84;
18603 : 85;
18604 : A9;
18605 : A9;
18606 : A9;
18607 : A9;
18608 : A9;
18609 : A9;
18610 : A9;
18611 : A5;
18612 : 85;
18613 : 64;
18614 : 20;
18615 : 20;
18616 : 40;
18617 : 40;
18618 : 40;
18619 : 40;
18620 : 40;
18621 : 40;
18622 : 40;
18623 : 40;
18624 : 40;
18625 : 64;
18626 : 64;
18627 : 20;
18628 : 40;
18629 : 60;
18630 : 60;
18631 : 60;
18632 : 64;
18633 : 64;
18634 : 64;
18635 : 64;
18636 : 60;
18637 : 40;
18638 : 64;
18639 : 64;
18640 : 64;
18641 : 64;
18642 : 64;
18643 : 64;
18644 : 64;
18645 : 84;
18646 : 64;
18647 : 64;
18648 : 64;
18649 : 84;
18650 : 64;
18651 : 64;
18652 : 64;
18653 : 64;
18654 : 64;
18655 : 64;
18656 : 64;
18657 : 64;
18658 : 64;
18659 : 84;
18660 : 84;
18661 : 84;
18662 : 85;
18663 : 64;
18664 : 64;
18665 : 64;
18666 : 40;
18667 : 40;
18668 : 40;
18669 : 40;
18670 : 40;
18671 : 40;
18672 : 40;
18673 : 40;
18674 : 64;
18675 : 40;
18676 : 40;
18677 : 40;
18678 : 64;
18679 : 44;
18680 : 64;
18681 : 64;
18682 : 64;
18683 : 64;
18684 : 64;
18685 : 64;
18686 : 40;
18687 : 20;
18688 : 40;
18689 : 40;
18690 : 40;
18691 : 40;
18692 : 40;
18693 : 40;
18694 : 44;
18695 : 64;
18696 : 64;
18697 : 64;
18698 : 64;
18699 : 64;
18700 : 64;
18701 : 64;
18702 : 64;
18703 : 64;
18704 : 64;
18705 : 64;
18706 : 64;
18707 : 64;
18708 : 64;
18709 : 64;
18710 : 64;
18711 : 64;
18712 : 64;
18713 : 64;
18714 : 64;
18715 : 20;
18716 : 40;
18717 : 44;
18718 : 40;
18719 : 64;
18720 : 64;
18721 : 64;
18722 : 64;
18723 : 64;
18724 : 64;
18725 : 64;
18726 : 64;
18727 : 64;
18728 : 64;
18729 : 64;
18730 : 40;
18731 : 64;
18732 : 64;
18733 : 64;
18734 : 40;
18735 : 85;
18736 : 64;
18737 : 64;
18738 : 40;
18739 : 85;
18740 : 64;
18741 : 64;
18742 : 64;
18743 : 64;
18744 : 64;
18745 : 40;
18746 : 85;
18747 : 40;
18748 : 44;
18749 : 64;
18750 : 64;
18751 : 64;
18752 : 64;
18753 : 40;
18754 : 40;
18755 : 40;
18756 : 40;
18757 : 40;
18758 : 64;
18759 : 64;
18760 : 64;
18761 : 64;
18762 : 64;
18763 : 64;
18764 : 64;
18765 : 64;
18766 : 64;
18767 : 64;
18768 : 64;
18769 : 64;
18770 : 40;
18771 : 64;
18772 : 40;
18773 : 64;
18774 : 64;
18775 : 64;
18776 : 64;
18777 : 64;
18778 : 64;
18779 : 64;
18780 : 64;
18781 : 64;
18782 : 40;
18783 : 40;
18784 : 64;
18785 : 64;
18786 : 64;
18787 : 64;
18788 : 64;
18789 : 64;
18790 : 64;
18791 : 40;
18792 : 40;
18793 : 40;
18794 : 60;
18795 : 40;
18796 : 40;
18797 : 40;
18798 : 40;
18799 : 44;
18800 : 49;
18801 : 49;
18802 : 92;
18803 : 6D;
18804 : 49;
18805 : 49;
18806 : 6D;
18807 : 6D;
18808 : 6D;
18809 : 6D;
18810 : 6D;
18811 : 6D;
18812 : 6D;
18813 : 6D;
18814 : 6D;
18815 : 6D;
18816 : 6D;
18817 : 6D;
18818 : 6D;
18819 : 6D;
18820 : 6D;
18821 : 6D;
18822 : 6D;
18823 : 6D;
18824 : 6D;
18825 : 6D;
18826 : 6D;
18827 : 6D;
18828 : 6D;
18829 : 6D;
18830 : 6D;
18831 : 6D;
18832 : 6D;
18833 : 6D;
18834 : 6D;
18835 : 6D;
18836 : 6D;
18837 : 6D;
18838 : 6D;
18839 : 6D;
18840 : 6D;
18841 : 6D;
18842 : 6D;
18843 : 6D;
18844 : 6D;
18845 : 6D;
18846 : 6D;
18847 : 6D;
18848 : 6D;
18849 : 6D;
18850 : 6D;
18851 : 6D;
18852 : 6D;
18853 : 6D;
18854 : 6D;
18855 : 6D;
18856 : 6D;
18857 : 6D;
18858 : 6D;
18859 : 6D;
18860 : 6D;
18861 : 6D;
18862 : 49;
18863 : 49;
18864 : 49;
18865 : 49;
18866 : 49;
18867 : 49;
18868 : 49;
18869 : 49;
18870 : 49;
18871 : 49;
18872 : 6D;
18873 : 49;
18874 : 24;
18875 : 49;
18876 : 49;
18877 : 24;
18878 : 24;
18879 : 24;
18880 : 40;
18881 : 40;
18882 : 40;
18883 : 40;
18884 : 40;
18885 : 40;
18886 : 40;
18887 : 40;
18888 : 40;
18889 : 40;
18890 : 40;
18891 : 40;
18892 : 40;
18893 : 20;
18894 : 20;
18895 : 40;
18896 : 64;
18897 : 40;
18898 : 40;
18899 : 64;
18900 : 40;
18901 : 20;
18902 : 40;
18903 : 40;
18904 : 40;
18905 : 40;
18906 : 40;
18907 : 40;
18908 : 40;
18909 : 40;
18910 : 40;
18911 : 40;
18912 : 40;
18913 : 40;
18914 : 40;
18915 : 40;
18916 : 40;
18917 : 20;
18918 : 20;
18919 : 40;
18920 : 64;
18921 : 64;
18922 : 64;
18923 : 64;
18924 : 64;
18925 : 64;
18926 : 64;
18927 : 64;
18928 : 64;
18929 : 85;
18930 : A9;
18931 : 85;
18932 : 85;
18933 : A9;
18934 : 85;
18935 : 85;
18936 : 64;
18937 : 40;
18938 : 40;
18939 : 20;
18940 : 40;
18941 : 40;
18942 : 40;
18943 : 40;
18944 : 40;
18945 : 40;
18946 : 20;
18947 : 40;
18948 : 60;
18949 : 60;
18950 : 60;
18951 : 64;
18952 : 64;
18953 : 64;
18954 : 40;
18955 : 60;
18956 : 40;
18957 : 64;
18958 : 64;
18959 : 64;
18960 : 64;
18961 : 64;
18962 : 64;
18963 : 64;
18964 : 64;
18965 : 64;
18966 : 64;
18967 : 64;
18968 : 64;
18969 : 64;
18970 : 64;
18971 : 64;
18972 : 64;
18973 : 64;
18974 : 64;
18975 : 64;
18976 : 64;
18977 : 64;
18978 : 64;
18979 : 84;
18980 : 84;
18981 : 85;
18982 : 85;
18983 : 64;
18984 : 64;
18985 : 64;
18986 : 40;
18987 : 40;
18988 : 40;
18989 : 40;
18990 : 40;
18991 : 40;
18992 : 40;
18993 : 40;
18994 : 64;
18995 : 20;
18996 : 40;
18997 : 40;
18998 : 64;
18999 : 44;
19000 : 64;
19001 : 64;
19002 : 64;
19003 : 64;
19004 : 64;
19005 : 64;
19006 : 40;
19007 : 20;
19008 : 40;
19009 : 40;
19010 : 40;
19011 : 40;
19012 : 40;
19013 : 40;
19014 : 64;
19015 : 64;
19016 : 64;
19017 : 64;
19018 : 64;
19019 : 64;
19020 : 64;
19021 : 64;
19022 : 64;
19023 : 64;
19024 : 64;
19025 : 64;
19026 : 64;
19027 : 64;
19028 : 64;
19029 : 64;
19030 : 64;
19031 : 64;
19032 : 64;
19033 : 44;
19034 : 40;
19035 : 40;
19036 : 40;
19037 : 40;
19038 : 64;
19039 : 64;
19040 : 64;
19041 : 64;
19042 : 64;
19043 : 64;
19044 : 64;
19045 : 64;
19046 : 64;
19047 : 64;
19048 : 64;
19049 : 40;
19050 : 64;
19051 : 44;
19052 : 64;
19053 : 64;
19054 : 40;
19055 : 85;
19056 : 64;
19057 : 64;
19058 : 40;
19059 : 64;
19060 : 44;
19061 : 64;
19062 : 64;
19063 : 64;
19064 : 64;
19065 : 40;
19066 : 64;
19067 : 40;
19068 : 64;
19069 : 64;
19070 : 64;
19071 : 64;
19072 : 64;
19073 : 64;
19074 : 44;
19075 : 44;
19076 : 40;
19077 : 40;
19078 : 64;
19079 : 64;
19080 : 44;
19081 : 44;
19082 : 64;
19083 : 64;
19084 : 64;
19085 : 64;
19086 : 64;
19087 : 64;
19088 : 64;
19089 : 64;
19090 : 40;
19091 : 64;
19092 : 44;
19093 : 64;
19094 : 64;
19095 : 64;
19096 : 64;
19097 : 64;
19098 : 64;
19099 : 64;
19100 : 64;
19101 : 40;
19102 : 40;
19103 : 64;
19104 : 64;
19105 : 64;
19106 : 64;
19107 : 64;
19108 : 64;
19109 : 64;
19110 : 64;
19111 : 40;
19112 : 44;
19113 : 40;
19114 : 64;
19115 : 40;
19116 : 40;
19117 : 40;
19118 : 40;
19119 : 44;
19120 : 49;
19121 : 49;
19122 : 92;
19123 : 6D;
19124 : 49;
19125 : 49;
19126 : 6D;
19127 : 6D;
19128 : 6D;
19129 : 6D;
19130 : 6D;
19131 : 6D;
19132 : 6D;
19133 : 6D;
19134 : 6D;
19135 : 6D;
19136 : 6D;
19137 : 6D;
19138 : 6D;
19139 : 6D;
19140 : 6D;
19141 : 6D;
19142 : 6D;
19143 : 6D;
19144 : 6D;
19145 : 6D;
19146 : 6D;
19147 : 6D;
19148 : 6D;
19149 : 6D;
19150 : 6D;
19151 : 6D;
19152 : 6D;
19153 : 6D;
19154 : 6D;
19155 : 6D;
19156 : 6D;
19157 : 6D;
19158 : 6D;
19159 : 6D;
19160 : 6D;
19161 : 6D;
19162 : 6D;
19163 : 6D;
19164 : 6D;
19165 : 6D;
19166 : 6D;
19167 : 6D;
19168 : 6D;
19169 : 6D;
19170 : 6D;
19171 : 6D;
19172 : 6D;
19173 : 6D;
19174 : 6D;
19175 : 6D;
19176 : 6D;
19177 : 6D;
19178 : 6D;
19179 : 6D;
19180 : 6D;
19181 : 6D;
19182 : 49;
19183 : 6D;
19184 : 6D;
19185 : 6D;
19186 : 6D;
19187 : 6D;
19188 : 49;
19189 : 6D;
19190 : 49;
19191 : 49;
19192 : 49;
19193 : 49;
19194 : 24;
19195 : 49;
19196 : 4D;
19197 : 24;
19198 : 24;
19199 : 24;
19200 : 40;
19201 : 40;
19202 : 40;
19203 : 40;
19204 : 40;
19205 : 40;
19206 : 40;
19207 : 40;
19208 : 40;
19209 : 40;
19210 : 40;
19211 : 40;
19212 : 20;
19213 : 40;
19214 : 40;
19215 : 64;
19216 : 60;
19217 : 20;
19218 : 20;
19219 : 64;
19220 : 64;
19221 : 40;
19222 : 40;
19223 : 40;
19224 : 40;
19225 : 40;
19226 : 40;
19227 : 40;
19228 : 40;
19229 : 40;
19230 : 40;
19231 : 40;
19232 : 40;
19233 : 40;
19234 : 40;
19235 : 40;
19236 : 40;
19237 : 40;
19238 : 20;
19239 : 20;
19240 : 40;
19241 : 64;
19242 : A9;
19243 : 40;
19244 : 40;
19245 : 40;
19246 : 40;
19247 : 40;
19248 : 40;
19249 : 40;
19250 : 64;
19251 : 60;
19252 : 60;
19253 : 64;
19254 : 84;
19255 : 84;
19256 : A9;
19257 : A5;
19258 : A9;
19259 : 64;
19260 : 40;
19261 : 40;
19262 : 40;
19263 : 60;
19264 : 60;
19265 : 40;
19266 : 40;
19267 : 60;
19268 : 60;
19269 : 60;
19270 : 60;
19271 : 60;
19272 : 64;
19273 : 40;
19274 : 84;
19275 : 40;
19276 : 64;
19277 : 64;
19278 : 64;
19279 : 64;
19280 : 64;
19281 : 64;
19282 : 64;
19283 : 64;
19284 : 64;
19285 : 64;
19286 : 64;
19287 : 64;
19288 : 64;
19289 : 64;
19290 : 64;
19291 : 64;
19292 : 64;
19293 : 64;
19294 : 64;
19295 : 64;
19296 : 64;
19297 : 64;
19298 : 64;
19299 : 84;
19300 : 84;
19301 : 85;
19302 : 85;
19303 : 64;
19304 : 64;
19305 : 64;
19306 : 40;
19307 : 40;
19308 : 40;
19309 : 40;
19310 : 40;
19311 : 40;
19312 : 40;
19313 : 60;
19314 : 40;
19315 : 40;
19316 : 40;
19317 : 40;
19318 : 64;
19319 : 44;
19320 : 64;
19321 : 64;
19322 : 64;
19323 : 64;
19324 : 64;
19325 : 64;
19326 : 64;
19327 : 40;
19328 : 40;
19329 : 40;
19330 : 40;
19331 : 40;
19332 : 40;
19333 : 40;
19334 : 64;
19335 : 64;
19336 : 64;
19337 : 64;
19338 : 64;
19339 : 64;
19340 : 64;
19341 : 64;
19342 : 64;
19343 : 64;
19344 : 64;
19345 : 64;
19346 : 64;
19347 : 64;
19348 : 64;
19349 : 64;
19350 : 64;
19351 : 64;
19352 : 64;
19353 : 40;
19354 : 64;
19355 : 64;
19356 : 40;
19357 : 64;
19358 : 64;
19359 : 64;
19360 : 64;
19361 : 64;
19362 : 64;
19363 : 64;
19364 : 64;
19365 : 64;
19366 : 64;
19367 : 64;
19368 : 64;
19369 : 64;
19370 : 40;
19371 : 64;
19372 : 40;
19373 : 84;
19374 : 40;
19375 : 85;
19376 : 64;
19377 : 84;
19378 : 40;
19379 : 64;
19380 : 44;
19381 : 64;
19382 : 64;
19383 : 64;
19384 : 64;
19385 : 40;
19386 : 64;
19387 : 40;
19388 : 64;
19389 : 64;
19390 : 64;
19391 : 64;
19392 : 64;
19393 : 64;
19394 : 64;
19395 : 64;
19396 : 64;
19397 : 64;
19398 : 40;
19399 : 40;
19400 : 64;
19401 : 64;
19402 : 40;
19403 : 84;
19404 : 64;
19405 : 64;
19406 : 64;
19407 : 64;
19408 : 64;
19409 : 64;
19410 : 40;
19411 : 64;
19412 : 44;
19413 : 64;
19414 : 64;
19415 : 64;
19416 : 64;
19417 : 64;
19418 : 64;
19419 : 64;
19420 : 64;
19421 : 44;
19422 : 40;
19423 : 64;
19424 : 64;
19425 : 64;
19426 : 64;
19427 : 64;
19428 : 64;
19429 : 64;
19430 : 64;
19431 : 40;
19432 : 64;
19433 : 40;
19434 : 40;
19435 : 40;
19436 : 40;
19437 : 40;
19438 : 40;
19439 : 44;
19440 : 49;
19441 : 49;
19442 : 6E;
19443 : 6D;
19444 : 49;
19445 : 49;
19446 : 6D;
19447 : 6D;
19448 : 6D;
19449 : 6D;
19450 : 6D;
19451 : 6D;
19452 : 6D;
19453 : 6D;
19454 : 6D;
19455 : 6D;
19456 : 6D;
19457 : 6D;
19458 : 6D;
19459 : 6D;
19460 : 6D;
19461 : 6D;
19462 : 6D;
19463 : 6D;
19464 : 6D;
19465 : 6D;
19466 : 6D;
19467 : 6D;
19468 : 6D;
19469 : 6D;
19470 : 6D;
19471 : 6D;
19472 : 6D;
19473 : 6D;
19474 : 6D;
19475 : 6D;
19476 : 6D;
19477 : 6D;
19478 : 6D;
19479 : 6D;
19480 : 6D;
19481 : 6D;
19482 : 6D;
19483 : 6D;
19484 : 6D;
19485 : 6D;
19486 : 6D;
19487 : 6D;
19488 : 6D;
19489 : 6D;
19490 : 6D;
19491 : 6D;
19492 : 6D;
19493 : 6D;
19494 : 6D;
19495 : 6D;
19496 : 6D;
19497 : 6D;
19498 : 6D;
19499 : 6D;
19500 : 6D;
19501 : 6D;
19502 : 49;
19503 : 49;
19504 : 49;
19505 : 49;
19506 : 69;
19507 : 49;
19508 : 49;
19509 : 49;
19510 : 49;
19511 : 49;
19512 : 49;
19513 : 49;
19514 : 24;
19515 : 49;
19516 : 49;
19517 : 24;
19518 : 24;
19519 : 24;
19520 : 40;
19521 : 40;
19522 : 40;
19523 : 40;
19524 : 40;
19525 : 40;
19526 : 40;
19527 : 40;
19528 : 40;
19529 : 40;
19530 : 40;
19531 : 00;
19532 : 40;
19533 : 64;
19534 : 64;
19535 : 60;
19536 : 20;
19537 : 20;
19538 : 20;
19539 : 64;
19540 : 64;
19541 : 20;
19542 : 40;
19543 : 40;
19544 : 40;
19545 : 40;
19546 : 40;
19547 : 40;
19548 : 40;
19549 : 40;
19550 : 40;
19551 : 40;
19552 : 40;
19553 : 40;
19554 : 40;
19555 : 40;
19556 : 40;
19557 : 40;
19558 : 40;
19559 : 20;
19560 : 20;
19561 : 40;
19562 : CD;
19563 : 85;
19564 : 40;
19565 : 20;
19566 : 20;
19567 : 20;
19568 : 20;
19569 : 20;
19570 : 20;
19571 : 64;
19572 : 60;
19573 : 40;
19574 : 40;
19575 : 40;
19576 : 64;
19577 : 64;
19578 : 85;
19579 : 85;
19580 : 85;
19581 : 64;
19582 : 84;
19583 : 20;
19584 : 20;
19585 : 20;
19586 : 40;
19587 : 64;
19588 : 64;
19589 : 64;
19590 : 64;
19591 : 64;
19592 : 40;
19593 : 64;
19594 : 20;
19595 : 64;
19596 : 64;
19597 : 64;
19598 : 64;
19599 : 64;
19600 : 64;
19601 : 64;
19602 : 64;
19603 : 64;
19604 : 64;
19605 : 64;
19606 : 64;
19607 : 64;
19608 : 64;
19609 : 64;
19610 : 64;
19611 : 64;
19612 : 64;
19613 : 64;
19614 : 64;
19615 : 64;
19616 : 64;
19617 : 64;
19618 : 64;
19619 : 84;
19620 : 84;
19621 : 85;
19622 : 85;
19623 : 64;
19624 : 64;
19625 : 64;
19626 : 40;
19627 : 40;
19628 : 40;
19629 : 40;
19630 : 40;
19631 : 40;
19632 : 40;
19633 : 60;
19634 : 40;
19635 : 40;
19636 : 40;
19637 : 40;
19638 : 64;
19639 : 64;
19640 : 64;
19641 : 64;
19642 : 64;
19643 : 64;
19644 : 64;
19645 : 64;
19646 : 64;
19647 : 40;
19648 : 40;
19649 : 40;
19650 : 40;
19651 : 40;
19652 : 40;
19653 : 40;
19654 : 64;
19655 : 64;
19656 : 64;
19657 : 64;
19658 : 64;
19659 : 64;
19660 : 64;
19661 : 64;
19662 : 64;
19663 : 64;
19664 : 64;
19665 : 64;
19666 : 64;
19667 : 64;
19668 : 64;
19669 : 64;
19670 : 64;
19671 : 64;
19672 : 20;
19673 : 44;
19674 : 64;
19675 : 20;
19676 : 64;
19677 : 64;
19678 : 64;
19679 : 64;
19680 : 64;
19681 : 64;
19682 : 64;
19683 : 64;
19684 : 64;
19685 : 64;
19686 : 64;
19687 : 64;
19688 : 64;
19689 : 85;
19690 : 40;
19691 : 64;
19692 : 64;
19693 : 84;
19694 : 40;
19695 : 85;
19696 : 64;
19697 : 64;
19698 : 40;
19699 : 64;
19700 : 44;
19701 : 64;
19702 : 64;
19703 : 64;
19704 : 64;
19705 : 64;
19706 : 64;
19707 : 40;
19708 : 84;
19709 : 64;
19710 : 64;
19711 : 64;
19712 : 64;
19713 : 64;
19714 : 64;
19715 : 64;
19716 : 64;
19717 : 64;
19718 : 64;
19719 : 64;
19720 : 20;
19721 : 40;
19722 : 64;
19723 : 40;
19724 : 40;
19725 : 64;
19726 : 64;
19727 : 64;
19728 : 64;
19729 : 64;
19730 : 64;
19731 : 64;
19732 : 40;
19733 : 64;
19734 : 64;
19735 : 64;
19736 : 64;
19737 : 64;
19738 : 64;
19739 : 64;
19740 : 40;
19741 : 40;
19742 : 64;
19743 : 64;
19744 : 64;
19745 : 64;
19746 : 64;
19747 : 64;
19748 : 64;
19749 : 64;
19750 : 64;
19751 : 64;
19752 : 64;
19753 : 40;
19754 : 40;
19755 : 40;
19756 : 40;
19757 : 40;
19758 : 40;
19759 : 44;
19760 : 49;
19761 : 49;
19762 : 8E;
19763 : 6D;
19764 : 49;
19765 : 49;
19766 : 6D;
19767 : 6D;
19768 : 6D;
19769 : 6D;
19770 : 6D;
19771 : 6D;
19772 : 6D;
19773 : 6D;
19774 : 6D;
19775 : 6D;
19776 : 6D;
19777 : 6D;
19778 : 6D;
19779 : 6D;
19780 : 6D;
19781 : 6D;
19782 : 6D;
19783 : 6D;
19784 : 6D;
19785 : 6D;
19786 : 6D;
19787 : 6D;
19788 : 6D;
19789 : 6D;
19790 : 6D;
19791 : 6D;
19792 : 6D;
19793 : 6D;
19794 : 6D;
19795 : 6D;
19796 : 6D;
19797 : 6D;
19798 : 6D;
19799 : 6D;
19800 : 6D;
19801 : 6D;
19802 : 6D;
19803 : 6D;
19804 : 6D;
19805 : 6D;
19806 : 6D;
19807 : 6D;
19808 : 6D;
19809 : 6D;
19810 : 6D;
19811 : 6D;
19812 : 6D;
19813 : 6D;
19814 : 6D;
19815 : 6D;
19816 : 6D;
19817 : 6D;
19818 : 6D;
19819 : 6D;
19820 : 6D;
19821 : 69;
19822 : 49;
19823 : 49;
19824 : 49;
19825 : 49;
19826 : 6D;
19827 : 6D;
19828 : 49;
19829 : 49;
19830 : 49;
19831 : 49;
19832 : 49;
19833 : 49;
19834 : 24;
19835 : 49;
19836 : 49;
19837 : 24;
19838 : 24;
19839 : 24;
19840 : 40;
19841 : 40;
19842 : 40;
19843 : 40;
19844 : 40;
19845 : 40;
19846 : 40;
19847 : 40;
19848 : 40;
19849 : 40;
19850 : 20;
19851 : 64;
19852 : 64;
19853 : 64;
19854 : 20;
19855 : 20;
19856 : 40;
19857 : 40;
19858 : 20;
19859 : 40;
19860 : 64;
19861 : 64;
19862 : 20;
19863 : 40;
19864 : 40;
19865 : 40;
19866 : 40;
19867 : 40;
19868 : 40;
19869 : 40;
19870 : 40;
19871 : 40;
19872 : 40;
19873 : 40;
19874 : 40;
19875 : 40;
19876 : 40;
19877 : 40;
19878 : 40;
19879 : 40;
19880 : 20;
19881 : 40;
19882 : 84;
19883 : C9;
19884 : 64;
19885 : 20;
19886 : 40;
19887 : 40;
19888 : 40;
19889 : 40;
19890 : 40;
19891 : 20;
19892 : 40;
19893 : 64;
19894 : 20;
19895 : 20;
19896 : 20;
19897 : 20;
19898 : 40;
19899 : 40;
19900 : 60;
19901 : 64;
19902 : 64;
19903 : 85;
19904 : 85;
19905 : 85;
19906 : 40;
19907 : 40;
19908 : 40;
19909 : 40;
19910 : 40;
19911 : 40;
19912 : 40;
19913 : 40;
19914 : 40;
19915 : 64;
19916 : 64;
19917 : 64;
19918 : 64;
19919 : 64;
19920 : 64;
19921 : 64;
19922 : 64;
19923 : 64;
19924 : 64;
19925 : 64;
19926 : 64;
19927 : 64;
19928 : 60;
19929 : 64;
19930 : 64;
19931 : 64;
19932 : 64;
19933 : 64;
19934 : 64;
19935 : 64;
19936 : 64;
19937 : 64;
19938 : 64;
19939 : 84;
19940 : 84;
19941 : 85;
19942 : 85;
19943 : 64;
19944 : 64;
19945 : 64;
19946 : 40;
19947 : 40;
19948 : 40;
19949 : 40;
19950 : 40;
19951 : 40;
19952 : 40;
19953 : 60;
19954 : 20;
19955 : 40;
19956 : 40;
19957 : 40;
19958 : 44;
19959 : 44;
19960 : 64;
19961 : 64;
19962 : 64;
19963 : 64;
19964 : 64;
19965 : 64;
19966 : 64;
19967 : 40;
19968 : 40;
19969 : 40;
19970 : 40;
19971 : 40;
19972 : 40;
19973 : 40;
19974 : 64;
19975 : 64;
19976 : 64;
19977 : 64;
19978 : 64;
19979 : 64;
19980 : 64;
19981 : 64;
19982 : 64;
19983 : 64;
19984 : 64;
19985 : 64;
19986 : 64;
19987 : 64;
19988 : 64;
19989 : 64;
19990 : 64;
19991 : 64;
19992 : 40;
19993 : 64;
19994 : 20;
19995 : 85;
19996 : 64;
19997 : 64;
19998 : 64;
19999 : 64;
20000 : 64;
20001 : 64;
20002 : 64;
20003 : 64;
20004 : 64;
20005 : 64;
20006 : 64;
20007 : 64;
20008 : 64;
20009 : 64;
20010 : 89;
20011 : 40;
20012 : 64;
20013 : 84;
20014 : 40;
20015 : 85;
20016 : 64;
20017 : 84;
20018 : 40;
20019 : 64;
20020 : 44;
20021 : 64;
20022 : 64;
20023 : 64;
20024 : 64;
20025 : 64;
20026 : 40;
20027 : 44;
20028 : 64;
20029 : 64;
20030 : 64;
20031 : 64;
20032 : 64;
20033 : 64;
20034 : 64;
20035 : 64;
20036 : 64;
20037 : 64;
20038 : 64;
20039 : 64;
20040 : 64;
20041 : 44;
20042 : 40;
20043 : 64;
20044 : 64;
20045 : 40;
20046 : 40;
20047 : 64;
20048 : 64;
20049 : 40;
20050 : 64;
20051 : 40;
20052 : 64;
20053 : 64;
20054 : 64;
20055 : 64;
20056 : 64;
20057 : 64;
20058 : 64;
20059 : 40;
20060 : 44;
20061 : 64;
20062 : 64;
20063 : 64;
20064 : 64;
20065 : 64;
20066 : 64;
20067 : 64;
20068 : 64;
20069 : 64;
20070 : 64;
20071 : 64;
20072 : 44;
20073 : 40;
20074 : 40;
20075 : 40;
20076 : 40;
20077 : 40;
20078 : 40;
20079 : 44;
20080 : 49;
20081 : 49;
20082 : 92;
20083 : 6D;
20084 : 49;
20085 : 49;
20086 : 6D;
20087 : 6D;
20088 : 6D;
20089 : 6D;
20090 : 6D;
20091 : 6D;
20092 : 6D;
20093 : 6D;
20094 : 6D;
20095 : 6D;
20096 : 6D;
20097 : 6D;
20098 : 6D;
20099 : 6D;
20100 : 6D;
20101 : 6D;
20102 : 6D;
20103 : 6D;
20104 : 69;
20105 : 6D;
20106 : 6D;
20107 : 6D;
20108 : 6D;
20109 : 6D;
20110 : 6D;
20111 : 6D;
20112 : 6D;
20113 : 6D;
20114 : 6D;
20115 : 6D;
20116 : 6D;
20117 : 6D;
20118 : 6D;
20119 : 6D;
20120 : 6D;
20121 : 6D;
20122 : 6D;
20123 : 6D;
20124 : 6D;
20125 : 6D;
20126 : 6D;
20127 : 6D;
20128 : 6D;
20129 : 6D;
20130 : 6D;
20131 : 6D;
20132 : 6D;
20133 : 6D;
20134 : 6D;
20135 : 6D;
20136 : 6D;
20137 : 6D;
20138 : 6D;
20139 : 6D;
20140 : 6D;
20141 : 49;
20142 : 69;
20143 : 6D;
20144 : 6D;
20145 : 49;
20146 : 69;
20147 : 49;
20148 : 49;
20149 : 49;
20150 : 49;
20151 : 49;
20152 : 49;
20153 : 49;
20154 : 24;
20155 : 49;
20156 : 49;
20157 : 24;
20158 : 24;
20159 : 24;
20160 : 40;
20161 : 40;
20162 : 40;
20163 : 40;
20164 : 40;
20165 : 40;
20166 : 40;
20167 : 40;
20168 : 20;
20169 : 40;
20170 : 64;
20171 : 40;
20172 : 20;
20173 : 20;
20174 : 40;
20175 : 40;
20176 : 40;
20177 : 40;
20178 : 40;
20179 : 20;
20180 : 64;
20181 : 85;
20182 : 20;
20183 : 40;
20184 : 40;
20185 : 40;
20186 : 40;
20187 : 40;
20188 : 40;
20189 : 40;
20190 : 40;
20191 : 40;
20192 : 40;
20193 : 40;
20194 : 40;
20195 : 40;
20196 : 40;
20197 : 40;
20198 : 40;
20199 : 40;
20200 : 20;
20201 : 20;
20202 : 60;
20203 : A9;
20204 : 85;
20205 : 20;
20206 : 40;
20207 : 40;
20208 : 40;
20209 : 40;
20210 : 40;
20211 : 40;
20212 : 20;
20213 : 64;
20214 : 64;
20215 : 20;
20216 : 40;
20217 : 40;
20218 : 20;
20219 : 20;
20220 : 20;
20221 : 40;
20222 : 40;
20223 : 40;
20224 : 64;
20225 : 64;
20226 : 84;
20227 : 84;
20228 : 64;
20229 : 64;
20230 : 64;
20231 : 60;
20232 : 40;
20233 : 40;
20234 : 64;
20235 : 64;
20236 : 64;
20237 : 64;
20238 : 64;
20239 : 64;
20240 : 64;
20241 : 64;
20242 : 84;
20243 : 64;
20244 : 84;
20245 : 84;
20246 : 64;
20247 : 64;
20248 : 64;
20249 : 64;
20250 : 64;
20251 : 64;
20252 : 64;
20253 : 64;
20254 : 64;
20255 : 64;
20256 : 64;
20257 : 64;
20258 : 64;
20259 : 84;
20260 : 84;
20261 : 85;
20262 : 85;
20263 : 64;
20264 : 64;
20265 : 64;
20266 : 40;
20267 : 40;
20268 : 40;
20269 : 40;
20270 : 40;
20271 : 40;
20272 : 40;
20273 : 60;
20274 : 40;
20275 : 40;
20276 : 40;
20277 : 44;
20278 : 64;
20279 : 64;
20280 : 64;
20281 : 64;
20282 : 64;
20283 : 64;
20284 : 64;
20285 : 64;
20286 : 64;
20287 : 40;
20288 : 40;
20289 : 40;
20290 : 40;
20291 : 40;
20292 : 44;
20293 : 64;
20294 : 64;
20295 : 64;
20296 : 64;
20297 : 64;
20298 : 64;
20299 : 64;
20300 : 64;
20301 : 64;
20302 : 64;
20303 : 64;
20304 : 64;
20305 : 64;
20306 : 64;
20307 : 64;
20308 : 64;
20309 : 64;
20310 : 64;
20311 : 40;
20312 : 40;
20313 : 64;
20314 : 40;
20315 : 64;
20316 : 64;
20317 : 64;
20318 : 64;
20319 : 64;
20320 : 64;
20321 : 64;
20322 : 64;
20323 : 64;
20324 : 64;
20325 : 64;
20326 : 84;
20327 : 64;
20328 : 64;
20329 : 64;
20330 : 85;
20331 : 64;
20332 : 64;
20333 : 85;
20334 : 40;
20335 : 85;
20336 : 64;
20337 : 64;
20338 : 40;
20339 : 64;
20340 : 44;
20341 : 64;
20342 : 64;
20343 : 64;
20344 : 64;
20345 : 64;
20346 : 40;
20347 : 85;
20348 : 64;
20349 : 64;
20350 : 64;
20351 : 64;
20352 : 64;
20353 : 64;
20354 : 64;
20355 : 64;
20356 : 64;
20357 : 64;
20358 : 64;
20359 : 64;
20360 : 64;
20361 : 64;
20362 : 64;
20363 : 44;
20364 : 44;
20365 : 40;
20366 : 64;
20367 : 64;
20368 : 44;
20369 : 40;
20370 : 64;
20371 : 40;
20372 : 64;
20373 : 64;
20374 : 64;
20375 : 64;
20376 : 64;
20377 : 64;
20378 : 40;
20379 : 64;
20380 : 44;
20381 : 64;
20382 : 64;
20383 : 64;
20384 : 64;
20385 : 64;
20386 : 64;
20387 : 64;
20388 : 64;
20389 : 64;
20390 : 64;
20391 : 64;
20392 : 64;
20393 : 40;
20394 : 40;
20395 : 40;
20396 : 40;
20397 : 40;
20398 : 40;
20399 : 44;
20400 : 49;
20401 : 49;
20402 : 92;
20403 : 6D;
20404 : 49;
20405 : 49;
20406 : 6D;
20407 : 6D;
20408 : 6D;
20409 : 6D;
20410 : 6D;
20411 : 6D;
20412 : 6D;
20413 : 6D;
20414 : 6D;
20415 : 6D;
20416 : 6D;
20417 : 6D;
20418 : 6D;
20419 : 6D;
20420 : 6D;
20421 : 6D;
20422 : 6D;
20423 : 6D;
20424 : 6D;
20425 : 6D;
20426 : 6D;
20427 : 6D;
20428 : 6D;
20429 : 6D;
20430 : 6D;
20431 : 6D;
20432 : 6D;
20433 : 6D;
20434 : 6D;
20435 : 6D;
20436 : 6D;
20437 : 6D;
20438 : 6D;
20439 : 6D;
20440 : 6D;
20441 : 6D;
20442 : 6D;
20443 : 6D;
20444 : 6D;
20445 : 6D;
20446 : 6D;
20447 : 6D;
20448 : 6D;
20449 : 6D;
20450 : 6D;
20451 : 6D;
20452 : 6D;
20453 : 6D;
20454 : 6D;
20455 : 6D;
20456 : 6D;
20457 : 6D;
20458 : 6D;
20459 : 6D;
20460 : 69;
20461 : 6D;
20462 : 6D;
20463 : 6D;
20464 : 6D;
20465 : 49;
20466 : 49;
20467 : 49;
20468 : 49;
20469 : 49;
20470 : 49;
20471 : 49;
20472 : 49;
20473 : 49;
20474 : 24;
20475 : 49;
20476 : 49;
20477 : 24;
20478 : 24;
20479 : 24;
20480 : 40;
20481 : 40;
20482 : 40;
20483 : 40;
20484 : 40;
20485 : 40;
20486 : 40;
20487 : 20;
20488 : 60;
20489 : 64;
20490 : 20;
20491 : 20;
20492 : 40;
20493 : 40;
20494 : 40;
20495 : 40;
20496 : 40;
20497 : 40;
20498 : 40;
20499 : 20;
20500 : 64;
20501 : 84;
20502 : 20;
20503 : 40;
20504 : 40;
20505 : 40;
20506 : 40;
20507 : 40;
20508 : 40;
20509 : 40;
20510 : 40;
20511 : 40;
20512 : 40;
20513 : 40;
20514 : 40;
20515 : 40;
20516 : 40;
20517 : 40;
20518 : 40;
20519 : 40;
20520 : 40;
20521 : 20;
20522 : 40;
20523 : 84;
20524 : A5;
20525 : 40;
20526 : 20;
20527 : 40;
20528 : 40;
20529 : 40;
20530 : 40;
20531 : 40;
20532 : 20;
20533 : 64;
20534 : 64;
20535 : 20;
20536 : 40;
20537 : 40;
20538 : 40;
20539 : 40;
20540 : 40;
20541 : 40;
20542 : 20;
20543 : 20;
20544 : 20;
20545 : 40;
20546 : 40;
20547 : 64;
20548 : 84;
20549 : 84;
20550 : 64;
20551 : 20;
20552 : 40;
20553 : 40;
20554 : 64;
20555 : 64;
20556 : 64;
20557 : 64;
20558 : 64;
20559 : 64;
20560 : 64;
20561 : 64;
20562 : 84;
20563 : 84;
20564 : 84;
20565 : 84;
20566 : 40;
20567 : 84;
20568 : 64;
20569 : 64;
20570 : 64;
20571 : 64;
20572 : 64;
20573 : 64;
20574 : 64;
20575 : 64;
20576 : 64;
20577 : 64;
20578 : 64;
20579 : 64;
20580 : 84;
20581 : 85;
20582 : 85;
20583 : 64;
20584 : 64;
20585 : 64;
20586 : 40;
20587 : 40;
20588 : 40;
20589 : 40;
20590 : 40;
20591 : 40;
20592 : 40;
20593 : 40;
20594 : 40;
20595 : 40;
20596 : 40;
20597 : 40;
20598 : 44;
20599 : 44;
20600 : 64;
20601 : 64;
20602 : 64;
20603 : 64;
20604 : 64;
20605 : 64;
20606 : 64;
20607 : 40;
20608 : 40;
20609 : 40;
20610 : 40;
20611 : 40;
20612 : 40;
20613 : 64;
20614 : 64;
20615 : 64;
20616 : 64;
20617 : 64;
20618 : 64;
20619 : 64;
20620 : 64;
20621 : 64;
20622 : 64;
20623 : 64;
20624 : 64;
20625 : 64;
20626 : 64;
20627 : 64;
20628 : 64;
20629 : 64;
20630 : 85;
20631 : 20;
20632 : 64;
20633 : 64;
20634 : 64;
20635 : 64;
20636 : 40;
20637 : 40;
20638 : 40;
20639 : 40;
20640 : 64;
20641 : 64;
20642 : 64;
20643 : 64;
20644 : 64;
20645 : 40;
20646 : 40;
20647 : 40;
20648 : 84;
20649 : 64;
20650 : 64;
20651 : 64;
20652 : 64;
20653 : 85;
20654 : 40;
20655 : 84;
20656 : 64;
20657 : 64;
20658 : 40;
20659 : 64;
20660 : 64;
20661 : 64;
20662 : 85;
20663 : 40;
20664 : 84;
20665 : 40;
20666 : 64;
20667 : 64;
20668 : 64;
20669 : 65;
20670 : 64;
20671 : 64;
20672 : 64;
20673 : 64;
20674 : 64;
20675 : 64;
20676 : 64;
20677 : 64;
20678 : 64;
20679 : 64;
20680 : 64;
20681 : 64;
20682 : 64;
20683 : 64;
20684 : 64;
20685 : 64;
20686 : 20;
20687 : 64;
20688 : 64;
20689 : 40;
20690 : 64;
20691 : 40;
20692 : 64;
20693 : 64;
20694 : 64;
20695 : 64;
20696 : 64;
20697 : 40;
20698 : 64;
20699 : 40;
20700 : 64;
20701 : 64;
20702 : 64;
20703 : 64;
20704 : 64;
20705 : 64;
20706 : 64;
20707 : 64;
20708 : 64;
20709 : 64;
20710 : 64;
20711 : 64;
20712 : 64;
20713 : 40;
20714 : 40;
20715 : 64;
20716 : 40;
20717 : 40;
20718 : 40;
20719 : 44;
20720 : 49;
20721 : 49;
20722 : 6E;
20723 : 6D;
20724 : 49;
20725 : 49;
20726 : 6D;
20727 : 6D;
20728 : 6D;
20729 : 6D;
20730 : 6D;
20731 : 6D;
20732 : 6D;
20733 : 6D;
20734 : 6D;
20735 : 6D;
20736 : 6D;
20737 : 6D;
20738 : 6D;
20739 : 6D;
20740 : 6D;
20741 : 6D;
20742 : 6D;
20743 : 6D;
20744 : 6D;
20745 : 69;
20746 : 6D;
20747 : 6D;
20748 : 6D;
20749 : 6D;
20750 : 6D;
20751 : 6D;
20752 : 6D;
20753 : 6D;
20754 : 6D;
20755 : 6D;
20756 : 6D;
20757 : 6D;
20758 : 6D;
20759 : 6D;
20760 : 6D;
20761 : 6D;
20762 : 6D;
20763 : 6D;
20764 : 6D;
20765 : 6D;
20766 : 6D;
20767 : 6D;
20768 : 6D;
20769 : 6D;
20770 : 6D;
20771 : 6D;
20772 : 6D;
20773 : 6D;
20774 : 6D;
20775 : 6D;
20776 : 6D;
20777 : 6D;
20778 : 6D;
20779 : 6D;
20780 : 6D;
20781 : 6D;
20782 : 69;
20783 : 6D;
20784 : 49;
20785 : 6D;
20786 : 49;
20787 : 6D;
20788 : 49;
20789 : 49;
20790 : 49;
20791 : 49;
20792 : 49;
20793 : 49;
20794 : 24;
20795 : 49;
20796 : 49;
20797 : 24;
20798 : 24;
20799 : 24;
20800 : 40;
20801 : 40;
20802 : 40;
20803 : 40;
20804 : 40;
20805 : 20;
20806 : 00;
20807 : 64;
20808 : 40;
20809 : 20;
20810 : 20;
20811 : 40;
20812 : 40;
20813 : 40;
20814 : 40;
20815 : 40;
20816 : 40;
20817 : 40;
20818 : 40;
20819 : 40;
20820 : 40;
20821 : 84;
20822 : 64;
20823 : 20;
20824 : 40;
20825 : 40;
20826 : 40;
20827 : 40;
20828 : 40;
20829 : 40;
20830 : 40;
20831 : 40;
20832 : 40;
20833 : 40;
20834 : 40;
20835 : 40;
20836 : 40;
20837 : 40;
20838 : 40;
20839 : 40;
20840 : 40;
20841 : 20;
20842 : 40;
20843 : 64;
20844 : A9;
20845 : 60;
20846 : 20;
20847 : 40;
20848 : 40;
20849 : 40;
20850 : 40;
20851 : 40;
20852 : 40;
20853 : 20;
20854 : 64;
20855 : 40;
20856 : 40;
20857 : 40;
20858 : 40;
20859 : 40;
20860 : 40;
20861 : 40;
20862 : 40;
20863 : 40;
20864 : 40;
20865 : 20;
20866 : 20;
20867 : 20;
20868 : 40;
20869 : 40;
20870 : 85;
20871 : 20;
20872 : 40;
20873 : 60;
20874 : 64;
20875 : 64;
20876 : 64;
20877 : 64;
20878 : 64;
20879 : 64;
20880 : 64;
20881 : 64;
20882 : 84;
20883 : 84;
20884 : 60;
20885 : 40;
20886 : 84;
20887 : 64;
20888 : 64;
20889 : 64;
20890 : 64;
20891 : 64;
20892 : 64;
20893 : 64;
20894 : 64;
20895 : 64;
20896 : 64;
20897 : 64;
20898 : 64;
20899 : 64;
20900 : 64;
20901 : 84;
20902 : 85;
20903 : 64;
20904 : 64;
20905 : 64;
20906 : 40;
20907 : 40;
20908 : 40;
20909 : 40;
20910 : 40;
20911 : 40;
20912 : 40;
20913 : 40;
20914 : 40;
20915 : 40;
20916 : 40;
20917 : 40;
20918 : 64;
20919 : 44;
20920 : 64;
20921 : 64;
20922 : 64;
20923 : 64;
20924 : 64;
20925 : 64;
20926 : 64;
20927 : 40;
20928 : 40;
20929 : 40;
20930 : 40;
20931 : 40;
20932 : 44;
20933 : 64;
20934 : 64;
20935 : 64;
20936 : 64;
20937 : 64;
20938 : 64;
20939 : 64;
20940 : 64;
20941 : 64;
20942 : 64;
20943 : 64;
20944 : 64;
20945 : 64;
20946 : 84;
20947 : 64;
20948 : 64;
20949 : 65;
20950 : 40;
20951 : 64;
20952 : 40;
20953 : 40;
20954 : 40;
20955 : 40;
20956 : 64;
20957 : 64;
20958 : 64;
20959 : 64;
20960 : 64;
20961 : 40;
20962 : 40;
20963 : 40;
20964 : 64;
20965 : 85;
20966 : 85;
20967 : 84;
20968 : 64;
20969 : 64;
20970 : 64;
20971 : 64;
20972 : 64;
20973 : 85;
20974 : 40;
20975 : 84;
20976 : 64;
20977 : 64;
20978 : 40;
20979 : 64;
20980 : 64;
20981 : 85;
20982 : 20;
20983 : 85;
20984 : 40;
20985 : 64;
20986 : 64;
20987 : 64;
20988 : 64;
20989 : 40;
20990 : 64;
20991 : 64;
20992 : 64;
20993 : 64;
20994 : 64;
20995 : 64;
20996 : 64;
20997 : 64;
20998 : 64;
20999 : 64;
21000 : 64;
21001 : 64;
21002 : 64;
21003 : 64;
21004 : 64;
21005 : 64;
21006 : 65;
21007 : 20;
21008 : 64;
21009 : 64;
21010 : 40;
21011 : 40;
21012 : 64;
21013 : 64;
21014 : 64;
21015 : 64;
21016 : 64;
21017 : 40;
21018 : 64;
21019 : 40;
21020 : 64;
21021 : 64;
21022 : 64;
21023 : 64;
21024 : 64;
21025 : 64;
21026 : 64;
21027 : 64;
21028 : 64;
21029 : 64;
21030 : 64;
21031 : 64;
21032 : 64;
21033 : 60;
21034 : 40;
21035 : 64;
21036 : 40;
21037 : 40;
21038 : 40;
21039 : 44;
21040 : 49;
21041 : 49;
21042 : 6D;
21043 : 6D;
21044 : 49;
21045 : 49;
21046 : 6D;
21047 : 6D;
21048 : 6D;
21049 : 6D;
21050 : 6D;
21051 : 6D;
21052 : 6D;
21053 : 6D;
21054 : 6D;
21055 : 6D;
21056 : 6D;
21057 : 6D;
21058 : 6D;
21059 : 6D;
21060 : 6D;
21061 : 6D;
21062 : 6D;
21063 : 6D;
21064 : 6D;
21065 : 6D;
21066 : 6D;
21067 : 69;
21068 : 6D;
21069 : 6D;
21070 : 6D;
21071 : 6D;
21072 : 6D;
21073 : 6D;
21074 : 6D;
21075 : 6D;
21076 : 6D;
21077 : 6D;
21078 : 6D;
21079 : 6D;
21080 : 6D;
21081 : 6D;
21082 : 6D;
21083 : 6D;
21084 : 6D;
21085 : 6D;
21086 : 6D;
21087 : 6D;
21088 : 6D;
21089 : 6D;
21090 : 6D;
21091 : 6D;
21092 : 6D;
21093 : 6D;
21094 : 6D;
21095 : 6D;
21096 : 6D;
21097 : 6D;
21098 : 6D;
21099 : 6D;
21100 : 6D;
21101 : 49;
21102 : 49;
21103 : 49;
21104 : 49;
21105 : 49;
21106 : 49;
21107 : 49;
21108 : 49;
21109 : 49;
21110 : 49;
21111 : 49;
21112 : 49;
21113 : 49;
21114 : 24;
21115 : 49;
21116 : 49;
21117 : 24;
21118 : 24;
21119 : 24;
21120 : 40;
21121 : 40;
21122 : 40;
21123 : 40;
21124 : 20;
21125 : 20;
21126 : 64;
21127 : 40;
21128 : 20;
21129 : 40;
21130 : 40;
21131 : 40;
21132 : 40;
21133 : 40;
21134 : 40;
21135 : 40;
21136 : 40;
21137 : 40;
21138 : 40;
21139 : 20;
21140 : 40;
21141 : 64;
21142 : 85;
21143 : 20;
21144 : 40;
21145 : 40;
21146 : 40;
21147 : 40;
21148 : 40;
21149 : 40;
21150 : 40;
21151 : 40;
21152 : 40;
21153 : 40;
21154 : 40;
21155 : 40;
21156 : 40;
21157 : 40;
21158 : 40;
21159 : 40;
21160 : 40;
21161 : 40;
21162 : 20;
21163 : 64;
21164 : A9;
21165 : 85;
21166 : 20;
21167 : 40;
21168 : 40;
21169 : 40;
21170 : 40;
21171 : 40;
21172 : 40;
21173 : 20;
21174 : 64;
21175 : 64;
21176 : 40;
21177 : 40;
21178 : 40;
21179 : 40;
21180 : 40;
21181 : 40;
21182 : 40;
21183 : 40;
21184 : 40;
21185 : 40;
21186 : 40;
21187 : 40;
21188 : 20;
21189 : 40;
21190 : 84;
21191 : 64;
21192 : 40;
21193 : 64;
21194 : 64;
21195 : 64;
21196 : 64;
21197 : 64;
21198 : 64;
21199 : 64;
21200 : 64;
21201 : 64;
21202 : 40;
21203 : 40;
21204 : 64;
21205 : 64;
21206 : 64;
21207 : 64;
21208 : 64;
21209 : 64;
21210 : 64;
21211 : 64;
21212 : 64;
21213 : 64;
21214 : 64;
21215 : 64;
21216 : 64;
21217 : 64;
21218 : 64;
21219 : 64;
21220 : 64;
21221 : 84;
21222 : 85;
21223 : 64;
21224 : 64;
21225 : 64;
21226 : 64;
21227 : 40;
21228 : 40;
21229 : 40;
21230 : 40;
21231 : 40;
21232 : 40;
21233 : 60;
21234 : 20;
21235 : 40;
21236 : 40;
21237 : 44;
21238 : 64;
21239 : 64;
21240 : 64;
21241 : 64;
21242 : 64;
21243 : 64;
21244 : 64;
21245 : 64;
21246 : 64;
21247 : 40;
21248 : 40;
21249 : 40;
21250 : 40;
21251 : 40;
21252 : 44;
21253 : 64;
21254 : 64;
21255 : 64;
21256 : 64;
21257 : 64;
21258 : 64;
21259 : 64;
21260 : 64;
21261 : 64;
21262 : 64;
21263 : 64;
21264 : 64;
21265 : 64;
21266 : 64;
21267 : 64;
21268 : 64;
21269 : 40;
21270 : 40;
21271 : 40;
21272 : 40;
21273 : 40;
21274 : 40;
21275 : 40;
21276 : 40;
21277 : 40;
21278 : 40;
21279 : 40;
21280 : 64;
21281 : 84;
21282 : 85;
21283 : 85;
21284 : 84;
21285 : 64;
21286 : 64;
21287 : 64;
21288 : 64;
21289 : 64;
21290 : 64;
21291 : 64;
21292 : 64;
21293 : 64;
21294 : 40;
21295 : 85;
21296 : 64;
21297 : 64;
21298 : 40;
21299 : 64;
21300 : 64;
21301 : 40;
21302 : 85;
21303 : 40;
21304 : 64;
21305 : 84;
21306 : 64;
21307 : 64;
21308 : 44;
21309 : 64;
21310 : 40;
21311 : 85;
21312 : 64;
21313 : 64;
21314 : 64;
21315 : 64;
21316 : 64;
21317 : 64;
21318 : 64;
21319 : 64;
21320 : 64;
21321 : 64;
21322 : 64;
21323 : 64;
21324 : 64;
21325 : 64;
21326 : 64;
21327 : 64;
21328 : 40;
21329 : 64;
21330 : 40;
21331 : 40;
21332 : 64;
21333 : 64;
21334 : 64;
21335 : 64;
21336 : 44;
21337 : 64;
21338 : 40;
21339 : 64;
21340 : 64;
21341 : 64;
21342 : 64;
21343 : 64;
21344 : 64;
21345 : 64;
21346 : 64;
21347 : 64;
21348 : 64;
21349 : 64;
21350 : 64;
21351 : 64;
21352 : 64;
21353 : 44;
21354 : 40;
21355 : 64;
21356 : 40;
21357 : 40;
21358 : 40;
21359 : 44;
21360 : 49;
21361 : 49;
21362 : 6D;
21363 : 6D;
21364 : 49;
21365 : 49;
21366 : 6D;
21367 : 6D;
21368 : 6D;
21369 : 6D;
21370 : 6D;
21371 : 6D;
21372 : 6D;
21373 : 6D;
21374 : 6D;
21375 : 6D;
21376 : 6D;
21377 : 6D;
21378 : 6D;
21379 : 6D;
21380 : 6D;
21381 : 6D;
21382 : 6D;
21383 : 6D;
21384 : 6D;
21385 : 6D;
21386 : 6D;
21387 : 6D;
21388 : 6D;
21389 : 6D;
21390 : 6D;
21391 : 6D;
21392 : 6D;
21393 : 6D;
21394 : 6D;
21395 : 6D;
21396 : 6D;
21397 : 6D;
21398 : 6D;
21399 : 6D;
21400 : 6D;
21401 : 6D;
21402 : 6D;
21403 : 6D;
21404 : 6D;
21405 : 6D;
21406 : 6D;
21407 : 6D;
21408 : 6D;
21409 : 6D;
21410 : 6D;
21411 : 6D;
21412 : 6D;
21413 : 6D;
21414 : 6D;
21415 : 6D;
21416 : 6D;
21417 : 6D;
21418 : 6D;
21419 : 6D;
21420 : 6D;
21421 : 6D;
21422 : 6D;
21423 : 6D;
21424 : 69;
21425 : 49;
21426 : 49;
21427 : 49;
21428 : 49;
21429 : 49;
21430 : 49;
21431 : 49;
21432 : 49;
21433 : 49;
21434 : 24;
21435 : 49;
21436 : 49;
21437 : 24;
21438 : 24;
21439 : 24;
21440 : 40;
21441 : 40;
21442 : 20;
21443 : 20;
21444 : 20;
21445 : 60;
21446 : 40;
21447 : 20;
21448 : 40;
21449 : 40;
21450 : 40;
21451 : 40;
21452 : 40;
21453 : 40;
21454 : 40;
21455 : 40;
21456 : 40;
21457 : 40;
21458 : 40;
21459 : 40;
21460 : 20;
21461 : 64;
21462 : 84;
21463 : 40;
21464 : 20;
21465 : 40;
21466 : 40;
21467 : 40;
21468 : 40;
21469 : 40;
21470 : 40;
21471 : 40;
21472 : 40;
21473 : 40;
21474 : 40;
21475 : 40;
21476 : 40;
21477 : 40;
21478 : 40;
21479 : 40;
21480 : 40;
21481 : 40;
21482 : 20;
21483 : 40;
21484 : 85;
21485 : 85;
21486 : 20;
21487 : 40;
21488 : 40;
21489 : 40;
21490 : 40;
21491 : 40;
21492 : 40;
21493 : 40;
21494 : 20;
21495 : 64;
21496 : 40;
21497 : 40;
21498 : 40;
21499 : 40;
21500 : 40;
21501 : 40;
21502 : 40;
21503 : 40;
21504 : 40;
21505 : 40;
21506 : 40;
21507 : 40;
21508 : 40;
21509 : 20;
21510 : 40;
21511 : 85;
21512 : 40;
21513 : 40;
21514 : 64;
21515 : 64;
21516 : 64;
21517 : 64;
21518 : 64;
21519 : 64;
21520 : 40;
21521 : 40;
21522 : 64;
21523 : 60;
21524 : 60;
21525 : 64;
21526 : 64;
21527 : 64;
21528 : 64;
21529 : 64;
21530 : 64;
21531 : 64;
21532 : 64;
21533 : 64;
21534 : 64;
21535 : 64;
21536 : 64;
21537 : 64;
21538 : 64;
21539 : 64;
21540 : 64;
21541 : 84;
21542 : 85;
21543 : 85;
21544 : 64;
21545 : 64;
21546 : 64;
21547 : 40;
21548 : 40;
21549 : 40;
21550 : 40;
21551 : 40;
21552 : 40;
21553 : 60;
21554 : 20;
21555 : 40;
21556 : 40;
21557 : 44;
21558 : 64;
21559 : 44;
21560 : 64;
21561 : 64;
21562 : 64;
21563 : 64;
21564 : 64;
21565 : 64;
21566 : 64;
21567 : 40;
21568 : 40;
21569 : 40;
21570 : 40;
21571 : 40;
21572 : 64;
21573 : 64;
21574 : 64;
21575 : 64;
21576 : 64;
21577 : 64;
21578 : 64;
21579 : 64;
21580 : 64;
21581 : 64;
21582 : 64;
21583 : 64;
21584 : 64;
21585 : 64;
21586 : 64;
21587 : 64;
21588 : 64;
21589 : 40;
21590 : 64;
21591 : 40;
21592 : 64;
21593 : 64;
21594 : 64;
21595 : 64;
21596 : 64;
21597 : 64;
21598 : 64;
21599 : 64;
21600 : 64;
21601 : 64;
21602 : 64;
21603 : 64;
21604 : 64;
21605 : 64;
21606 : 64;
21607 : 64;
21608 : 64;
21609 : 64;
21610 : 64;
21611 : 64;
21612 : 64;
21613 : 64;
21614 : 40;
21615 : 85;
21616 : 64;
21617 : 84;
21618 : 40;
21619 : 64;
21620 : 64;
21621 : 84;
21622 : 40;
21623 : 64;
21624 : 84;
21625 : 64;
21626 : 64;
21627 : 64;
21628 : 44;
21629 : 40;
21630 : 85;
21631 : 64;
21632 : 64;
21633 : 64;
21634 : 64;
21635 : 64;
21636 : 64;
21637 : 64;
21638 : 64;
21639 : 64;
21640 : 64;
21641 : 64;
21642 : 64;
21643 : 64;
21644 : 64;
21645 : 64;
21646 : 64;
21647 : 64;
21648 : 64;
21649 : 64;
21650 : 64;
21651 : 40;
21652 : 64;
21653 : 64;
21654 : 64;
21655 : 64;
21656 : 44;
21657 : 64;
21658 : 40;
21659 : 64;
21660 : 64;
21661 : 64;
21662 : 64;
21663 : 64;
21664 : 64;
21665 : 64;
21666 : 64;
21667 : 64;
21668 : 64;
21669 : 64;
21670 : 64;
21671 : 64;
21672 : 64;
21673 : 40;
21674 : 40;
21675 : 64;
21676 : 40;
21677 : 40;
21678 : 40;
21679 : 44;
21680 : 49;
21681 : 49;
21682 : 6D;
21683 : 6D;
21684 : 49;
21685 : 49;
21686 : 6D;
21687 : 6D;
21688 : 6D;
21689 : 6D;
21690 : 6D;
21691 : 6D;
21692 : 6D;
21693 : 6D;
21694 : 6D;
21695 : 6D;
21696 : 6D;
21697 : 6D;
21698 : 6D;
21699 : 6D;
21700 : 6D;
21701 : 6D;
21702 : 6D;
21703 : 6D;
21704 : 6D;
21705 : 6D;
21706 : 6D;
21707 : 6D;
21708 : 6D;
21709 : 6D;
21710 : 6D;
21711 : 6D;
21712 : 6D;
21713 : 6D;
21714 : 6D;
21715 : 6D;
21716 : 6D;
21717 : 6D;
21718 : 6D;
21719 : 6D;
21720 : 6D;
21721 : 6D;
21722 : 6D;
21723 : 6D;
21724 : 6D;
21725 : 6D;
21726 : 6D;
21727 : 6D;
21728 : 6D;
21729 : 6D;
21730 : 6D;
21731 : 6D;
21732 : 6D;
21733 : 6D;
21734 : 6D;
21735 : 6D;
21736 : 6D;
21737 : 6D;
21738 : 6D;
21739 : 6D;
21740 : 6D;
21741 : 6D;
21742 : 6D;
21743 : 49;
21744 : 49;
21745 : 49;
21746 : 49;
21747 : 49;
21748 : 49;
21749 : 49;
21750 : 49;
21751 : 49;
21752 : 49;
21753 : 49;
21754 : 24;
21755 : 49;
21756 : 49;
21757 : 24;
21758 : 24;
21759 : 24;
21760 : 20;
21761 : 20;
21762 : 40;
21763 : 40;
21764 : 64;
21765 : 40;
21766 : 20;
21767 : 40;
21768 : 40;
21769 : 40;
21770 : 40;
21771 : 40;
21772 : 40;
21773 : 40;
21774 : 40;
21775 : 40;
21776 : 40;
21777 : 40;
21778 : 40;
21779 : 40;
21780 : 20;
21781 : 64;
21782 : 84;
21783 : 60;
21784 : 20;
21785 : 40;
21786 : 40;
21787 : 40;
21788 : 40;
21789 : 40;
21790 : 40;
21791 : 40;
21792 : 40;
21793 : 40;
21794 : 40;
21795 : 40;
21796 : 40;
21797 : 40;
21798 : 40;
21799 : 40;
21800 : 40;
21801 : 40;
21802 : 40;
21803 : 20;
21804 : 85;
21805 : A9;
21806 : 60;
21807 : 20;
21808 : 40;
21809 : 40;
21810 : 40;
21811 : 40;
21812 : 40;
21813 : 40;
21814 : 40;
21815 : 40;
21816 : 64;
21817 : 40;
21818 : 40;
21819 : 40;
21820 : 40;
21821 : 40;
21822 : 20;
21823 : 20;
21824 : 20;
21825 : 20;
21826 : 20;
21827 : 40;
21828 : 40;
21829 : 40;
21830 : 20;
21831 : 64;
21832 : 64;
21833 : 40;
21834 : 64;
21835 : 64;
21836 : 64;
21837 : 64;
21838 : 40;
21839 : 40;
21840 : 64;
21841 : 64;
21842 : 64;
21843 : 64;
21844 : 40;
21845 : 64;
21846 : 64;
21847 : 64;
21848 : 64;
21849 : 64;
21850 : 64;
21851 : 64;
21852 : 64;
21853 : 64;
21854 : 64;
21855 : 64;
21856 : 64;
21857 : 64;
21858 : 64;
21859 : 64;
21860 : 64;
21861 : 64;
21862 : 85;
21863 : 85;
21864 : 84;
21865 : 64;
21866 : 64;
21867 : 40;
21868 : 40;
21869 : 40;
21870 : 40;
21871 : 40;
21872 : 40;
21873 : 40;
21874 : 40;
21875 : 40;
21876 : 40;
21877 : 44;
21878 : 64;
21879 : 44;
21880 : 64;
21881 : 64;
21882 : 85;
21883 : 85;
21884 : 64;
21885 : 64;
21886 : 64;
21887 : 40;
21888 : 40;
21889 : 40;
21890 : 40;
21891 : 40;
21892 : 64;
21893 : 64;
21894 : 64;
21895 : 64;
21896 : 64;
21897 : 64;
21898 : 64;
21899 : 64;
21900 : 64;
21901 : 64;
21902 : 64;
21903 : 64;
21904 : 64;
21905 : 64;
21906 : 64;
21907 : 64;
21908 : 40;
21909 : 64;
21910 : 40;
21911 : 64;
21912 : 64;
21913 : 64;
21914 : 64;
21915 : 64;
21916 : 64;
21917 : 64;
21918 : 64;
21919 : 64;
21920 : 64;
21921 : 64;
21922 : 64;
21923 : 64;
21924 : 64;
21925 : 64;
21926 : 64;
21927 : 64;
21928 : 64;
21929 : 64;
21930 : 64;
21931 : 64;
21932 : 64;
21933 : 40;
21934 : 64;
21935 : 40;
21936 : 84;
21937 : 85;
21938 : 40;
21939 : 85;
21940 : 64;
21941 : 40;
21942 : 64;
21943 : 64;
21944 : 64;
21945 : 64;
21946 : 64;
21947 : 40;
21948 : 64;
21949 : 64;
21950 : 64;
21951 : 64;
21952 : 64;
21953 : 64;
21954 : 64;
21955 : 64;
21956 : 64;
21957 : 64;
21958 : 64;
21959 : 64;
21960 : 64;
21961 : 64;
21962 : 64;
21963 : 64;
21964 : 64;
21965 : 64;
21966 : 64;
21967 : 64;
21968 : 44;
21969 : 64;
21970 : 64;
21971 : 40;
21972 : 44;
21973 : 64;
21974 : 64;
21975 : 64;
21976 : 44;
21977 : 64;
21978 : 40;
21979 : 64;
21980 : 64;
21981 : 64;
21982 : 64;
21983 : 64;
21984 : 64;
21985 : 64;
21986 : 64;
21987 : 64;
21988 : 64;
21989 : 64;
21990 : 64;
21991 : 64;
21992 : 64;
21993 : 40;
21994 : 40;
21995 : 64;
21996 : 40;
21997 : 40;
21998 : 40;
21999 : 44;
22000 : 49;
22001 : 49;
22002 : 6D;
22003 : 6D;
22004 : 49;
22005 : 48;
22006 : 6D;
22007 : 6D;
22008 : 6D;
22009 : 6D;
22010 : 6D;
22011 : 6D;
22012 : 6D;
22013 : 6D;
22014 : 6D;
22015 : 6D;
22016 : 6D;
22017 : 6D;
22018 : 6D;
22019 : 6D;
22020 : 6D;
22021 : 6D;
22022 : 6D;
22023 : 6D;
22024 : 69;
22025 : 6D;
22026 : 6D;
22027 : 6D;
22028 : 6D;
22029 : 6D;
22030 : 6D;
22031 : 6D;
22032 : 6D;
22033 : 6D;
22034 : 6D;
22035 : 6D;
22036 : 6D;
22037 : 6D;
22038 : 6D;
22039 : 6D;
22040 : 6D;
22041 : 6D;
22042 : 6D;
22043 : 6D;
22044 : 6D;
22045 : 6D;
22046 : 6D;
22047 : 6D;
22048 : 6D;
22049 : 6D;
22050 : 6D;
22051 : 6D;
22052 : 6D;
22053 : 6D;
22054 : 6D;
22055 : 6D;
22056 : 6D;
22057 : 6D;
22058 : 6D;
22059 : 6D;
22060 : 6D;
22061 : 49;
22062 : 49;
22063 : 49;
22064 : 49;
22065 : 49;
22066 : 49;
22067 : 49;
22068 : 49;
22069 : 49;
22070 : 49;
22071 : 49;
22072 : 49;
22073 : 49;
22074 : 24;
22075 : 49;
22076 : 49;
22077 : 24;
22078 : 24;
22079 : 24;
22080 : 40;
22081 : 60;
22082 : 60;
22083 : 64;
22084 : 40;
22085 : 20;
22086 : 40;
22087 : 40;
22088 : 40;
22089 : 40;
22090 : 40;
22091 : 40;
22092 : 40;
22093 : 40;
22094 : 40;
22095 : 40;
22096 : 40;
22097 : 40;
22098 : 40;
22099 : 40;
22100 : 40;
22101 : 64;
22102 : 84;
22103 : 64;
22104 : 20;
22105 : 40;
22106 : 40;
22107 : 40;
22108 : 40;
22109 : 40;
22110 : 40;
22111 : 40;
22112 : 40;
22113 : 40;
22114 : 40;
22115 : 40;
22116 : 40;
22117 : 40;
22118 : 40;
22119 : 40;
22120 : 40;
22121 : 40;
22122 : 40;
22123 : 20;
22124 : 64;
22125 : A9;
22126 : 64;
22127 : 20;
22128 : 40;
22129 : 40;
22130 : 40;
22131 : 40;
22132 : 40;
22133 : 40;
22134 : 40;
22135 : 40;
22136 : 40;
22137 : 84;
22138 : 20;
22139 : 40;
22140 : 20;
22141 : 64;
22142 : 84;
22143 : 84;
22144 : 84;
22145 : 40;
22146 : 40;
22147 : 40;
22148 : 40;
22149 : 64;
22150 : 20;
22151 : 44;
22152 : 85;
22153 : 64;
22154 : 40;
22155 : 40;
22156 : 40;
22157 : 40;
22158 : 84;
22159 : 64;
22160 : 20;
22161 : 20;
22162 : 20;
22163 : 40;
22164 : 64;
22165 : 64;
22166 : 64;
22167 : 64;
22168 : 64;
22169 : 64;
22170 : 64;
22171 : 64;
22172 : 64;
22173 : 64;
22174 : 64;
22175 : 64;
22176 : 64;
22177 : 64;
22178 : 64;
22179 : 64;
22180 : 64;
22181 : 64;
22182 : 64;
22183 : 85;
22184 : 64;
22185 : 64;
22186 : 64;
22187 : 40;
22188 : 40;
22189 : 40;
22190 : 40;
22191 : 40;
22192 : 40;
22193 : 40;
22194 : 44;
22195 : 20;
22196 : 40;
22197 : 44;
22198 : 44;
22199 : 44;
22200 : 64;
22201 : 84;
22202 : 85;
22203 : 85;
22204 : 64;
22205 : 64;
22206 : 64;
22207 : 40;
22208 : 40;
22209 : 20;
22210 : 44;
22211 : 40;
22212 : 64;
22213 : 64;
22214 : 64;
22215 : 64;
22216 : 64;
22217 : 64;
22218 : 64;
22219 : 64;
22220 : 64;
22221 : 64;
22222 : 64;
22223 : 64;
22224 : 64;
22225 : 64;
22226 : 85;
22227 : 40;
22228 : 40;
22229 : 40;
22230 : 65;
22231 : 64;
22232 : 64;
22233 : 64;
22234 : 64;
22235 : 64;
22236 : 85;
22237 : 64;
22238 : 64;
22239 : 64;
22240 : 64;
22241 : 64;
22242 : 64;
22243 : 64;
22244 : 64;
22245 : 64;
22246 : 64;
22247 : 64;
22248 : 64;
22249 : 64;
22250 : 64;
22251 : 64;
22252 : 65;
22253 : 40;
22254 : 85;
22255 : 40;
22256 : 85;
22257 : 40;
22258 : 64;
22259 : 85;
22260 : 40;
22261 : 64;
22262 : 64;
22263 : 64;
22264 : 64;
22265 : 64;
22266 : 85;
22267 : 40;
22268 : 64;
22269 : 64;
22270 : 64;
22271 : 64;
22272 : 64;
22273 : 64;
22274 : 64;
22275 : 64;
22276 : 64;
22277 : 64;
22278 : 64;
22279 : 64;
22280 : 64;
22281 : 64;
22282 : 64;
22283 : 64;
22284 : 64;
22285 : 64;
22286 : 64;
22287 : 64;
22288 : 64;
22289 : 40;
22290 : 64;
22291 : 64;
22292 : 40;
22293 : 64;
22294 : 64;
22295 : 64;
22296 : 44;
22297 : 64;
22298 : 40;
22299 : 64;
22300 : 64;
22301 : 64;
22302 : 64;
22303 : 64;
22304 : 64;
22305 : 64;
22306 : 64;
22307 : 64;
22308 : 64;
22309 : 64;
22310 : 64;
22311 : 44;
22312 : 64;
22313 : 64;
22314 : 40;
22315 : 64;
22316 : 40;
22317 : 40;
22318 : 40;
22319 : 44;
22320 : 49;
22321 : 49;
22322 : 6D;
22323 : 6D;
22324 : 49;
22325 : 25;
22326 : 6D;
22327 : 6D;
22328 : 6D;
22329 : 6D;
22330 : 6D;
22331 : 6D;
22332 : 6D;
22333 : 6D;
22334 : 6D;
22335 : 6D;
22336 : 6D;
22337 : 6D;
22338 : 6D;
22339 : 6D;
22340 : 6D;
22341 : 6D;
22342 : 6D;
22343 : 6D;
22344 : 69;
22345 : 6D;
22346 : 6D;
22347 : 6D;
22348 : 6D;
22349 : 6D;
22350 : 6D;
22351 : 6D;
22352 : 6D;
22353 : 6D;
22354 : 6D;
22355 : 6D;
22356 : 6D;
22357 : 6D;
22358 : 6D;
22359 : 6D;
22360 : 6D;
22361 : 6D;
22362 : 6D;
22363 : 69;
22364 : 6D;
22365 : 6D;
22366 : 6D;
22367 : 6D;
22368 : 6D;
22369 : 6D;
22370 : 6D;
22371 : 6D;
22372 : 6D;
22373 : 6D;
22374 : 6D;
22375 : 6D;
22376 : 6D;
22377 : 6D;
22378 : 6D;
22379 : 6D;
22380 : 69;
22381 : 6D;
22382 : 49;
22383 : 69;
22384 : 49;
22385 : 49;
22386 : 49;
22387 : 49;
22388 : 49;
22389 : 49;
22390 : 49;
22391 : 49;
22392 : 49;
22393 : 49;
22394 : 24;
22395 : 49;
22396 : 49;
22397 : 24;
22398 : 24;
22399 : 24;
22400 : 40;
22401 : 20;
22402 : 20;
22403 : 20;
22404 : 40;
22405 : 40;
22406 : 40;
22407 : 40;
22408 : 40;
22409 : 40;
22410 : 40;
22411 : 40;
22412 : 40;
22413 : 40;
22414 : 40;
22415 : 40;
22416 : 40;
22417 : 40;
22418 : 40;
22419 : 40;
22420 : 40;
22421 : 20;
22422 : 84;
22423 : 64;
22424 : 20;
22425 : 40;
22426 : 40;
22427 : 40;
22428 : 40;
22429 : 40;
22430 : 40;
22431 : 40;
22432 : 40;
22433 : 40;
22434 : 40;
22435 : 40;
22436 : 40;
22437 : 40;
22438 : 40;
22439 : 40;
22440 : 40;
22441 : 40;
22442 : 40;
22443 : 20;
22444 : 40;
22445 : 85;
22446 : 64;
22447 : 20;
22448 : 40;
22449 : 40;
22450 : 40;
22451 : 40;
22452 : 40;
22453 : 40;
22454 : 40;
22455 : 40;
22456 : 20;
22457 : 64;
22458 : 64;
22459 : 20;
22460 : 84;
22461 : 40;
22462 : 20;
22463 : 20;
22464 : 40;
22465 : 40;
22466 : 40;
22467 : 40;
22468 : 40;
22469 : 40;
22470 : 64;
22471 : 20;
22472 : 40;
22473 : A5;
22474 : 84;
22475 : 84;
22476 : 64;
22477 : 84;
22478 : 40;
22479 : 40;
22480 : 64;
22481 : 64;
22482 : 64;
22483 : 64;
22484 : 60;
22485 : 40;
22486 : 64;
22487 : 64;
22488 : 64;
22489 : 64;
22490 : 64;
22491 : 64;
22492 : 64;
22493 : 64;
22494 : 64;
22495 : 64;
22496 : 64;
22497 : 64;
22498 : 64;
22499 : 64;
22500 : 64;
22501 : 64;
22502 : 64;
22503 : 85;
22504 : 85;
22505 : 64;
22506 : 64;
22507 : 64;
22508 : 40;
22509 : 40;
22510 : 40;
22511 : 40;
22512 : 40;
22513 : 40;
22514 : 64;
22515 : 40;
22516 : 40;
22517 : 44;
22518 : 64;
22519 : 44;
22520 : 64;
22521 : 64;
22522 : 85;
22523 : 85;
22524 : 64;
22525 : 64;
22526 : 44;
22527 : 64;
22528 : 40;
22529 : 20;
22530 : 40;
22531 : 40;
22532 : 64;
22533 : 64;
22534 : 64;
22535 : 64;
22536 : 64;
22537 : 64;
22538 : 64;
22539 : 64;
22540 : 64;
22541 : 64;
22542 : 64;
22543 : 64;
22544 : 64;
22545 : 64;
22546 : 64;
22547 : 40;
22548 : 40;
22549 : 64;
22550 : 64;
22551 : 64;
22552 : 64;
22553 : 64;
22554 : 64;
22555 : 84;
22556 : 64;
22557 : 64;
22558 : 64;
22559 : 64;
22560 : 64;
22561 : 64;
22562 : 64;
22563 : 64;
22564 : 64;
22565 : 64;
22566 : 64;
22567 : 64;
22568 : 64;
22569 : 64;
22570 : 64;
22571 : 64;
22572 : 64;
22573 : 40;
22574 : 85;
22575 : 40;
22576 : 64;
22577 : 40;
22578 : A9;
22579 : 64;
22580 : 44;
22581 : 64;
22582 : 64;
22583 : 64;
22584 : 64;
22585 : 40;
22586 : 40;
22587 : 85;
22588 : 40;
22589 : 64;
22590 : 64;
22591 : 64;
22592 : 64;
22593 : 64;
22594 : 64;
22595 : 64;
22596 : 64;
22597 : 64;
22598 : 64;
22599 : 64;
22600 : 64;
22601 : 64;
22602 : 64;
22603 : 64;
22604 : 64;
22605 : 64;
22606 : 64;
22607 : 64;
22608 : 64;
22609 : 40;
22610 : 64;
22611 : 64;
22612 : 40;
22613 : 64;
22614 : 64;
22615 : 64;
22616 : 64;
22617 : 40;
22618 : 64;
22619 : 40;
22620 : 64;
22621 : 64;
22622 : 64;
22623 : 64;
22624 : 64;
22625 : 64;
22626 : 64;
22627 : 64;
22628 : 64;
22629 : 64;
22630 : 64;
22631 : 64;
22632 : 64;
22633 : 64;
22634 : 40;
22635 : 40;
22636 : 40;
22637 : 40;
22638 : 40;
22639 : 44;
22640 : 49;
22641 : 49;
22642 : 6D;
22643 : 6D;
22644 : 49;
22645 : 24;
22646 : 6D;
22647 : 6D;
22648 : 6D;
22649 : 6D;
22650 : 6D;
22651 : 6D;
22652 : 6D;
22653 : 6D;
22654 : 6D;
22655 : 6D;
22656 : 6D;
22657 : 6D;
22658 : 6D;
22659 : 6D;
22660 : 6D;
22661 : 6D;
22662 : 69;
22663 : 69;
22664 : 69;
22665 : 6D;
22666 : 6D;
22667 : 6D;
22668 : 49;
22669 : 49;
22670 : 6D;
22671 : 6D;
22672 : 6D;
22673 : 6D;
22674 : 6D;
22675 : 6D;
22676 : 6D;
22677 : 6D;
22678 : 6D;
22679 : 6D;
22680 : 6D;
22681 : 6D;
22682 : 49;
22683 : 6D;
22684 : 6D;
22685 : 6D;
22686 : 6D;
22687 : 6D;
22688 : 6D;
22689 : 6D;
22690 : 6D;
22691 : 6D;
22692 : 6D;
22693 : 6D;
22694 : 6D;
22695 : 6D;
22696 : 6D;
22697 : 6D;
22698 : 6D;
22699 : 6D;
22700 : 69;
22701 : 49;
22702 : 49;
22703 : 49;
22704 : 49;
22705 : 49;
22706 : 49;
22707 : 49;
22708 : 49;
22709 : 49;
22710 : 49;
22711 : 49;
22712 : 49;
22713 : 49;
22714 : 24;
22715 : 49;
22716 : 49;
22717 : 24;
22718 : 24;
22719 : 24;
22720 : 20;
22721 : 40;
22722 : 40;
22723 : 20;
22724 : 40;
22725 : 40;
22726 : 40;
22727 : 40;
22728 : 40;
22729 : 40;
22730 : 40;
22731 : 40;
22732 : 40;
22733 : 40;
22734 : 40;
22735 : 40;
22736 : 40;
22737 : 40;
22738 : 40;
22739 : 40;
22740 : 40;
22741 : 40;
22742 : 84;
22743 : 64;
22744 : 20;
22745 : 40;
22746 : 40;
22747 : 40;
22748 : 40;
22749 : 40;
22750 : 40;
22751 : 40;
22752 : 40;
22753 : 40;
22754 : 40;
22755 : 40;
22756 : 40;
22757 : 40;
22758 : 40;
22759 : 40;
22760 : 40;
22761 : 40;
22762 : 40;
22763 : 40;
22764 : 40;
22765 : 84;
22766 : A9;
22767 : 64;
22768 : 20;
22769 : 40;
22770 : 40;
22771 : 40;
22772 : 40;
22773 : 40;
22774 : 40;
22775 : 40;
22776 : 40;
22777 : 20;
22778 : 64;
22779 : 64;
22780 : 20;
22781 : 40;
22782 : 40;
22783 : 40;
22784 : 40;
22785 : 40;
22786 : 40;
22787 : 60;
22788 : 60;
22789 : 64;
22790 : 64;
22791 : 64;
22792 : 40;
22793 : 60;
22794 : 64;
22795 : 84;
22796 : 40;
22797 : 40;
22798 : 40;
22799 : 64;
22800 : 64;
22801 : 64;
22802 : 64;
22803 : 64;
22804 : 64;
22805 : 64;
22806 : 64;
22807 : 64;
22808 : 64;
22809 : 64;
22810 : 64;
22811 : 84;
22812 : 64;
22813 : 60;
22814 : 64;
22815 : 64;
22816 : 64;
22817 : 64;
22818 : 64;
22819 : 64;
22820 : 64;
22821 : 64;
22822 : 64;
22823 : 64;
22824 : 85;
22825 : 64;
22826 : 64;
22827 : 64;
22828 : 40;
22829 : 40;
22830 : 40;
22831 : 40;
22832 : 40;
22833 : 40;
22834 : 64;
22835 : 20;
22836 : 40;
22837 : 44;
22838 : 64;
22839 : 44;
22840 : 64;
22841 : 84;
22842 : 85;
22843 : 85;
22844 : 64;
22845 : 64;
22846 : 44;
22847 : 64;
22848 : 40;
22849 : 20;
22850 : 40;
22851 : 40;
22852 : 64;
22853 : 64;
22854 : 64;
22855 : 64;
22856 : 64;
22857 : 64;
22858 : 64;
22859 : 64;
22860 : 64;
22861 : 64;
22862 : 64;
22863 : 84;
22864 : 84;
22865 : 84;
22866 : 40;
22867 : 44;
22868 : 44;
22869 : 64;
22870 : 64;
22871 : 64;
22872 : 64;
22873 : 64;
22874 : 64;
22875 : 64;
22876 : 64;
22877 : 64;
22878 : 85;
22879 : 64;
22880 : 44;
22881 : 64;
22882 : 64;
22883 : 64;
22884 : 64;
22885 : 64;
22886 : 64;
22887 : 64;
22888 : 64;
22889 : 64;
22890 : 64;
22891 : 64;
22892 : 64;
22893 : 64;
22894 : 64;
22895 : 64;
22896 : 40;
22897 : 84;
22898 : A5;
22899 : 64;
22900 : 40;
22901 : 40;
22902 : 40;
22903 : 40;
22904 : 40;
22905 : 64;
22906 : 84;
22907 : 64;
22908 : 64;
22909 : 64;
22910 : 64;
22911 : 64;
22912 : 64;
22913 : 64;
22914 : 64;
22915 : 64;
22916 : 64;
22917 : 64;
22918 : 64;
22919 : 64;
22920 : 64;
22921 : 64;
22922 : 64;
22923 : 64;
22924 : 64;
22925 : 64;
22926 : 64;
22927 : 64;
22928 : 64;
22929 : 64;
22930 : 40;
22931 : 64;
22932 : 40;
22933 : 64;
22934 : 64;
22935 : 64;
22936 : 64;
22937 : 44;
22938 : 40;
22939 : 64;
22940 : 40;
22941 : 64;
22942 : 64;
22943 : 64;
22944 : 64;
22945 : 64;
22946 : 64;
22947 : 64;
22948 : 64;
22949 : 64;
22950 : 64;
22951 : 64;
22952 : 64;
22953 : 64;
22954 : 40;
22955 : 40;
22956 : 60;
22957 : 40;
22958 : 40;
22959 : 44;
22960 : 49;
22961 : 49;
22962 : 6D;
22963 : 6D;
22964 : 49;
22965 : 24;
22966 : 6D;
22967 : 6D;
22968 : 6D;
22969 : 6D;
22970 : 6D;
22971 : 6D;
22972 : 6D;
22973 : 6D;
22974 : 6D;
22975 : 6D;
22976 : 6D;
22977 : 6D;
22978 : 6D;
22979 : 6D;
22980 : 6D;
22981 : 6D;
22982 : 6D;
22983 : 49;
22984 : 49;
22985 : 49;
22986 : 49;
22987 : 49;
22988 : 6D;
22989 : 6D;
22990 : 6D;
22991 : 6D;
22992 : 6D;
22993 : 6D;
22994 : 6D;
22995 : 6D;
22996 : 6D;
22997 : 6D;
22998 : 6D;
22999 : 6D;
23000 : 6D;
23001 : 6D;
23002 : 69;
23003 : 6D;
23004 : 6D;
23005 : 6D;
23006 : 6D;
23007 : 6D;
23008 : 6D;
23009 : 6D;
23010 : 6D;
23011 : 6D;
23012 : 6D;
23013 : 6D;
23014 : 6D;
23015 : 6D;
23016 : 6D;
23017 : 6D;
23018 : 6D;
23019 : 6D;
23020 : 6D;
23021 : 6D;
23022 : 49;
23023 : 49;
23024 : 49;
23025 : 49;
23026 : 49;
23027 : 49;
23028 : 49;
23029 : 49;
23030 : 49;
23031 : 49;
23032 : 49;
23033 : 49;
23034 : 24;
23035 : 49;
23036 : 49;
23037 : 00;
23038 : 24;
23039 : 24;
23040 : 40;
23041 : 40;
23042 : 20;
23043 : 40;
23044 : 20;
23045 : 40;
23046 : 40;
23047 : 40;
23048 : 40;
23049 : 40;
23050 : 40;
23051 : 40;
23052 : 40;
23053 : 40;
23054 : 40;
23055 : 40;
23056 : 40;
23057 : 40;
23058 : 40;
23059 : 40;
23060 : 40;
23061 : 40;
23062 : 84;
23063 : 64;
23064 : 20;
23065 : 40;
23066 : 40;
23067 : 40;
23068 : 40;
23069 : 40;
23070 : 40;
23071 : 40;
23072 : 40;
23073 : 40;
23074 : 40;
23075 : 40;
23076 : 40;
23077 : 40;
23078 : 40;
23079 : 40;
23080 : 40;
23081 : 40;
23082 : 40;
23083 : 40;
23084 : 20;
23085 : 60;
23086 : 85;
23087 : 64;
23088 : 20;
23089 : 40;
23090 : 40;
23091 : 40;
23092 : 40;
23093 : 40;
23094 : 40;
23095 : 40;
23096 : 40;
23097 : 40;
23098 : 20;
23099 : 84;
23100 : 20;
23101 : 40;
23102 : 40;
23103 : 40;
23104 : 40;
23105 : 60;
23106 : 60;
23107 : 60;
23108 : 64;
23109 : 64;
23110 : 64;
23111 : 64;
23112 : 40;
23113 : 40;
23114 : 64;
23115 : 64;
23116 : 64;
23117 : 40;
23118 : 40;
23119 : 64;
23120 : 64;
23121 : 64;
23122 : 64;
23123 : 64;
23124 : 64;
23125 : 64;
23126 : 40;
23127 : 40;
23128 : 40;
23129 : 40;
23130 : 40;
23131 : 40;
23132 : 40;
23133 : 64;
23134 : 64;
23135 : 64;
23136 : 64;
23137 : 64;
23138 : 64;
23139 : 64;
23140 : 64;
23141 : 64;
23142 : 64;
23143 : 64;
23144 : 84;
23145 : 84;
23146 : 64;
23147 : 64;
23148 : 64;
23149 : 40;
23150 : 40;
23151 : 40;
23152 : 40;
23153 : 40;
23154 : 64;
23155 : 20;
23156 : 40;
23157 : 44;
23158 : 64;
23159 : 44;
23160 : 64;
23161 : 85;
23162 : 85;
23163 : 85;
23164 : 64;
23165 : 64;
23166 : 44;
23167 : 44;
23168 : 40;
23169 : 20;
23170 : 44;
23171 : 40;
23172 : 64;
23173 : 64;
23174 : 64;
23175 : 64;
23176 : 64;
23177 : 64;
23178 : 64;
23179 : 64;
23180 : 64;
23181 : 64;
23182 : 64;
23183 : 64;
23184 : 64;
23185 : 64;
23186 : 40;
23187 : 40;
23188 : 64;
23189 : 64;
23190 : 64;
23191 : 64;
23192 : 64;
23193 : 64;
23194 : 64;
23195 : 64;
23196 : 64;
23197 : 64;
23198 : 64;
23199 : 64;
23200 : 40;
23201 : 40;
23202 : 85;
23203 : 84;
23204 : 64;
23205 : 64;
23206 : 64;
23207 : 64;
23208 : 64;
23209 : 64;
23210 : 64;
23211 : 64;
23212 : 64;
23213 : 85;
23214 : 40;
23215 : 85;
23216 : 40;
23217 : A9;
23218 : 64;
23219 : 40;
23220 : 40;
23221 : 40;
23222 : 40;
23223 : 40;
23224 : 40;
23225 : 40;
23226 : 40;
23227 : 40;
23228 : 40;
23229 : 40;
23230 : 40;
23231 : 40;
23232 : 40;
23233 : 64;
23234 : 64;
23235 : 64;
23236 : 64;
23237 : 64;
23238 : 64;
23239 : 64;
23240 : 64;
23241 : 64;
23242 : 64;
23243 : 64;
23244 : 64;
23245 : 64;
23246 : 64;
23247 : 64;
23248 : 64;
23249 : 64;
23250 : 20;
23251 : 64;
23252 : 40;
23253 : 40;
23254 : 64;
23255 : 64;
23256 : 64;
23257 : 64;
23258 : 20;
23259 : 64;
23260 : 40;
23261 : 64;
23262 : 64;
23263 : 64;
23264 : 64;
23265 : 64;
23266 : 64;
23267 : 64;
23268 : 64;
23269 : 64;
23270 : 64;
23271 : 64;
23272 : 64;
23273 : 64;
23274 : 40;
23275 : 40;
23276 : 64;
23277 : 40;
23278 : 40;
23279 : 44;
23280 : 49;
23281 : 49;
23282 : 6D;
23283 : 6D;
23284 : 49;
23285 : 24;
23286 : 6D;
23287 : 6D;
23288 : 6D;
23289 : 6D;
23290 : 6D;
23291 : 6D;
23292 : 6D;
23293 : 6D;
23294 : 6D;
23295 : 6D;
23296 : 6D;
23297 : 6D;
23298 : 6D;
23299 : 6D;
23300 : 6D;
23301 : 6D;
23302 : 6D;
23303 : 6D;
23304 : 49;
23305 : 49;
23306 : 49;
23307 : 49;
23308 : 6D;
23309 : 69;
23310 : 6D;
23311 : 6D;
23312 : 6D;
23313 : 6D;
23314 : 6D;
23315 : 6D;
23316 : 6D;
23317 : 6D;
23318 : 6D;
23319 : 6D;
23320 : 6D;
23321 : 49;
23322 : 49;
23323 : 49;
23324 : 49;
23325 : 6D;
23326 : 6D;
23327 : 6D;
23328 : 6D;
23329 : 6D;
23330 : 6D;
23331 : 6D;
23332 : 6D;
23333 : 6D;
23334 : 6D;
23335 : 6D;
23336 : 6D;
23337 : 69;
23338 : 4D;
23339 : 49;
23340 : 49;
23341 : 49;
23342 : 49;
23343 : 49;
23344 : 49;
23345 : 49;
23346 : 49;
23347 : 49;
23348 : 49;
23349 : 49;
23350 : 49;
23351 : 49;
23352 : 49;
23353 : 49;
23354 : 24;
23355 : 49;
23356 : 49;
23357 : 00;
23358 : 24;
23359 : 24;
23360 : 40;
23361 : 40;
23362 : 20;
23363 : 60;
23364 : 20;
23365 : 40;
23366 : 40;
23367 : 40;
23368 : 40;
23369 : 40;
23370 : 40;
23371 : 40;
23372 : 40;
23373 : 40;
23374 : 40;
23375 : 40;
23376 : 40;
23377 : 40;
23378 : 40;
23379 : 40;
23380 : 40;
23381 : 40;
23382 : 84;
23383 : 64;
23384 : 20;
23385 : 40;
23386 : 40;
23387 : 40;
23388 : 40;
23389 : 40;
23390 : 40;
23391 : 40;
23392 : 40;
23393 : 40;
23394 : 40;
23395 : 40;
23396 : 40;
23397 : 40;
23398 : 40;
23399 : 40;
23400 : 40;
23401 : 40;
23402 : 40;
23403 : 40;
23404 : 40;
23405 : 40;
23406 : 64;
23407 : A9;
23408 : 40;
23409 : 40;
23410 : 40;
23411 : 40;
23412 : 40;
23413 : 40;
23414 : 40;
23415 : 40;
23416 : 40;
23417 : 40;
23418 : 20;
23419 : 85;
23420 : 20;
23421 : 40;
23422 : 40;
23423 : 40;
23424 : 40;
23425 : 60;
23426 : 40;
23427 : 64;
23428 : 64;
23429 : 64;
23430 : 64;
23431 : 64;
23432 : 64;
23433 : 40;
23434 : 84;
23435 : 20;
23436 : 40;
23437 : 84;
23438 : 20;
23439 : 64;
23440 : 64;
23441 : 64;
23442 : 64;
23443 : 64;
23444 : 64;
23445 : 64;
23446 : 64;
23447 : 64;
23448 : 64;
23449 : 64;
23450 : 64;
23451 : 64;
23452 : 64;
23453 : 64;
23454 : 64;
23455 : 64;
23456 : 64;
23457 : 64;
23458 : 64;
23459 : 64;
23460 : 64;
23461 : 64;
23462 : 64;
23463 : 64;
23464 : 85;
23465 : 84;
23466 : 84;
23467 : 64;
23468 : 64;
23469 : 40;
23470 : 60;
23471 : 40;
23472 : 40;
23473 : 40;
23474 : 64;
23475 : 20;
23476 : 40;
23477 : 44;
23478 : 64;
23479 : 44;
23480 : 64;
23481 : 84;
23482 : 85;
23483 : 85;
23484 : 64;
23485 : 64;
23486 : 40;
23487 : 44;
23488 : 40;
23489 : 20;
23490 : 40;
23491 : 64;
23492 : 64;
23493 : 64;
23494 : 64;
23495 : 64;
23496 : 64;
23497 : 64;
23498 : 64;
23499 : 64;
23500 : 64;
23501 : 64;
23502 : 64;
23503 : 64;
23504 : 64;
23505 : 64;
23506 : 64;
23507 : 64;
23508 : 64;
23509 : 64;
23510 : 64;
23511 : 64;
23512 : 64;
23513 : 84;
23514 : 64;
23515 : 64;
23516 : 64;
23517 : 64;
23518 : 64;
23519 : 64;
23520 : 64;
23521 : 64;
23522 : 40;
23523 : 40;
23524 : 85;
23525 : 64;
23526 : 64;
23527 : 64;
23528 : 64;
23529 : 64;
23530 : 64;
23531 : 64;
23532 : 64;
23533 : 85;
23534 : 40;
23535 : 85;
23536 : 64;
23537 : 64;
23538 : 40;
23539 : 20;
23540 : 44;
23541 : 64;
23542 : 64;
23543 : 85;
23544 : 84;
23545 : 64;
23546 : 64;
23547 : 64;
23548 : 64;
23549 : 65;
23550 : 65;
23551 : 85;
23552 : 85;
23553 : 40;
23554 : 40;
23555 : 40;
23556 : 64;
23557 : 64;
23558 : 64;
23559 : 64;
23560 : 64;
23561 : 64;
23562 : 64;
23563 : 64;
23564 : 64;
23565 : 64;
23566 : 64;
23567 : 64;
23568 : 64;
23569 : 64;
23570 : 64;
23571 : 20;
23572 : 64;
23573 : 40;
23574 : 64;
23575 : 64;
23576 : 64;
23577 : 64;
23578 : 20;
23579 : 64;
23580 : 40;
23581 : 64;
23582 : 64;
23583 : 64;
23584 : 64;
23585 : 64;
23586 : 64;
23587 : 64;
23588 : 64;
23589 : 64;
23590 : 64;
23591 : 64;
23592 : 64;
23593 : 64;
23594 : 40;
23595 : 40;
23596 : 40;
23597 : 40;
23598 : 40;
23599 : 44;
23600 : 49;
23601 : 45;
23602 : 6D;
23603 : 6D;
23604 : 49;
23605 : 24;
23606 : 6D;
23607 : 6D;
23608 : 6D;
23609 : 6D;
23610 : 6D;
23611 : 6D;
23612 : 6D;
23613 : 6D;
23614 : 6D;
23615 : 6D;
23616 : 6D;
23617 : 6D;
23618 : 6D;
23619 : 6D;
23620 : 49;
23621 : 6D;
23622 : 49;
23623 : 49;
23624 : 49;
23625 : 49;
23626 : 6D;
23627 : 69;
23628 : 49;
23629 : 6D;
23630 : 6D;
23631 : 6D;
23632 : 6D;
23633 : 6D;
23634 : 6D;
23635 : 6D;
23636 : 6D;
23637 : 6D;
23638 : 6D;
23639 : 6D;
23640 : 6D;
23641 : 6D;
23642 : 69;
23643 : 6D;
23644 : 69;
23645 : 6D;
23646 : 6D;
23647 : 6D;
23648 : 6D;
23649 : 6D;
23650 : 6D;
23651 : 6D;
23652 : 6D;
23653 : 6D;
23654 : 6D;
23655 : 6D;
23656 : 6D;
23657 : 6D;
23658 : 6D;
23659 : 69;
23660 : 49;
23661 : 49;
23662 : 49;
23663 : 49;
23664 : 49;
23665 : 49;
23666 : 49;
23667 : 49;
23668 : 49;
23669 : 49;
23670 : 49;
23671 : 49;
23672 : 49;
23673 : 49;
23674 : 00;
23675 : 49;
23676 : 49;
23677 : 00;
23678 : 24;
23679 : 24;
23680 : 40;
23681 : 20;
23682 : 60;
23683 : 20;
23684 : 40;
23685 : 40;
23686 : 40;
23687 : 40;
23688 : 40;
23689 : 40;
23690 : 40;
23691 : 40;
23692 : 40;
23693 : 40;
23694 : 40;
23695 : 40;
23696 : 40;
23697 : 40;
23698 : 40;
23699 : 40;
23700 : 40;
23701 : 40;
23702 : 84;
23703 : 64;
23704 : 20;
23705 : 40;
23706 : 40;
23707 : 40;
23708 : 40;
23709 : 40;
23710 : 40;
23711 : 40;
23712 : 40;
23713 : 40;
23714 : 40;
23715 : 40;
23716 : 40;
23717 : 40;
23718 : 40;
23719 : 40;
23720 : 40;
23721 : 40;
23722 : 40;
23723 : 40;
23724 : 40;
23725 : 20;
23726 : 64;
23727 : 85;
23728 : 85;
23729 : 20;
23730 : 40;
23731 : 40;
23732 : 40;
23733 : 40;
23734 : 40;
23735 : 40;
23736 : 40;
23737 : 40;
23738 : 20;
23739 : 64;
23740 : 64;
23741 : 40;
23742 : 40;
23743 : 40;
23744 : 60;
23745 : 60;
23746 : 64;
23747 : 64;
23748 : 64;
23749 : 64;
23750 : 64;
23751 : 64;
23752 : 64;
23753 : 40;
23754 : 85;
23755 : 40;
23756 : 40;
23757 : 40;
23758 : 85;
23759 : 40;
23760 : 64;
23761 : 64;
23762 : 64;
23763 : 64;
23764 : 64;
23765 : 64;
23766 : 64;
23767 : 64;
23768 : 64;
23769 : 64;
23770 : 64;
23771 : 64;
23772 : 64;
23773 : 64;
23774 : 64;
23775 : 64;
23776 : 64;
23777 : 64;
23778 : 64;
23779 : 64;
23780 : 64;
23781 : 64;
23782 : 64;
23783 : 64;
23784 : 85;
23785 : 84;
23786 : 84;
23787 : 64;
23788 : 64;
23789 : 40;
23790 : 40;
23791 : 40;
23792 : 40;
23793 : 40;
23794 : 40;
23795 : 40;
23796 : 40;
23797 : 40;
23798 : 64;
23799 : 64;
23800 : 64;
23801 : 64;
23802 : 85;
23803 : 85;
23804 : 64;
23805 : 44;
23806 : 44;
23807 : 44;
23808 : 40;
23809 : 20;
23810 : 40;
23811 : 64;
23812 : 64;
23813 : 64;
23814 : 64;
23815 : 64;
23816 : 64;
23817 : 64;
23818 : 64;
23819 : 64;
23820 : 64;
23821 : 64;
23822 : 64;
23823 : 64;
23824 : 64;
23825 : 64;
23826 : 64;
23827 : 64;
23828 : 64;
23829 : 64;
23830 : 64;
23831 : 85;
23832 : 64;
23833 : 64;
23834 : 64;
23835 : 64;
23836 : 85;
23837 : 64;
23838 : 64;
23839 : 64;
23840 : 85;
23841 : 40;
23842 : 64;
23843 : 64;
23844 : 40;
23845 : 64;
23846 : 64;
23847 : 64;
23848 : 64;
23849 : 64;
23850 : 64;
23851 : 64;
23852 : 64;
23853 : 85;
23854 : 40;
23855 : 64;
23856 : 84;
23857 : 40;
23858 : 40;
23859 : 85;
23860 : 64;
23861 : 64;
23862 : 64;
23863 : 64;
23864 : 64;
23865 : 64;
23866 : 64;
23867 : 64;
23868 : 64;
23869 : 64;
23870 : 64;
23871 : 64;
23872 : 64;
23873 : 65;
23874 : 85;
23875 : 85;
23876 : 64;
23877 : 64;
23878 : 64;
23879 : 64;
23880 : 64;
23881 : 64;
23882 : 64;
23883 : 64;
23884 : 64;
23885 : 64;
23886 : 64;
23887 : 64;
23888 : 64;
23889 : 64;
23890 : 64;
23891 : 40;
23892 : 64;
23893 : 64;
23894 : 20;
23895 : 64;
23896 : 64;
23897 : 40;
23898 : 64;
23899 : 40;
23900 : 40;
23901 : 44;
23902 : 64;
23903 : 64;
23904 : 64;
23905 : 64;
23906 : 64;
23907 : 64;
23908 : 64;
23909 : 64;
23910 : 64;
23911 : 64;
23912 : 64;
23913 : 64;
23914 : 64;
23915 : 40;
23916 : 40;
23917 : 40;
23918 : 40;
23919 : 44;
23920 : 49;
23921 : 45;
23922 : 6D;
23923 : 6D;
23924 : 49;
23925 : 24;
23926 : 6D;
23927 : 6D;
23928 : 6D;
23929 : 6D;
23930 : 6D;
23931 : 6D;
23932 : 6D;
23933 : 6D;
23934 : 6D;
23935 : 6D;
23936 : 6D;
23937 : 6D;
23938 : 69;
23939 : 69;
23940 : 49;
23941 : 49;
23942 : 49;
23943 : 49;
23944 : 49;
23945 : 49;
23946 : 49;
23947 : 49;
23948 : 49;
23949 : 6D;
23950 : 6D;
23951 : 6D;
23952 : 6D;
23953 : 6D;
23954 : 6D;
23955 : 6D;
23956 : 6D;
23957 : 6D;
23958 : 6D;
23959 : 6D;
23960 : 6D;
23961 : 49;
23962 : 6D;
23963 : 69;
23964 : 69;
23965 : 6D;
23966 : 6D;
23967 : 6D;
23968 : 6D;
23969 : 6D;
23970 : 6D;
23971 : 6D;
23972 : 6D;
23973 : 6D;
23974 : 6D;
23975 : 6D;
23976 : 6D;
23977 : 6D;
23978 : 6D;
23979 : 6D;
23980 : 69;
23981 : 49;
23982 : 49;
23983 : 49;
23984 : 49;
23985 : 49;
23986 : 49;
23987 : 49;
23988 : 49;
23989 : 49;
23990 : 49;
23991 : 49;
23992 : 6D;
23993 : 24;
23994 : 24;
23995 : 49;
23996 : 49;
23997 : 00;
23998 : 24;
23999 : 24;
24000 : 40;
24001 : 40;
24002 : 40;
24003 : 20;
24004 : 40;
24005 : 40;
24006 : 40;
24007 : 40;
24008 : 40;
24009 : 40;
24010 : 40;
24011 : 40;
24012 : 40;
24013 : 40;
24014 : 40;
24015 : 40;
24016 : 40;
24017 : 40;
24018 : 40;
24019 : 40;
24020 : 40;
24021 : 40;
24022 : 84;
24023 : 64;
24024 : 20;
24025 : 40;
24026 : 40;
24027 : 40;
24028 : 40;
24029 : 40;
24030 : 40;
24031 : 40;
24032 : 40;
24033 : 40;
24034 : 40;
24035 : 40;
24036 : 40;
24037 : 40;
24038 : 40;
24039 : 40;
24040 : 40;
24041 : 40;
24042 : 40;
24043 : 40;
24044 : 40;
24045 : 20;
24046 : 40;
24047 : 85;
24048 : 85;
24049 : 40;
24050 : 40;
24051 : 40;
24052 : 40;
24053 : 40;
24054 : 40;
24055 : 40;
24056 : 40;
24057 : 40;
24058 : 40;
24059 : 20;
24060 : 64;
24061 : 40;
24062 : 40;
24063 : 60;
24064 : 60;
24065 : 64;
24066 : 64;
24067 : 64;
24068 : 64;
24069 : 64;
24070 : 64;
24071 : 64;
24072 : 64;
24073 : 40;
24074 : 85;
24075 : 40;
24076 : 64;
24077 : 40;
24078 : 64;
24079 : 60;
24080 : 64;
24081 : 64;
24082 : 64;
24083 : 64;
24084 : 64;
24085 : 64;
24086 : 64;
24087 : 64;
24088 : 64;
24089 : 64;
24090 : 64;
24091 : 64;
24092 : 64;
24093 : 64;
24094 : 64;
24095 : 64;
24096 : 64;
24097 : 64;
24098 : 64;
24099 : 64;
24100 : 64;
24101 : 64;
24102 : 64;
24103 : 84;
24104 : 85;
24105 : 85;
24106 : 84;
24107 : 64;
24108 : 64;
24109 : 40;
24110 : 40;
24111 : 40;
24112 : 40;
24113 : 40;
24114 : 40;
24115 : 20;
24116 : 40;
24117 : 44;
24118 : 44;
24119 : 64;
24120 : 64;
24121 : 85;
24122 : 85;
24123 : 85;
24124 : 64;
24125 : 64;
24126 : 44;
24127 : 44;
24128 : 40;
24129 : 20;
24130 : 44;
24131 : 64;
24132 : 64;
24133 : 64;
24134 : 64;
24135 : 64;
24136 : 64;
24137 : 64;
24138 : 64;
24139 : 64;
24140 : 64;
24141 : 64;
24142 : 64;
24143 : 64;
24144 : 64;
24145 : 64;
24146 : 64;
24147 : 64;
24148 : 64;
24149 : 64;
24150 : 64;
24151 : 84;
24152 : 64;
24153 : 64;
24154 : 64;
24155 : 85;
24156 : 85;
24157 : 64;
24158 : 64;
24159 : 64;
24160 : 64;
24161 : 85;
24162 : 44;
24163 : 64;
24164 : 64;
24165 : 64;
24166 : 44;
24167 : 64;
24168 : 64;
24169 : 64;
24170 : 64;
24171 : 64;
24172 : 64;
24173 : 64;
24174 : 60;
24175 : 85;
24176 : 40;
24177 : 20;
24178 : 64;
24179 : 84;
24180 : 64;
24181 : 64;
24182 : 64;
24183 : 64;
24184 : 64;
24185 : 64;
24186 : 64;
24187 : 64;
24188 : 64;
24189 : 64;
24190 : 64;
24191 : 64;
24192 : 64;
24193 : 64;
24194 : 84;
24195 : 64;
24196 : 84;
24197 : 64;
24198 : 64;
24199 : 64;
24200 : 64;
24201 : 64;
24202 : 64;
24203 : 64;
24204 : 64;
24205 : 64;
24206 : 64;
24207 : 64;
24208 : 64;
24209 : 64;
24210 : 64;
24211 : 64;
24212 : 40;
24213 : 64;
24214 : 40;
24215 : 64;
24216 : 64;
24217 : 40;
24218 : 64;
24219 : 40;
24220 : 44;
24221 : 40;
24222 : 40;
24223 : 40;
24224 : 64;
24225 : 64;
24226 : 64;
24227 : 64;
24228 : 64;
24229 : 64;
24230 : 64;
24231 : 64;
24232 : 64;
24233 : 64;
24234 : 64;
24235 : 40;
24236 : 40;
24237 : 40;
24238 : 40;
24239 : 44;
24240 : 49;
24241 : 25;
24242 : 6D;
24243 : 49;
24244 : 6D;
24245 : 00;
24246 : 6D;
24247 : 6D;
24248 : 6D;
24249 : 6D;
24250 : 6D;
24251 : 6D;
24252 : 6D;
24253 : 6D;
24254 : 6D;
24255 : 6D;
24256 : 6D;
24257 : 6D;
24258 : 69;
24259 : 69;
24260 : 6D;
24261 : 6D;
24262 : 69;
24263 : 49;
24264 : 49;
24265 : 49;
24266 : 69;
24267 : 49;
24268 : 69;
24269 : 6D;
24270 : 6D;
24271 : 6D;
24272 : 6D;
24273 : 6D;
24274 : 6D;
24275 : 6D;
24276 : 6D;
24277 : 6D;
24278 : 6D;
24279 : 6D;
24280 : 6D;
24281 : 69;
24282 : 49;
24283 : 49;
24284 : 6D;
24285 : 6D;
24286 : 6D;
24287 : 6D;
24288 : 6D;
24289 : 6D;
24290 : 49;
24291 : 49;
24292 : 49;
24293 : 49;
24294 : 6D;
24295 : 6D;
24296 : 6D;
24297 : 69;
24298 : 49;
24299 : 49;
24300 : 49;
24301 : 49;
24302 : 49;
24303 : 49;
24304 : 49;
24305 : 49;
24306 : 49;
24307 : 49;
24308 : 49;
24309 : 49;
24310 : 49;
24311 : 49;
24312 : 69;
24313 : 00;
24314 : B6;
24315 : 49;
24316 : 49;
24317 : 00;
24318 : 24;
24319 : 24;
24320 : 20;
24321 : 40;
24322 : 20;
24323 : 40;
24324 : 40;
24325 : 40;
24326 : 40;
24327 : 40;
24328 : 40;
24329 : 40;
24330 : 40;
24331 : 40;
24332 : 40;
24333 : 40;
24334 : 40;
24335 : 40;
24336 : 40;
24337 : 40;
24338 : 40;
24339 : 40;
24340 : 40;
24341 : 60;
24342 : 84;
24343 : 64;
24344 : 20;
24345 : 40;
24346 : 40;
24347 : 40;
24348 : 40;
24349 : 40;
24350 : 40;
24351 : 40;
24352 : 40;
24353 : 40;
24354 : 40;
24355 : 40;
24356 : 40;
24357 : 40;
24358 : 40;
24359 : 40;
24360 : 40;
24361 : 40;
24362 : 40;
24363 : 40;
24364 : 40;
24365 : 40;
24366 : 20;
24367 : 84;
24368 : 85;
24369 : 85;
24370 : 40;
24371 : 20;
24372 : 40;
24373 : 40;
24374 : 40;
24375 : 40;
24376 : 40;
24377 : 40;
24378 : 40;
24379 : 20;
24380 : 64;
24381 : 40;
24382 : 60;
24383 : 60;
24384 : 60;
24385 : 64;
24386 : 64;
24387 : 64;
24388 : 64;
24389 : 64;
24390 : 64;
24391 : 64;
24392 : 64;
24393 : 40;
24394 : 85;
24395 : 40;
24396 : 64;
24397 : 40;
24398 : 64;
24399 : 84;
24400 : 40;
24401 : 64;
24402 : 64;
24403 : 64;
24404 : 64;
24405 : 64;
24406 : 64;
24407 : 64;
24408 : 64;
24409 : 64;
24410 : 64;
24411 : 64;
24412 : 64;
24413 : 64;
24414 : 64;
24415 : 64;
24416 : 64;
24417 : 64;
24418 : 64;
24419 : 64;
24420 : 64;
24421 : 64;
24422 : 64;
24423 : 64;
24424 : 85;
24425 : 85;
24426 : 84;
24427 : 84;
24428 : 64;
24429 : 60;
24430 : 40;
24431 : 40;
24432 : 40;
24433 : 40;
24434 : 40;
24435 : 40;
24436 : 40;
24437 : 44;
24438 : 44;
24439 : 64;
24440 : 64;
24441 : 84;
24442 : 85;
24443 : 85;
24444 : 64;
24445 : 64;
24446 : 64;
24447 : 44;
24448 : 44;
24449 : 40;
24450 : 40;
24451 : 64;
24452 : 64;
24453 : 64;
24454 : 64;
24455 : 64;
24456 : 64;
24457 : 64;
24458 : 64;
24459 : 64;
24460 : 64;
24461 : 64;
24462 : 64;
24463 : 64;
24464 : 64;
24465 : 84;
24466 : 40;
24467 : 40;
24468 : 40;
24469 : 64;
24470 : 64;
24471 : 64;
24472 : 64;
24473 : 64;
24474 : 85;
24475 : 85;
24476 : 85;
24477 : 64;
24478 : 64;
24479 : 64;
24480 : 64;
24481 : 64;
24482 : 64;
24483 : 64;
24484 : 64;
24485 : 40;
24486 : 40;
24487 : 64;
24488 : 64;
24489 : 64;
24490 : 64;
24491 : 64;
24492 : 64;
24493 : 84;
24494 : 84;
24495 : 40;
24496 : 40;
24497 : 40;
24498 : 40;
24499 : 44;
24500 : 84;
24501 : 64;
24502 : 64;
24503 : 64;
24504 : 64;
24505 : 64;
24506 : 64;
24507 : 64;
24508 : 64;
24509 : 64;
24510 : 64;
24511 : 64;
24512 : 64;
24513 : 64;
24514 : 40;
24515 : 64;
24516 : 64;
24517 : 85;
24518 : 85;
24519 : 85;
24520 : 64;
24521 : 64;
24522 : 64;
24523 : 64;
24524 : 64;
24525 : 64;
24526 : 64;
24527 : 64;
24528 : 64;
24529 : 64;
24530 : 64;
24531 : 64;
24532 : 44;
24533 : 64;
24534 : 44;
24535 : 40;
24536 : 64;
24537 : 40;
24538 : 64;
24539 : 40;
24540 : 40;
24541 : 40;
24542 : 40;
24543 : 40;
24544 : 40;
24545 : 44;
24546 : 64;
24547 : 64;
24548 : 64;
24549 : 64;
24550 : 64;
24551 : 64;
24552 : 64;
24553 : 64;
24554 : 64;
24555 : 40;
24556 : 40;
24557 : 40;
24558 : 40;
24559 : 44;
24560 : 29;
24561 : 24;
24562 : 6D;
24563 : 49;
24564 : 6D;
24565 : 49;
24566 : 00;
24567 : 6D;
24568 : 6D;
24569 : 6D;
24570 : 6D;
24571 : 6D;
24572 : 6D;
24573 : 6D;
24574 : 6D;
24575 : 6D;
24576 : 6D;
24577 : 6D;
24578 : 6D;
24579 : 6D;
24580 : 6D;
24581 : 69;
24582 : 69;
24583 : 6D;
24584 : 49;
24585 : 49;
24586 : 49;
24587 : 69;
24588 : 6D;
24589 : 6D;
24590 : 69;
24591 : 6D;
24592 : 6D;
24593 : 6D;
24594 : 6D;
24595 : 6D;
24596 : 6D;
24597 : 6D;
24598 : 6D;
24599 : 6D;
24600 : 6D;
24601 : 6D;
24602 : 49;
24603 : 49;
24604 : 49;
24605 : 69;
24606 : 6D;
24607 : 6D;
24608 : 6D;
24609 : 6D;
24610 : 6D;
24611 : 69;
24612 : 69;
24613 : 6D;
24614 : 6D;
24615 : 6D;
24616 : 69;
24617 : 69;
24618 : 69;
24619 : 49;
24620 : 49;
24621 : 49;
24622 : 49;
24623 : 49;
24624 : 49;
24625 : 49;
24626 : 49;
24627 : 49;
24628 : 49;
24629 : 49;
24630 : 49;
24631 : 49;
24632 : 24;
24633 : 24;
24634 : 49;
24635 : 49;
24636 : 49;
24637 : 00;
24638 : 24;
24639 : 24;
24640 : 40;
24641 : 20;
24642 : 40;
24643 : 40;
24644 : 40;
24645 : 40;
24646 : 40;
24647 : 40;
24648 : 40;
24649 : 40;
24650 : 40;
24651 : 40;
24652 : 40;
24653 : 40;
24654 : 40;
24655 : 40;
24656 : 40;
24657 : 40;
24658 : 40;
24659 : 40;
24660 : 40;
24661 : 60;
24662 : 64;
24663 : 60;
24664 : 20;
24665 : 40;
24666 : 40;
24667 : 40;
24668 : 40;
24669 : 40;
24670 : 40;
24671 : 40;
24672 : 40;
24673 : 40;
24674 : 40;
24675 : 40;
24676 : 40;
24677 : 40;
24678 : 40;
24679 : 40;
24680 : 40;
24681 : 40;
24682 : 40;
24683 : 40;
24684 : 40;
24685 : 40;
24686 : 20;
24687 : 40;
24688 : 84;
24689 : A9;
24690 : 85;
24691 : 20;
24692 : 40;
24693 : 40;
24694 : 40;
24695 : 40;
24696 : 40;
24697 : 40;
24698 : 40;
24699 : 20;
24700 : 64;
24701 : 40;
24702 : 60;
24703 : 60;
24704 : 64;
24705 : 64;
24706 : 64;
24707 : 64;
24708 : 64;
24709 : 64;
24710 : 64;
24711 : 64;
24712 : 64;
24713 : 40;
24714 : 85;
24715 : 40;
24716 : 64;
24717 : 64;
24718 : 20;
24719 : 85;
24720 : 40;
24721 : 64;
24722 : 64;
24723 : 64;
24724 : 64;
24725 : 64;
24726 : 64;
24727 : 64;
24728 : 64;
24729 : 64;
24730 : 64;
24731 : 64;
24732 : 64;
24733 : 64;
24734 : 64;
24735 : 64;
24736 : 64;
24737 : 64;
24738 : 64;
24739 : 64;
24740 : 64;
24741 : 64;
24742 : 64;
24743 : 64;
24744 : 85;
24745 : 85;
24746 : 84;
24747 : 84;
24748 : 64;
24749 : 60;
24750 : 40;
24751 : 40;
24752 : 40;
24753 : 40;
24754 : 40;
24755 : 40;
24756 : 40;
24757 : 44;
24758 : 44;
24759 : 64;
24760 : 64;
24761 : 85;
24762 : 85;
24763 : 85;
24764 : 64;
24765 : 44;
24766 : 44;
24767 : 64;
24768 : 40;
24769 : 20;
24770 : 64;
24771 : 64;
24772 : 64;
24773 : 64;
24774 : 64;
24775 : 64;
24776 : 64;
24777 : 64;
24778 : 64;
24779 : 64;
24780 : 64;
24781 : 64;
24782 : 64;
24783 : 64;
24784 : 64;
24785 : 40;
24786 : 64;
24787 : 64;
24788 : 64;
24789 : 40;
24790 : 89;
24791 : 84;
24792 : 84;
24793 : 64;
24794 : 85;
24795 : 85;
24796 : 85;
24797 : 64;
24798 : 64;
24799 : 64;
24800 : 64;
24801 : 64;
24802 : 64;
24803 : 64;
24804 : 64;
24805 : 85;
24806 : 85;
24807 : 40;
24808 : 64;
24809 : 40;
24810 : 85;
24811 : 64;
24812 : 64;
24813 : 85;
24814 : 40;
24815 : 40;
24816 : 64;
24817 : 64;
24818 : 64;
24819 : 40;
24820 : 64;
24821 : 64;
24822 : 64;
24823 : 64;
24824 : 64;
24825 : 64;
24826 : 64;
24827 : 64;
24828 : 64;
24829 : 64;
24830 : 64;
24831 : 64;
24832 : 64;
24833 : 85;
24834 : 40;
24835 : 64;
24836 : 64;
24837 : 84;
24838 : 84;
24839 : 84;
24840 : 64;
24841 : 64;
24842 : 64;
24843 : 64;
24844 : 64;
24845 : 64;
24846 : 64;
24847 : 64;
24848 : 64;
24849 : 64;
24850 : 64;
24851 : 64;
24852 : 44;
24853 : 64;
24854 : 64;
24855 : 20;
24856 : 64;
24857 : 64;
24858 : 60;
24859 : 40;
24860 : 40;
24861 : 64;
24862 : 64;
24863 : 64;
24864 : 40;
24865 : 40;
24866 : 40;
24867 : 64;
24868 : 64;
24869 : 64;
24870 : 64;
24871 : 64;
24872 : 64;
24873 : 64;
24874 : 64;
24875 : 40;
24876 : 40;
24877 : 60;
24878 : 40;
24879 : 44;
24880 : 29;
24881 : 24;
24882 : 6D;
24883 : 49;
24884 : 6D;
24885 : 6D;
24886 : 49;
24887 : 00;
24888 : 49;
24889 : 6D;
24890 : 6D;
24891 : 6D;
24892 : 6D;
24893 : 6D;
24894 : 6D;
24895 : 6D;
24896 : 49;
24897 : 49;
24898 : 49;
24899 : 69;
24900 : 69;
24901 : 69;
24902 : 49;
24903 : 49;
24904 : 49;
24905 : 49;
24906 : 69;
24907 : 6D;
24908 : 69;
24909 : 6D;
24910 : 49;
24911 : 6D;
24912 : 6D;
24913 : 6D;
24914 : 6D;
24915 : 6D;
24916 : 6D;
24917 : 6D;
24918 : 6D;
24919 : 6D;
24920 : 6D;
24921 : 6D;
24922 : 69;
24923 : 69;
24924 : 6D;
24925 : 6D;
24926 : 6D;
24927 : 69;
24928 : 69;
24929 : 6D;
24930 : 6D;
24931 : 49;
24932 : 49;
24933 : 49;
24934 : 69;
24935 : 69;
24936 : 49;
24937 : 49;
24938 : 49;
24939 : 49;
24940 : 49;
24941 : 49;
24942 : 49;
24943 : 49;
24944 : 49;
24945 : 49;
24946 : 49;
24947 : 49;
24948 : 49;
24949 : 49;
24950 : 49;
24951 : 24;
24952 : 49;
24953 : 92;
24954 : 49;
24955 : 49;
24956 : 49;
24957 : 00;
24958 : 24;
24959 : 24;
24960 : 40;
24961 : 20;
24962 : 40;
24963 : 40;
24964 : 40;
24965 : 40;
24966 : 40;
24967 : 40;
24968 : 40;
24969 : 40;
24970 : 40;
24971 : 40;
24972 : 40;
24973 : 40;
24974 : 40;
24975 : 40;
24976 : 40;
24977 : 40;
24978 : 40;
24979 : 40;
24980 : 40;
24981 : 64;
24982 : 64;
24983 : 64;
24984 : 40;
24985 : 40;
24986 : 40;
24987 : 40;
24988 : 40;
24989 : 40;
24990 : 40;
24991 : 40;
24992 : 40;
24993 : 40;
24994 : 40;
24995 : 40;
24996 : 40;
24997 : 40;
24998 : 40;
24999 : 40;
25000 : 40;
25001 : 40;
25002 : 40;
25003 : 40;
25004 : 40;
25005 : 40;
25006 : 40;
25007 : 20;
25008 : 60;
25009 : 64;
25010 : A9;
25011 : 85;
25012 : 40;
25013 : 40;
25014 : 40;
25015 : 40;
25016 : 40;
25017 : 40;
25018 : 40;
25019 : 20;
25020 : 64;
25021 : 40;
25022 : 60;
25023 : 60;
25024 : 64;
25025 : 64;
25026 : 64;
25027 : 64;
25028 : 64;
25029 : 64;
25030 : 64;
25031 : 64;
25032 : 64;
25033 : 40;
25034 : 85;
25035 : 40;
25036 : 64;
25037 : 64;
25038 : 64;
25039 : 40;
25040 : 64;
25041 : 40;
25042 : 64;
25043 : 64;
25044 : 64;
25045 : 64;
25046 : 64;
25047 : 64;
25048 : 64;
25049 : 64;
25050 : 64;
25051 : 64;
25052 : 64;
25053 : 64;
25054 : 64;
25055 : 64;
25056 : 64;
25057 : 64;
25058 : 64;
25059 : 64;
25060 : 64;
25061 : 64;
25062 : 64;
25063 : 85;
25064 : 85;
25065 : 85;
25066 : 84;
25067 : 64;
25068 : 64;
25069 : 60;
25070 : 40;
25071 : 40;
25072 : 40;
25073 : 40;
25074 : 40;
25075 : 40;
25076 : 40;
25077 : 44;
25078 : 44;
25079 : 64;
25080 : 64;
25081 : 85;
25082 : 85;
25083 : 85;
25084 : 64;
25085 : 64;
25086 : 44;
25087 : 64;
25088 : 44;
25089 : 40;
25090 : 64;
25091 : 64;
25092 : 64;
25093 : 64;
25094 : 64;
25095 : 64;
25096 : 64;
25097 : 64;
25098 : 64;
25099 : 64;
25100 : 64;
25101 : 64;
25102 : 64;
25103 : 64;
25104 : 64;
25105 : 85;
25106 : 40;
25107 : 40;
25108 : 40;
25109 : 64;
25110 : 40;
25111 : 85;
25112 : 64;
25113 : 85;
25114 : 85;
25115 : 85;
25116 : 85;
25117 : 85;
25118 : 64;
25119 : 64;
25120 : 64;
25121 : 64;
25122 : 64;
25123 : 64;
25124 : 64;
25125 : 64;
25126 : 64;
25127 : 85;
25128 : 64;
25129 : 44;
25130 : 40;
25131 : 40;
25132 : 85;
25133 : 40;
25134 : 40;
25135 : 89;
25136 : 85;
25137 : 40;
25138 : 64;
25139 : 64;
25140 : 40;
25141 : 64;
25142 : 64;
25143 : 64;
25144 : 64;
25145 : 64;
25146 : 64;
25147 : 64;
25148 : 64;
25149 : 64;
25150 : 64;
25151 : 64;
25152 : 64;
25153 : 84;
25154 : 40;
25155 : 64;
25156 : 64;
25157 : 84;
25158 : 85;
25159 : 85;
25160 : 85;
25161 : 64;
25162 : 64;
25163 : 64;
25164 : 64;
25165 : 84;
25166 : 64;
25167 : 64;
25168 : 64;
25169 : 64;
25170 : 64;
25171 : 64;
25172 : 64;
25173 : 40;
25174 : 64;
25175 : 64;
25176 : 20;
25177 : 64;
25178 : 20;
25179 : 40;
25180 : 64;
25181 : 64;
25182 : 64;
25183 : 64;
25184 : 64;
25185 : 64;
25186 : 44;
25187 : 40;
25188 : 44;
25189 : 64;
25190 : 64;
25191 : 64;
25192 : 64;
25193 : 64;
25194 : 64;
25195 : 40;
25196 : 40;
25197 : 60;
25198 : 40;
25199 : 44;
25200 : 25;
25201 : 24;
25202 : 6D;
25203 : 49;
25204 : 6D;
25205 : 6D;
25206 : 6D;
25207 : 6D;
25208 : 00;
25209 : 6D;
25210 : 6D;
25211 : 6D;
25212 : 6D;
25213 : 6D;
25214 : 6D;
25215 : 69;
25216 : 49;
25217 : 69;
25218 : 69;
25219 : 49;
25220 : 49;
25221 : 49;
25222 : 49;
25223 : 49;
25224 : 49;
25225 : 49;
25226 : 49;
25227 : 49;
25228 : 49;
25229 : 6D;
25230 : 6D;
25231 : 6D;
25232 : 6D;
25233 : 6D;
25234 : 6D;
25235 : 6D;
25236 : 6D;
25237 : 6D;
25238 : 6D;
25239 : 6D;
25240 : 6D;
25241 : 6D;
25242 : 6D;
25243 : 6D;
25244 : 6D;
25245 : 6D;
25246 : 69;
25247 : 6D;
25248 : 6D;
25249 : 6D;
25250 : 6D;
25251 : 49;
25252 : 49;
25253 : 49;
25254 : 49;
25255 : 49;
25256 : 49;
25257 : 49;
25258 : 49;
25259 : 49;
25260 : 49;
25261 : 49;
25262 : 49;
25263 : 49;
25264 : 49;
25265 : 49;
25266 : 49;
25267 : 49;
25268 : 49;
25269 : 69;
25270 : 24;
25271 : 6D;
25272 : 6D;
25273 : 49;
25274 : 49;
25275 : 49;
25276 : 49;
25277 : 00;
25278 : 24;
25279 : 24;
25280 : 40;
25281 : 40;
25282 : 40;
25283 : 40;
25284 : 40;
25285 : 40;
25286 : 40;
25287 : 40;
25288 : 40;
25289 : 40;
25290 : 40;
25291 : 40;
25292 : 40;
25293 : 40;
25294 : 40;
25295 : 40;
25296 : 40;
25297 : 40;
25298 : 40;
25299 : 40;
25300 : 40;
25301 : 64;
25302 : 64;
25303 : 40;
25304 : 60;
25305 : 20;
25306 : 40;
25307 : 40;
25308 : 40;
25309 : 40;
25310 : 40;
25311 : 40;
25312 : 40;
25313 : 40;
25314 : 40;
25315 : 40;
25316 : 40;
25317 : 40;
25318 : 40;
25319 : 40;
25320 : 40;
25321 : 40;
25322 : 40;
25323 : 40;
25324 : 40;
25325 : 40;
25326 : 40;
25327 : 20;
25328 : 40;
25329 : 64;
25330 : 40;
25331 : 85;
25332 : 64;
25333 : 40;
25334 : 40;
25335 : 40;
25336 : 40;
25337 : 40;
25338 : 40;
25339 : 40;
25340 : 64;
25341 : 40;
25342 : 60;
25343 : 60;
25344 : 64;
25345 : 64;
25346 : 64;
25347 : 64;
25348 : 64;
25349 : 64;
25350 : 64;
25351 : 64;
25352 : 64;
25353 : 40;
25354 : 64;
25355 : 60;
25356 : 64;
25357 : 64;
25358 : 64;
25359 : 40;
25360 : 60;
25361 : 64;
25362 : 40;
25363 : 64;
25364 : 64;
25365 : 64;
25366 : 64;
25367 : 64;
25368 : 64;
25369 : 64;
25370 : 64;
25371 : 64;
25372 : 64;
25373 : 64;
25374 : 64;
25375 : 64;
25376 : 64;
25377 : 64;
25378 : 64;
25379 : 64;
25380 : 64;
25381 : 64;
25382 : 64;
25383 : 85;
25384 : 85;
25385 : 85;
25386 : 84;
25387 : 84;
25388 : 64;
25389 : 60;
25390 : 40;
25391 : 40;
25392 : 60;
25393 : 40;
25394 : 40;
25395 : 40;
25396 : 40;
25397 : 44;
25398 : 44;
25399 : 64;
25400 : 64;
25401 : 85;
25402 : 85;
25403 : 85;
25404 : 64;
25405 : 44;
25406 : 44;
25407 : 64;
25408 : 44;
25409 : 20;
25410 : 64;
25411 : 64;
25412 : 64;
25413 : 64;
25414 : 64;
25415 : 64;
25416 : 64;
25417 : 64;
25418 : 64;
25419 : 64;
25420 : 64;
25421 : 64;
25422 : 64;
25423 : 64;
25424 : 64;
25425 : 64;
25426 : 64;
25427 : 85;
25428 : 64;
25429 : 44;
25430 : 64;
25431 : 40;
25432 : 64;
25433 : 85;
25434 : 85;
25435 : 85;
25436 : 85;
25437 : 85;
25438 : 84;
25439 : 64;
25440 : 64;
25441 : 64;
25442 : 64;
25443 : 64;
25444 : 64;
25445 : 64;
25446 : 64;
25447 : 64;
25448 : 40;
25449 : 64;
25450 : 64;
25451 : 64;
25452 : 40;
25453 : 44;
25454 : 85;
25455 : 64;
25456 : 64;
25457 : 85;
25458 : 44;
25459 : 64;
25460 : 64;
25461 : 40;
25462 : 85;
25463 : 84;
25464 : 84;
25465 : 64;
25466 : 85;
25467 : 85;
25468 : 85;
25469 : 85;
25470 : 85;
25471 : 85;
25472 : 84;
25473 : 64;
25474 : 44;
25475 : 64;
25476 : 64;
25477 : 85;
25478 : 85;
25479 : 84;
25480 : 85;
25481 : 64;
25482 : 64;
25483 : 44;
25484 : 84;
25485 : 64;
25486 : 64;
25487 : 64;
25488 : 64;
25489 : 64;
25490 : 64;
25491 : 64;
25492 : 64;
25493 : 40;
25494 : 64;
25495 : 64;
25496 : 44;
25497 : 64;
25498 : 40;
25499 : 64;
25500 : 64;
25501 : 64;
25502 : 64;
25503 : 64;
25504 : 64;
25505 : 64;
25506 : 64;
25507 : 64;
25508 : 40;
25509 : 40;
25510 : 64;
25511 : 64;
25512 : 64;
25513 : 64;
25514 : 64;
25515 : 40;
25516 : 40;
25517 : 40;
25518 : 40;
25519 : 44;
25520 : 25;
25521 : 24;
25522 : 6D;
25523 : 49;
25524 : 6D;
25525 : 6D;
25526 : 6D;
25527 : 6D;
25528 : 49;
25529 : 00;
25530 : 6D;
25531 : 6D;
25532 : 6D;
25533 : 6D;
25534 : 6D;
25535 : 69;
25536 : 6D;
25537 : 49;
25538 : 49;
25539 : 49;
25540 : 49;
25541 : 49;
25542 : 49;
25543 : 49;
25544 : 49;
25545 : 49;
25546 : 6D;
25547 : 6D;
25548 : 49;
25549 : 6D;
25550 : 6D;
25551 : 6D;
25552 : 6D;
25553 : 6D;
25554 : 6D;
25555 : 6D;
25556 : 6D;
25557 : 6D;
25558 : 6D;
25559 : 6D;
25560 : 6D;
25561 : 69;
25562 : 6D;
25563 : 6D;
25564 : 6D;
25565 : 6D;
25566 : 6D;
25567 : 6D;
25568 : 6D;
25569 : 6D;
25570 : 6D;
25571 : 69;
25572 : 49;
25573 : 49;
25574 : 49;
25575 : 69;
25576 : 49;
25577 : 49;
25578 : 69;
25579 : 49;
25580 : 49;
25581 : 49;
25582 : 49;
25583 : 49;
25584 : 49;
25585 : 49;
25586 : 49;
25587 : 49;
25588 : 49;
25589 : 24;
25590 : 00;
25591 : 92;
25592 : 6D;
25593 : 49;
25594 : 49;
25595 : 49;
25596 : 49;
25597 : 00;
25598 : 24;
25599 : 24;
25600 : 20;
25601 : 40;
25602 : 40;
25603 : 40;
25604 : 40;
25605 : 40;
25606 : 40;
25607 : 40;
25608 : 40;
25609 : 40;
25610 : 40;
25611 : 40;
25612 : 40;
25613 : 40;
25614 : 40;
25615 : 40;
25616 : 40;
25617 : 40;
25618 : 40;
25619 : 40;
25620 : 40;
25621 : 64;
25622 : 40;
25623 : 20;
25624 : 64;
25625 : 64;
25626 : 20;
25627 : 40;
25628 : 40;
25629 : 40;
25630 : 40;
25631 : 40;
25632 : 40;
25633 : 40;
25634 : 40;
25635 : 40;
25636 : 40;
25637 : 40;
25638 : 40;
25639 : 40;
25640 : 40;
25641 : 40;
25642 : 40;
25643 : 40;
25644 : 40;
25645 : 40;
25646 : 40;
25647 : 40;
25648 : 40;
25649 : 60;
25650 : 20;
25651 : 40;
25652 : 85;
25653 : 64;
25654 : 40;
25655 : 40;
25656 : 40;
25657 : 40;
25658 : 40;
25659 : 40;
25660 : 40;
25661 : 40;
25662 : 40;
25663 : 64;
25664 : 64;
25665 : 64;
25666 : 64;
25667 : 64;
25668 : 64;
25669 : 64;
25670 : 64;
25671 : 64;
25672 : 64;
25673 : 64;
25674 : 40;
25675 : 84;
25676 : 40;
25677 : 64;
25678 : 64;
25679 : 64;
25680 : 40;
25681 : 85;
25682 : 40;
25683 : 40;
25684 : 64;
25685 : 64;
25686 : 64;
25687 : 64;
25688 : 64;
25689 : 64;
25690 : 64;
25691 : 64;
25692 : 64;
25693 : 64;
25694 : 64;
25695 : 64;
25696 : 64;
25697 : 64;
25698 : 64;
25699 : 64;
25700 : 64;
25701 : 84;
25702 : 64;
25703 : 85;
25704 : 85;
25705 : 84;
25706 : 84;
25707 : 84;
25708 : 64;
25709 : 60;
25710 : 40;
25711 : 60;
25712 : 40;
25713 : 40;
25714 : 20;
25715 : 40;
25716 : 40;
25717 : 44;
25718 : 44;
25719 : 64;
25720 : 64;
25721 : 85;
25722 : 85;
25723 : 64;
25724 : 64;
25725 : 64;
25726 : 64;
25727 : 64;
25728 : 44;
25729 : 40;
25730 : 64;
25731 : 64;
25732 : 64;
25733 : 64;
25734 : 64;
25735 : 64;
25736 : 64;
25737 : 64;
25738 : 64;
25739 : 64;
25740 : 64;
25741 : 64;
25742 : 64;
25743 : 64;
25744 : 64;
25745 : 64;
25746 : 64;
25747 : 85;
25748 : 84;
25749 : 85;
25750 : 40;
25751 : 64;
25752 : 64;
25753 : 85;
25754 : 85;
25755 : 85;
25756 : 85;
25757 : 85;
25758 : 85;
25759 : 64;
25760 : 64;
25761 : 64;
25762 : 64;
25763 : 64;
25764 : 64;
25765 : 64;
25766 : 85;
25767 : 40;
25768 : 64;
25769 : 85;
25770 : 64;
25771 : 20;
25772 : 64;
25773 : 64;
25774 : 64;
25775 : 64;
25776 : 64;
25777 : 64;
25778 : 85;
25779 : 40;
25780 : 64;
25781 : 40;
25782 : 40;
25783 : 85;
25784 : 84;
25785 : 84;
25786 : 85;
25787 : 84;
25788 : 85;
25789 : 85;
25790 : 85;
25791 : 84;
25792 : 85;
25793 : 40;
25794 : 84;
25795 : 40;
25796 : 85;
25797 : 84;
25798 : 65;
25799 : 84;
25800 : 64;
25801 : 65;
25802 : 40;
25803 : 64;
25804 : 64;
25805 : 84;
25806 : 64;
25807 : 64;
25808 : 64;
25809 : 64;
25810 : 64;
25811 : 64;
25812 : 64;
25813 : 40;
25814 : 64;
25815 : 64;
25816 : 64;
25817 : 40;
25818 : 64;
25819 : 64;
25820 : 64;
25821 : 64;
25822 : 64;
25823 : 64;
25824 : 64;
25825 : 64;
25826 : 64;
25827 : 64;
25828 : 64;
25829 : 64;
25830 : 40;
25831 : 64;
25832 : 64;
25833 : 64;
25834 : 64;
25835 : 40;
25836 : 40;
25837 : 40;
25838 : 40;
25839 : 44;
25840 : 24;
25841 : 24;
25842 : 6D;
25843 : 49;
25844 : 69;
25845 : 6D;
25846 : 6D;
25847 : 6D;
25848 : 49;
25849 : 00;
25850 : 92;
25851 : 6D;
25852 : 6D;
25853 : 6D;
25854 : 6D;
25855 : 6D;
25856 : 69;
25857 : 6D;
25858 : 69;
25859 : 49;
25860 : 49;
25861 : 69;
25862 : 49;
25863 : 49;
25864 : 49;
25865 : 49;
25866 : 49;
25867 : 49;
25868 : 49;
25869 : 49;
25870 : 49;
25871 : 49;
25872 : 6D;
25873 : 6D;
25874 : 6D;
25875 : 6D;
25876 : 6D;
25877 : 6D;
25878 : 6D;
25879 : 6D;
25880 : 6D;
25881 : 6D;
25882 : 6D;
25883 : 6D;
25884 : 6D;
25885 : 6D;
25886 : 6D;
25887 : 6D;
25888 : 6D;
25889 : 6D;
25890 : 6D;
25891 : 49;
25892 : 49;
25893 : 49;
25894 : 49;
25895 : 49;
25896 : 49;
25897 : 49;
25898 : 49;
25899 : 49;
25900 : 49;
25901 : 49;
25902 : 49;
25903 : 49;
25904 : 49;
25905 : 49;
25906 : 49;
25907 : 49;
25908 : 49;
25909 : 00;
25910 : B6;
25911 : 49;
25912 : 49;
25913 : 49;
25914 : 49;
25915 : 49;
25916 : 49;
25917 : 20;
25918 : 24;
25919 : 24;
25920 : 40;
25921 : 40;
25922 : 40;
25923 : 40;
25924 : 40;
25925 : 40;
25926 : 40;
25927 : 40;
25928 : 40;
25929 : 40;
25930 : 40;
25931 : 40;
25932 : 40;
25933 : 40;
25934 : 40;
25935 : 40;
25936 : 40;
25937 : 40;
25938 : 40;
25939 : 20;
25940 : 40;
25941 : 64;
25942 : 20;
25943 : 20;
25944 : 20;
25945 : 64;
25946 : 85;
25947 : 20;
25948 : 40;
25949 : 40;
25950 : 40;
25951 : 40;
25952 : 40;
25953 : 40;
25954 : 40;
25955 : 40;
25956 : 40;
25957 : 40;
25958 : 40;
25959 : 40;
25960 : 40;
25961 : 40;
25962 : 40;
25963 : 40;
25964 : 40;
25965 : 40;
25966 : 40;
25967 : 40;
25968 : 40;
25969 : 60;
25970 : 20;
25971 : 20;
25972 : 40;
25973 : A9;
25974 : 64;
25975 : 20;
25976 : 40;
25977 : 40;
25978 : 40;
25979 : 60;
25980 : 40;
25981 : 84;
25982 : 40;
25983 : 20;
25984 : 40;
25985 : 64;
25986 : 64;
25987 : 64;
25988 : 64;
25989 : 64;
25990 : 64;
25991 : 64;
25992 : 64;
25993 : 64;
25994 : 64;
25995 : 40;
25996 : 64;
25997 : 64;
25998 : 64;
25999 : 64;
26000 : 64;
26001 : 40;
26002 : 85;
26003 : 64;
26004 : 40;
26005 : 64;
26006 : 64;
26007 : 64;
26008 : 64;
26009 : 64;
26010 : 64;
26011 : 64;
26012 : 64;
26013 : 64;
26014 : 64;
26015 : 64;
26016 : 64;
26017 : 64;
26018 : 84;
26019 : 64;
26020 : 64;
26021 : 64;
26022 : 85;
26023 : 85;
26024 : 85;
26025 : 84;
26026 : 84;
26027 : 64;
26028 : 64;
26029 : 60;
26030 : 60;
26031 : 40;
26032 : 40;
26033 : 40;
26034 : 20;
26035 : 40;
26036 : 40;
26037 : 64;
26038 : 44;
26039 : 64;
26040 : 64;
26041 : 85;
26042 : 85;
26043 : 64;
26044 : 64;
26045 : 64;
26046 : 64;
26047 : 64;
26048 : 44;
26049 : 20;
26050 : 64;
26051 : 64;
26052 : 64;
26053 : 64;
26054 : 64;
26055 : 64;
26056 : 64;
26057 : 64;
26058 : 64;
26059 : 64;
26060 : 64;
26061 : 64;
26062 : 64;
26063 : 64;
26064 : 64;
26065 : 64;
26066 : 64;
26067 : 84;
26068 : 64;
26069 : 85;
26070 : 89;
26071 : 40;
26072 : 64;
26073 : 65;
26074 : 85;
26075 : 85;
26076 : 85;
26077 : 85;
26078 : 85;
26079 : 85;
26080 : 64;
26081 : 64;
26082 : 64;
26083 : 64;
26084 : 64;
26085 : 64;
26086 : 65;
26087 : 40;
26088 : 85;
26089 : 40;
26090 : 20;
26091 : 85;
26092 : 64;
26093 : 64;
26094 : 64;
26095 : 64;
26096 : 64;
26097 : 64;
26098 : 64;
26099 : 65;
26100 : 40;
26101 : 64;
26102 : 40;
26103 : 64;
26104 : 84;
26105 : 64;
26106 : 64;
26107 : 84;
26108 : 84;
26109 : 85;
26110 : 84;
26111 : 85;
26112 : 64;
26113 : 64;
26114 : 40;
26115 : 64;
26116 : 85;
26117 : 65;
26118 : 64;
26119 : 85;
26120 : 64;
26121 : 40;
26122 : 85;
26123 : 64;
26124 : 64;
26125 : 64;
26126 : 64;
26127 : 64;
26128 : 64;
26129 : 64;
26130 : 64;
26131 : 64;
26132 : 64;
26133 : 40;
26134 : 64;
26135 : 64;
26136 : 64;
26137 : 64;
26138 : 64;
26139 : 64;
26140 : 64;
26141 : 64;
26142 : 64;
26143 : 64;
26144 : 64;
26145 : 64;
26146 : 64;
26147 : 64;
26148 : 64;
26149 : 64;
26150 : 64;
26151 : 20;
26152 : 64;
26153 : 64;
26154 : 64;
26155 : 40;
26156 : 40;
26157 : 40;
26158 : 40;
26159 : 44;
26160 : 24;
26161 : 24;
26162 : 6D;
26163 : 49;
26164 : 49;
26165 : 6D;
26166 : 6D;
26167 : 6D;
26168 : 49;
26169 : 00;
26170 : 92;
26171 : 6D;
26172 : 6D;
26173 : 6D;
26174 : 6D;
26175 : 6D;
26176 : 49;
26177 : 49;
26178 : 69;
26179 : 49;
26180 : 49;
26181 : 49;
26182 : 49;
26183 : 49;
26184 : 49;
26185 : 49;
26186 : 49;
26187 : 49;
26188 : 49;
26189 : 49;
26190 : 69;
26191 : 6D;
26192 : 6D;
26193 : 6D;
26194 : 6D;
26195 : 6D;
26196 : 6D;
26197 : 6D;
26198 : 6D;
26199 : 6D;
26200 : 6D;
26201 : 49;
26202 : 49;
26203 : 49;
26204 : 49;
26205 : 69;
26206 : 6D;
26207 : 6D;
26208 : 6D;
26209 : 6D;
26210 : 69;
26211 : 49;
26212 : 69;
26213 : 49;
26214 : 49;
26215 : 49;
26216 : 49;
26217 : 49;
26218 : 49;
26219 : 49;
26220 : 49;
26221 : 49;
26222 : 49;
26223 : 49;
26224 : 49;
26225 : 49;
26226 : 49;
26227 : 49;
26228 : 49;
26229 : 00;
26230 : 92;
26231 : 49;
26232 : 69;
26233 : 49;
26234 : 49;
26235 : 49;
26236 : 49;
26237 : 00;
26238 : 24;
26239 : 24;
26240 : 40;
26241 : 40;
26242 : 40;
26243 : 40;
26244 : 40;
26245 : 40;
26246 : 40;
26247 : 40;
26248 : 40;
26249 : 40;
26250 : 40;
26251 : 40;
26252 : 40;
26253 : 40;
26254 : 40;
26255 : 40;
26256 : 40;
26257 : 40;
26258 : 40;
26259 : 40;
26260 : 84;
26261 : 20;
26262 : 40;
26263 : 40;
26264 : 40;
26265 : 20;
26266 : 40;
26267 : 64;
26268 : 40;
26269 : 20;
26270 : 40;
26271 : 40;
26272 : 40;
26273 : 40;
26274 : 40;
26275 : 40;
26276 : 40;
26277 : 40;
26278 : 40;
26279 : 40;
26280 : 40;
26281 : 40;
26282 : 40;
26283 : 40;
26284 : 40;
26285 : 40;
26286 : 40;
26287 : 40;
26288 : 40;
26289 : 20;
26290 : 20;
26291 : 40;
26292 : 20;
26293 : 60;
26294 : A5;
26295 : 64;
26296 : 40;
26297 : 40;
26298 : 60;
26299 : 60;
26300 : 64;
26301 : 20;
26302 : 64;
26303 : 64;
26304 : 40;
26305 : 20;
26306 : 40;
26307 : 64;
26308 : 64;
26309 : 64;
26310 : 64;
26311 : 64;
26312 : 64;
26313 : 64;
26314 : 64;
26315 : 40;
26316 : 84;
26317 : 40;
26318 : 64;
26319 : 64;
26320 : 64;
26321 : 84;
26322 : 20;
26323 : 64;
26324 : 64;
26325 : 40;
26326 : 64;
26327 : 64;
26328 : 64;
26329 : 64;
26330 : 64;
26331 : 64;
26332 : 64;
26333 : 64;
26334 : 64;
26335 : 64;
26336 : 64;
26337 : 84;
26338 : 64;
26339 : 64;
26340 : 64;
26341 : 64;
26342 : 85;
26343 : 85;
26344 : 85;
26345 : 84;
26346 : 84;
26347 : 84;
26348 : 64;
26349 : 60;
26350 : 60;
26351 : 40;
26352 : 40;
26353 : 40;
26354 : 20;
26355 : 40;
26356 : 40;
26357 : 64;
26358 : 44;
26359 : 64;
26360 : 85;
26361 : 85;
26362 : 85;
26363 : 64;
26364 : 64;
26365 : 64;
26366 : 64;
26367 : 64;
26368 : 44;
26369 : 20;
26370 : 64;
26371 : 64;
26372 : 64;
26373 : 64;
26374 : 64;
26375 : 64;
26376 : 64;
26377 : 64;
26378 : 64;
26379 : 64;
26380 : 64;
26381 : 64;
26382 : 64;
26383 : 64;
26384 : 64;
26385 : 64;
26386 : 64;
26387 : 64;
26388 : 84;
26389 : 85;
26390 : 89;
26391 : 40;
26392 : 64;
26393 : 40;
26394 : 89;
26395 : 85;
26396 : 85;
26397 : 85;
26398 : 85;
26399 : 85;
26400 : 64;
26401 : 64;
26402 : 64;
26403 : 64;
26404 : 64;
26405 : 85;
26406 : 20;
26407 : 85;
26408 : 64;
26409 : 40;
26410 : 64;
26411 : 85;
26412 : 64;
26413 : 64;
26414 : 64;
26415 : 64;
26416 : 64;
26417 : 64;
26418 : 64;
26419 : 84;
26420 : 64;
26421 : 64;
26422 : 64;
26423 : 20;
26424 : 85;
26425 : 84;
26426 : 65;
26427 : 85;
26428 : 85;
26429 : 85;
26430 : 85;
26431 : 85;
26432 : 64;
26433 : 64;
26434 : 40;
26435 : 89;
26436 : 85;
26437 : 84;
26438 : 85;
26439 : 40;
26440 : 85;
26441 : 40;
26442 : 65;
26443 : 64;
26444 : 64;
26445 : 64;
26446 : 65;
26447 : 64;
26448 : 64;
26449 : 64;
26450 : 64;
26451 : 64;
26452 : 64;
26453 : 40;
26454 : 64;
26455 : 64;
26456 : 40;
26457 : 64;
26458 : 64;
26459 : 64;
26460 : 64;
26461 : 64;
26462 : 64;
26463 : 64;
26464 : 64;
26465 : 64;
26466 : 64;
26467 : 64;
26468 : 64;
26469 : 64;
26470 : 64;
26471 : 64;
26472 : 64;
26473 : 64;
26474 : 64;
26475 : 40;
26476 : 40;
26477 : 40;
26478 : 60;
26479 : 44;
26480 : 24;
26481 : 24;
26482 : 6D;
26483 : 49;
26484 : 49;
26485 : 6D;
26486 : 6D;
26487 : 6D;
26488 : 49;
26489 : 00;
26490 : 92;
26491 : 6D;
26492 : 6D;
26493 : 6D;
26494 : 6D;
26495 : 49;
26496 : 49;
26497 : 69;
26498 : 49;
26499 : 49;
26500 : 49;
26501 : 49;
26502 : 49;
26503 : 49;
26504 : 49;
26505 : 49;
26506 : 49;
26507 : 69;
26508 : 6D;
26509 : 6D;
26510 : 6D;
26511 : 6D;
26512 : 6D;
26513 : 6D;
26514 : 6D;
26515 : 6D;
26516 : 6D;
26517 : 6D;
26518 : 6D;
26519 : 6D;
26520 : 6D;
26521 : 69;
26522 : 6D;
26523 : 6D;
26524 : 6D;
26525 : 6D;
26526 : 6D;
26527 : 6D;
26528 : 6D;
26529 : 6D;
26530 : 6D;
26531 : 69;
26532 : 49;
26533 : 49;
26534 : 6D;
26535 : 6D;
26536 : 6D;
26537 : 69;
26538 : 49;
26539 : 49;
26540 : 49;
26541 : 49;
26542 : 49;
26543 : 49;
26544 : 49;
26545 : 49;
26546 : 49;
26547 : 49;
26548 : 49;
26549 : 00;
26550 : 92;
26551 : 49;
26552 : 69;
26553 : 49;
26554 : 49;
26555 : 49;
26556 : 49;
26557 : 04;
26558 : 24;
26559 : 24;
26560 : 40;
26561 : 40;
26562 : 40;
26563 : 40;
26564 : 40;
26565 : 40;
26566 : 40;
26567 : 40;
26568 : 40;
26569 : 40;
26570 : 40;
26571 : 40;
26572 : 40;
26573 : 40;
26574 : 40;
26575 : 40;
26576 : 40;
26577 : 40;
26578 : 40;
26579 : 84;
26580 : 40;
26581 : 40;
26582 : 40;
26583 : 40;
26584 : 40;
26585 : 40;
26586 : 40;
26587 : 40;
26588 : 40;
26589 : 64;
26590 : 40;
26591 : 40;
26592 : 40;
26593 : 40;
26594 : 40;
26595 : 40;
26596 : 40;
26597 : 40;
26598 : 40;
26599 : 40;
26600 : 40;
26601 : 40;
26602 : 40;
26603 : 40;
26604 : 40;
26605 : 40;
26606 : 40;
26607 : 20;
26608 : 64;
26609 : 20;
26610 : 40;
26611 : 40;
26612 : 20;
26613 : 40;
26614 : 84;
26615 : 85;
26616 : 40;
26617 : 40;
26618 : 60;
26619 : 60;
26620 : 60;
26621 : 64;
26622 : 40;
26623 : 40;
26624 : 40;
26625 : 60;
26626 : 60;
26627 : 40;
26628 : 40;
26629 : 64;
26630 : 64;
26631 : 64;
26632 : 64;
26633 : 64;
26634 : 64;
26635 : 64;
26636 : 64;
26637 : 40;
26638 : 64;
26639 : 64;
26640 : 64;
26641 : 64;
26642 : 64;
26643 : 40;
26644 : 60;
26645 : 60;
26646 : 40;
26647 : 60;
26648 : 64;
26649 : 64;
26650 : 64;
26651 : 64;
26652 : 64;
26653 : 64;
26654 : 64;
26655 : 64;
26656 : 64;
26657 : 84;
26658 : 64;
26659 : 64;
26660 : 64;
26661 : 64;
26662 : 85;
26663 : 85;
26664 : 85;
26665 : 84;
26666 : 84;
26667 : 64;
26668 : 64;
26669 : 40;
26670 : 40;
26671 : 60;
26672 : 40;
26673 : 40;
26674 : 20;
26675 : 40;
26676 : 40;
26677 : 44;
26678 : 64;
26679 : 64;
26680 : 85;
26681 : 85;
26682 : 64;
26683 : 44;
26684 : 64;
26685 : 64;
26686 : 64;
26687 : 64;
26688 : 44;
26689 : 20;
26690 : 64;
26691 : 64;
26692 : 64;
26693 : 64;
26694 : 64;
26695 : 64;
26696 : 64;
26697 : 64;
26698 : 64;
26699 : 64;
26700 : 64;
26701 : 64;
26702 : 64;
26703 : 64;
26704 : 64;
26705 : 64;
26706 : 64;
26707 : 64;
26708 : 84;
26709 : 85;
26710 : 85;
26711 : 89;
26712 : 44;
26713 : 64;
26714 : 40;
26715 : 64;
26716 : 84;
26717 : 85;
26718 : 85;
26719 : 85;
26720 : 85;
26721 : 64;
26722 : 64;
26723 : 64;
26724 : 84;
26725 : 40;
26726 : 84;
26727 : 84;
26728 : 40;
26729 : 64;
26730 : 44;
26731 : 40;
26732 : 40;
26733 : 64;
26734 : 64;
26735 : 64;
26736 : 84;
26737 : 84;
26738 : 84;
26739 : 84;
26740 : 84;
26741 : 40;
26742 : 64;
26743 : 44;
26744 : 44;
26745 : 84;
26746 : 64;
26747 : 84;
26748 : 85;
26749 : 85;
26750 : 84;
26751 : 85;
26752 : 64;
26753 : 64;
26754 : 40;
26755 : 85;
26756 : 85;
26757 : 64;
26758 : 40;
26759 : 85;
26760 : 44;
26761 : 64;
26762 : 64;
26763 : 64;
26764 : 64;
26765 : 64;
26766 : 64;
26767 : 64;
26768 : 64;
26769 : 64;
26770 : 64;
26771 : 64;
26772 : 64;
26773 : 40;
26774 : 84;
26775 : 64;
26776 : 40;
26777 : 64;
26778 : 64;
26779 : 64;
26780 : 64;
26781 : 64;
26782 : 64;
26783 : 64;
26784 : 64;
26785 : 64;
26786 : 64;
26787 : 64;
26788 : 64;
26789 : 64;
26790 : 64;
26791 : 64;
26792 : 64;
26793 : 64;
26794 : 64;
26795 : 64;
26796 : 40;
26797 : 40;
26798 : 40;
26799 : 44;
26800 : 24;
26801 : 24;
26802 : 6D;
26803 : 49;
26804 : 49;
26805 : 6D;
26806 : 6D;
26807 : 6D;
26808 : 49;
26809 : 00;
26810 : 92;
26811 : 6D;
26812 : 6D;
26813 : 6D;
26814 : 6D;
26815 : 6D;
26816 : 69;
26817 : 49;
26818 : 49;
26819 : 49;
26820 : 49;
26821 : 49;
26822 : 49;
26823 : 49;
26824 : 49;
26825 : 49;
26826 : 49;
26827 : 49;
26828 : 49;
26829 : 49;
26830 : 49;
26831 : 49;
26832 : 69;
26833 : 6D;
26834 : 6D;
26835 : 6D;
26836 : 6D;
26837 : 6D;
26838 : 6D;
26839 : 6D;
26840 : 6D;
26841 : 6D;
26842 : 6D;
26843 : 6D;
26844 : 6D;
26845 : 6D;
26846 : 6D;
26847 : 6D;
26848 : 6D;
26849 : 6D;
26850 : 6D;
26851 : 6D;
26852 : 69;
26853 : 49;
26854 : 49;
26855 : 49;
26856 : 49;
26857 : 69;
26858 : 6D;
26859 : 69;
26860 : 49;
26861 : 49;
26862 : 49;
26863 : 49;
26864 : 49;
26865 : 49;
26866 : 49;
26867 : 49;
26868 : 49;
26869 : 00;
26870 : 92;
26871 : 49;
26872 : 6D;
26873 : 49;
26874 : 49;
26875 : 49;
26876 : 49;
26877 : 20;
26878 : 24;
26879 : 24;
26880 : 40;
26881 : 40;
26882 : 40;
26883 : 40;
26884 : 40;
26885 : 40;
26886 : 40;
26887 : 40;
26888 : 40;
26889 : 40;
26890 : 40;
26891 : 40;
26892 : 40;
26893 : 40;
26894 : 40;
26895 : 20;
26896 : 40;
26897 : 40;
26898 : 84;
26899 : 40;
26900 : 40;
26901 : 40;
26902 : 40;
26903 : 40;
26904 : 40;
26905 : 40;
26906 : 40;
26907 : 40;
26908 : 40;
26909 : 40;
26910 : 64;
26911 : 20;
26912 : 40;
26913 : 40;
26914 : 40;
26915 : 40;
26916 : 40;
26917 : 40;
26918 : 40;
26919 : 40;
26920 : 40;
26921 : 40;
26922 : 40;
26923 : 40;
26924 : 40;
26925 : 40;
26926 : 40;
26927 : 20;
26928 : 84;
26929 : 20;
26930 : 40;
26931 : 40;
26932 : 40;
26933 : 20;
26934 : 60;
26935 : 85;
26936 : 64;
26937 : 40;
26938 : 60;
26939 : 60;
26940 : 60;
26941 : 60;
26942 : 60;
26943 : 60;
26944 : 40;
26945 : 40;
26946 : 40;
26947 : 64;
26948 : 64;
26949 : 64;
26950 : 64;
26951 : 64;
26952 : 64;
26953 : 64;
26954 : 64;
26955 : 64;
26956 : 64;
26957 : 40;
26958 : 64;
26959 : 64;
26960 : 64;
26961 : 64;
26962 : 64;
26963 : 64;
26964 : 64;
26965 : 40;
26966 : 40;
26967 : 64;
26968 : 64;
26969 : 40;
26970 : 40;
26971 : 64;
26972 : 64;
26973 : 64;
26974 : 64;
26975 : 64;
26976 : 84;
26977 : 64;
26978 : 64;
26979 : 64;
26980 : 64;
26981 : 64;
26982 : 85;
26983 : 85;
26984 : 84;
26985 : 84;
26986 : 84;
26987 : 64;
26988 : 64;
26989 : 40;
26990 : 60;
26991 : 40;
26992 : 40;
26993 : 40;
26994 : 20;
26995 : 40;
26996 : 40;
26997 : 44;
26998 : 64;
26999 : 64;
27000 : 85;
27001 : 84;
27002 : 64;
27003 : 64;
27004 : 64;
27005 : 64;
27006 : 64;
27007 : 64;
27008 : 44;
27009 : 40;
27010 : 64;
27011 : 64;
27012 : 64;
27013 : 64;
27014 : 64;
27015 : 64;
27016 : 64;
27017 : 64;
27018 : 64;
27019 : 64;
27020 : 64;
27021 : 64;
27022 : 64;
27023 : 64;
27024 : 64;
27025 : 64;
27026 : 84;
27027 : 64;
27028 : 85;
27029 : 85;
27030 : 85;
27031 : 85;
27032 : 85;
27033 : 40;
27034 : 64;
27035 : 64;
27036 : 40;
27037 : 85;
27038 : 85;
27039 : 85;
27040 : 85;
27041 : 64;
27042 : 64;
27043 : 64;
27044 : 64;
27045 : 44;
27046 : 85;
27047 : 64;
27048 : 44;
27049 : 85;
27050 : 40;
27051 : 40;
27052 : 40;
27053 : 64;
27054 : 85;
27055 : 40;
27056 : 44;
27057 : 40;
27058 : 40;
27059 : 40;
27060 : 44;
27061 : 40;
27062 : 64;
27063 : 64;
27064 : 40;
27065 : 64;
27066 : 65;
27067 : 64;
27068 : 84;
27069 : 85;
27070 : 85;
27071 : 84;
27072 : 64;
27073 : 40;
27074 : 64;
27075 : 64;
27076 : 64;
27077 : 64;
27078 : 64;
27079 : 40;
27080 : 64;
27081 : 64;
27082 : 64;
27083 : 64;
27084 : 64;
27085 : 64;
27086 : 64;
27087 : 64;
27088 : 64;
27089 : 64;
27090 : 64;
27091 : 64;
27092 : 64;
27093 : 40;
27094 : 84;
27095 : 64;
27096 : 40;
27097 : 64;
27098 : 64;
27099 : 64;
27100 : 64;
27101 : 64;
27102 : 64;
27103 : 64;
27104 : 64;
27105 : 64;
27106 : 64;
27107 : 64;
27108 : 64;
27109 : 64;
27110 : 64;
27111 : 64;
27112 : 64;
27113 : 64;
27114 : 64;
27115 : 64;
27116 : 40;
27117 : 40;
27118 : 60;
27119 : 44;
27120 : 24;
27121 : 24;
27122 : 6D;
27123 : 49;
27124 : 49;
27125 : 49;
27126 : 6D;
27127 : 6D;
27128 : 49;
27129 : 00;
27130 : 92;
27131 : 6D;
27132 : 6D;
27133 : 6D;
27134 : 6D;
27135 : 6D;
27136 : 49;
27137 : 49;
27138 : 49;
27139 : 49;
27140 : 49;
27141 : 49;
27142 : 49;
27143 : 49;
27144 : 49;
27145 : 49;
27146 : 49;
27147 : 49;
27148 : 49;
27149 : 49;
27150 : 49;
27151 : 49;
27152 : 69;
27153 : 6D;
27154 : 6D;
27155 : 6D;
27156 : 6D;
27157 : 6D;
27158 : 6D;
27159 : 6D;
27160 : 6D;
27161 : 49;
27162 : 69;
27163 : 69;
27164 : 69;
27165 : 6D;
27166 : 6D;
27167 : 6D;
27168 : 6D;
27169 : 6D;
27170 : 6D;
27171 : 69;
27172 : 49;
27173 : 49;
27174 : 49;
27175 : 49;
27176 : 49;
27177 : 49;
27178 : 49;
27179 : 49;
27180 : 49;
27181 : 49;
27182 : 49;
27183 : 49;
27184 : 49;
27185 : 49;
27186 : 49;
27187 : 49;
27188 : 49;
27189 : 00;
27190 : 92;
27191 : 69;
27192 : 6D;
27193 : 49;
27194 : 49;
27195 : 49;
27196 : 49;
27197 : 00;
27198 : 24;
27199 : 24;
27200 : 40;
27201 : 40;
27202 : 40;
27203 : 40;
27204 : 40;
27205 : 40;
27206 : 40;
27207 : 40;
27208 : 40;
27209 : 40;
27210 : 40;
27211 : 40;
27212 : 40;
27213 : 40;
27214 : 20;
27215 : 40;
27216 : 64;
27217 : 20;
27218 : 85;
27219 : 20;
27220 : 40;
27221 : 40;
27222 : 40;
27223 : 40;
27224 : 40;
27225 : 40;
27226 : 40;
27227 : 40;
27228 : 40;
27229 : 20;
27230 : 60;
27231 : 64;
27232 : 20;
27233 : 40;
27234 : 40;
27235 : 40;
27236 : 40;
27237 : 40;
27238 : 40;
27239 : 40;
27240 : 40;
27241 : 40;
27242 : 40;
27243 : 40;
27244 : 40;
27245 : 40;
27246 : 40;
27247 : 40;
27248 : 60;
27249 : 40;
27250 : 40;
27251 : 40;
27252 : 40;
27253 : 20;
27254 : 20;
27255 : 64;
27256 : 64;
27257 : 20;
27258 : 64;
27259 : 60;
27260 : 60;
27261 : 60;
27262 : 60;
27263 : 60;
27264 : 60;
27265 : 60;
27266 : 64;
27267 : 64;
27268 : 64;
27269 : 64;
27270 : 64;
27271 : 64;
27272 : 64;
27273 : 64;
27274 : 64;
27275 : 64;
27276 : 40;
27277 : 64;
27278 : 64;
27279 : 64;
27280 : 64;
27281 : 64;
27282 : 64;
27283 : 64;
27284 : 64;
27285 : 64;
27286 : 64;
27287 : 40;
27288 : 40;
27289 : 64;
27290 : 85;
27291 : 40;
27292 : 40;
27293 : 64;
27294 : 84;
27295 : 64;
27296 : 64;
27297 : 84;
27298 : 64;
27299 : 64;
27300 : 64;
27301 : 64;
27302 : 64;
27303 : 84;
27304 : 84;
27305 : 84;
27306 : 64;
27307 : 64;
27308 : 64;
27309 : 40;
27310 : 40;
27311 : 40;
27312 : 40;
27313 : 40;
27314 : 20;
27315 : 40;
27316 : 40;
27317 : 44;
27318 : 64;
27319 : 64;
27320 : 85;
27321 : 64;
27322 : 64;
27323 : 44;
27324 : 64;
27325 : 64;
27326 : 64;
27327 : 64;
27328 : 64;
27329 : 40;
27330 : 64;
27331 : 64;
27332 : 64;
27333 : 64;
27334 : 64;
27335 : 64;
27336 : 64;
27337 : 64;
27338 : 64;
27339 : 64;
27340 : 64;
27341 : 64;
27342 : 64;
27343 : 64;
27344 : 64;
27345 : 64;
27346 : 64;
27347 : 64;
27348 : 85;
27349 : 85;
27350 : 85;
27351 : 85;
27352 : 85;
27353 : 89;
27354 : 40;
27355 : 64;
27356 : 64;
27357 : 40;
27358 : 89;
27359 : 85;
27360 : 85;
27361 : 85;
27362 : 64;
27363 : 64;
27364 : 40;
27365 : 64;
27366 : 85;
27367 : 20;
27368 : 84;
27369 : 64;
27370 : 64;
27371 : 64;
27372 : 64;
27373 : 40;
27374 : 40;
27375 : 40;
27376 : 64;
27377 : 84;
27378 : 84;
27379 : 64;
27380 : 64;
27381 : 64;
27382 : 64;
27383 : 85;
27384 : 40;
27385 : 64;
27386 : 65;
27387 : 65;
27388 : 85;
27389 : 85;
27390 : 84;
27391 : 85;
27392 : 85;
27393 : 40;
27394 : 85;
27395 : 40;
27396 : 64;
27397 : 64;
27398 : 20;
27399 : 89;
27400 : 85;
27401 : 64;
27402 : 64;
27403 : 64;
27404 : 64;
27405 : 64;
27406 : 64;
27407 : 64;
27408 : 64;
27409 : 64;
27410 : 64;
27411 : 64;
27412 : 64;
27413 : 40;
27414 : 85;
27415 : 64;
27416 : 40;
27417 : 64;
27418 : 64;
27419 : 64;
27420 : 64;
27421 : 64;
27422 : 64;
27423 : 64;
27424 : 64;
27425 : 64;
27426 : 64;
27427 : 64;
27428 : 64;
27429 : 64;
27430 : 64;
27431 : 64;
27432 : 64;
27433 : 64;
27434 : 64;
27435 : 44;
27436 : 40;
27437 : 40;
27438 : 60;
27439 : 44;
27440 : 24;
27441 : 24;
27442 : 6D;
27443 : 49;
27444 : 49;
27445 : 49;
27446 : 69;
27447 : 6D;
27448 : 49;
27449 : 00;
27450 : 92;
27451 : 6D;
27452 : 6D;
27453 : 6D;
27454 : 6D;
27455 : 69;
27456 : 49;
27457 : 49;
27458 : 49;
27459 : 49;
27460 : 49;
27461 : 49;
27462 : 49;
27463 : 49;
27464 : 49;
27465 : 49;
27466 : 49;
27467 : 49;
27468 : 49;
27469 : 49;
27470 : 49;
27471 : 69;
27472 : 6D;
27473 : 6D;
27474 : 6D;
27475 : 6D;
27476 : 6D;
27477 : 6D;
27478 : 6D;
27479 : 6D;
27480 : 6D;
27481 : 6D;
27482 : 6D;
27483 : 6D;
27484 : 6D;
27485 : 6D;
27486 : 6D;
27487 : 6D;
27488 : 6D;
27489 : 6D;
27490 : 6D;
27491 : 49;
27492 : 69;
27493 : 49;
27494 : 69;
27495 : 49;
27496 : 69;
27497 : 69;
27498 : 6D;
27499 : 49;
27500 : 49;
27501 : 49;
27502 : 49;
27503 : 49;
27504 : 49;
27505 : 49;
27506 : 49;
27507 : 49;
27508 : 49;
27509 : 00;
27510 : 92;
27511 : 69;
27512 : 69;
27513 : 49;
27514 : 49;
27515 : 49;
27516 : 49;
27517 : 00;
27518 : 24;
27519 : 24;
27520 : 40;
27521 : 40;
27522 : 40;
27523 : 40;
27524 : 40;
27525 : 40;
27526 : 40;
27527 : 40;
27528 : 40;
27529 : 40;
27530 : 40;
27531 : 40;
27532 : 40;
27533 : 40;
27534 : 20;
27535 : 85;
27536 : 20;
27537 : 20;
27538 : 85;
27539 : 20;
27540 : 40;
27541 : 40;
27542 : 40;
27543 : 40;
27544 : 40;
27545 : 40;
27546 : 40;
27547 : 40;
27548 : 40;
27549 : 40;
27550 : 20;
27551 : 64;
27552 : 64;
27553 : 40;
27554 : 40;
27555 : 40;
27556 : 40;
27557 : 40;
27558 : 40;
27559 : 40;
27560 : 40;
27561 : 40;
27562 : 40;
27563 : 40;
27564 : 40;
27565 : 40;
27566 : 20;
27567 : 85;
27568 : 60;
27569 : 40;
27570 : 40;
27571 : 40;
27572 : 40;
27573 : 60;
27574 : 20;
27575 : 60;
27576 : 64;
27577 : 40;
27578 : 40;
27579 : 64;
27580 : 60;
27581 : 60;
27582 : 60;
27583 : 60;
27584 : 60;
27585 : 64;
27586 : 64;
27587 : 64;
27588 : 64;
27589 : 64;
27590 : 64;
27591 : 64;
27592 : 64;
27593 : 64;
27594 : 64;
27595 : 64;
27596 : 64;
27597 : 64;
27598 : 64;
27599 : 64;
27600 : 64;
27601 : 64;
27602 : 64;
27603 : 64;
27604 : 64;
27605 : 64;
27606 : 64;
27607 : 64;
27608 : 64;
27609 : 40;
27610 : 40;
27611 : 84;
27612 : 40;
27613 : 64;
27614 : 84;
27615 : 84;
27616 : 64;
27617 : 84;
27618 : 84;
27619 : 64;
27620 : 64;
27621 : 64;
27622 : 64;
27623 : 64;
27624 : 84;
27625 : 84;
27626 : 64;
27627 : 64;
27628 : 40;
27629 : 60;
27630 : 60;
27631 : 60;
27632 : 40;
27633 : 40;
27634 : 40;
27635 : 40;
27636 : 44;
27637 : 64;
27638 : 64;
27639 : 64;
27640 : 85;
27641 : 64;
27642 : 40;
27643 : 64;
27644 : 64;
27645 : 64;
27646 : 64;
27647 : 64;
27648 : 64;
27649 : 40;
27650 : 64;
27651 : 64;
27652 : 64;
27653 : 64;
27654 : 64;
27655 : 64;
27656 : 64;
27657 : 64;
27658 : 64;
27659 : 64;
27660 : 64;
27661 : 64;
27662 : 64;
27663 : 64;
27664 : 64;
27665 : 64;
27666 : 64;
27667 : 64;
27668 : 85;
27669 : 85;
27670 : 85;
27671 : 85;
27672 : 85;
27673 : 85;
27674 : 89;
27675 : 40;
27676 : 64;
27677 : 40;
27678 : 85;
27679 : 85;
27680 : 85;
27681 : 85;
27682 : 64;
27683 : 64;
27684 : 64;
27685 : 85;
27686 : 20;
27687 : 89;
27688 : 64;
27689 : 64;
27690 : 64;
27691 : 64;
27692 : 84;
27693 : 85;
27694 : 84;
27695 : 85;
27696 : 64;
27697 : 40;
27698 : 40;
27699 : 64;
27700 : 64;
27701 : 64;
27702 : 64;
27703 : 64;
27704 : 64;
27705 : 64;
27706 : 84;
27707 : 84;
27708 : 85;
27709 : 84;
27710 : 85;
27711 : 84;
27712 : 84;
27713 : 44;
27714 : 85;
27715 : 40;
27716 : 84;
27717 : 40;
27718 : 89;
27719 : 84;
27720 : 85;
27721 : 85;
27722 : 64;
27723 : 64;
27724 : 64;
27725 : 64;
27726 : 64;
27727 : 64;
27728 : 64;
27729 : 64;
27730 : 64;
27731 : 64;
27732 : 44;
27733 : 64;
27734 : 84;
27735 : 40;
27736 : 40;
27737 : 64;
27738 : 64;
27739 : 64;
27740 : 64;
27741 : 64;
27742 : 64;
27743 : 64;
27744 : 64;
27745 : 64;
27746 : 64;
27747 : 64;
27748 : 64;
27749 : 64;
27750 : 64;
27751 : 64;
27752 : 64;
27753 : 64;
27754 : 64;
27755 : 64;
27756 : 40;
27757 : 40;
27758 : 60;
27759 : 44;
27760 : 24;
27761 : 24;
27762 : 6D;
27763 : 49;
27764 : 49;
27765 : 69;
27766 : 6D;
27767 : 6D;
27768 : 49;
27769 : 00;
27770 : 92;
27771 : 6D;
27772 : 6D;
27773 : 6D;
27774 : 69;
27775 : 49;
27776 : 49;
27777 : 49;
27778 : 49;
27779 : 49;
27780 : 49;
27781 : 49;
27782 : 49;
27783 : 49;
27784 : 49;
27785 : 49;
27786 : 49;
27787 : 49;
27788 : 49;
27789 : 49;
27790 : 49;
27791 : 49;
27792 : 49;
27793 : 6D;
27794 : 6D;
27795 : 6D;
27796 : 6D;
27797 : 6D;
27798 : 6D;
27799 : 49;
27800 : 6D;
27801 : 49;
27802 : 69;
27803 : 69;
27804 : 69;
27805 : 6D;
27806 : 6D;
27807 : 6D;
27808 : 6D;
27809 : 6D;
27810 : 6D;
27811 : 69;
27812 : 69;
27813 : 69;
27814 : 49;
27815 : 49;
27816 : 49;
27817 : 49;
27818 : 49;
27819 : 49;
27820 : 49;
27821 : 49;
27822 : 49;
27823 : 49;
27824 : 49;
27825 : 49;
27826 : 49;
27827 : 49;
27828 : 49;
27829 : 00;
27830 : 92;
27831 : 69;
27832 : 6D;
27833 : 49;
27834 : 49;
27835 : 49;
27836 : 49;
27837 : 00;
27838 : 24;
27839 : 24;
27840 : 40;
27841 : 40;
27842 : 40;
27843 : 40;
27844 : 40;
27845 : 40;
27846 : 40;
27847 : 40;
27848 : 40;
27849 : 40;
27850 : 40;
27851 : 40;
27852 : 40;
27853 : 40;
27854 : 40;
27855 : 40;
27856 : 40;
27857 : 20;
27858 : 84;
27859 : 20;
27860 : 40;
27861 : 40;
27862 : 40;
27863 : 40;
27864 : 40;
27865 : 40;
27866 : 40;
27867 : 40;
27868 : 40;
27869 : 40;
27870 : 40;
27871 : 40;
27872 : 40;
27873 : 40;
27874 : 40;
27875 : 40;
27876 : 40;
27877 : 40;
27878 : 40;
27879 : 40;
27880 : 40;
27881 : 40;
27882 : 40;
27883 : 40;
27884 : 40;
27885 : 40;
27886 : 20;
27887 : 85;
27888 : 40;
27889 : 40;
27890 : 40;
27891 : 40;
27892 : 40;
27893 : 40;
27894 : 20;
27895 : 40;
27896 : 64;
27897 : 40;
27898 : 20;
27899 : 40;
27900 : 40;
27901 : 40;
27902 : 40;
27903 : 40;
27904 : 64;
27905 : 64;
27906 : 64;
27907 : 64;
27908 : 64;
27909 : 64;
27910 : 64;
27911 : 64;
27912 : 64;
27913 : 64;
27914 : 64;
27915 : 64;
27916 : 64;
27917 : 40;
27918 : 64;
27919 : 64;
27920 : 64;
27921 : 64;
27922 : 64;
27923 : 64;
27924 : 64;
27925 : 64;
27926 : 64;
27927 : 64;
27928 : 64;
27929 : 64;
27930 : 64;
27931 : 40;
27932 : 64;
27933 : 40;
27934 : 84;
27935 : 64;
27936 : 64;
27937 : 64;
27938 : 64;
27939 : 84;
27940 : 64;
27941 : 64;
27942 : 84;
27943 : 84;
27944 : 64;
27945 : 64;
27946 : 64;
27947 : 64;
27948 : 60;
27949 : 60;
27950 : 60;
27951 : 60;
27952 : 40;
27953 : 20;
27954 : 40;
27955 : 40;
27956 : 64;
27957 : 64;
27958 : 64;
27959 : 64;
27960 : 64;
27961 : 64;
27962 : 44;
27963 : 64;
27964 : 64;
27965 : 64;
27966 : 64;
27967 : 64;
27968 : 64;
27969 : 40;
27970 : 64;
27971 : 64;
27972 : 64;
27973 : 64;
27974 : 64;
27975 : 64;
27976 : 64;
27977 : 64;
27978 : 64;
27979 : 64;
27980 : 64;
27981 : 64;
27982 : 64;
27983 : 64;
27984 : 64;
27985 : 64;
27986 : 64;
27987 : 85;
27988 : 85;
27989 : 85;
27990 : 85;
27991 : 85;
27992 : 85;
27993 : 85;
27994 : 85;
27995 : 89;
27996 : 40;
27997 : 65;
27998 : 40;
27999 : 89;
28000 : 85;
28001 : 85;
28002 : 85;
28003 : 20;
28004 : 84;
28005 : 44;
28006 : 40;
28007 : 64;
28008 : 84;
28009 : 84;
28010 : 64;
28011 : 64;
28012 : 64;
28013 : 64;
28014 : 64;
28015 : 64;
28016 : 64;
28017 : 85;
28018 : 44;
28019 : 44;
28020 : 44;
28021 : 44;
28022 : 40;
28023 : 64;
28024 : 64;
28025 : 40;
28026 : 64;
28027 : 85;
28028 : 84;
28029 : 84;
28030 : 85;
28031 : 84;
28032 : 85;
28033 : 40;
28034 : 85;
28035 : 64;
28036 : 44;
28037 : 64;
28038 : 85;
28039 : 84;
28040 : 84;
28041 : 85;
28042 : 64;
28043 : 64;
28044 : 64;
28045 : 64;
28046 : 64;
28047 : 64;
28048 : 64;
28049 : 64;
28050 : 64;
28051 : 64;
28052 : 44;
28053 : 64;
28054 : 84;
28055 : 40;
28056 : 40;
28057 : 64;
28058 : 64;
28059 : 64;
28060 : 64;
28061 : 64;
28062 : 64;
28063 : 64;
28064 : 64;
28065 : 64;
28066 : 64;
28067 : 64;
28068 : 64;
28069 : 64;
28070 : 64;
28071 : 64;
28072 : 64;
28073 : 64;
28074 : 64;
28075 : 64;
28076 : 40;
28077 : 40;
28078 : 60;
28079 : 44;
28080 : 24;
28081 : 24;
28082 : 6D;
28083 : 49;
28084 : 49;
28085 : 49;
28086 : 6D;
28087 : 6D;
28088 : 49;
28089 : 00;
28090 : 92;
28091 : 6D;
28092 : 6D;
28093 : 6D;
28094 : 6D;
28095 : 49;
28096 : 49;
28097 : 49;
28098 : 49;
28099 : 49;
28100 : 49;
28101 : 49;
28102 : 49;
28103 : 49;
28104 : 49;
28105 : 49;
28106 : 49;
28107 : 49;
28108 : 49;
28109 : 49;
28110 : 49;
28111 : 69;
28112 : 49;
28113 : 69;
28114 : 6D;
28115 : 6D;
28116 : 6D;
28117 : 6D;
28118 : 49;
28119 : 49;
28120 : 49;
28121 : 49;
28122 : 49;
28123 : 6D;
28124 : 6D;
28125 : 6D;
28126 : 6D;
28127 : 6D;
28128 : 6D;
28129 : 6D;
28130 : 6D;
28131 : 6D;
28132 : 49;
28133 : 69;
28134 : 69;
28135 : 69;
28136 : 49;
28137 : 49;
28138 : 6D;
28139 : 49;
28140 : 49;
28141 : 49;
28142 : 49;
28143 : 49;
28144 : 49;
28145 : 49;
28146 : 49;
28147 : 49;
28148 : 49;
28149 : 00;
28150 : 92;
28151 : 69;
28152 : 6D;
28153 : 49;
28154 : 49;
28155 : 49;
28156 : 49;
28157 : 00;
28158 : 24;
28159 : 24;
28160 : 40;
28161 : 40;
28162 : 40;
28163 : 40;
28164 : 40;
28165 : 40;
28166 : 40;
28167 : 40;
28168 : 40;
28169 : 40;
28170 : 40;
28171 : 40;
28172 : 40;
28173 : 20;
28174 : 64;
28175 : 20;
28176 : 40;
28177 : 20;
28178 : 84;
28179 : 40;
28180 : 40;
28181 : 40;
28182 : 40;
28183 : 40;
28184 : 40;
28185 : 40;
28186 : 40;
28187 : 40;
28188 : 40;
28189 : 40;
28190 : 40;
28191 : 40;
28192 : 60;
28193 : 40;
28194 : 40;
28195 : 40;
28196 : 40;
28197 : 40;
28198 : 40;
28199 : 40;
28200 : 40;
28201 : 40;
28202 : 40;
28203 : 40;
28204 : 40;
28205 : 40;
28206 : 20;
28207 : 85;
28208 : 40;
28209 : 40;
28210 : 40;
28211 : 40;
28212 : 40;
28213 : 40;
28214 : 40;
28215 : 20;
28216 : 40;
28217 : 64;
28218 : 60;
28219 : 60;
28220 : 60;
28221 : 60;
28222 : 60;
28223 : 40;
28224 : 40;
28225 : 64;
28226 : 64;
28227 : 64;
28228 : 64;
28229 : 64;
28230 : 64;
28231 : 64;
28232 : 64;
28233 : 64;
28234 : 64;
28235 : 64;
28236 : 64;
28237 : 60;
28238 : 64;
28239 : 64;
28240 : 64;
28241 : 64;
28242 : 64;
28243 : 64;
28244 : 64;
28245 : 64;
28246 : 64;
28247 : 64;
28248 : 64;
28249 : 64;
28250 : 64;
28251 : 64;
28252 : 40;
28253 : 64;
28254 : 60;
28255 : 84;
28256 : 64;
28257 : 84;
28258 : 64;
28259 : 84;
28260 : 64;
28261 : 84;
28262 : 64;
28263 : 64;
28264 : 84;
28265 : 64;
28266 : 64;
28267 : 40;
28268 : 60;
28269 : 60;
28270 : 60;
28271 : 40;
28272 : 40;
28273 : 20;
28274 : 40;
28275 : 40;
28276 : 64;
28277 : 64;
28278 : 64;
28279 : 64;
28280 : 64;
28281 : 64;
28282 : 44;
28283 : 64;
28284 : 64;
28285 : 64;
28286 : 64;
28287 : 64;
28288 : 40;
28289 : 40;
28290 : 64;
28291 : 64;
28292 : 64;
28293 : 64;
28294 : 64;
28295 : 64;
28296 : 64;
28297 : 64;
28298 : 64;
28299 : 64;
28300 : 64;
28301 : 64;
28302 : 64;
28303 : 64;
28304 : 64;
28305 : 64;
28306 : 64;
28307 : 85;
28308 : 85;
28309 : 85;
28310 : 85;
28311 : 85;
28312 : 85;
28313 : 85;
28314 : 85;
28315 : 85;
28316 : 64;
28317 : 64;
28318 : 40;
28319 : 89;
28320 : 85;
28321 : 85;
28322 : 40;
28323 : 64;
28324 : 64;
28325 : 40;
28326 : 64;
28327 : 64;
28328 : 64;
28329 : 84;
28330 : 64;
28331 : 64;
28332 : 64;
28333 : 64;
28334 : 64;
28335 : 64;
28336 : 64;
28337 : 64;
28338 : 64;
28339 : 64;
28340 : 64;
28341 : 64;
28342 : 64;
28343 : 40;
28344 : 64;
28345 : 64;
28346 : 40;
28347 : 64;
28348 : 85;
28349 : 85;
28350 : 84;
28351 : 85;
28352 : 64;
28353 : 64;
28354 : 85;
28355 : 40;
28356 : 64;
28357 : 85;
28358 : 84;
28359 : 85;
28360 : 85;
28361 : 85;
28362 : 64;
28363 : 64;
28364 : 64;
28365 : 64;
28366 : 64;
28367 : 64;
28368 : 64;
28369 : 64;
28370 : 64;
28371 : 64;
28372 : 44;
28373 : 64;
28374 : 85;
28375 : 20;
28376 : 40;
28377 : 64;
28378 : 64;
28379 : 64;
28380 : 64;
28381 : 64;
28382 : 64;
28383 : 64;
28384 : 64;
28385 : 64;
28386 : 64;
28387 : 64;
28388 : 64;
28389 : 64;
28390 : 64;
28391 : 64;
28392 : 64;
28393 : 64;
28394 : 64;
28395 : 64;
28396 : 40;
28397 : 40;
28398 : 60;
28399 : 44;
28400 : 24;
28401 : 24;
28402 : 6D;
28403 : 49;
28404 : 49;
28405 : 49;
28406 : 6D;
28407 : 6D;
28408 : 49;
28409 : 00;
28410 : 92;
28411 : 6D;
28412 : 6D;
28413 : 6D;
28414 : 49;
28415 : 49;
28416 : 49;
28417 : 49;
28418 : 49;
28419 : 49;
28420 : 49;
28421 : 49;
28422 : 49;
28423 : 49;
28424 : 49;
28425 : 49;
28426 : 49;
28427 : 49;
28428 : 49;
28429 : 49;
28430 : 49;
28431 : 49;
28432 : 49;
28433 : 6D;
28434 : 6D;
28435 : 6D;
28436 : 6D;
28437 : 6D;
28438 : 4D;
28439 : 49;
28440 : 49;
28441 : 49;
28442 : 49;
28443 : 49;
28444 : 69;
28445 : 6D;
28446 : 6D;
28447 : 6D;
28448 : 6D;
28449 : 6D;
28450 : 6D;
28451 : 69;
28452 : 69;
28453 : 49;
28454 : 49;
28455 : 49;
28456 : 69;
28457 : 69;
28458 : 69;
28459 : 69;
28460 : 49;
28461 : 49;
28462 : 49;
28463 : 49;
28464 : 49;
28465 : 49;
28466 : 49;
28467 : 49;
28468 : 49;
28469 : 00;
28470 : 92;
28471 : 69;
28472 : 69;
28473 : 49;
28474 : 49;
28475 : 49;
28476 : 49;
28477 : 00;
28478 : 24;
28479 : 24;
28480 : 40;
28481 : 40;
28482 : 40;
28483 : 40;
28484 : 40;
28485 : 40;
28486 : 40;
28487 : 40;
28488 : 40;
28489 : 40;
28490 : 40;
28491 : 40;
28492 : 40;
28493 : 64;
28494 : 20;
28495 : 40;
28496 : 40;
28497 : 40;
28498 : 20;
28499 : 64;
28500 : 40;
28501 : 40;
28502 : 40;
28503 : 40;
28504 : 40;
28505 : 40;
28506 : 40;
28507 : 40;
28508 : 40;
28509 : 40;
28510 : 40;
28511 : 40;
28512 : 60;
28513 : 40;
28514 : 40;
28515 : 40;
28516 : 40;
28517 : 40;
28518 : 40;
28519 : 40;
28520 : 40;
28521 : 40;
28522 : 40;
28523 : 40;
28524 : 40;
28525 : 40;
28526 : 20;
28527 : 85;
28528 : 40;
28529 : 40;
28530 : 40;
28531 : 40;
28532 : 40;
28533 : 40;
28534 : 40;
28535 : 40;
28536 : 20;
28537 : 20;
28538 : 40;
28539 : 64;
28540 : 64;
28541 : 64;
28542 : 64;
28543 : 84;
28544 : 84;
28545 : 40;
28546 : 40;
28547 : 84;
28548 : 64;
28549 : 64;
28550 : 64;
28551 : 64;
28552 : 64;
28553 : 64;
28554 : 64;
28555 : 64;
28556 : 64;
28557 : 64;
28558 : 64;
28559 : 64;
28560 : 64;
28561 : 64;
28562 : 64;
28563 : 64;
28564 : 64;
28565 : 64;
28566 : 64;
28567 : 64;
28568 : 64;
28569 : 64;
28570 : 64;
28571 : 64;
28572 : 64;
28573 : 84;
28574 : 40;
28575 : 85;
28576 : 64;
28577 : 64;
28578 : 64;
28579 : 84;
28580 : 64;
28581 : 64;
28582 : 64;
28583 : 84;
28584 : 84;
28585 : 64;
28586 : 60;
28587 : 40;
28588 : 40;
28589 : 60;
28590 : 60;
28591 : 40;
28592 : 40;
28593 : 20;
28594 : 40;
28595 : 44;
28596 : 64;
28597 : 64;
28598 : 64;
28599 : 64;
28600 : 64;
28601 : 64;
28602 : 44;
28603 : 64;
28604 : 64;
28605 : 64;
28606 : 64;
28607 : 64;
28608 : 40;
28609 : 40;
28610 : 64;
28611 : 64;
28612 : 64;
28613 : 64;
28614 : 64;
28615 : 64;
28616 : 64;
28617 : 64;
28618 : 64;
28619 : 64;
28620 : 64;
28621 : 64;
28622 : 64;
28623 : 64;
28624 : 64;
28625 : 64;
28626 : 64;
28627 : 85;
28628 : 85;
28629 : 85;
28630 : 85;
28631 : 85;
28632 : 85;
28633 : 85;
28634 : 85;
28635 : 85;
28636 : 64;
28637 : 64;
28638 : 40;
28639 : 85;
28640 : 85;
28641 : 89;
28642 : 20;
28643 : 85;
28644 : 40;
28645 : 64;
28646 : 40;
28647 : 64;
28648 : 64;
28649 : 85;
28650 : 64;
28651 : 64;
28652 : 64;
28653 : 64;
28654 : 64;
28655 : 64;
28656 : 64;
28657 : 64;
28658 : 64;
28659 : 64;
28660 : 64;
28661 : 64;
28662 : 64;
28663 : 64;
28664 : 40;
28665 : 84;
28666 : 64;
28667 : 40;
28668 : 64;
28669 : 85;
28670 : 85;
28671 : 84;
28672 : 64;
28673 : 64;
28674 : 64;
28675 : 40;
28676 : 85;
28677 : 84;
28678 : 85;
28679 : 84;
28680 : 85;
28681 : 84;
28682 : 85;
28683 : 64;
28684 : 64;
28685 : 64;
28686 : 64;
28687 : 64;
28688 : 64;
28689 : 64;
28690 : 64;
28691 : 64;
28692 : 44;
28693 : 64;
28694 : 85;
28695 : 20;
28696 : 40;
28697 : 64;
28698 : 64;
28699 : 64;
28700 : 64;
28701 : 64;
28702 : 64;
28703 : 64;
28704 : 64;
28705 : 64;
28706 : 64;
28707 : 64;
28708 : 64;
28709 : 64;
28710 : 64;
28711 : 64;
28712 : 64;
28713 : 64;
28714 : 64;
28715 : 44;
28716 : 40;
28717 : 40;
28718 : 60;
28719 : 44;
28720 : 24;
28721 : 24;
28722 : 6D;
28723 : 49;
28724 : 49;
28725 : 49;
28726 : 6D;
28727 : 6D;
28728 : 49;
28729 : 00;
28730 : 92;
28731 : 69;
28732 : 6D;
28733 : 69;
28734 : 49;
28735 : 49;
28736 : 49;
28737 : 49;
28738 : 49;
28739 : 49;
28740 : 49;
28741 : 49;
28742 : 49;
28743 : 49;
28744 : 49;
28745 : 49;
28746 : 49;
28747 : 49;
28748 : 49;
28749 : 49;
28750 : 49;
28751 : 49;
28752 : 49;
28753 : 49;
28754 : 49;
28755 : 69;
28756 : 49;
28757 : 49;
28758 : 49;
28759 : 49;
28760 : 69;
28761 : 49;
28762 : 69;
28763 : 6D;
28764 : 6D;
28765 : 6D;
28766 : 6D;
28767 : 6D;
28768 : 6D;
28769 : 6D;
28770 : 6D;
28771 : 6D;
28772 : 49;
28773 : 69;
28774 : 49;
28775 : 49;
28776 : 49;
28777 : 69;
28778 : 6D;
28779 : 69;
28780 : 69;
28781 : 49;
28782 : 49;
28783 : 49;
28784 : 49;
28785 : 49;
28786 : 49;
28787 : 49;
28788 : 49;
28789 : 00;
28790 : 92;
28791 : 49;
28792 : 69;
28793 : 49;
28794 : 49;
28795 : 49;
28796 : 49;
28797 : 00;
28798 : 24;
28799 : 24;
28800 : 40;
28801 : 40;
28802 : 40;
28803 : 40;
28804 : 40;
28805 : 40;
28806 : 40;
28807 : 40;
28808 : 40;
28809 : 40;
28810 : 40;
28811 : 40;
28812 : 40;
28813 : 40;
28814 : 20;
28815 : 40;
28816 : 40;
28817 : 40;
28818 : 20;
28819 : 64;
28820 : 40;
28821 : 40;
28822 : 40;
28823 : 40;
28824 : 40;
28825 : 40;
28826 : 40;
28827 : 40;
28828 : 40;
28829 : 40;
28830 : 40;
28831 : 40;
28832 : 64;
28833 : 40;
28834 : 20;
28835 : 40;
28836 : 40;
28837 : 40;
28838 : 40;
28839 : 40;
28840 : 40;
28841 : 40;
28842 : 40;
28843 : 40;
28844 : 40;
28845 : 40;
28846 : 20;
28847 : 85;
28848 : 40;
28849 : 40;
28850 : 40;
28851 : 40;
28852 : 40;
28853 : 40;
28854 : 40;
28855 : 40;
28856 : 64;
28857 : 40;
28858 : 20;
28859 : 20;
28860 : 20;
28861 : 20;
28862 : 20;
28863 : 40;
28864 : 64;
28865 : 84;
28866 : 40;
28867 : 40;
28868 : 64;
28869 : 64;
28870 : 64;
28871 : 64;
28872 : 64;
28873 : 64;
28874 : 64;
28875 : 64;
28876 : 64;
28877 : 64;
28878 : 64;
28879 : 64;
28880 : 64;
28881 : 64;
28882 : 64;
28883 : 64;
28884 : 64;
28885 : 64;
28886 : 64;
28887 : 64;
28888 : 64;
28889 : 64;
28890 : 64;
28891 : 84;
28892 : 84;
28893 : 40;
28894 : 85;
28895 : 40;
28896 : 84;
28897 : 84;
28898 : 84;
28899 : 64;
28900 : 64;
28901 : 84;
28902 : 64;
28903 : 84;
28904 : 64;
28905 : 64;
28906 : 40;
28907 : 60;
28908 : 40;
28909 : 60;
28910 : 40;
28911 : 40;
28912 : 40;
28913 : 40;
28914 : 40;
28915 : 64;
28916 : 64;
28917 : 64;
28918 : 64;
28919 : 64;
28920 : 64;
28921 : 44;
28922 : 44;
28923 : 64;
28924 : 64;
28925 : 64;
28926 : 64;
28927 : 64;
28928 : 40;
28929 : 64;
28930 : 64;
28931 : 64;
28932 : 64;
28933 : 64;
28934 : 64;
28935 : 64;
28936 : 64;
28937 : 64;
28938 : 64;
28939 : 64;
28940 : 64;
28941 : 64;
28942 : 64;
28943 : 64;
28944 : 85;
28945 : 64;
28946 : 64;
28947 : 85;
28948 : 85;
28949 : 85;
28950 : 85;
28951 : 85;
28952 : 85;
28953 : 85;
28954 : 85;
28955 : 85;
28956 : 64;
28957 : 84;
28958 : 40;
28959 : 89;
28960 : 85;
28961 : 40;
28962 : 85;
28963 : 85;
28964 : 40;
28965 : 64;
28966 : 89;
28967 : 40;
28968 : 64;
28969 : 40;
28970 : 85;
28971 : 64;
28972 : 64;
28973 : 64;
28974 : 64;
28975 : 64;
28976 : 64;
28977 : 64;
28978 : 64;
28979 : 64;
28980 : 64;
28981 : 64;
28982 : 64;
28983 : 64;
28984 : 64;
28985 : 64;
28986 : 85;
28987 : 64;
28988 : 44;
28989 : 84;
28990 : 84;
28991 : 84;
28992 : 64;
28993 : 64;
28994 : 64;
28995 : 40;
28996 : 84;
28997 : 84;
28998 : 84;
28999 : 85;
29000 : 85;
29001 : 85;
29002 : 85;
29003 : 64;
29004 : 64;
29005 : 64;
29006 : 64;
29007 : 64;
29008 : 64;
29009 : 64;
29010 : 64;
29011 : 64;
29012 : 44;
29013 : 64;
29014 : 84;
29015 : 40;
29016 : 40;
29017 : 64;
29018 : 64;
29019 : 64;
29020 : 64;
29021 : 64;
29022 : 64;
29023 : 64;
29024 : 64;
29025 : 64;
29026 : 64;
29027 : 64;
29028 : 64;
29029 : 64;
29030 : 64;
29031 : 64;
29032 : 64;
29033 : 64;
29034 : 64;
29035 : 40;
29036 : 40;
29037 : 40;
29038 : 60;
29039 : 44;
29040 : 24;
29041 : 24;
29042 : 6D;
29043 : 49;
29044 : 49;
29045 : 69;
29046 : 6D;
29047 : 6D;
29048 : 49;
29049 : 00;
29050 : 92;
29051 : 6D;
29052 : 6D;
29053 : 6D;
29054 : 49;
29055 : 49;
29056 : 49;
29057 : 49;
29058 : 49;
29059 : 49;
29060 : 49;
29061 : 49;
29062 : 49;
29063 : 49;
29064 : 49;
29065 : 49;
29066 : 49;
29067 : 49;
29068 : 49;
29069 : 49;
29070 : 49;
29071 : 49;
29072 : 49;
29073 : 69;
29074 : 6D;
29075 : 6D;
29076 : 6D;
29077 : 49;
29078 : 49;
29079 : 49;
29080 : 49;
29081 : 49;
29082 : 49;
29083 : 69;
29084 : 69;
29085 : 69;
29086 : 6D;
29087 : 6D;
29088 : 6D;
29089 : 6D;
29090 : 6D;
29091 : 69;
29092 : 69;
29093 : 6D;
29094 : 6D;
29095 : 69;
29096 : 6D;
29097 : 69;
29098 : 69;
29099 : 49;
29100 : 49;
29101 : 49;
29102 : 49;
29103 : 49;
29104 : 49;
29105 : 49;
29106 : 49;
29107 : 49;
29108 : 49;
29109 : 00;
29110 : 92;
29111 : 69;
29112 : 69;
29113 : 49;
29114 : 49;
29115 : 49;
29116 : 49;
29117 : 00;
29118 : 24;
29119 : 24;
29120 : 40;
29121 : 40;
29122 : 40;
29123 : 40;
29124 : 40;
29125 : 40;
29126 : 40;
29127 : 40;
29128 : 40;
29129 : 40;
29130 : 40;
29131 : 20;
29132 : 60;
29133 : 40;
29134 : 40;
29135 : 40;
29136 : 40;
29137 : 40;
29138 : 20;
29139 : 64;
29140 : 40;
29141 : 40;
29142 : 40;
29143 : 40;
29144 : 40;
29145 : 40;
29146 : 40;
29147 : 40;
29148 : 40;
29149 : 40;
29150 : 40;
29151 : 64;
29152 : 64;
29153 : 64;
29154 : 40;
29155 : 40;
29156 : 40;
29157 : 40;
29158 : 40;
29159 : 40;
29160 : 40;
29161 : 40;
29162 : 40;
29163 : 40;
29164 : 40;
29165 : 40;
29166 : 20;
29167 : 85;
29168 : 40;
29169 : 40;
29170 : 40;
29171 : 40;
29172 : 40;
29173 : 40;
29174 : 40;
29175 : 40;
29176 : 40;
29177 : 64;
29178 : 60;
29179 : 64;
29180 : 64;
29181 : 64;
29182 : 64;
29183 : 40;
29184 : 40;
29185 : 64;
29186 : 84;
29187 : 40;
29188 : 40;
29189 : 64;
29190 : 64;
29191 : 64;
29192 : 64;
29193 : 64;
29194 : 64;
29195 : 64;
29196 : 64;
29197 : 64;
29198 : 64;
29199 : 64;
29200 : 64;
29201 : 64;
29202 : 64;
29203 : 64;
29204 : 64;
29205 : 64;
29206 : 64;
29207 : 64;
29208 : 64;
29209 : 64;
29210 : 84;
29211 : 64;
29212 : 84;
29213 : 60;
29214 : 84;
29215 : 64;
29216 : 84;
29217 : 84;
29218 : 64;
29219 : 84;
29220 : 64;
29221 : 84;
29222 : 84;
29223 : 85;
29224 : 64;
29225 : 64;
29226 : 40;
29227 : 60;
29228 : 40;
29229 : 60;
29230 : 40;
29231 : 40;
29232 : 20;
29233 : 40;
29234 : 40;
29235 : 64;
29236 : 64;
29237 : 64;
29238 : 64;
29239 : 64;
29240 : 64;
29241 : 44;
29242 : 64;
29243 : 64;
29244 : 64;
29245 : 64;
29246 : 44;
29247 : 64;
29248 : 40;
29249 : 64;
29250 : 64;
29251 : 64;
29252 : 64;
29253 : 64;
29254 : 64;
29255 : 64;
29256 : 64;
29257 : 64;
29258 : 64;
29259 : 64;
29260 : 64;
29261 : 64;
29262 : 64;
29263 : 64;
29264 : 85;
29265 : 64;
29266 : 85;
29267 : 85;
29268 : 85;
29269 : 85;
29270 : 84;
29271 : 85;
29272 : 85;
29273 : 85;
29274 : 85;
29275 : 85;
29276 : 64;
29277 : 64;
29278 : 64;
29279 : 85;
29280 : 85;
29281 : 40;
29282 : 85;
29283 : 40;
29284 : 44;
29285 : 64;
29286 : 64;
29287 : 85;
29288 : 64;
29289 : 44;
29290 : 64;
29291 : 84;
29292 : 64;
29293 : 64;
29294 : 64;
29295 : 64;
29296 : 64;
29297 : 64;
29298 : 64;
29299 : 64;
29300 : 64;
29301 : 64;
29302 : 64;
29303 : 64;
29304 : 84;
29305 : 40;
29306 : 64;
29307 : 84;
29308 : 40;
29309 : 44;
29310 : 85;
29311 : 65;
29312 : 64;
29313 : 64;
29314 : 20;
29315 : 44;
29316 : 85;
29317 : 84;
29318 : 84;
29319 : 85;
29320 : 85;
29321 : 85;
29322 : 85;
29323 : 64;
29324 : 64;
29325 : 64;
29326 : 64;
29327 : 64;
29328 : 64;
29329 : 64;
29330 : 64;
29331 : 64;
29332 : 44;
29333 : 64;
29334 : 85;
29335 : 64;
29336 : 40;
29337 : 64;
29338 : 64;
29339 : 64;
29340 : 64;
29341 : 64;
29342 : 64;
29343 : 64;
29344 : 64;
29345 : 64;
29346 : 64;
29347 : 64;
29348 : 64;
29349 : 64;
29350 : 64;
29351 : 64;
29352 : 64;
29353 : 64;
29354 : 64;
29355 : 40;
29356 : 40;
29357 : 40;
29358 : 60;
29359 : 44;
29360 : 24;
29361 : 24;
29362 : 6D;
29363 : 49;
29364 : 49;
29365 : 69;
29366 : 69;
29367 : 6D;
29368 : 49;
29369 : 00;
29370 : 92;
29371 : 6D;
29372 : 6D;
29373 : 49;
29374 : 49;
29375 : 49;
29376 : 49;
29377 : 49;
29378 : 49;
29379 : 49;
29380 : 49;
29381 : 49;
29382 : 49;
29383 : 49;
29384 : 49;
29385 : 49;
29386 : 49;
29387 : 49;
29388 : 49;
29389 : 49;
29390 : 49;
29391 : 49;
29392 : 49;
29393 : 6D;
29394 : 6D;
29395 : 6D;
29396 : 6D;
29397 : 6D;
29398 : 49;
29399 : 49;
29400 : 49;
29401 : 49;
29402 : 49;
29403 : 49;
29404 : 69;
29405 : 6D;
29406 : 6D;
29407 : 6D;
29408 : 6D;
29409 : 6D;
29410 : 69;
29411 : 49;
29412 : 49;
29413 : 49;
29414 : 49;
29415 : 69;
29416 : 49;
29417 : 49;
29418 : 69;
29419 : 49;
29420 : 49;
29421 : 49;
29422 : 49;
29423 : 49;
29424 : 49;
29425 : 49;
29426 : 49;
29427 : 49;
29428 : 49;
29429 : 00;
29430 : 92;
29431 : 49;
29432 : 69;
29433 : 49;
29434 : 49;
29435 : 49;
29436 : 49;
29437 : 00;
29438 : 24;
29439 : 24;
29440 : 40;
29441 : 40;
29442 : 40;
29443 : 40;
29444 : 40;
29445 : 40;
29446 : 40;
29447 : 40;
29448 : 40;
29449 : 40;
29450 : 40;
29451 : 60;
29452 : 40;
29453 : 40;
29454 : 40;
29455 : 40;
29456 : 40;
29457 : 40;
29458 : 64;
29459 : 40;
29460 : 40;
29461 : 40;
29462 : 40;
29463 : 40;
29464 : 40;
29465 : 40;
29466 : 40;
29467 : 40;
29468 : 40;
29469 : 40;
29470 : 40;
29471 : 64;
29472 : 40;
29473 : 40;
29474 : 40;
29475 : 40;
29476 : 40;
29477 : 40;
29478 : 40;
29479 : 40;
29480 : 40;
29481 : 40;
29482 : 40;
29483 : 40;
29484 : 40;
29485 : 40;
29486 : 20;
29487 : 64;
29488 : 40;
29489 : 40;
29490 : 40;
29491 : 40;
29492 : 40;
29493 : 40;
29494 : 40;
29495 : 40;
29496 : 40;
29497 : 40;
29498 : 64;
29499 : 64;
29500 : 64;
29501 : 64;
29502 : 64;
29503 : 64;
29504 : 60;
29505 : 40;
29506 : 64;
29507 : 85;
29508 : 40;
29509 : 40;
29510 : 64;
29511 : 64;
29512 : 64;
29513 : 64;
29514 : 64;
29515 : 64;
29516 : 64;
29517 : 64;
29518 : 64;
29519 : 64;
29520 : 64;
29521 : 64;
29522 : 64;
29523 : 64;
29524 : 64;
29525 : 64;
29526 : 64;
29527 : 64;
29528 : 64;
29529 : 84;
29530 : 64;
29531 : 64;
29532 : 84;
29533 : 60;
29534 : 84;
29535 : 84;
29536 : 84;
29537 : 64;
29538 : 85;
29539 : 85;
29540 : 85;
29541 : 85;
29542 : 85;
29543 : 84;
29544 : 64;
29545 : 64;
29546 : 40;
29547 : 60;
29548 : 60;
29549 : 40;
29550 : 40;
29551 : 40;
29552 : 40;
29553 : 40;
29554 : 44;
29555 : 64;
29556 : 64;
29557 : 64;
29558 : 64;
29559 : 64;
29560 : 64;
29561 : 44;
29562 : 64;
29563 : 64;
29564 : 64;
29565 : 64;
29566 : 64;
29567 : 64;
29568 : 40;
29569 : 64;
29570 : 64;
29571 : 64;
29572 : 64;
29573 : 64;
29574 : 64;
29575 : 64;
29576 : 64;
29577 : 64;
29578 : 64;
29579 : 64;
29580 : 64;
29581 : 64;
29582 : 64;
29583 : 64;
29584 : 84;
29585 : 64;
29586 : 85;
29587 : 85;
29588 : 85;
29589 : 85;
29590 : 64;
29591 : 64;
29592 : 85;
29593 : 85;
29594 : 85;
29595 : 85;
29596 : 64;
29597 : 40;
29598 : 89;
29599 : 85;
29600 : 64;
29601 : 64;
29602 : 85;
29603 : 20;
29604 : 64;
29605 : 64;
29606 : 64;
29607 : 84;
29608 : 64;
29609 : 64;
29610 : 40;
29611 : 85;
29612 : 64;
29613 : 64;
29614 : 64;
29615 : 85;
29616 : 85;
29617 : 85;
29618 : 85;
29619 : 85;
29620 : 85;
29621 : 85;
29622 : 84;
29623 : 64;
29624 : 64;
29625 : 64;
29626 : 20;
29627 : 64;
29628 : 64;
29629 : 40;
29630 : 40;
29631 : 85;
29632 : 40;
29633 : 84;
29634 : 20;
29635 : 85;
29636 : 84;
29637 : 84;
29638 : 85;
29639 : 85;
29640 : 85;
29641 : 85;
29642 : 85;
29643 : 64;
29644 : 64;
29645 : 64;
29646 : 64;
29647 : 64;
29648 : 64;
29649 : 64;
29650 : 64;
29651 : 64;
29652 : 44;
29653 : 64;
29654 : A9;
29655 : 64;
29656 : 40;
29657 : 64;
29658 : 64;
29659 : 64;
29660 : 64;
29661 : 64;
29662 : 64;
29663 : 64;
29664 : 64;
29665 : 64;
29666 : 64;
29667 : 64;
29668 : 64;
29669 : 64;
29670 : 64;
29671 : 64;
29672 : 64;
29673 : 64;
29674 : 64;
29675 : 40;
29676 : 40;
29677 : 60;
29678 : 40;
29679 : 44;
29680 : 24;
29681 : 24;
29682 : 6D;
29683 : 49;
29684 : 49;
29685 : 69;
29686 : 69;
29687 : 6D;
29688 : 49;
29689 : 00;
29690 : 92;
29691 : 6D;
29692 : 69;
29693 : 6D;
29694 : 69;
29695 : 49;
29696 : 49;
29697 : 49;
29698 : 49;
29699 : 49;
29700 : 49;
29701 : 49;
29702 : 49;
29703 : 49;
29704 : 49;
29705 : 49;
29706 : 49;
29707 : 49;
29708 : 49;
29709 : 49;
29710 : 49;
29711 : 49;
29712 : 49;
29713 : 69;
29714 : 49;
29715 : 49;
29716 : 49;
29717 : 49;
29718 : 49;
29719 : 49;
29720 : 49;
29721 : 69;
29722 : 6D;
29723 : 6D;
29724 : 6D;
29725 : 6D;
29726 : 6D;
29727 : 6D;
29728 : 6D;
29729 : 6D;
29730 : 6D;
29731 : 6D;
29732 : 6D;
29733 : 69;
29734 : 49;
29735 : 49;
29736 : 49;
29737 : 49;
29738 : 69;
29739 : 49;
29740 : 49;
29741 : 49;
29742 : 49;
29743 : 49;
29744 : 49;
29745 : 49;
29746 : 49;
29747 : 49;
29748 : 49;
29749 : 00;
29750 : 92;
29751 : 49;
29752 : 49;
29753 : 49;
29754 : 49;
29755 : 49;
29756 : 49;
29757 : 00;
29758 : 24;
29759 : 24;
29760 : 40;
29761 : 40;
29762 : 40;
29763 : 40;
29764 : 40;
29765 : 40;
29766 : 40;
29767 : 40;
29768 : 40;
29769 : 40;
29770 : 20;
29771 : 64;
29772 : 40;
29773 : 40;
29774 : 40;
29775 : 40;
29776 : 40;
29777 : 40;
29778 : 64;
29779 : 20;
29780 : 40;
29781 : 40;
29782 : 40;
29783 : 40;
29784 : 40;
29785 : 40;
29786 : 40;
29787 : 40;
29788 : 40;
29789 : 40;
29790 : 40;
29791 : 64;
29792 : 40;
29793 : 40;
29794 : 40;
29795 : 40;
29796 : 40;
29797 : 64;
29798 : 20;
29799 : 60;
29800 : 40;
29801 : 40;
29802 : 40;
29803 : 40;
29804 : 40;
29805 : 40;
29806 : 20;
29807 : 64;
29808 : 60;
29809 : 40;
29810 : 40;
29811 : 40;
29812 : 40;
29813 : 40;
29814 : 40;
29815 : 40;
29816 : 60;
29817 : 60;
29818 : 64;
29819 : 64;
29820 : 64;
29821 : 64;
29822 : 64;
29823 : 64;
29824 : 64;
29825 : 64;
29826 : 20;
29827 : 85;
29828 : 60;
29829 : 20;
29830 : 64;
29831 : 64;
29832 : 64;
29833 : 64;
29834 : 64;
29835 : 64;
29836 : 64;
29837 : 64;
29838 : 64;
29839 : 64;
29840 : 64;
29841 : 64;
29842 : 64;
29843 : 64;
29844 : 64;
29845 : 64;
29846 : 64;
29847 : 64;
29848 : 64;
29849 : 64;
29850 : 64;
29851 : 64;
29852 : 84;
29853 : 60;
29854 : 84;
29855 : 84;
29856 : 84;
29857 : 85;
29858 : 85;
29859 : 85;
29860 : 85;
29861 : A5;
29862 : 84;
29863 : 84;
29864 : 64;
29865 : 60;
29866 : 40;
29867 : 40;
29868 : 60;
29869 : 40;
29870 : 40;
29871 : 20;
29872 : 20;
29873 : 40;
29874 : 44;
29875 : 64;
29876 : 64;
29877 : 64;
29878 : 64;
29879 : 64;
29880 : 64;
29881 : 64;
29882 : 64;
29883 : 64;
29884 : 64;
29885 : 44;
29886 : 64;
29887 : 40;
29888 : 44;
29889 : 64;
29890 : 64;
29891 : 64;
29892 : 64;
29893 : 64;
29894 : 64;
29895 : 64;
29896 : 64;
29897 : 64;
29898 : 64;
29899 : 64;
29900 : 64;
29901 : 64;
29902 : 64;
29903 : 84;
29904 : 84;
29905 : 64;
29906 : 85;
29907 : 85;
29908 : 85;
29909 : 85;
29910 : 40;
29911 : 64;
29912 : 64;
29913 : 85;
29914 : 89;
29915 : 40;
29916 : 84;
29917 : 40;
29918 : 85;
29919 : 64;
29920 : 40;
29921 : 84;
29922 : 64;
29923 : 20;
29924 : 84;
29925 : 64;
29926 : 64;
29927 : 64;
29928 : 64;
29929 : 64;
29930 : 64;
29931 : 40;
29932 : 85;
29933 : 85;
29934 : 85;
29935 : 84;
29936 : 84;
29937 : 85;
29938 : 65;
29939 : 84;
29940 : 85;
29941 : 85;
29942 : 85;
29943 : 84;
29944 : 64;
29945 : 64;
29946 : 85;
29947 : 40;
29948 : 64;
29949 : 64;
29950 : 20;
29951 : 89;
29952 : 40;
29953 : 85;
29954 : 20;
29955 : 85;
29956 : 84;
29957 : 85;
29958 : 85;
29959 : 84;
29960 : 85;
29961 : 85;
29962 : 85;
29963 : 84;
29964 : 64;
29965 : 64;
29966 : 64;
29967 : 64;
29968 : 64;
29969 : 64;
29970 : 64;
29971 : 64;
29972 : 44;
29973 : 64;
29974 : A9;
29975 : 64;
29976 : 40;
29977 : 64;
29978 : 64;
29979 : 64;
29980 : 64;
29981 : 64;
29982 : 64;
29983 : 64;
29984 : 64;
29985 : 64;
29986 : 64;
29987 : 64;
29988 : 64;
29989 : 64;
29990 : 64;
29991 : 64;
29992 : 64;
29993 : 64;
29994 : 64;
29995 : 40;
29996 : 40;
29997 : 60;
29998 : 60;
29999 : 44;
30000 : 24;
30001 : 24;
30002 : 6D;
30003 : 49;
30004 : 49;
30005 : 6D;
30006 : 6D;
30007 : 6D;
30008 : 49;
30009 : 00;
30010 : 92;
30011 : 6D;
30012 : 6D;
30013 : 6D;
30014 : 6D;
30015 : 6D;
30016 : 49;
30017 : 49;
30018 : 49;
30019 : 49;
30020 : 49;
30021 : 49;
30022 : 49;
30023 : 49;
30024 : 49;
30025 : 49;
30026 : 49;
30027 : 49;
30028 : 49;
30029 : 49;
30030 : 49;
30031 : 49;
30032 : 49;
30033 : 6D;
30034 : 6D;
30035 : 69;
30036 : 6D;
30037 : 49;
30038 : 69;
30039 : 49;
30040 : 6D;
30041 : 6D;
30042 : 6D;
30043 : 69;
30044 : 6D;
30045 : 6D;
30046 : 6D;
30047 : 6D;
30048 : 6D;
30049 : 6D;
30050 : 69;
30051 : 49;
30052 : 6D;
30053 : 6D;
30054 : 49;
30055 : 49;
30056 : 6D;
30057 : 69;
30058 : 6D;
30059 : 6D;
30060 : 69;
30061 : 69;
30062 : 49;
30063 : 49;
30064 : 49;
30065 : 49;
30066 : 49;
30067 : 49;
30068 : 49;
30069 : 00;
30070 : 92;
30071 : 49;
30072 : 49;
30073 : 49;
30074 : 49;
30075 : 49;
30076 : 49;
30077 : 00;
30078 : 24;
30079 : 24;
30080 : 40;
30081 : 40;
30082 : 40;
30083 : 40;
30084 : 40;
30085 : 40;
30086 : 40;
30087 : 40;
30088 : 40;
30089 : 20;
30090 : 64;
30091 : 20;
30092 : 40;
30093 : 40;
30094 : 40;
30095 : 40;
30096 : 40;
30097 : 20;
30098 : 64;
30099 : 20;
30100 : 40;
30101 : 40;
30102 : 40;
30103 : 40;
30104 : 40;
30105 : 40;
30106 : 40;
30107 : 40;
30108 : 40;
30109 : 40;
30110 : 40;
30111 : 60;
30112 : 40;
30113 : 40;
30114 : 40;
30115 : 40;
30116 : 40;
30117 : 20;
30118 : 64;
30119 : 40;
30120 : 40;
30121 : 40;
30122 : 40;
30123 : 40;
30124 : 40;
30125 : 40;
30126 : 60;
30127 : 20;
30128 : 60;
30129 : 40;
30130 : 40;
30131 : 40;
30132 : 40;
30133 : 40;
30134 : 40;
30135 : 40;
30136 : 40;
30137 : 40;
30138 : 64;
30139 : 64;
30140 : 64;
30141 : 64;
30142 : 64;
30143 : 64;
30144 : 64;
30145 : 64;
30146 : 20;
30147 : 85;
30148 : 84;
30149 : 64;
30150 : 40;
30151 : 64;
30152 : 64;
30153 : 64;
30154 : 64;
30155 : 64;
30156 : 64;
30157 : 64;
30158 : 64;
30159 : 64;
30160 : 64;
30161 : 64;
30162 : 64;
30163 : 64;
30164 : 64;
30165 : 64;
30166 : 64;
30167 : 64;
30168 : 64;
30169 : 64;
30170 : 64;
30171 : 64;
30172 : 64;
30173 : 60;
30174 : 84;
30175 : 84;
30176 : 84;
30177 : 85;
30178 : 85;
30179 : 85;
30180 : 85;
30181 : 84;
30182 : 84;
30183 : 64;
30184 : 64;
30185 : 64;
30186 : 40;
30187 : 40;
30188 : 60;
30189 : 40;
30190 : 40;
30191 : 20;
30192 : 40;
30193 : 40;
30194 : 40;
30195 : 64;
30196 : 64;
30197 : 64;
30198 : 64;
30199 : 64;
30200 : 64;
30201 : 64;
30202 : 64;
30203 : 64;
30204 : 64;
30205 : 64;
30206 : 64;
30207 : 40;
30208 : 44;
30209 : 64;
30210 : 64;
30211 : 64;
30212 : 64;
30213 : 64;
30214 : 64;
30215 : 64;
30216 : 64;
30217 : 64;
30218 : 64;
30219 : 64;
30220 : 64;
30221 : 64;
30222 : 64;
30223 : 64;
30224 : 64;
30225 : 64;
30226 : 85;
30227 : 85;
30228 : 85;
30229 : 85;
30230 : 44;
30231 : 64;
30232 : 40;
30233 : 85;
30234 : 64;
30235 : 64;
30236 : 64;
30237 : 85;
30238 : 85;
30239 : 65;
30240 : 64;
30241 : 85;
30242 : 20;
30243 : 85;
30244 : 64;
30245 : 64;
30246 : 64;
30247 : 64;
30248 : 84;
30249 : 40;
30250 : 85;
30251 : 40;
30252 : 85;
30253 : 85;
30254 : 85;
30255 : 85;
30256 : 89;
30257 : 85;
30258 : 85;
30259 : 85;
30260 : 85;
30261 : 85;
30262 : 84;
30263 : 84;
30264 : 64;
30265 : 64;
30266 : 85;
30267 : 40;
30268 : 64;
30269 : 84;
30270 : 40;
30271 : 20;
30272 : 64;
30273 : 40;
30274 : 89;
30275 : 84;
30276 : 85;
30277 : 85;
30278 : 85;
30279 : 85;
30280 : 85;
30281 : 85;
30282 : 85;
30283 : 85;
30284 : 64;
30285 : 64;
30286 : 64;
30287 : 64;
30288 : 64;
30289 : 64;
30290 : 64;
30291 : 64;
30292 : 44;
30293 : 20;
30294 : A9;
30295 : 64;
30296 : 40;
30297 : 64;
30298 : 64;
30299 : 64;
30300 : 64;
30301 : 64;
30302 : 64;
30303 : 64;
30304 : 64;
30305 : 64;
30306 : 64;
30307 : 64;
30308 : 64;
30309 : 64;
30310 : 64;
30311 : 64;
30312 : 64;
30313 : 64;
30314 : 64;
30315 : 40;
30316 : 40;
30317 : 60;
30318 : 60;
30319 : 44;
30320 : 24;
30321 : 24;
30322 : 6D;
30323 : 49;
30324 : 49;
30325 : 49;
30326 : 69;
30327 : 6D;
30328 : 49;
30329 : 00;
30330 : 92;
30331 : 69;
30332 : 69;
30333 : 6D;
30334 : 69;
30335 : 49;
30336 : 49;
30337 : 49;
30338 : 49;
30339 : 49;
30340 : 49;
30341 : 49;
30342 : 49;
30343 : 49;
30344 : 49;
30345 : 49;
30346 : 49;
30347 : 49;
30348 : 49;
30349 : 49;
30350 : 49;
30351 : 49;
30352 : 49;
30353 : 69;
30354 : 6D;
30355 : 6D;
30356 : 49;
30357 : 69;
30358 : 69;
30359 : 49;
30360 : 49;
30361 : 49;
30362 : 69;
30363 : 69;
30364 : 6D;
30365 : 6D;
30366 : 6D;
30367 : 6D;
30368 : 6D;
30369 : 6D;
30370 : 6D;
30371 : 6D;
30372 : 49;
30373 : 49;
30374 : 49;
30375 : 69;
30376 : 49;
30377 : 69;
30378 : 49;
30379 : 49;
30380 : 49;
30381 : 49;
30382 : 49;
30383 : 49;
30384 : 49;
30385 : 49;
30386 : 49;
30387 : 49;
30388 : 49;
30389 : 00;
30390 : 92;
30391 : 69;
30392 : 69;
30393 : 49;
30394 : 49;
30395 : 49;
30396 : 49;
30397 : 00;
30398 : 24;
30399 : 24;
30400 : 40;
30401 : 40;
30402 : 40;
30403 : 40;
30404 : 40;
30405 : 40;
30406 : 40;
30407 : 40;
30408 : 40;
30409 : 40;
30410 : 40;
30411 : 40;
30412 : 40;
30413 : 40;
30414 : 40;
30415 : 40;
30416 : 40;
30417 : 64;
30418 : 20;
30419 : 60;
30420 : 40;
30421 : 40;
30422 : 40;
30423 : 40;
30424 : 40;
30425 : 40;
30426 : 40;
30427 : 40;
30428 : 40;
30429 : 40;
30430 : 40;
30431 : 40;
30432 : 40;
30433 : 40;
30434 : 40;
30435 : 40;
30436 : 40;
30437 : 40;
30438 : 40;
30439 : 40;
30440 : 40;
30441 : 40;
30442 : 40;
30443 : 40;
30444 : 40;
30445 : 40;
30446 : 40;
30447 : 40;
30448 : 60;
30449 : 40;
30450 : 40;
30451 : 40;
30452 : 40;
30453 : 40;
30454 : 40;
30455 : 40;
30456 : 60;
30457 : 60;
30458 : 64;
30459 : 64;
30460 : 64;
30461 : 64;
30462 : 64;
30463 : 64;
30464 : 64;
30465 : 64;
30466 : 20;
30467 : 85;
30468 : 64;
30469 : 64;
30470 : 64;
30471 : 40;
30472 : 60;
30473 : 64;
30474 : 64;
30475 : 64;
30476 : 64;
30477 : 64;
30478 : 64;
30479 : 64;
30480 : 64;
30481 : 64;
30482 : 64;
30483 : 64;
30484 : 64;
30485 : 64;
30486 : 64;
30487 : 64;
30488 : 64;
30489 : 64;
30490 : 64;
30491 : 64;
30492 : 64;
30493 : 60;
30494 : 64;
30495 : 84;
30496 : 85;
30497 : 85;
30498 : 85;
30499 : 85;
30500 : 85;
30501 : 84;
30502 : 84;
30503 : 64;
30504 : 64;
30505 : 60;
30506 : 60;
30507 : 40;
30508 : 40;
30509 : 40;
30510 : 40;
30511 : 20;
30512 : 40;
30513 : 40;
30514 : 64;
30515 : 64;
30516 : 64;
30517 : 64;
30518 : 64;
30519 : 64;
30520 : 64;
30521 : 64;
30522 : 64;
30523 : 64;
30524 : 44;
30525 : 64;
30526 : 64;
30527 : 40;
30528 : 64;
30529 : 64;
30530 : 64;
30531 : 64;
30532 : 64;
30533 : 64;
30534 : 64;
30535 : 64;
30536 : 64;
30537 : 64;
30538 : 64;
30539 : 64;
30540 : 64;
30541 : 64;
30542 : 64;
30543 : 64;
30544 : 64;
30545 : 85;
30546 : 85;
30547 : 85;
30548 : 85;
30549 : 85;
30550 : 89;
30551 : 40;
30552 : 64;
30553 : 64;
30554 : 40;
30555 : 85;
30556 : 64;
30557 : 40;
30558 : 40;
30559 : 64;
30560 : A9;
30561 : 84;
30562 : 20;
30563 : 64;
30564 : 64;
30565 : 64;
30566 : 64;
30567 : 64;
30568 : 64;
30569 : 40;
30570 : 85;
30571 : 40;
30572 : 85;
30573 : 85;
30574 : 85;
30575 : 85;
30576 : 85;
30577 : 85;
30578 : 85;
30579 : 85;
30580 : 85;
30581 : 85;
30582 : 85;
30583 : 84;
30584 : 85;
30585 : 64;
30586 : 64;
30587 : 65;
30588 : 40;
30589 : 64;
30590 : 64;
30591 : 40;
30592 : 84;
30593 : 40;
30594 : 85;
30595 : 84;
30596 : 84;
30597 : 85;
30598 : 84;
30599 : 85;
30600 : 85;
30601 : 85;
30602 : 85;
30603 : 85;
30604 : 64;
30605 : 64;
30606 : 64;
30607 : 64;
30608 : 64;
30609 : 64;
30610 : 64;
30611 : 64;
30612 : 64;
30613 : 20;
30614 : 85;
30615 : 85;
30616 : 40;
30617 : 64;
30618 : 64;
30619 : 64;
30620 : 64;
30621 : 64;
30622 : 64;
30623 : 64;
30624 : 64;
30625 : 64;
30626 : 64;
30627 : 64;
30628 : 64;
30629 : 64;
30630 : 64;
30631 : 64;
30632 : 64;
30633 : 64;
30634 : 64;
30635 : 40;
30636 : 40;
30637 : 60;
30638 : 60;
30639 : 44;
30640 : 24;
30641 : 24;
30642 : 6D;
30643 : 49;
30644 : 49;
30645 : 49;
30646 : 69;
30647 : 6D;
30648 : 49;
30649 : 00;
30650 : 91;
30651 : 69;
30652 : 69;
30653 : 49;
30654 : 49;
30655 : 49;
30656 : 49;
30657 : 49;
30658 : 49;
30659 : 49;
30660 : 49;
30661 : 49;
30662 : 49;
30663 : 49;
30664 : 49;
30665 : 49;
30666 : 49;
30667 : 49;
30668 : 49;
30669 : 49;
30670 : 49;
30671 : 49;
30672 : 49;
30673 : 69;
30674 : 6D;
30675 : 69;
30676 : 6D;
30677 : 6D;
30678 : 69;
30679 : 49;
30680 : 49;
30681 : 49;
30682 : 49;
30683 : 49;
30684 : 6D;
30685 : 6D;
30686 : 6D;
30687 : 6D;
30688 : 6D;
30689 : 6D;
30690 : 6D;
30691 : 49;
30692 : 49;
30693 : 49;
30694 : 49;
30695 : 69;
30696 : 49;
30697 : 49;
30698 : 49;
30699 : 49;
30700 : 49;
30701 : 49;
30702 : 49;
30703 : 49;
30704 : 49;
30705 : 49;
30706 : 49;
30707 : 49;
30708 : 49;
30709 : 00;
30710 : 92;
30711 : 49;
30712 : 49;
30713 : 49;
30714 : 49;
30715 : 49;
30716 : 4D;
30717 : 00;
30718 : 24;
30719 : 24;
30720 : 40;
30721 : 40;
30722 : 40;
30723 : 40;
30724 : 40;
30725 : 40;
30726 : 40;
30727 : 40;
30728 : 40;
30729 : 40;
30730 : 20;
30731 : 40;
30732 : 40;
30733 : 40;
30734 : 40;
30735 : 40;
30736 : 40;
30737 : 64;
30738 : 20;
30739 : 40;
30740 : 40;
30741 : 40;
30742 : 40;
30743 : 40;
30744 : 40;
30745 : 40;
30746 : 40;
30747 : 40;
30748 : 40;
30749 : 40;
30750 : 40;
30751 : 40;
30752 : 40;
30753 : 40;
30754 : 40;
30755 : 40;
30756 : 40;
30757 : 40;
30758 : 40;
30759 : 40;
30760 : 40;
30761 : 40;
30762 : 40;
30763 : 40;
30764 : 40;
30765 : 40;
30766 : 20;
30767 : 64;
30768 : 40;
30769 : 40;
30770 : 40;
30771 : 40;
30772 : 40;
30773 : 40;
30774 : 40;
30775 : 60;
30776 : 60;
30777 : 64;
30778 : 64;
30779 : 64;
30780 : 64;
30781 : 64;
30782 : 64;
30783 : 64;
30784 : 64;
30785 : 64;
30786 : 20;
30787 : 85;
30788 : 40;
30789 : 40;
30790 : 60;
30791 : 60;
30792 : 84;
30793 : 84;
30794 : 40;
30795 : 40;
30796 : 40;
30797 : 64;
30798 : 64;
30799 : 64;
30800 : 64;
30801 : 64;
30802 : 64;
30803 : 64;
30804 : 84;
30805 : 64;
30806 : 64;
30807 : 64;
30808 : 64;
30809 : 64;
30810 : 64;
30811 : 64;
30812 : 64;
30813 : 64;
30814 : 60;
30815 : 84;
30816 : 85;
30817 : 85;
30818 : 85;
30819 : 85;
30820 : 85;
30821 : 64;
30822 : 84;
30823 : 64;
30824 : 64;
30825 : 60;
30826 : 60;
30827 : 60;
30828 : 40;
30829 : 40;
30830 : 20;
30831 : 20;
30832 : 40;
30833 : 40;
30834 : 64;
30835 : 64;
30836 : 64;
30837 : 64;
30838 : 64;
30839 : 64;
30840 : 64;
30841 : 64;
30842 : 64;
30843 : 64;
30844 : 64;
30845 : 64;
30846 : 64;
30847 : 40;
30848 : 64;
30849 : 64;
30850 : 64;
30851 : 64;
30852 : 64;
30853 : 64;
30854 : 64;
30855 : 84;
30856 : 64;
30857 : 64;
30858 : 64;
30859 : 64;
30860 : 64;
30861 : 64;
30862 : 64;
30863 : 64;
30864 : 64;
30865 : 85;
30866 : 85;
30867 : 85;
30868 : 85;
30869 : 85;
30870 : 85;
30871 : 85;
30872 : 64;
30873 : 44;
30874 : 84;
30875 : 84;
30876 : 84;
30877 : 84;
30878 : 85;
30879 : 84;
30880 : 84;
30881 : 64;
30882 : 64;
30883 : 40;
30884 : 64;
30885 : 64;
30886 : 84;
30887 : 64;
30888 : 64;
30889 : 40;
30890 : 85;
30891 : 40;
30892 : 85;
30893 : 85;
30894 : 85;
30895 : 85;
30896 : 85;
30897 : 85;
30898 : 85;
30899 : 85;
30900 : 85;
30901 : 85;
30902 : 85;
30903 : 64;
30904 : 85;
30905 : 85;
30906 : 64;
30907 : 64;
30908 : 64;
30909 : 44;
30910 : 64;
30911 : 64;
30912 : 84;
30913 : 40;
30914 : 85;
30915 : 85;
30916 : 84;
30917 : 85;
30918 : 85;
30919 : 85;
30920 : 85;
30921 : 85;
30922 : 85;
30923 : 85;
30924 : 64;
30925 : 64;
30926 : 64;
30927 : 64;
30928 : 64;
30929 : 64;
30930 : 64;
30931 : 64;
30932 : 64;
30933 : 40;
30934 : 64;
30935 : 89;
30936 : 40;
30937 : 64;
30938 : 64;
30939 : 64;
30940 : 64;
30941 : 64;
30942 : 64;
30943 : 64;
30944 : 64;
30945 : 64;
30946 : 64;
30947 : 64;
30948 : 64;
30949 : 64;
30950 : 64;
30951 : 64;
30952 : 64;
30953 : 64;
30954 : 40;
30955 : 40;
30956 : 40;
30957 : 40;
30958 : 60;
30959 : 44;
30960 : 24;
30961 : 24;
30962 : 6D;
30963 : 49;
30964 : 69;
30965 : 6D;
30966 : 6D;
30967 : 6D;
30968 : 49;
30969 : 00;
30970 : 92;
30971 : 6D;
30972 : 6D;
30973 : 6D;
30974 : 49;
30975 : 49;
30976 : 49;
30977 : 49;
30978 : 49;
30979 : 49;
30980 : 49;
30981 : 49;
30982 : 49;
30983 : 49;
30984 : 49;
30985 : 49;
30986 : 49;
30987 : 49;
30988 : 49;
30989 : 49;
30990 : 49;
30991 : 49;
30992 : 49;
30993 : 6D;
30994 : 6D;
30995 : 6D;
30996 : 6D;
30997 : 69;
30998 : 49;
30999 : 49;
31000 : 49;
31001 : 49;
31002 : 49;
31003 : 69;
31004 : 6D;
31005 : 6D;
31006 : 6D;
31007 : 6D;
31008 : 6D;
31009 : 6D;
31010 : 49;
31011 : 49;
31012 : 49;
31013 : 69;
31014 : 49;
31015 : 69;
31016 : 49;
31017 : 69;
31018 : 69;
31019 : 69;
31020 : 49;
31021 : 49;
31022 : 49;
31023 : 49;
31024 : 49;
31025 : 49;
31026 : 49;
31027 : 49;
31028 : 49;
31029 : 00;
31030 : 92;
31031 : 49;
31032 : 49;
31033 : 49;
31034 : 49;
31035 : 49;
31036 : 49;
31037 : 00;
31038 : 24;
31039 : 24;
31040 : 40;
31041 : 40;
31042 : 40;
31043 : 40;
31044 : 40;
31045 : 40;
31046 : 40;
31047 : 40;
31048 : 40;
31049 : 40;
31050 : 40;
31051 : 40;
31052 : 40;
31053 : 40;
31054 : 40;
31055 : 40;
31056 : 40;
31057 : 40;
31058 : 40;
31059 : 40;
31060 : 40;
31061 : 40;
31062 : 40;
31063 : 40;
31064 : 40;
31065 : 40;
31066 : 40;
31067 : 40;
31068 : 40;
31069 : 40;
31070 : 40;
31071 : 20;
31072 : 60;
31073 : 40;
31074 : 40;
31075 : 40;
31076 : 40;
31077 : 40;
31078 : 40;
31079 : 20;
31080 : 40;
31081 : 40;
31082 : 40;
31083 : 40;
31084 : 40;
31085 : 64;
31086 : 20;
31087 : 64;
31088 : 40;
31089 : 40;
31090 : 60;
31091 : 40;
31092 : 40;
31093 : 40;
31094 : 40;
31095 : 60;
31096 : 64;
31097 : 64;
31098 : 64;
31099 : 64;
31100 : 64;
31101 : 64;
31102 : 64;
31103 : 64;
31104 : 64;
31105 : 64;
31106 : 20;
31107 : A5;
31108 : 60;
31109 : 64;
31110 : 64;
31111 : 64;
31112 : 40;
31113 : 64;
31114 : 85;
31115 : 85;
31116 : 85;
31117 : 40;
31118 : 40;
31119 : 84;
31120 : 64;
31121 : 64;
31122 : 64;
31123 : 84;
31124 : 64;
31125 : 64;
31126 : 64;
31127 : 64;
31128 : 64;
31129 : 64;
31130 : 64;
31131 : 64;
31132 : 64;
31133 : 64;
31134 : 64;
31135 : 84;
31136 : 85;
31137 : 85;
31138 : 85;
31139 : 85;
31140 : 64;
31141 : 84;
31142 : 64;
31143 : 64;
31144 : 64;
31145 : 60;
31146 : 60;
31147 : 64;
31148 : 40;
31149 : 20;
31150 : 20;
31151 : 20;
31152 : 40;
31153 : 44;
31154 : 44;
31155 : 64;
31156 : 64;
31157 : 64;
31158 : 64;
31159 : 64;
31160 : 64;
31161 : 64;
31162 : 64;
31163 : 64;
31164 : 64;
31165 : 64;
31166 : 40;
31167 : 40;
31168 : 64;
31169 : 64;
31170 : 64;
31171 : 64;
31172 : 64;
31173 : 64;
31174 : 84;
31175 : 85;
31176 : 64;
31177 : 64;
31178 : 64;
31179 : 64;
31180 : 64;
31181 : 64;
31182 : 64;
31183 : 64;
31184 : 64;
31185 : 85;
31186 : 85;
31187 : 85;
31188 : 85;
31189 : 85;
31190 : 85;
31191 : 85;
31192 : 64;
31193 : 64;
31194 : 84;
31195 : 84;
31196 : 84;
31197 : 64;
31198 : 40;
31199 : 40;
31200 : 40;
31201 : 40;
31202 : 64;
31203 : 85;
31204 : 40;
31205 : 64;
31206 : 85;
31207 : 64;
31208 : 64;
31209 : 40;
31210 : 85;
31211 : 40;
31212 : 85;
31213 : 85;
31214 : 85;
31215 : 85;
31216 : 85;
31217 : 85;
31218 : 85;
31219 : 85;
31220 : 85;
31221 : 85;
31222 : 85;
31223 : 85;
31224 : 85;
31225 : 85;
31226 : 85;
31227 : 64;
31228 : 64;
31229 : 40;
31230 : 84;
31231 : 84;
31232 : 84;
31233 : 40;
31234 : 85;
31235 : 84;
31236 : 84;
31237 : 85;
31238 : 85;
31239 : 84;
31240 : 85;
31241 : 85;
31242 : 85;
31243 : 85;
31244 : 64;
31245 : 64;
31246 : 64;
31247 : 64;
31248 : 64;
31249 : 64;
31250 : 64;
31251 : 64;
31252 : 64;
31253 : 40;
31254 : 40;
31255 : A9;
31256 : 64;
31257 : 64;
31258 : 64;
31259 : 64;
31260 : 64;
31261 : 64;
31262 : 64;
31263 : 64;
31264 : 64;
31265 : 64;
31266 : 64;
31267 : 64;
31268 : 64;
31269 : 64;
31270 : 64;
31271 : 64;
31272 : 64;
31273 : 64;
31274 : 40;
31275 : 40;
31276 : 40;
31277 : 40;
31278 : 60;
31279 : 44;
31280 : 24;
31281 : 24;
31282 : 6D;
31283 : 49;
31284 : 49;
31285 : 69;
31286 : 6D;
31287 : 6D;
31288 : 49;
31289 : 00;
31290 : 92;
31291 : 69;
31292 : 69;
31293 : 69;
31294 : 49;
31295 : 49;
31296 : 49;
31297 : 49;
31298 : 49;
31299 : 49;
31300 : 49;
31301 : 49;
31302 : 49;
31303 : 49;
31304 : 49;
31305 : 49;
31306 : 49;
31307 : 49;
31308 : 49;
31309 : 49;
31310 : 49;
31311 : 49;
31312 : 49;
31313 : 69;
31314 : 69;
31315 : 6D;
31316 : 6D;
31317 : 69;
31318 : 49;
31319 : 49;
31320 : 49;
31321 : 49;
31322 : 49;
31323 : 69;
31324 : 6D;
31325 : 6D;
31326 : 6D;
31327 : 6D;
31328 : 6D;
31329 : 49;
31330 : 69;
31331 : 69;
31332 : 49;
31333 : 49;
31334 : 69;
31335 : 49;
31336 : 69;
31337 : 69;
31338 : 69;
31339 : 69;
31340 : 49;
31341 : 49;
31342 : 49;
31343 : 49;
31344 : 49;
31345 : 49;
31346 : 49;
31347 : 49;
31348 : 49;
31349 : 00;
31350 : 92;
31351 : 49;
31352 : 69;
31353 : 49;
31354 : 49;
31355 : 49;
31356 : 49;
31357 : 00;
31358 : 24;
31359 : 24;
31360 : 40;
31361 : 40;
31362 : 40;
31363 : 40;
31364 : 40;
31365 : 40;
31366 : 40;
31367 : 40;
31368 : 40;
31369 : 40;
31370 : 40;
31371 : 40;
31372 : 40;
31373 : 40;
31374 : 40;
31375 : 40;
31376 : 40;
31377 : 40;
31378 : 64;
31379 : 40;
31380 : 40;
31381 : 40;
31382 : 40;
31383 : 40;
31384 : 40;
31385 : 40;
31386 : 40;
31387 : 40;
31388 : 40;
31389 : 40;
31390 : 40;
31391 : 64;
31392 : 40;
31393 : 40;
31394 : 64;
31395 : 40;
31396 : 40;
31397 : 40;
31398 : 40;
31399 : 40;
31400 : 40;
31401 : 40;
31402 : 40;
31403 : 40;
31404 : 40;
31405 : 40;
31406 : 64;
31407 : 20;
31408 : 40;
31409 : 40;
31410 : 60;
31411 : 40;
31412 : 40;
31413 : 40;
31414 : 60;
31415 : 60;
31416 : 64;
31417 : 64;
31418 : 64;
31419 : 64;
31420 : 64;
31421 : 64;
31422 : 64;
31423 : 64;
31424 : 64;
31425 : 64;
31426 : 20;
31427 : 84;
31428 : 40;
31429 : 64;
31430 : 64;
31431 : 64;
31432 : 64;
31433 : 40;
31434 : 40;
31435 : 40;
31436 : 40;
31437 : 84;
31438 : 85;
31439 : 40;
31440 : 64;
31441 : 64;
31442 : 64;
31443 : 64;
31444 : 64;
31445 : 64;
31446 : 64;
31447 : 64;
31448 : 64;
31449 : 64;
31450 : 64;
31451 : 64;
31452 : 64;
31453 : 64;
31454 : 64;
31455 : 84;
31456 : 85;
31457 : 85;
31458 : 85;
31459 : 64;
31460 : 64;
31461 : 84;
31462 : 64;
31463 : 64;
31464 : 40;
31465 : 60;
31466 : 64;
31467 : 40;
31468 : 40;
31469 : 20;
31470 : 20;
31471 : 20;
31472 : 64;
31473 : 40;
31474 : 64;
31475 : 64;
31476 : 64;
31477 : 64;
31478 : 64;
31479 : 64;
31480 : 64;
31481 : 64;
31482 : 64;
31483 : 44;
31484 : 64;
31485 : 64;
31486 : 40;
31487 : 64;
31488 : 64;
31489 : 64;
31490 : 64;
31491 : 64;
31492 : 64;
31493 : 64;
31494 : 65;
31495 : 84;
31496 : 64;
31497 : 64;
31498 : 64;
31499 : 64;
31500 : 64;
31501 : 64;
31502 : 64;
31503 : 84;
31504 : 84;
31505 : 85;
31506 : 85;
31507 : 85;
31508 : 85;
31509 : 85;
31510 : 85;
31511 : 85;
31512 : 64;
31513 : 84;
31514 : 84;
31515 : 64;
31516 : 40;
31517 : 40;
31518 : 40;
31519 : 85;
31520 : 85;
31521 : 40;
31522 : 40;
31523 : 60;
31524 : 64;
31525 : 40;
31526 : 44;
31527 : 85;
31528 : 64;
31529 : 40;
31530 : 85;
31531 : 40;
31532 : 85;
31533 : 85;
31534 : 85;
31535 : 85;
31536 : 85;
31537 : 85;
31538 : 85;
31539 : 85;
31540 : 85;
31541 : 85;
31542 : 85;
31543 : 85;
31544 : 65;
31545 : 85;
31546 : 85;
31547 : 64;
31548 : 85;
31549 : 40;
31550 : 85;
31551 : 84;
31552 : 64;
31553 : 40;
31554 : 85;
31555 : 84;
31556 : 85;
31557 : 85;
31558 : 85;
31559 : 84;
31560 : 85;
31561 : 85;
31562 : 85;
31563 : 85;
31564 : 64;
31565 : 64;
31566 : 64;
31567 : 64;
31568 : 64;
31569 : 64;
31570 : 64;
31571 : 64;
31572 : 64;
31573 : 64;
31574 : 20;
31575 : 84;
31576 : 64;
31577 : 20;
31578 : 65;
31579 : 64;
31580 : 64;
31581 : 64;
31582 : 64;
31583 : 64;
31584 : 64;
31585 : 64;
31586 : 64;
31587 : 64;
31588 : 64;
31589 : 64;
31590 : 64;
31591 : 64;
31592 : 64;
31593 : 64;
31594 : 40;
31595 : 40;
31596 : 40;
31597 : 40;
31598 : 60;
31599 : 44;
31600 : 24;
31601 : 24;
31602 : 6D;
31603 : 49;
31604 : 49;
31605 : 69;
31606 : 6D;
31607 : 6D;
31608 : 49;
31609 : 00;
31610 : 92;
31611 : 6D;
31612 : 6D;
31613 : 6D;
31614 : 6D;
31615 : 49;
31616 : 49;
31617 : 49;
31618 : 49;
31619 : 49;
31620 : 49;
31621 : 49;
31622 : 49;
31623 : 49;
31624 : 49;
31625 : 49;
31626 : 49;
31627 : 49;
31628 : 49;
31629 : 49;
31630 : 49;
31631 : 49;
31632 : 69;
31633 : 6D;
31634 : 6D;
31635 : 6D;
31636 : 6D;
31637 : 69;
31638 : 69;
31639 : 49;
31640 : 49;
31641 : 49;
31642 : 49;
31643 : 49;
31644 : 49;
31645 : 69;
31646 : 6D;
31647 : 69;
31648 : 49;
31649 : 49;
31650 : 49;
31651 : 49;
31652 : 49;
31653 : 69;
31654 : 69;
31655 : 69;
31656 : 69;
31657 : 6D;
31658 : 69;
31659 : 49;
31660 : 49;
31661 : 49;
31662 : 49;
31663 : 49;
31664 : 49;
31665 : 49;
31666 : 49;
31667 : 49;
31668 : 48;
31669 : 00;
31670 : 92;
31671 : 49;
31672 : 49;
31673 : 49;
31674 : 49;
31675 : 49;
31676 : 49;
31677 : 00;
31678 : 24;
31679 : 24;
31680 : 40;
31681 : 40;
31682 : 40;
31683 : 40;
31684 : 40;
31685 : 40;
31686 : 40;
31687 : 40;
31688 : 40;
31689 : 40;
31690 : 40;
31691 : 40;
31692 : 40;
31693 : 40;
31694 : 40;
31695 : 40;
31696 : 40;
31697 : 40;
31698 : 40;
31699 : 40;
31700 : 40;
31701 : 40;
31702 : 40;
31703 : 40;
31704 : 40;
31705 : 40;
31706 : 40;
31707 : 40;
31708 : 40;
31709 : 40;
31710 : 40;
31711 : 40;
31712 : 40;
31713 : 64;
31714 : 20;
31715 : 60;
31716 : 40;
31717 : 40;
31718 : 40;
31719 : 40;
31720 : 40;
31721 : 40;
31722 : 40;
31723 : 40;
31724 : 40;
31725 : 64;
31726 : 20;
31727 : 40;
31728 : 40;
31729 : 40;
31730 : 44;
31731 : 40;
31732 : 40;
31733 : 40;
31734 : 60;
31735 : 60;
31736 : 64;
31737 : 64;
31738 : 64;
31739 : 64;
31740 : 64;
31741 : 64;
31742 : 64;
31743 : 64;
31744 : 64;
31745 : 64;
31746 : 84;
31747 : 60;
31748 : 64;
31749 : 40;
31750 : 64;
31751 : 64;
31752 : 64;
31753 : 64;
31754 : 64;
31755 : 64;
31756 : 64;
31757 : 40;
31758 : 40;
31759 : 64;
31760 : 40;
31761 : 64;
31762 : 64;
31763 : 64;
31764 : 64;
31765 : 84;
31766 : 85;
31767 : 85;
31768 : 85;
31769 : 85;
31770 : 64;
31771 : 64;
31772 : 64;
31773 : 64;
31774 : 84;
31775 : 85;
31776 : 85;
31777 : 85;
31778 : 64;
31779 : 64;
31780 : 64;
31781 : 64;
31782 : 64;
31783 : 64;
31784 : 60;
31785 : 60;
31786 : 60;
31787 : 40;
31788 : 40;
31789 : 20;
31790 : 20;
31791 : 40;
31792 : 64;
31793 : 64;
31794 : 64;
31795 : 64;
31796 : 64;
31797 : 64;
31798 : 64;
31799 : 64;
31800 : 64;
31801 : 64;
31802 : 40;
31803 : 64;
31804 : 64;
31805 : 64;
31806 : 40;
31807 : 64;
31808 : 64;
31809 : 64;
31810 : 64;
31811 : 64;
31812 : 64;
31813 : 64;
31814 : 84;
31815 : 64;
31816 : 64;
31817 : 64;
31818 : 64;
31819 : 64;
31820 : 64;
31821 : 64;
31822 : 64;
31823 : 64;
31824 : 85;
31825 : 85;
31826 : 85;
31827 : 85;
31828 : 85;
31829 : 85;
31830 : 85;
31831 : 64;
31832 : 64;
31833 : 84;
31834 : 64;
31835 : 40;
31836 : 40;
31837 : 40;
31838 : 85;
31839 : 84;
31840 : 85;
31841 : 85;
31842 : 89;
31843 : 40;
31844 : 64;
31845 : 85;
31846 : 40;
31847 : 44;
31848 : 64;
31849 : 40;
31850 : 85;
31851 : 40;
31852 : 85;
31853 : 85;
31854 : 85;
31855 : 85;
31856 : 85;
31857 : 85;
31858 : 85;
31859 : 85;
31860 : 85;
31861 : 85;
31862 : 85;
31863 : 85;
31864 : 85;
31865 : 85;
31866 : 85;
31867 : 64;
31868 : 64;
31869 : 40;
31870 : 85;
31871 : 84;
31872 : 64;
31873 : 64;
31874 : 84;
31875 : 85;
31876 : 85;
31877 : 85;
31878 : 85;
31879 : 85;
31880 : 85;
31881 : 85;
31882 : 85;
31883 : 84;
31884 : 64;
31885 : 64;
31886 : 64;
31887 : 65;
31888 : 64;
31889 : 64;
31890 : 64;
31891 : 64;
31892 : 64;
31893 : 64;
31894 : 20;
31895 : 64;
31896 : 85;
31897 : 64;
31898 : 20;
31899 : 64;
31900 : 64;
31901 : 64;
31902 : 64;
31903 : 64;
31904 : 64;
31905 : 64;
31906 : 64;
31907 : 64;
31908 : 64;
31909 : 64;
31910 : 64;
31911 : 64;
31912 : 64;
31913 : 64;
31914 : 40;
31915 : 40;
31916 : 40;
31917 : 40;
31918 : 60;
31919 : 40;
31920 : 24;
31921 : 24;
31922 : 6D;
31923 : 49;
31924 : 49;
31925 : 49;
31926 : 6D;
31927 : 6D;
31928 : 49;
31929 : 00;
31930 : 91;
31931 : 69;
31932 : 69;
31933 : 69;
31934 : 69;
31935 : 49;
31936 : 49;
31937 : 49;
31938 : 49;
31939 : 49;
31940 : 49;
31941 : 49;
31942 : 49;
31943 : 49;
31944 : 49;
31945 : 49;
31946 : 49;
31947 : 49;
31948 : 49;
31949 : 49;
31950 : 49;
31951 : 49;
31952 : 49;
31953 : 6D;
31954 : 6D;
31955 : 6D;
31956 : 6D;
31957 : 6D;
31958 : 49;
31959 : 49;
31960 : 49;
31961 : 49;
31962 : 49;
31963 : 49;
31964 : 49;
31965 : 49;
31966 : 6D;
31967 : 6D;
31968 : 69;
31969 : 69;
31970 : 49;
31971 : 49;
31972 : 49;
31973 : 69;
31974 : 49;
31975 : 49;
31976 : 49;
31977 : 69;
31978 : 49;
31979 : 49;
31980 : 49;
31981 : 49;
31982 : 49;
31983 : 49;
31984 : 49;
31985 : 49;
31986 : 49;
31987 : 49;
31988 : 49;
31989 : 00;
31990 : 92;
31991 : 49;
31992 : 49;
31993 : 49;
31994 : 49;
31995 : 49;
31996 : 49;
31997 : 00;
31998 : 24;
31999 : 24;
32000 : 40;
32001 : 40;
32002 : 40;
32003 : 40;
32004 : 40;
32005 : 40;
32006 : 20;
32007 : 60;
32008 : 40;
32009 : 40;
32010 : 40;
32011 : 40;
32012 : 40;
32013 : 40;
32014 : 40;
32015 : 40;
32016 : 40;
32017 : 40;
32018 : 40;
32019 : 40;
32020 : 40;
32021 : 40;
32022 : 40;
32023 : 40;
32024 : 40;
32025 : 40;
32026 : 40;
32027 : 40;
32028 : 40;
32029 : 40;
32030 : 64;
32031 : 40;
32032 : 40;
32033 : 40;
32034 : 40;
32035 : 40;
32036 : 40;
32037 : 40;
32038 : 40;
32039 : 40;
32040 : 40;
32041 : 40;
32042 : 40;
32043 : 40;
32044 : 40;
32045 : 40;
32046 : 40;
32047 : 40;
32048 : 40;
32049 : 40;
32050 : 60;
32051 : 40;
32052 : 40;
32053 : 60;
32054 : 64;
32055 : 60;
32056 : 64;
32057 : 64;
32058 : 64;
32059 : 64;
32060 : 64;
32061 : 64;
32062 : 64;
32063 : 64;
32064 : 64;
32065 : 64;
32066 : 64;
32067 : 60;
32068 : 64;
32069 : 40;
32070 : 40;
32071 : 64;
32072 : 64;
32073 : 64;
32074 : 64;
32075 : 64;
32076 : 64;
32077 : 64;
32078 : 64;
32079 : 64;
32080 : 64;
32081 : 60;
32082 : 60;
32083 : 60;
32084 : 84;
32085 : 85;
32086 : 85;
32087 : 85;
32088 : 85;
32089 : 84;
32090 : 64;
32091 : 64;
32092 : 64;
32093 : 84;
32094 : 85;
32095 : 85;
32096 : 85;
32097 : 84;
32098 : 64;
32099 : 64;
32100 : 64;
32101 : 64;
32102 : 64;
32103 : 64;
32104 : 60;
32105 : 64;
32106 : 40;
32107 : 40;
32108 : 20;
32109 : 20;
32110 : 20;
32111 : 40;
32112 : 64;
32113 : 64;
32114 : 64;
32115 : 64;
32116 : 64;
32117 : 64;
32118 : 64;
32119 : 64;
32120 : 64;
32121 : 64;
32122 : 64;
32123 : 64;
32124 : 64;
32125 : 64;
32126 : 40;
32127 : 64;
32128 : 64;
32129 : 64;
32130 : 64;
32131 : 84;
32132 : 64;
32133 : 84;
32134 : 84;
32135 : 64;
32136 : 64;
32137 : 64;
32138 : 64;
32139 : 64;
32140 : 64;
32141 : 64;
32142 : 64;
32143 : 64;
32144 : 85;
32145 : 85;
32146 : 85;
32147 : 85;
32148 : 85;
32149 : 89;
32150 : 64;
32151 : 64;
32152 : 84;
32153 : 64;
32154 : 64;
32155 : 64;
32156 : 64;
32157 : 64;
32158 : 40;
32159 : 64;
32160 : 85;
32161 : 84;
32162 : 84;
32163 : 64;
32164 : 40;
32165 : 40;
32166 : 85;
32167 : 64;
32168 : 64;
32169 : 40;
32170 : 85;
32171 : 64;
32172 : 64;
32173 : 85;
32174 : 85;
32175 : 85;
32176 : 85;
32177 : 85;
32178 : 85;
32179 : 85;
32180 : 85;
32181 : 85;
32182 : 85;
32183 : 85;
32184 : 85;
32185 : 85;
32186 : 85;
32187 : 85;
32188 : 64;
32189 : 40;
32190 : 85;
32191 : 84;
32192 : 64;
32193 : 64;
32194 : 84;
32195 : 85;
32196 : 85;
32197 : 85;
32198 : 85;
32199 : 85;
32200 : 84;
32201 : 85;
32202 : 84;
32203 : 85;
32204 : 84;
32205 : 64;
32206 : 64;
32207 : 64;
32208 : 64;
32209 : 64;
32210 : 64;
32211 : 64;
32212 : 64;
32213 : 64;
32214 : 64;
32215 : 40;
32216 : 64;
32217 : 85;
32218 : 64;
32219 : 20;
32220 : 44;
32221 : 64;
32222 : 64;
32223 : 64;
32224 : 64;
32225 : 64;
32226 : 64;
32227 : 64;
32228 : 64;
32229 : 64;
32230 : 64;
32231 : 64;
32232 : 64;
32233 : 44;
32234 : 40;
32235 : 40;
32236 : 40;
32237 : 40;
32238 : 40;
32239 : 20;
32240 : 24;
32241 : 24;
32242 : 69;
32243 : 49;
32244 : 49;
32245 : 69;
32246 : 6D;
32247 : 6D;
32248 : 49;
32249 : 00;
32250 : 92;
32251 : 6D;
32252 : 6D;
32253 : 69;
32254 : 49;
32255 : 49;
32256 : 49;
32257 : 49;
32258 : 49;
32259 : 49;
32260 : 49;
32261 : 49;
32262 : 49;
32263 : 49;
32264 : 49;
32265 : 49;
32266 : 49;
32267 : 49;
32268 : 49;
32269 : 49;
32270 : 49;
32271 : 49;
32272 : 49;
32273 : 49;
32274 : 6D;
32275 : 69;
32276 : 49;
32277 : 49;
32278 : 49;
32279 : 49;
32280 : 49;
32281 : 49;
32282 : 49;
32283 : 69;
32284 : 6D;
32285 : 6D;
32286 : 69;
32287 : 69;
32288 : 49;
32289 : 49;
32290 : 49;
32291 : 49;
32292 : 49;
32293 : 49;
32294 : 49;
32295 : 49;
32296 : 69;
32297 : 49;
32298 : 49;
32299 : 49;
32300 : 49;
32301 : 49;
32302 : 49;
32303 : 49;
32304 : 49;
32305 : 49;
32306 : 49;
32307 : 49;
32308 : 48;
32309 : 00;
32310 : 92;
32311 : 49;
32312 : 49;
32313 : 49;
32314 : 49;
32315 : 49;
32316 : 49;
32317 : 00;
32318 : 24;
32319 : 24;
32320 : 40;
32321 : 40;
32322 : 40;
32323 : 40;
32324 : 40;
32325 : 40;
32326 : 40;
32327 : 40;
32328 : 40;
32329 : 40;
32330 : 40;
32331 : 40;
32332 : 40;
32333 : 40;
32334 : 64;
32335 : 20;
32336 : 40;
32337 : 40;
32338 : 40;
32339 : 40;
32340 : 40;
32341 : 40;
32342 : 40;
32343 : 40;
32344 : 40;
32345 : 40;
32346 : 40;
32347 : 40;
32348 : 40;
32349 : 40;
32350 : 64;
32351 : 40;
32352 : 60;
32353 : 40;
32354 : 64;
32355 : 40;
32356 : 40;
32357 : 40;
32358 : 40;
32359 : 40;
32360 : 40;
32361 : 40;
32362 : 40;
32363 : 40;
32364 : 40;
32365 : 40;
32366 : 60;
32367 : 40;
32368 : 40;
32369 : 40;
32370 : 64;
32371 : 40;
32372 : 40;
32373 : 44;
32374 : 60;
32375 : 64;
32376 : 64;
32377 : 64;
32378 : 64;
32379 : 64;
32380 : 64;
32381 : 64;
32382 : 64;
32383 : 64;
32384 : 64;
32385 : 64;
32386 : 64;
32387 : 64;
32388 : 40;
32389 : 85;
32390 : 60;
32391 : 40;
32392 : 64;
32393 : 64;
32394 : 64;
32395 : 64;
32396 : 64;
32397 : 64;
32398 : 64;
32399 : 84;
32400 : 64;
32401 : 64;
32402 : 64;
32403 : 64;
32404 : 60;
32405 : 64;
32406 : A5;
32407 : 85;
32408 : 85;
32409 : 64;
32410 : 84;
32411 : 84;
32412 : 84;
32413 : 85;
32414 : 85;
32415 : 85;
32416 : 64;
32417 : 64;
32418 : 84;
32419 : 64;
32420 : 64;
32421 : 64;
32422 : 60;
32423 : 60;
32424 : 60;
32425 : 40;
32426 : 40;
32427 : 20;
32428 : 40;
32429 : 40;
32430 : 20;
32431 : 64;
32432 : 64;
32433 : 64;
32434 : 64;
32435 : 64;
32436 : 64;
32437 : 64;
32438 : 64;
32439 : 64;
32440 : 64;
32441 : 64;
32442 : 44;
32443 : 64;
32444 : 64;
32445 : 40;
32446 : 64;
32447 : 64;
32448 : 64;
32449 : 64;
32450 : 84;
32451 : 64;
32452 : 64;
32453 : 85;
32454 : 64;
32455 : 64;
32456 : 64;
32457 : 64;
32458 : 64;
32459 : 84;
32460 : 84;
32461 : 84;
32462 : 64;
32463 : 85;
32464 : 85;
32465 : 85;
32466 : 85;
32467 : 85;
32468 : 85;
32469 : 44;
32470 : 64;
32471 : 64;
32472 : 64;
32473 : 64;
32474 : 64;
32475 : 64;
32476 : 64;
32477 : 64;
32478 : 85;
32479 : 40;
32480 : 40;
32481 : 40;
32482 : 40;
32483 : 64;
32484 : 64;
32485 : 64;
32486 : 85;
32487 : 64;
32488 : 64;
32489 : 40;
32490 : 40;
32491 : 85;
32492 : 64;
32493 : 85;
32494 : 85;
32495 : 85;
32496 : 85;
32497 : 85;
32498 : 85;
32499 : 85;
32500 : 85;
32501 : 85;
32502 : 85;
32503 : 85;
32504 : 85;
32505 : 85;
32506 : 85;
32507 : 84;
32508 : 84;
32509 : 40;
32510 : 85;
32511 : 84;
32512 : 64;
32513 : 64;
32514 : 84;
32515 : 85;
32516 : 85;
32517 : 85;
32518 : 85;
32519 : 84;
32520 : 85;
32521 : 85;
32522 : 84;
32523 : 85;
32524 : 84;
32525 : 64;
32526 : 64;
32527 : 64;
32528 : 64;
32529 : 64;
32530 : 64;
32531 : 64;
32532 : 64;
32533 : 64;
32534 : 64;
32535 : 64;
32536 : 40;
32537 : 84;
32538 : 85;
32539 : 40;
32540 : 20;
32541 : 64;
32542 : 64;
32543 : 64;
32544 : 64;
32545 : 64;
32546 : 64;
32547 : 64;
32548 : 64;
32549 : 64;
32550 : 64;
32551 : 64;
32552 : 64;
32553 : 40;
32554 : 40;
32555 : 40;
32556 : 40;
32557 : 64;
32558 : 20;
32559 : 20;
32560 : 24;
32561 : 24;
32562 : 69;
32563 : 49;
32564 : 49;
32565 : 49;
32566 : 69;
32567 : 6D;
32568 : 49;
32569 : 00;
32570 : 92;
32571 : 6D;
32572 : 6D;
32573 : 69;
32574 : 49;
32575 : 49;
32576 : 49;
32577 : 49;
32578 : 49;
32579 : 49;
32580 : 49;
32581 : 49;
32582 : 49;
32583 : 49;
32584 : 49;
32585 : 49;
32586 : 49;
32587 : 49;
32588 : 49;
32589 : 49;
32590 : 49;
32591 : 49;
32592 : 49;
32593 : 69;
32594 : 6D;
32595 : 69;
32596 : 6D;
32597 : 49;
32598 : 49;
32599 : 49;
32600 : 49;
32601 : 49;
32602 : 49;
32603 : 49;
32604 : 49;
32605 : 49;
32606 : 49;
32607 : 69;
32608 : 49;
32609 : 49;
32610 : 49;
32611 : 49;
32612 : 49;
32613 : 49;
32614 : 49;
32615 : 49;
32616 : 69;
32617 : 69;
32618 : 69;
32619 : 49;
32620 : 49;
32621 : 49;
32622 : 49;
32623 : 49;
32624 : 49;
32625 : 49;
32626 : 49;
32627 : 49;
32628 : 49;
32629 : 00;
32630 : 92;
32631 : 49;
32632 : 49;
32633 : 49;
32634 : 49;
32635 : 49;
32636 : 49;
32637 : 00;
32638 : 24;
32639 : 24;
32640 : 40;
32641 : 40;
32642 : 40;
32643 : 40;
32644 : 40;
32645 : 40;
32646 : 40;
32647 : 64;
32648 : 40;
32649 : 40;
32650 : 40;
32651 : 40;
32652 : 40;
32653 : 60;
32654 : 20;
32655 : 64;
32656 : 40;
32657 : 40;
32658 : 40;
32659 : 40;
32660 : 40;
32661 : 40;
32662 : 40;
32663 : 40;
32664 : 40;
32665 : 40;
32666 : 40;
32667 : 40;
32668 : 40;
32669 : 40;
32670 : 20;
32671 : 40;
32672 : 40;
32673 : 40;
32674 : 64;
32675 : 40;
32676 : 40;
32677 : 40;
32678 : 40;
32679 : 40;
32680 : 40;
32681 : 40;
32682 : 40;
32683 : 40;
32684 : 40;
32685 : 40;
32686 : 40;
32687 : 40;
32688 : 40;
32689 : 40;
32690 : 64;
32691 : 40;
32692 : 40;
32693 : 60;
32694 : 60;
32695 : 64;
32696 : 64;
32697 : 64;
32698 : 64;
32699 : 64;
32700 : 64;
32701 : 64;
32702 : 64;
32703 : 84;
32704 : 64;
32705 : 64;
32706 : 64;
32707 : 64;
32708 : 40;
32709 : 40;
32710 : 85;
32711 : 40;
32712 : 40;
32713 : 64;
32714 : 64;
32715 : 64;
32716 : 64;
32717 : 64;
32718 : 84;
32719 : 64;
32720 : 64;
32721 : 64;
32722 : 85;
32723 : 85;
32724 : 64;
32725 : 40;
32726 : 40;
32727 : 40;
32728 : 64;
32729 : 64;
32730 : 64;
32731 : 85;
32732 : 85;
32733 : 85;
32734 : 85;
32735 : 64;
32736 : 64;
32737 : 84;
32738 : 64;
32739 : 64;
32740 : 64;
32741 : 60;
32742 : 60;
32743 : 60;
32744 : 40;
32745 : 40;
32746 : 20;
32747 : 20;
32748 : 20;
32749 : 20;
32750 : 40;
32751 : 64;
32752 : 64;
32753 : 64;
32754 : 64;
32755 : 64;
32756 : 64;
32757 : 64;
32758 : 85;
32759 : 64;
32760 : 64;
32761 : 64;
32762 : 44;
32763 : 64;
32764 : 64;
32765 : 40;
32766 : 64;
32767 : 64;
32768 : 64;
32769 : 84;
32770 : 84;
32771 : 84;
32772 : 64;
32773 : 64;
32774 : 64;
32775 : 64;
32776 : 64;
32777 : 64;
32778 : 64;
32779 : 85;
32780 : 64;
32781 : 64;
32782 : 85;
32783 : 85;
32784 : 85;
32785 : 85;
32786 : 85;
32787 : 85;
32788 : 64;
32789 : 64;
32790 : 64;
32791 : 64;
32792 : 64;
32793 : 84;
32794 : 64;
32795 : 64;
32796 : 84;
32797 : 40;
32798 : 40;
32799 : 85;
32800 : 84;
32801 : 64;
32802 : 64;
32803 : 64;
32804 : 64;
32805 : 64;
32806 : 64;
32807 : 84;
32808 : 84;
32809 : 85;
32810 : 40;
32811 : 64;
32812 : 64;
32813 : 64;
32814 : 85;
32815 : 85;
32816 : 85;
32817 : 85;
32818 : 85;
32819 : 85;
32820 : 85;
32821 : 85;
32822 : 85;
32823 : 85;
32824 : 85;
32825 : 85;
32826 : 84;
32827 : 85;
32828 : 64;
32829 : 40;
32830 : 40;
32831 : 84;
32832 : 64;
32833 : 64;
32834 : 85;
32835 : 84;
32836 : 85;
32837 : 85;
32838 : 85;
32839 : 85;
32840 : 84;
32841 : 85;
32842 : 85;
32843 : 84;
32844 : 85;
32845 : 85;
32846 : 64;
32847 : 64;
32848 : 64;
32849 : 64;
32850 : 64;
32851 : 64;
32852 : 64;
32853 : 64;
32854 : 64;
32855 : 64;
32856 : 40;
32857 : 64;
32858 : 85;
32859 : 85;
32860 : 40;
32861 : 20;
32862 : 64;
32863 : 64;
32864 : 64;
32865 : 64;
32866 : 64;
32867 : 64;
32868 : 64;
32869 : 64;
32870 : 44;
32871 : 64;
32872 : 40;
32873 : 40;
32874 : 40;
32875 : 40;
32876 : 40;
32877 : 20;
32878 : 40;
32879 : 64;
32880 : 24;
32881 : 24;
32882 : 69;
32883 : 49;
32884 : 49;
32885 : 69;
32886 : 6D;
32887 : 6D;
32888 : 49;
32889 : 00;
32890 : 92;
32891 : 6D;
32892 : 69;
32893 : 69;
32894 : 49;
32895 : 49;
32896 : 49;
32897 : 49;
32898 : 49;
32899 : 49;
32900 : 49;
32901 : 49;
32902 : 49;
32903 : 49;
32904 : 49;
32905 : 49;
32906 : 49;
32907 : 49;
32908 : 49;
32909 : 49;
32910 : 49;
32911 : 49;
32912 : 49;
32913 : 6D;
32914 : 6D;
32915 : 6D;
32916 : 6D;
32917 : 6D;
32918 : 49;
32919 : 49;
32920 : 49;
32921 : 49;
32922 : 49;
32923 : 49;
32924 : 49;
32925 : 6D;
32926 : 69;
32927 : 49;
32928 : 49;
32929 : 49;
32930 : 49;
32931 : 49;
32932 : 49;
32933 : 49;
32934 : 49;
32935 : 69;
32936 : 69;
32937 : 69;
32938 : 49;
32939 : 49;
32940 : 49;
32941 : 49;
32942 : 49;
32943 : 49;
32944 : 49;
32945 : 49;
32946 : 49;
32947 : 49;
32948 : 49;
32949 : 00;
32950 : 92;
32951 : 49;
32952 : 49;
32953 : 49;
32954 : 49;
32955 : 49;
32956 : 49;
32957 : 20;
32958 : 24;
32959 : 24;
32960 : 40;
32961 : 40;
32962 : 40;
32963 : 40;
32964 : 40;
32965 : 40;
32966 : 40;
32967 : 40;
32968 : 40;
32969 : 40;
32970 : 40;
32971 : 40;
32972 : 40;
32973 : 40;
32974 : 40;
32975 : 64;
32976 : 40;
32977 : 60;
32978 : 40;
32979 : 40;
32980 : 40;
32981 : 40;
32982 : 40;
32983 : 40;
32984 : 40;
32985 : 44;
32986 : 40;
32987 : 40;
32988 : 40;
32989 : 40;
32990 : 40;
32991 : 64;
32992 : 40;
32993 : 40;
32994 : 64;
32995 : 40;
32996 : 40;
32997 : 40;
32998 : 40;
32999 : 40;
33000 : 40;
33001 : 40;
33002 : 40;
33003 : 40;
33004 : 40;
33005 : 40;
33006 : 40;
33007 : 40;
33008 : 40;
33009 : 40;
33010 : 40;
33011 : 60;
33012 : 60;
33013 : 60;
33014 : 60;
33015 : 64;
33016 : 64;
33017 : 64;
33018 : 64;
33019 : 64;
33020 : 64;
33021 : 64;
33022 : 64;
33023 : 84;
33024 : 84;
33025 : 84;
33026 : 64;
33027 : 64;
33028 : 64;
33029 : 40;
33030 : 40;
33031 : 85;
33032 : 60;
33033 : 64;
33034 : 64;
33035 : 64;
33036 : 64;
33037 : 64;
33038 : 64;
33039 : 64;
33040 : 84;
33041 : 64;
33042 : 85;
33043 : 85;
33044 : 85;
33045 : 85;
33046 : 85;
33047 : 85;
33048 : 84;
33049 : 85;
33050 : 85;
33051 : 85;
33052 : 85;
33053 : 85;
33054 : 64;
33055 : 64;
33056 : 64;
33057 : 64;
33058 : 64;
33059 : 64;
33060 : 64;
33061 : 60;
33062 : 60;
33063 : 40;
33064 : 40;
33065 : 40;
33066 : 20;
33067 : 40;
33068 : 40;
33069 : 20;
33070 : 64;
33071 : 64;
33072 : 64;
33073 : 64;
33074 : 64;
33075 : 64;
33076 : 64;
33077 : 64;
33078 : 85;
33079 : 64;
33080 : 64;
33081 : 64;
33082 : 44;
33083 : 64;
33084 : 64;
33085 : 40;
33086 : 64;
33087 : 64;
33088 : 84;
33089 : 84;
33090 : 84;
33091 : 84;
33092 : 64;
33093 : 64;
33094 : 64;
33095 : 64;
33096 : 64;
33097 : 64;
33098 : 64;
33099 : 84;
33100 : 64;
33101 : 85;
33102 : 85;
33103 : 85;
33104 : 85;
33105 : 85;
33106 : 85;
33107 : 64;
33108 : 40;
33109 : 64;
33110 : 64;
33111 : 40;
33112 : 85;
33113 : 64;
33114 : 64;
33115 : 64;
33116 : 64;
33117 : 85;
33118 : 85;
33119 : 40;
33120 : 64;
33121 : 64;
33122 : 64;
33123 : 40;
33124 : 40;
33125 : 40;
33126 : 40;
33127 : 64;
33128 : 64;
33129 : 64;
33130 : 84;
33131 : 64;
33132 : 64;
33133 : 64;
33134 : 85;
33135 : 85;
33136 : 85;
33137 : 85;
33138 : 85;
33139 : 85;
33140 : 85;
33141 : 85;
33142 : 85;
33143 : 85;
33144 : 85;
33145 : 84;
33146 : 84;
33147 : 85;
33148 : 64;
33149 : 40;
33150 : 40;
33151 : 85;
33152 : 64;
33153 : 64;
33154 : 85;
33155 : 85;
33156 : 84;
33157 : 85;
33158 : 84;
33159 : 85;
33160 : 85;
33161 : 85;
33162 : 85;
33163 : 85;
33164 : 85;
33165 : 85;
33166 : 64;
33167 : 64;
33168 : 84;
33169 : 64;
33170 : 64;
33171 : 64;
33172 : 64;
33173 : 64;
33174 : 64;
33175 : 64;
33176 : 44;
33177 : 40;
33178 : 64;
33179 : 84;
33180 : 85;
33181 : 64;
33182 : 20;
33183 : 64;
33184 : 64;
33185 : 64;
33186 : 64;
33187 : 64;
33188 : 64;
33189 : 64;
33190 : 64;
33191 : 44;
33192 : 40;
33193 : 44;
33194 : 40;
33195 : 40;
33196 : 40;
33197 : 64;
33198 : 84;
33199 : A9;
33200 : 24;
33201 : 24;
33202 : 69;
33203 : 49;
33204 : 49;
33205 : 49;
33206 : 69;
33207 : 6D;
33208 : 49;
33209 : 00;
33210 : 92;
33211 : 69;
33212 : 69;
33213 : 49;
33214 : 49;
33215 : 49;
33216 : 49;
33217 : 49;
33218 : 49;
33219 : 49;
33220 : 49;
33221 : 49;
33222 : 49;
33223 : 49;
33224 : 49;
33225 : 49;
33226 : 49;
33227 : 49;
33228 : 49;
33229 : 49;
33230 : 49;
33231 : 49;
33232 : 49;
33233 : 6D;
33234 : 6D;
33235 : 69;
33236 : 49;
33237 : 49;
33238 : 49;
33239 : 49;
33240 : 49;
33241 : 49;
33242 : 49;
33243 : 49;
33244 : 49;
33245 : 49;
33246 : 49;
33247 : 49;
33248 : 49;
33249 : 49;
33250 : 49;
33251 : 49;
33252 : 49;
33253 : 49;
33254 : 49;
33255 : 49;
33256 : 49;
33257 : 49;
33258 : 49;
33259 : 49;
33260 : 49;
33261 : 49;
33262 : 49;
33263 : 49;
33264 : 49;
33265 : 49;
33266 : 49;
33267 : 49;
33268 : 49;
33269 : 00;
33270 : 92;
33271 : 49;
33272 : 49;
33273 : 49;
33274 : 49;
33275 : 49;
33276 : 49;
33277 : 00;
33278 : 24;
33279 : 24;
33280 : 40;
33281 : 40;
33282 : 40;
33283 : 40;
33284 : 40;
33285 : 40;
33286 : 40;
33287 : 40;
33288 : 40;
33289 : 40;
33290 : 40;
33291 : 40;
33292 : 40;
33293 : 40;
33294 : 64;
33295 : 40;
33296 : 64;
33297 : 60;
33298 : 60;
33299 : 60;
33300 : 60;
33301 : 40;
33302 : 40;
33303 : 40;
33304 : 40;
33305 : 40;
33306 : 40;
33307 : 40;
33308 : 40;
33309 : 40;
33310 : 40;
33311 : 64;
33312 : 40;
33313 : 40;
33314 : 64;
33315 : 40;
33316 : 40;
33317 : 40;
33318 : 40;
33319 : 40;
33320 : 40;
33321 : 40;
33322 : 40;
33323 : 40;
33324 : 40;
33325 : 40;
33326 : 40;
33327 : 40;
33328 : 40;
33329 : 40;
33330 : 40;
33331 : 60;
33332 : 60;
33333 : 60;
33334 : 64;
33335 : 64;
33336 : 64;
33337 : 64;
33338 : 64;
33339 : 64;
33340 : 64;
33341 : 64;
33342 : 84;
33343 : 84;
33344 : 84;
33345 : 64;
33346 : 64;
33347 : 64;
33348 : 64;
33349 : 64;
33350 : 40;
33351 : 40;
33352 : 84;
33353 : 60;
33354 : 64;
33355 : 64;
33356 : 64;
33357 : 64;
33358 : 64;
33359 : 64;
33360 : 84;
33361 : 85;
33362 : 85;
33363 : 85;
33364 : 85;
33365 : 85;
33366 : 85;
33367 : 85;
33368 : 85;
33369 : 85;
33370 : 85;
33371 : 85;
33372 : 84;
33373 : 64;
33374 : 84;
33375 : 84;
33376 : 64;
33377 : 64;
33378 : 64;
33379 : 60;
33380 : 60;
33381 : 60;
33382 : 40;
33383 : 40;
33384 : 40;
33385 : 20;
33386 : 40;
33387 : 40;
33388 : 40;
33389 : 40;
33390 : 40;
33391 : 44;
33392 : 64;
33393 : 64;
33394 : 64;
33395 : 64;
33396 : 64;
33397 : 85;
33398 : 64;
33399 : 64;
33400 : 44;
33401 : 44;
33402 : 64;
33403 : 64;
33404 : 64;
33405 : 40;
33406 : 64;
33407 : 64;
33408 : 84;
33409 : 84;
33410 : 84;
33411 : 64;
33412 : 64;
33413 : 64;
33414 : 64;
33415 : 64;
33416 : 64;
33417 : 64;
33418 : 64;
33419 : 84;
33420 : 84;
33421 : 85;
33422 : 85;
33423 : 85;
33424 : 85;
33425 : 85;
33426 : 64;
33427 : 64;
33428 : 64;
33429 : 64;
33430 : 64;
33431 : 85;
33432 : 64;
33433 : 64;
33434 : 64;
33435 : 64;
33436 : 64;
33437 : 64;
33438 : 64;
33439 : 85;
33440 : 64;
33441 : 64;
33442 : 64;
33443 : 85;
33444 : 64;
33445 : 64;
33446 : 85;
33447 : 64;
33448 : 64;
33449 : 40;
33450 : 64;
33451 : 64;
33452 : 64;
33453 : 40;
33454 : 64;
33455 : 89;
33456 : 85;
33457 : 85;
33458 : 85;
33459 : 85;
33460 : 85;
33461 : 85;
33462 : 85;
33463 : 85;
33464 : 85;
33465 : 84;
33466 : 85;
33467 : 84;
33468 : 64;
33469 : 64;
33470 : 20;
33471 : 84;
33472 : 64;
33473 : 40;
33474 : 64;
33475 : 85;
33476 : 85;
33477 : 85;
33478 : 85;
33479 : 85;
33480 : 85;
33481 : 84;
33482 : 85;
33483 : 84;
33484 : 85;
33485 : 85;
33486 : 84;
33487 : 64;
33488 : 64;
33489 : 64;
33490 : 64;
33491 : 64;
33492 : 64;
33493 : 64;
33494 : 64;
33495 : 64;
33496 : 64;
33497 : 40;
33498 : 40;
33499 : 64;
33500 : 84;
33501 : 85;
33502 : 64;
33503 : 40;
33504 : 40;
33505 : 64;
33506 : 64;
33507 : 64;
33508 : 64;
33509 : 44;
33510 : 40;
33511 : 40;
33512 : 40;
33513 : 64;
33514 : 20;
33515 : 64;
33516 : 64;
33517 : 84;
33518 : A9;
33519 : 89;
33520 : 24;
33521 : 24;
33522 : 69;
33523 : 49;
33524 : 49;
33525 : 49;
33526 : 6D;
33527 : 6D;
33528 : 49;
33529 : 00;
33530 : 92;
33531 : 6D;
33532 : 49;
33533 : 49;
33534 : 49;
33535 : 49;
33536 : 49;
33537 : 49;
33538 : 49;
33539 : 49;
33540 : 49;
33541 : 49;
33542 : 49;
33543 : 49;
33544 : 49;
33545 : 49;
33546 : 49;
33547 : 49;
33548 : 49;
33549 : 49;
33550 : 49;
33551 : 49;
33552 : 49;
33553 : 49;
33554 : 69;
33555 : 49;
33556 : 49;
33557 : 49;
33558 : 49;
33559 : 49;
33560 : 49;
33561 : 49;
33562 : 49;
33563 : 49;
33564 : 49;
33565 : 49;
33566 : 49;
33567 : 49;
33568 : 49;
33569 : 49;
33570 : 49;
33571 : 49;
33572 : 49;
33573 : 49;
33574 : 49;
33575 : 49;
33576 : 49;
33577 : 49;
33578 : 49;
33579 : 49;
33580 : 49;
33581 : 49;
33582 : 49;
33583 : 49;
33584 : 49;
33585 : 49;
33586 : 49;
33587 : 49;
33588 : 44;
33589 : 00;
33590 : 92;
33591 : 49;
33592 : 49;
33593 : 49;
33594 : 49;
33595 : 49;
33596 : 49;
33597 : 00;
33598 : 24;
33599 : 24;
33600 : 40;
33601 : 40;
33602 : 40;
33603 : 40;
33604 : 40;
33605 : 40;
33606 : 40;
33607 : 40;
33608 : 40;
33609 : 44;
33610 : 60;
33611 : 40;
33612 : 40;
33613 : 60;
33614 : 40;
33615 : 64;
33616 : 60;
33617 : 60;
33618 : 60;
33619 : 60;
33620 : 60;
33621 : 60;
33622 : 64;
33623 : 60;
33624 : 40;
33625 : 40;
33626 : 40;
33627 : 40;
33628 : 40;
33629 : 64;
33630 : 40;
33631 : 40;
33632 : 40;
33633 : 40;
33634 : 60;
33635 : 40;
33636 : 40;
33637 : 40;
33638 : 40;
33639 : 40;
33640 : 40;
33641 : 40;
33642 : 40;
33643 : 40;
33644 : 40;
33645 : 40;
33646 : 40;
33647 : 40;
33648 : 40;
33649 : 40;
33650 : 40;
33651 : 64;
33652 : 60;
33653 : 64;
33654 : 64;
33655 : 64;
33656 : 64;
33657 : 64;
33658 : 64;
33659 : 64;
33660 : 64;
33661 : 84;
33662 : 84;
33663 : 84;
33664 : 84;
33665 : 64;
33666 : 64;
33667 : 64;
33668 : 64;
33669 : 64;
33670 : 64;
33671 : 40;
33672 : 85;
33673 : 40;
33674 : 64;
33675 : 64;
33676 : 64;
33677 : 64;
33678 : 85;
33679 : 85;
33680 : 85;
33681 : 85;
33682 : 85;
33683 : 85;
33684 : 85;
33685 : 85;
33686 : 85;
33687 : 85;
33688 : 85;
33689 : 85;
33690 : 85;
33691 : 64;
33692 : 84;
33693 : 84;
33694 : 64;
33695 : 64;
33696 : 64;
33697 : 64;
33698 : 60;
33699 : 60;
33700 : 60;
33701 : 40;
33702 : 40;
33703 : 20;
33704 : 20;
33705 : 20;
33706 : 40;
33707 : 40;
33708 : 20;
33709 : 40;
33710 : 40;
33711 : 64;
33712 : 64;
33713 : 64;
33714 : 64;
33715 : 64;
33716 : 64;
33717 : 89;
33718 : 64;
33719 : 64;
33720 : 44;
33721 : 40;
33722 : 64;
33723 : 64;
33724 : 64;
33725 : 44;
33726 : 64;
33727 : 64;
33728 : 84;
33729 : 64;
33730 : 85;
33731 : 64;
33732 : 64;
33733 : 64;
33734 : 64;
33735 : 64;
33736 : 64;
33737 : 64;
33738 : 64;
33739 : 64;
33740 : 84;
33741 : 85;
33742 : 85;
33743 : 85;
33744 : 85;
33745 : 64;
33746 : 64;
33747 : 64;
33748 : 64;
33749 : 64;
33750 : 64;
33751 : 64;
33752 : 64;
33753 : 64;
33754 : 64;
33755 : 64;
33756 : 64;
33757 : 64;
33758 : 64;
33759 : 84;
33760 : 85;
33761 : 85;
33762 : 85;
33763 : 85;
33764 : 64;
33765 : 64;
33766 : 64;
33767 : 64;
33768 : 84;
33769 : 40;
33770 : 40;
33771 : 64;
33772 : 64;
33773 : 64;
33774 : 40;
33775 : 40;
33776 : 85;
33777 : 85;
33778 : 85;
33779 : 85;
33780 : 85;
33781 : 85;
33782 : 85;
33783 : 85;
33784 : 85;
33785 : 85;
33786 : 84;
33787 : 85;
33788 : 64;
33789 : 85;
33790 : 20;
33791 : 64;
33792 : 85;
33793 : 85;
33794 : 20;
33795 : 64;
33796 : 85;
33797 : 85;
33798 : 85;
33799 : 85;
33800 : 84;
33801 : 84;
33802 : 85;
33803 : 85;
33804 : 84;
33805 : 85;
33806 : 85;
33807 : 64;
33808 : 64;
33809 : 64;
33810 : 64;
33811 : 64;
33812 : 64;
33813 : 64;
33814 : 64;
33815 : 64;
33816 : 64;
33817 : 64;
33818 : 20;
33819 : 40;
33820 : 64;
33821 : 85;
33822 : A9;
33823 : 60;
33824 : 20;
33825 : 64;
33826 : 64;
33827 : 64;
33828 : 44;
33829 : 44;
33830 : 40;
33831 : 40;
33832 : 64;
33833 : 20;
33834 : 40;
33835 : 84;
33836 : 85;
33837 : A9;
33838 : A9;
33839 : 89;
33840 : 24;
33841 : 24;
33842 : 49;
33843 : 49;
33844 : 49;
33845 : 49;
33846 : 49;
33847 : 69;
33848 : 49;
33849 : 00;
33850 : 92;
33851 : 6D;
33852 : 69;
33853 : 49;
33854 : 49;
33855 : 49;
33856 : 49;
33857 : 49;
33858 : 49;
33859 : 49;
33860 : 49;
33861 : 49;
33862 : 49;
33863 : 49;
33864 : 49;
33865 : 49;
33866 : 49;
33867 : 49;
33868 : 49;
33869 : 49;
33870 : 49;
33871 : 49;
33872 : 49;
33873 : 49;
33874 : 69;
33875 : 49;
33876 : 49;
33877 : 49;
33878 : 49;
33879 : 49;
33880 : 49;
33881 : 49;
33882 : 49;
33883 : 49;
33884 : 49;
33885 : 49;
33886 : 49;
33887 : 49;
33888 : 49;
33889 : 49;
33890 : 49;
33891 : 49;
33892 : 49;
33893 : 49;
33894 : 49;
33895 : 49;
33896 : 69;
33897 : 49;
33898 : 49;
33899 : 49;
33900 : 49;
33901 : 49;
33902 : 49;
33903 : 49;
33904 : 49;
33905 : 49;
33906 : 49;
33907 : 49;
33908 : 49;
33909 : 00;
33910 : 92;
33911 : 49;
33912 : 49;
33913 : 49;
33914 : 49;
33915 : 49;
33916 : 49;
33917 : 24;
33918 : 24;
33919 : 24;
33920 : 64;
33921 : 64;
33922 : 64;
33923 : 64;
33924 : 64;
33925 : 64;
33926 : 40;
33927 : 40;
33928 : 40;
33929 : 40;
33930 : 40;
33931 : 44;
33932 : 40;
33933 : 64;
33934 : 40;
33935 : 64;
33936 : 60;
33937 : 64;
33938 : 64;
33939 : 64;
33940 : 60;
33941 : 60;
33942 : 60;
33943 : 60;
33944 : 60;
33945 : 40;
33946 : 40;
33947 : 40;
33948 : 40;
33949 : 40;
33950 : 64;
33951 : 40;
33952 : 64;
33953 : 40;
33954 : 40;
33955 : 40;
33956 : 40;
33957 : 40;
33958 : 40;
33959 : 40;
33960 : 40;
33961 : 40;
33962 : 40;
33963 : 40;
33964 : 40;
33965 : 60;
33966 : 60;
33967 : 40;
33968 : 40;
33969 : 60;
33970 : 64;
33971 : 60;
33972 : 60;
33973 : 64;
33974 : 64;
33975 : 64;
33976 : 64;
33977 : 64;
33978 : 64;
33979 : 64;
33980 : 64;
33981 : 84;
33982 : 84;
33983 : 84;
33984 : 64;
33985 : 64;
33986 : 64;
33987 : 64;
33988 : 64;
33989 : 64;
33990 : 64;
33991 : 40;
33992 : 64;
33993 : 64;
33994 : 64;
33995 : 64;
33996 : 84;
33997 : 85;
33998 : 85;
33999 : 85;
34000 : 85;
34001 : 85;
34002 : 85;
34003 : 85;
34004 : 85;
34005 : 85;
34006 : 85;
34007 : 85;
34008 : 85;
34009 : 84;
34010 : 64;
34011 : 64;
34012 : 64;
34013 : 64;
34014 : 64;
34015 : 64;
34016 : 64;
34017 : 60;
34018 : 60;
34019 : 64;
34020 : 40;
34021 : 40;
34022 : 40;
34023 : 20;
34024 : 20;
34025 : 40;
34026 : 20;
34027 : 20;
34028 : 40;
34029 : 40;
34030 : 64;
34031 : 64;
34032 : 64;
34033 : 64;
34034 : 64;
34035 : 64;
34036 : 64;
34037 : 89;
34038 : 64;
34039 : 64;
34040 : 40;
34041 : 64;
34042 : 64;
34043 : 64;
34044 : 20;
34045 : 44;
34046 : 64;
34047 : 64;
34048 : 84;
34049 : 85;
34050 : 64;
34051 : 64;
34052 : 64;
34053 : 64;
34054 : 64;
34055 : 64;
34056 : 64;
34057 : 64;
34058 : 64;
34059 : 64;
34060 : 85;
34061 : 85;
34062 : 85;
34063 : 85;
34064 : 85;
34065 : 44;
34066 : 64;
34067 : 85;
34068 : 64;
34069 : 84;
34070 : 64;
34071 : 64;
34072 : 64;
34073 : 64;
34074 : 64;
34075 : 64;
34076 : 64;
34077 : 64;
34078 : 64;
34079 : 85;
34080 : 85;
34081 : 85;
34082 : 85;
34083 : 85;
34084 : 85;
34085 : 64;
34086 : 64;
34087 : 64;
34088 : 64;
34089 : 85;
34090 : 40;
34091 : 40;
34092 : 64;
34093 : 84;
34094 : 64;
34095 : 40;
34096 : 89;
34097 : 85;
34098 : 85;
34099 : 85;
34100 : 85;
34101 : 85;
34102 : 85;
34103 : 85;
34104 : 85;
34105 : 85;
34106 : 84;
34107 : 64;
34108 : 64;
34109 : 85;
34110 : 40;
34111 : 40;
34112 : 85;
34113 : 85;
34114 : 64;
34115 : 20;
34116 : 64;
34117 : 89;
34118 : 85;
34119 : 85;
34120 : 85;
34121 : 85;
34122 : 84;
34123 : 85;
34124 : 85;
34125 : 85;
34126 : 85;
34127 : 64;
34128 : 64;
34129 : 64;
34130 : 64;
34131 : 64;
34132 : 64;
34133 : 64;
34134 : 64;
34135 : 64;
34136 : 64;
34137 : 64;
34138 : 64;
34139 : 20;
34140 : 40;
34141 : 64;
34142 : A9;
34143 : A9;
34144 : 60;
34145 : 20;
34146 : 64;
34147 : 60;
34148 : 64;
34149 : 40;
34150 : 40;
34151 : 40;
34152 : 40;
34153 : 40;
34154 : 85;
34155 : 84;
34156 : A9;
34157 : A9;
34158 : A9;
34159 : 89;
34160 : 24;
34161 : 24;
34162 : 6D;
34163 : 45;
34164 : 49;
34165 : 49;
34166 : 69;
34167 : 69;
34168 : 49;
34169 : 00;
34170 : 92;
34171 : 6D;
34172 : 49;
34173 : 49;
34174 : 49;
34175 : 49;
34176 : 49;
34177 : 49;
34178 : 49;
34179 : 49;
34180 : 49;
34181 : 49;
34182 : 49;
34183 : 49;
34184 : 49;
34185 : 49;
34186 : 49;
34187 : 49;
34188 : 49;
34189 : 49;
34190 : 49;
34191 : 49;
34192 : 49;
34193 : 49;
34194 : 49;
34195 : 49;
34196 : 49;
34197 : 49;
34198 : 49;
34199 : 49;
34200 : 49;
34201 : 49;
34202 : 49;
34203 : 49;
34204 : 49;
34205 : 49;
34206 : 49;
34207 : 49;
34208 : 49;
34209 : 49;
34210 : 49;
34211 : 49;
34212 : 49;
34213 : 49;
34214 : 49;
34215 : 49;
34216 : 69;
34217 : 69;
34218 : 49;
34219 : 49;
34220 : 49;
34221 : 49;
34222 : 49;
34223 : 49;
34224 : 49;
34225 : 49;
34226 : 49;
34227 : 49;
34228 : 49;
34229 : 00;
34230 : 92;
34231 : 49;
34232 : 49;
34233 : 49;
34234 : 49;
34235 : 49;
34236 : 49;
34237 : 24;
34238 : 24;
34239 : 24;
34240 : 64;
34241 : 64;
34242 : 64;
34243 : 64;
34244 : 64;
34245 : 64;
34246 : 64;
34247 : 64;
34248 : 64;
34249 : 60;
34250 : 40;
34251 : 40;
34252 : 40;
34253 : 40;
34254 : 40;
34255 : 40;
34256 : 60;
34257 : 64;
34258 : 60;
34259 : 60;
34260 : 64;
34261 : 60;
34262 : 60;
34263 : 60;
34264 : 60;
34265 : 60;
34266 : 60;
34267 : 40;
34268 : 40;
34269 : 40;
34270 : 60;
34271 : 40;
34272 : 40;
34273 : 40;
34274 : 40;
34275 : 40;
34276 : 40;
34277 : 40;
34278 : 40;
34279 : 40;
34280 : 40;
34281 : 60;
34282 : 64;
34283 : 60;
34284 : 60;
34285 : 60;
34286 : 40;
34287 : 60;
34288 : 60;
34289 : 60;
34290 : 60;
34291 : 60;
34292 : 64;
34293 : 64;
34294 : 64;
34295 : 64;
34296 : 64;
34297 : 64;
34298 : 64;
34299 : 64;
34300 : 85;
34301 : 84;
34302 : 84;
34303 : 64;
34304 : 64;
34305 : 64;
34306 : 64;
34307 : 64;
34308 : 64;
34309 : 64;
34310 : 64;
34311 : 40;
34312 : 64;
34313 : 64;
34314 : 64;
34315 : 84;
34316 : 85;
34317 : 85;
34318 : 85;
34319 : 85;
34320 : 84;
34321 : 64;
34322 : 85;
34323 : 84;
34324 : 85;
34325 : 85;
34326 : 64;
34327 : 64;
34328 : 64;
34329 : 64;
34330 : 64;
34331 : 64;
34332 : 64;
34333 : 64;
34334 : 64;
34335 : 60;
34336 : 60;
34337 : 60;
34338 : 64;
34339 : 40;
34340 : 40;
34341 : 40;
34342 : 20;
34343 : 40;
34344 : 40;
34345 : 20;
34346 : 40;
34347 : 20;
34348 : 40;
34349 : 44;
34350 : 64;
34351 : 64;
34352 : 64;
34353 : 64;
34354 : 64;
34355 : 64;
34356 : 89;
34357 : 64;
34358 : 64;
34359 : 40;
34360 : 44;
34361 : 64;
34362 : 64;
34363 : 64;
34364 : 40;
34365 : 64;
34366 : 64;
34367 : 64;
34368 : 64;
34369 : 64;
34370 : 64;
34371 : 64;
34372 : 64;
34373 : 64;
34374 : 64;
34375 : 64;
34376 : 65;
34377 : 64;
34378 : 64;
34379 : 85;
34380 : 85;
34381 : 85;
34382 : 85;
34383 : 64;
34384 : 64;
34385 : 64;
34386 : 64;
34387 : 40;
34388 : 85;
34389 : 64;
34390 : 64;
34391 : 64;
34392 : 64;
34393 : 64;
34394 : 64;
34395 : 64;
34396 : 64;
34397 : 64;
34398 : 85;
34399 : 85;
34400 : 85;
34401 : 85;
34402 : 85;
34403 : 85;
34404 : 85;
34405 : 85;
34406 : 64;
34407 : 64;
34408 : 64;
34409 : 64;
34410 : 85;
34411 : 40;
34412 : 40;
34413 : 64;
34414 : 84;
34415 : 40;
34416 : 64;
34417 : 85;
34418 : 85;
34419 : 85;
34420 : 85;
34421 : 85;
34422 : 85;
34423 : 85;
34424 : 85;
34425 : 85;
34426 : 84;
34427 : 64;
34428 : 64;
34429 : 64;
34430 : 85;
34431 : 40;
34432 : 64;
34433 : 84;
34434 : 89;
34435 : 85;
34436 : 40;
34437 : 20;
34438 : 65;
34439 : 64;
34440 : 84;
34441 : 84;
34442 : 84;
34443 : 85;
34444 : 85;
34445 : 85;
34446 : 84;
34447 : 64;
34448 : 64;
34449 : 64;
34450 : 64;
34451 : 64;
34452 : 64;
34453 : 64;
34454 : 64;
34455 : 64;
34456 : 64;
34457 : 64;
34458 : 64;
34459 : 64;
34460 : 20;
34461 : 40;
34462 : 64;
34463 : 85;
34464 : 85;
34465 : 64;
34466 : 20;
34467 : 44;
34468 : 40;
34469 : 40;
34470 : 40;
34471 : 40;
34472 : 40;
34473 : 85;
34474 : 84;
34475 : A9;
34476 : A9;
34477 : A9;
34478 : 85;
34479 : 64;
34480 : 24;
34481 : 24;
34482 : 69;
34483 : 45;
34484 : 49;
34485 : 49;
34486 : 69;
34487 : 49;
34488 : 49;
34489 : 00;
34490 : 92;
34491 : 6D;
34492 : 6D;
34493 : 69;
34494 : 49;
34495 : 49;
34496 : 49;
34497 : 49;
34498 : 49;
34499 : 49;
34500 : 49;
34501 : 49;
34502 : 49;
34503 : 49;
34504 : 49;
34505 : 49;
34506 : 49;
34507 : 49;
34508 : 49;
34509 : 49;
34510 : 49;
34511 : 49;
34512 : 49;
34513 : 49;
34514 : 49;
34515 : 49;
34516 : 49;
34517 : 49;
34518 : 49;
34519 : 49;
34520 : 49;
34521 : 49;
34522 : 49;
34523 : 49;
34524 : 49;
34525 : 49;
34526 : 49;
34527 : 49;
34528 : 49;
34529 : 49;
34530 : 49;
34531 : 49;
34532 : 49;
34533 : 49;
34534 : 49;
34535 : 49;
34536 : 49;
34537 : 49;
34538 : 49;
34539 : 49;
34540 : 49;
34541 : 49;
34542 : 49;
34543 : 49;
34544 : 49;
34545 : 49;
34546 : 49;
34547 : 49;
34548 : 49;
34549 : 00;
34550 : 92;
34551 : 49;
34552 : 49;
34553 : 49;
34554 : 49;
34555 : 49;
34556 : 49;
34557 : 24;
34558 : 24;
34559 : 24;
34560 : 64;
34561 : 64;
34562 : 64;
34563 : 64;
34564 : 64;
34565 : 64;
34566 : 64;
34567 : 64;
34568 : 64;
34569 : 64;
34570 : 64;
34571 : 64;
34572 : 64;
34573 : 64;
34574 : 40;
34575 : 40;
34576 : 60;
34577 : 60;
34578 : 60;
34579 : 60;
34580 : 60;
34581 : 60;
34582 : 64;
34583 : 64;
34584 : 60;
34585 : 60;
34586 : 64;
34587 : 60;
34588 : 60;
34589 : 60;
34590 : 60;
34591 : 40;
34592 : 60;
34593 : 60;
34594 : 60;
34595 : 60;
34596 : 60;
34597 : 60;
34598 : 60;
34599 : 60;
34600 : 60;
34601 : 60;
34602 : 60;
34603 : 60;
34604 : 60;
34605 : 60;
34606 : 60;
34607 : 60;
34608 : 60;
34609 : 60;
34610 : 60;
34611 : 64;
34612 : 64;
34613 : 64;
34614 : 64;
34615 : 64;
34616 : 64;
34617 : 64;
34618 : 64;
34619 : 84;
34620 : 85;
34621 : 84;
34622 : 64;
34623 : 64;
34624 : 64;
34625 : 64;
34626 : 64;
34627 : 64;
34628 : 64;
34629 : 64;
34630 : 64;
34631 : 40;
34632 : 84;
34633 : 64;
34634 : 64;
34635 : 85;
34636 : 85;
34637 : 85;
34638 : 84;
34639 : 84;
34640 : 64;
34641 : 64;
34642 : 64;
34643 : 64;
34644 : 64;
34645 : 64;
34646 : 64;
34647 : 64;
34648 : 64;
34649 : 64;
34650 : 64;
34651 : 64;
34652 : 64;
34653 : 60;
34654 : 60;
34655 : 60;
34656 : 60;
34657 : 40;
34658 : 40;
34659 : 40;
34660 : 40;
34661 : 20;
34662 : 40;
34663 : 40;
34664 : 40;
34665 : 20;
34666 : 40;
34667 : 20;
34668 : 40;
34669 : 44;
34670 : 64;
34671 : 64;
34672 : 64;
34673 : 64;
34674 : 64;
34675 : 85;
34676 : 85;
34677 : 64;
34678 : 44;
34679 : 40;
34680 : 64;
34681 : 64;
34682 : 64;
34683 : 44;
34684 : 44;
34685 : 64;
34686 : 64;
34687 : 64;
34688 : 64;
34689 : 64;
34690 : 64;
34691 : 64;
34692 : 64;
34693 : 64;
34694 : 64;
34695 : 64;
34696 : 64;
34697 : 84;
34698 : 85;
34699 : 85;
34700 : 64;
34701 : 64;
34702 : 64;
34703 : 64;
34704 : 64;
34705 : 64;
34706 : 64;
34707 : 85;
34708 : 64;
34709 : 64;
34710 : 64;
34711 : 64;
34712 : 64;
34713 : 64;
34714 : 64;
34715 : 64;
34716 : 64;
34717 : 85;
34718 : 85;
34719 : 85;
34720 : 85;
34721 : 89;
34722 : 85;
34723 : 85;
34724 : 85;
34725 : 85;
34726 : 85;
34727 : 64;
34728 : 64;
34729 : 64;
34730 : 64;
34731 : 64;
34732 : 40;
34733 : 44;
34734 : 84;
34735 : 85;
34736 : 44;
34737 : 64;
34738 : 85;
34739 : 85;
34740 : 85;
34741 : 85;
34742 : 85;
34743 : 85;
34744 : 85;
34745 : 84;
34746 : 84;
34747 : 64;
34748 : 64;
34749 : 64;
34750 : 64;
34751 : 85;
34752 : 40;
34753 : 40;
34754 : 64;
34755 : 85;
34756 : 85;
34757 : 64;
34758 : 64;
34759 : 40;
34760 : 40;
34761 : 64;
34762 : 64;
34763 : 85;
34764 : 84;
34765 : 85;
34766 : 84;
34767 : 64;
34768 : 64;
34769 : 64;
34770 : 64;
34771 : 64;
34772 : 64;
34773 : 64;
34774 : 64;
34775 : 64;
34776 : 64;
34777 : 64;
34778 : 64;
34779 : 64;
34780 : 64;
34781 : 20;
34782 : 40;
34783 : 64;
34784 : A9;
34785 : A9;
34786 : 84;
34787 : 40;
34788 : 20;
34789 : 20;
34790 : 40;
34791 : 40;
34792 : 64;
34793 : 85;
34794 : A9;
34795 : 85;
34796 : 84;
34797 : 84;
34798 : 84;
34799 : 64;
34800 : 24;
34801 : 24;
34802 : 69;
34803 : 49;
34804 : 49;
34805 : 69;
34806 : 69;
34807 : 49;
34808 : 49;
34809 : 00;
34810 : 92;
34811 : 69;
34812 : 6D;
34813 : 69;
34814 : 49;
34815 : 49;
34816 : 49;
34817 : 49;
34818 : 49;
34819 : 49;
34820 : 49;
34821 : 49;
34822 : 49;
34823 : 49;
34824 : 49;
34825 : 49;
34826 : 49;
34827 : 49;
34828 : 49;
34829 : 49;
34830 : 49;
34831 : 49;
34832 : 49;
34833 : 49;
34834 : 49;
34835 : 49;
34836 : 49;
34837 : 49;
34838 : 49;
34839 : 49;
34840 : 49;
34841 : 49;
34842 : 49;
34843 : 49;
34844 : 49;
34845 : 49;
34846 : 49;
34847 : 49;
34848 : 49;
34849 : 49;
34850 : 49;
34851 : 49;
34852 : 49;
34853 : 49;
34854 : 49;
34855 : 49;
34856 : 69;
34857 : 49;
34858 : 49;
34859 : 49;
34860 : 49;
34861 : 49;
34862 : 49;
34863 : 49;
34864 : 49;
34865 : 49;
34866 : 49;
34867 : 49;
34868 : 49;
34869 : 00;
34870 : 92;
34871 : 49;
34872 : 49;
34873 : 49;
34874 : 49;
34875 : 49;
34876 : 49;
34877 : 24;
34878 : 24;
34879 : 24;
34880 : 64;
34881 : 64;
34882 : 64;
34883 : 64;
34884 : 64;
34885 : 64;
34886 : 64;
34887 : 64;
34888 : 64;
34889 : 64;
34890 : 64;
34891 : 64;
34892 : 64;
34893 : 64;
34894 : 64;
34895 : 64;
34896 : 64;
34897 : 60;
34898 : 60;
34899 : 60;
34900 : 60;
34901 : 60;
34902 : 60;
34903 : 60;
34904 : 60;
34905 : 60;
34906 : 60;
34907 : 60;
34908 : 60;
34909 : 60;
34910 : 40;
34911 : 40;
34912 : 40;
34913 : 60;
34914 : 60;
34915 : 60;
34916 : 60;
34917 : 60;
34918 : 60;
34919 : 60;
34920 : 60;
34921 : 60;
34922 : 60;
34923 : 60;
34924 : 60;
34925 : 60;
34926 : 60;
34927 : 60;
34928 : 60;
34929 : 60;
34930 : 60;
34931 : 60;
34932 : 64;
34933 : 64;
34934 : 64;
34935 : 64;
34936 : 64;
34937 : 64;
34938 : 64;
34939 : 85;
34940 : 84;
34941 : 64;
34942 : 64;
34943 : 64;
34944 : 64;
34945 : 64;
34946 : 64;
34947 : 64;
34948 : 64;
34949 : 64;
34950 : 64;
34951 : 40;
34952 : 84;
34953 : 64;
34954 : 64;
34955 : 85;
34956 : 85;
34957 : 85;
34958 : 64;
34959 : 64;
34960 : 64;
34961 : 64;
34962 : 64;
34963 : 64;
34964 : 64;
34965 : 64;
34966 : 84;
34967 : 84;
34968 : 64;
34969 : 64;
34970 : 64;
34971 : 60;
34972 : 60;
34973 : 60;
34974 : 64;
34975 : 40;
34976 : 40;
34977 : 40;
34978 : 40;
34979 : 20;
34980 : 40;
34981 : 40;
34982 : 40;
34983 : 40;
34984 : 40;
34985 : 40;
34986 : 40;
34987 : 20;
34988 : 40;
34989 : 64;
34990 : 64;
34991 : 64;
34992 : 64;
34993 : 64;
34994 : 85;
34995 : 85;
34996 : 85;
34997 : 64;
34998 : 40;
34999 : 40;
35000 : 64;
35001 : 64;
35002 : 84;
35003 : 20;
35004 : 44;
35005 : 64;
35006 : 64;
35007 : 64;
35008 : 64;
35009 : 64;
35010 : 64;
35011 : 64;
35012 : 64;
35013 : 64;
35014 : 64;
35015 : 64;
35016 : 84;
35017 : 85;
35018 : 85;
35019 : 64;
35020 : 64;
35021 : 84;
35022 : 40;
35023 : 40;
35024 : 40;
35025 : 64;
35026 : 84;
35027 : 64;
35028 : 64;
35029 : 64;
35030 : 64;
35031 : 64;
35032 : 64;
35033 : 64;
35034 : 64;
35035 : 64;
35036 : 85;
35037 : 85;
35038 : 85;
35039 : 89;
35040 : 89;
35041 : 89;
35042 : 89;
35043 : 85;
35044 : 85;
35045 : 85;
35046 : 85;
35047 : 64;
35048 : 64;
35049 : 64;
35050 : 64;
35051 : 64;
35052 : 64;
35053 : 40;
35054 : 64;
35055 : 85;
35056 : 64;
35057 : 40;
35058 : 64;
35059 : 89;
35060 : 85;
35061 : 85;
35062 : 85;
35063 : 85;
35064 : 84;
35065 : 64;
35066 : 64;
35067 : 64;
35068 : 85;
35069 : 40;
35070 : 40;
35071 : 20;
35072 : 40;
35073 : 64;
35074 : 85;
35075 : A9;
35076 : A9;
35077 : A9;
35078 : A9;
35079 : A9;
35080 : 84;
35081 : 64;
35082 : 40;
35083 : 40;
35084 : 64;
35085 : 85;
35086 : 84;
35087 : 64;
35088 : 64;
35089 : 64;
35090 : 64;
35091 : 64;
35092 : 64;
35093 : 64;
35094 : 64;
35095 : 64;
35096 : 64;
35097 : 64;
35098 : 64;
35099 : 64;
35100 : 64;
35101 : 64;
35102 : 20;
35103 : 40;
35104 : 84;
35105 : 85;
35106 : 85;
35107 : 64;
35108 : 64;
35109 : 64;
35110 : 84;
35111 : 84;
35112 : 85;
35113 : A9;
35114 : 85;
35115 : 64;
35116 : 64;
35117 : 64;
35118 : 64;
35119 : 85;
35120 : 24;
35121 : 24;
35122 : 69;
35123 : 49;
35124 : 49;
35125 : 49;
35126 : 6D;
35127 : 6D;
35128 : 49;
35129 : 00;
35130 : 91;
35131 : 69;
35132 : 69;
35133 : 49;
35134 : 49;
35135 : 49;
35136 : 49;
35137 : 49;
35138 : 49;
35139 : 49;
35140 : 49;
35141 : 49;
35142 : 49;
35143 : 49;
35144 : 49;
35145 : 49;
35146 : 49;
35147 : 49;
35148 : 49;
35149 : 49;
35150 : 49;
35151 : 49;
35152 : 49;
35153 : 49;
35154 : 49;
35155 : 49;
35156 : 49;
35157 : 49;
35158 : 49;
35159 : 49;
35160 : 49;
35161 : 49;
35162 : 49;
35163 : 49;
35164 : 49;
35165 : 49;
35166 : 49;
35167 : 49;
35168 : 49;
35169 : 49;
35170 : 49;
35171 : 49;
35172 : 49;
35173 : 49;
35174 : 49;
35175 : 49;
35176 : 49;
35177 : 69;
35178 : 69;
35179 : 69;
35180 : 49;
35181 : 49;
35182 : 49;
35183 : 49;
35184 : 49;
35185 : 49;
35186 : 49;
35187 : 49;
35188 : 49;
35189 : 00;
35190 : 92;
35191 : 49;
35192 : 49;
35193 : 49;
35194 : 49;
35195 : 49;
35196 : 49;
35197 : 24;
35198 : 24;
35199 : 24;
35200 : 64;
35201 : 64;
35202 : 64;
35203 : 64;
35204 : 64;
35205 : 64;
35206 : 64;
35207 : 64;
35208 : 64;
35209 : 64;
35210 : 64;
35211 : 64;
35212 : 64;
35213 : 64;
35214 : 64;
35215 : 64;
35216 : 64;
35217 : 64;
35218 : 64;
35219 : 64;
35220 : 64;
35221 : 60;
35222 : 60;
35223 : 60;
35224 : 60;
35225 : 60;
35226 : 60;
35227 : 60;
35228 : 64;
35229 : 60;
35230 : 64;
35231 : 60;
35232 : 64;
35233 : 60;
35234 : 60;
35235 : 64;
35236 : 60;
35237 : 60;
35238 : 60;
35239 : 60;
35240 : 60;
35241 : 60;
35242 : 60;
35243 : 60;
35244 : 60;
35245 : 60;
35246 : 60;
35247 : 60;
35248 : 60;
35249 : 60;
35250 : 60;
35251 : 64;
35252 : 64;
35253 : 64;
35254 : 64;
35255 : 64;
35256 : 64;
35257 : 64;
35258 : 85;
35259 : 85;
35260 : 64;
35261 : 64;
35262 : 64;
35263 : 64;
35264 : 64;
35265 : 64;
35266 : 64;
35267 : 64;
35268 : 64;
35269 : 64;
35270 : 84;
35271 : 40;
35272 : 84;
35273 : 64;
35274 : 64;
35275 : 85;
35276 : 85;
35277 : 64;
35278 : 64;
35279 : 64;
35280 : 64;
35281 : 64;
35282 : 84;
35283 : 64;
35284 : 64;
35285 : 84;
35286 : 64;
35287 : 64;
35288 : 64;
35289 : 64;
35290 : 60;
35291 : 60;
35292 : 64;
35293 : 40;
35294 : 40;
35295 : 40;
35296 : 40;
35297 : 20;
35298 : 40;
35299 : 40;
35300 : 40;
35301 : 40;
35302 : 40;
35303 : 40;
35304 : 40;
35305 : 40;
35306 : 40;
35307 : 40;
35308 : 64;
35309 : 64;
35310 : 64;
35311 : 64;
35312 : 64;
35313 : 64;
35314 : 85;
35315 : 85;
35316 : 64;
35317 : 40;
35318 : 40;
35319 : 40;
35320 : 64;
35321 : 64;
35322 : 40;
35323 : 64;
35324 : 64;
35325 : 64;
35326 : 64;
35327 : 64;
35328 : 64;
35329 : 64;
35330 : 64;
35331 : 64;
35332 : 64;
35333 : 64;
35334 : 64;
35335 : 64;
35336 : 85;
35337 : 85;
35338 : 85;
35339 : 85;
35340 : 64;
35341 : 40;
35342 : 40;
35343 : 85;
35344 : 85;
35345 : 64;
35346 : 64;
35347 : 64;
35348 : 64;
35349 : 64;
35350 : 64;
35351 : 64;
35352 : 64;
35353 : 64;
35354 : 64;
35355 : 64;
35356 : 85;
35357 : 85;
35358 : 89;
35359 : 85;
35360 : 89;
35361 : 89;
35362 : 89;
35363 : 89;
35364 : 85;
35365 : 85;
35366 : 85;
35367 : 85;
35368 : 64;
35369 : 64;
35370 : 64;
35371 : 64;
35372 : 84;
35373 : 64;
35374 : 40;
35375 : 64;
35376 : 85;
35377 : 64;
35378 : 64;
35379 : 40;
35380 : 89;
35381 : 85;
35382 : 84;
35383 : 64;
35384 : 64;
35385 : 64;
35386 : 85;
35387 : 65;
35388 : 20;
35389 : 20;
35390 : 20;
35391 : 85;
35392 : 85;
35393 : 85;
35394 : 85;
35395 : 85;
35396 : 85;
35397 : 85;
35398 : 85;
35399 : 84;
35400 : 85;
35401 : 85;
35402 : 64;
35403 : 40;
35404 : 20;
35405 : 65;
35406 : 84;
35407 : 64;
35408 : 64;
35409 : 64;
35410 : 64;
35411 : 64;
35412 : 64;
35413 : 64;
35414 : 64;
35415 : 64;
35416 : 64;
35417 : 64;
35418 : 64;
35419 : 64;
35420 : 64;
35421 : 64;
35422 : 64;
35423 : 20;
35424 : 40;
35425 : 64;
35426 : 64;
35427 : 64;
35428 : 64;
35429 : 64;
35430 : 84;
35431 : 84;
35432 : A9;
35433 : 85;
35434 : 84;
35435 : 64;
35436 : 40;
35437 : 40;
35438 : 40;
35439 : 40;
35440 : 24;
35441 : 24;
35442 : 6D;
35443 : 49;
35444 : 49;
35445 : 49;
35446 : 69;
35447 : 69;
35448 : 49;
35449 : 00;
35450 : 92;
35451 : 6D;
35452 : 6D;
35453 : 49;
35454 : 49;
35455 : 49;
35456 : 49;
35457 : 49;
35458 : 49;
35459 : 49;
35460 : 49;
35461 : 49;
35462 : 49;
35463 : 49;
35464 : 49;
35465 : 49;
35466 : 49;
35467 : 49;
35468 : 49;
35469 : 49;
35470 : 49;
35471 : 49;
35472 : 49;
35473 : 49;
35474 : 49;
35475 : 49;
35476 : 49;
35477 : 49;
35478 : 49;
35479 : 49;
35480 : 49;
35481 : 49;
35482 : 49;
35483 : 49;
35484 : 49;
35485 : 49;
35486 : 49;
35487 : 49;
35488 : 49;
35489 : 49;
35490 : 49;
35491 : 49;
35492 : 49;
35493 : 49;
35494 : 69;
35495 : 69;
35496 : 69;
35497 : 69;
35498 : 69;
35499 : 49;
35500 : 49;
35501 : 49;
35502 : 49;
35503 : 49;
35504 : 49;
35505 : 49;
35506 : 49;
35507 : 49;
35508 : 49;
35509 : 00;
35510 : 92;
35511 : 49;
35512 : 49;
35513 : 49;
35514 : 49;
35515 : 49;
35516 : 49;
35517 : 24;
35518 : 24;
35519 : 24;
35520 : 64;
35521 : 64;
35522 : 64;
35523 : 64;
35524 : 64;
35525 : 64;
35526 : 64;
35527 : 64;
35528 : 64;
35529 : 64;
35530 : 64;
35531 : 64;
35532 : 64;
35533 : 64;
35534 : 64;
35535 : 64;
35536 : 64;
35537 : 64;
35538 : 64;
35539 : 64;
35540 : 64;
35541 : 64;
35542 : 64;
35543 : 60;
35544 : 60;
35545 : 60;
35546 : 60;
35547 : 60;
35548 : 60;
35549 : 60;
35550 : 60;
35551 : 60;
35552 : 60;
35553 : 60;
35554 : 60;
35555 : 60;
35556 : 60;
35557 : 60;
35558 : 60;
35559 : 60;
35560 : 60;
35561 : 60;
35562 : 60;
35563 : 60;
35564 : 64;
35565 : 64;
35566 : 64;
35567 : 64;
35568 : 64;
35569 : 64;
35570 : 64;
35571 : 64;
35572 : 64;
35573 : 64;
35574 : 64;
35575 : 64;
35576 : 64;
35577 : 85;
35578 : 85;
35579 : 64;
35580 : 64;
35581 : 64;
35582 : 64;
35583 : 64;
35584 : 64;
35585 : 64;
35586 : 64;
35587 : 64;
35588 : 64;
35589 : 64;
35590 : 84;
35591 : 40;
35592 : 84;
35593 : 64;
35594 : 64;
35595 : 64;
35596 : 85;
35597 : 84;
35598 : 64;
35599 : 64;
35600 : 64;
35601 : 84;
35602 : 64;
35603 : 64;
35604 : 64;
35605 : 64;
35606 : 64;
35607 : 60;
35608 : 60;
35609 : 60;
35610 : 60;
35611 : 60;
35612 : 40;
35613 : 40;
35614 : 40;
35615 : 40;
35616 : 20;
35617 : 40;
35618 : 40;
35619 : 40;
35620 : 40;
35621 : 40;
35622 : 40;
35623 : 40;
35624 : 40;
35625 : 40;
35626 : 40;
35627 : 40;
35628 : 64;
35629 : 64;
35630 : 64;
35631 : 64;
35632 : 64;
35633 : 64;
35634 : 85;
35635 : 85;
35636 : 64;
35637 : 40;
35638 : 40;
35639 : 64;
35640 : 64;
35641 : 40;
35642 : 40;
35643 : 64;
35644 : 64;
35645 : 64;
35646 : 64;
35647 : 64;
35648 : 64;
35649 : 64;
35650 : 64;
35651 : 64;
35652 : 64;
35653 : 64;
35654 : 64;
35655 : 64;
35656 : 85;
35657 : 85;
35658 : 85;
35659 : 40;
35660 : 64;
35661 : 85;
35662 : 85;
35663 : 64;
35664 : 64;
35665 : 64;
35666 : 64;
35667 : 84;
35668 : 64;
35669 : 64;
35670 : 64;
35671 : 64;
35672 : 64;
35673 : 64;
35674 : 64;
35675 : 85;
35676 : 85;
35677 : 85;
35678 : 89;
35679 : 89;
35680 : 85;
35681 : 89;
35682 : 89;
35683 : 85;
35684 : 85;
35685 : 85;
35686 : 85;
35687 : 65;
35688 : 64;
35689 : 64;
35690 : 64;
35691 : 64;
35692 : 64;
35693 : 85;
35694 : 40;
35695 : 40;
35696 : 64;
35697 : 85;
35698 : 85;
35699 : 64;
35700 : 40;
35701 : 64;
35702 : 64;
35703 : 64;
35704 : 64;
35705 : 65;
35706 : 40;
35707 : 40;
35708 : 64;
35709 : 89;
35710 : 85;
35711 : 85;
35712 : 84;
35713 : 64;
35714 : 64;
35715 : 64;
35716 : 64;
35717 : 64;
35718 : 64;
35719 : 84;
35720 : 85;
35721 : A9;
35722 : 85;
35723 : 85;
35724 : 64;
35725 : 20;
35726 : 64;
35727 : 64;
35728 : 64;
35729 : 64;
35730 : 64;
35731 : 64;
35732 : 64;
35733 : 64;
35734 : 64;
35735 : 64;
35736 : 64;
35737 : 64;
35738 : 64;
35739 : 64;
35740 : 64;
35741 : 64;
35742 : 64;
35743 : 64;
35744 : 20;
35745 : 40;
35746 : 64;
35747 : 64;
35748 : 64;
35749 : 85;
35750 : A9;
35751 : A9;
35752 : 85;
35753 : 64;
35754 : 40;
35755 : 40;
35756 : 40;
35757 : 40;
35758 : 40;
35759 : 20;
35760 : 24;
35761 : 24;
35762 : 6D;
35763 : 49;
35764 : 49;
35765 : 49;
35766 : 6D;
35767 : 69;
35768 : 49;
35769 : 00;
35770 : 92;
35771 : 6D;
35772 : 69;
35773 : 49;
35774 : 49;
35775 : 49;
35776 : 49;
35777 : 49;
35778 : 49;
35779 : 49;
35780 : 49;
35781 : 49;
35782 : 49;
35783 : 49;
35784 : 49;
35785 : 49;
35786 : 49;
35787 : 49;
35788 : 49;
35789 : 49;
35790 : 49;
35791 : 49;
35792 : 49;
35793 : 49;
35794 : 49;
35795 : 69;
35796 : 49;
35797 : 49;
35798 : 49;
35799 : 49;
35800 : 49;
35801 : 49;
35802 : 49;
35803 : 49;
35804 : 49;
35805 : 49;
35806 : 49;
35807 : 49;
35808 : 49;
35809 : 49;
35810 : 49;
35811 : 49;
35812 : 49;
35813 : 49;
35814 : 49;
35815 : 49;
35816 : 69;
35817 : 69;
35818 : 49;
35819 : 49;
35820 : 49;
35821 : 49;
35822 : 49;
35823 : 49;
35824 : 49;
35825 : 49;
35826 : 49;
35827 : 49;
35828 : 49;
35829 : 00;
35830 : 92;
35831 : 49;
35832 : 49;
35833 : 49;
35834 : 49;
35835 : 49;
35836 : 49;
35837 : 24;
35838 : 24;
35839 : 24;
35840 : 64;
35841 : 64;
35842 : 64;
35843 : 64;
35844 : 64;
35845 : 64;
35846 : 64;
35847 : 64;
35848 : 64;
35849 : 64;
35850 : 64;
35851 : 64;
35852 : 64;
35853 : 64;
35854 : 64;
35855 : 64;
35856 : 64;
35857 : 64;
35858 : 64;
35859 : 64;
35860 : 64;
35861 : 64;
35862 : 64;
35863 : 64;
35864 : 64;
35865 : 60;
35866 : 60;
35867 : 60;
35868 : 60;
35869 : 60;
35870 : 60;
35871 : 64;
35872 : 60;
35873 : 60;
35874 : 60;
35875 : 60;
35876 : 64;
35877 : 60;
35878 : 64;
35879 : 64;
35880 : 64;
35881 : 64;
35882 : 64;
35883 : 64;
35884 : 64;
35885 : 64;
35886 : 64;
35887 : 64;
35888 : 64;
35889 : 64;
35890 : 64;
35891 : 64;
35892 : 64;
35893 : 64;
35894 : 64;
35895 : 64;
35896 : 84;
35897 : 84;
35898 : 64;
35899 : 64;
35900 : 64;
35901 : 64;
35902 : 64;
35903 : 64;
35904 : 64;
35905 : 64;
35906 : 64;
35907 : 64;
35908 : 64;
35909 : 64;
35910 : 84;
35911 : 40;
35912 : 84;
35913 : 40;
35914 : 84;
35915 : 64;
35916 : 64;
35917 : 64;
35918 : 64;
35919 : 64;
35920 : 64;
35921 : 64;
35922 : 64;
35923 : 64;
35924 : 64;
35925 : 64;
35926 : 64;
35927 : 64;
35928 : 60;
35929 : 40;
35930 : 40;
35931 : 40;
35932 : 40;
35933 : 40;
35934 : 20;
35935 : 40;
35936 : 40;
35937 : 40;
35938 : 40;
35939 : 40;
35940 : 40;
35941 : 40;
35942 : 40;
35943 : 40;
35944 : 40;
35945 : 40;
35946 : 40;
35947 : 40;
35948 : 64;
35949 : 64;
35950 : 64;
35951 : 64;
35952 : 64;
35953 : 85;
35954 : 84;
35955 : 64;
35956 : 44;
35957 : 40;
35958 : 40;
35959 : 64;
35960 : 64;
35961 : 40;
35962 : 40;
35963 : 64;
35964 : 64;
35965 : 64;
35966 : 85;
35967 : 40;
35968 : 64;
35969 : 64;
35970 : 64;
35971 : 64;
35972 : 64;
35973 : 64;
35974 : 64;
35975 : 64;
35976 : 85;
35977 : 85;
35978 : 64;
35979 : 84;
35980 : 64;
35981 : 64;
35982 : 64;
35983 : 84;
35984 : 85;
35985 : 85;
35986 : 64;
35987 : 64;
35988 : 64;
35989 : 64;
35990 : 64;
35991 : 64;
35992 : 64;
35993 : 64;
35994 : 85;
35995 : 85;
35996 : 85;
35997 : 89;
35998 : 89;
35999 : 89;
36000 : 89;
36001 : 85;
36002 : 89;
36003 : 85;
36004 : 85;
36005 : 85;
36006 : 85;
36007 : 85;
36008 : 64;
36009 : 64;
36010 : 64;
36011 : 64;
36012 : 64;
36013 : 84;
36014 : 85;
36015 : 20;
36016 : 44;
36017 : 64;
36018 : 84;
36019 : 84;
36020 : 85;
36021 : 64;
36022 : 64;
36023 : 64;
36024 : 64;
36025 : 64;
36026 : 85;
36027 : 85;
36028 : 85;
36029 : 85;
36030 : 84;
36031 : 64;
36032 : 64;
36033 : 40;
36034 : 20;
36035 : 40;
36036 : 40;
36037 : 40;
36038 : 40;
36039 : 64;
36040 : 64;
36041 : 85;
36042 : 64;
36043 : 85;
36044 : 84;
36045 : 64;
36046 : 20;
36047 : 64;
36048 : 64;
36049 : 64;
36050 : 64;
36051 : 64;
36052 : 64;
36053 : 64;
36054 : 64;
36055 : 64;
36056 : 64;
36057 : 64;
36058 : 64;
36059 : 64;
36060 : 64;
36061 : 64;
36062 : 64;
36063 : 64;
36064 : 40;
36065 : 20;
36066 : 40;
36067 : 60;
36068 : 64;
36069 : A9;
36070 : A9;
36071 : 85;
36072 : 64;
36073 : 60;
36074 : 40;
36075 : 40;
36076 : 20;
36077 : 20;
36078 : 20;
36079 : 20;
36080 : 24;
36081 : 24;
36082 : 6D;
36083 : 49;
36084 : 49;
36085 : 49;
36086 : 49;
36087 : 69;
36088 : 49;
36089 : 00;
36090 : 92;
36091 : 69;
36092 : 69;
36093 : 49;
36094 : 49;
36095 : 49;
36096 : 49;
36097 : 49;
36098 : 49;
36099 : 49;
36100 : 49;
36101 : 49;
36102 : 49;
36103 : 49;
36104 : 49;
36105 : 49;
36106 : 49;
36107 : 49;
36108 : 49;
36109 : 49;
36110 : 49;
36111 : 49;
36112 : 49;
36113 : 49;
36114 : 49;
36115 : 49;
36116 : 49;
36117 : 49;
36118 : 49;
36119 : 49;
36120 : 49;
36121 : 49;
36122 : 49;
36123 : 49;
36124 : 49;
36125 : 49;
36126 : 49;
36127 : 49;
36128 : 49;
36129 : 49;
36130 : 49;
36131 : 49;
36132 : 49;
36133 : 49;
36134 : 49;
36135 : 49;
36136 : 49;
36137 : 69;
36138 : 49;
36139 : 49;
36140 : 49;
36141 : 49;
36142 : 49;
36143 : 49;
36144 : 49;
36145 : 49;
36146 : 49;
36147 : 49;
36148 : 49;
36149 : 00;
36150 : 92;
36151 : 49;
36152 : 49;
36153 : 49;
36154 : 49;
36155 : 49;
36156 : 49;
36157 : 24;
36158 : 24;
36159 : 24;
36160 : 64;
36161 : 64;
36162 : 64;
36163 : 64;
36164 : 64;
36165 : 64;
36166 : 64;
36167 : 64;
36168 : 64;
36169 : 64;
36170 : 64;
36171 : 64;
36172 : 64;
36173 : 64;
36174 : 64;
36175 : 64;
36176 : 64;
36177 : 64;
36178 : 64;
36179 : 64;
36180 : 64;
36181 : 64;
36182 : 64;
36183 : 64;
36184 : 64;
36185 : 64;
36186 : 40;
36187 : 60;
36188 : 60;
36189 : 60;
36190 : 60;
36191 : 60;
36192 : 60;
36193 : 64;
36194 : 64;
36195 : 64;
36196 : 64;
36197 : 64;
36198 : 64;
36199 : 64;
36200 : 64;
36201 : 64;
36202 : 64;
36203 : 64;
36204 : 64;
36205 : 64;
36206 : 64;
36207 : 64;
36208 : 64;
36209 : 64;
36210 : 64;
36211 : 64;
36212 : 64;
36213 : 64;
36214 : 84;
36215 : 84;
36216 : 84;
36217 : 64;
36218 : 64;
36219 : 64;
36220 : 64;
36221 : 64;
36222 : 64;
36223 : 64;
36224 : 64;
36225 : 64;
36226 : 64;
36227 : 64;
36228 : 64;
36229 : 64;
36230 : 84;
36231 : 40;
36232 : 64;
36233 : 40;
36234 : 84;
36235 : 64;
36236 : 64;
36237 : 64;
36238 : 64;
36239 : 64;
36240 : 64;
36241 : 64;
36242 : 64;
36243 : 64;
36244 : 64;
36245 : 64;
36246 : 64;
36247 : 40;
36248 : 40;
36249 : 40;
36250 : 40;
36251 : 40;
36252 : 20;
36253 : 40;
36254 : 40;
36255 : 40;
36256 : 40;
36257 : 40;
36258 : 40;
36259 : 40;
36260 : 40;
36261 : 40;
36262 : 40;
36263 : 40;
36264 : 40;
36265 : 44;
36266 : 20;
36267 : 64;
36268 : 64;
36269 : 64;
36270 : 64;
36271 : 64;
36272 : 65;
36273 : 84;
36274 : 85;
36275 : 64;
36276 : 40;
36277 : 40;
36278 : 64;
36279 : 64;
36280 : 64;
36281 : 40;
36282 : 40;
36283 : 64;
36284 : 64;
36285 : 84;
36286 : 40;
36287 : 64;
36288 : 64;
36289 : 64;
36290 : 64;
36291 : 64;
36292 : 64;
36293 : 64;
36294 : 64;
36295 : 64;
36296 : 85;
36297 : 64;
36298 : 64;
36299 : 64;
36300 : 64;
36301 : 64;
36302 : 85;
36303 : 85;
36304 : 85;
36305 : 85;
36306 : 64;
36307 : 64;
36308 : 64;
36309 : 64;
36310 : 64;
36311 : 65;
36312 : 64;
36313 : 85;
36314 : 85;
36315 : 85;
36316 : 85;
36317 : 89;
36318 : 89;
36319 : 85;
36320 : 85;
36321 : 89;
36322 : 89;
36323 : 85;
36324 : 85;
36325 : 85;
36326 : 85;
36327 : 85;
36328 : 64;
36329 : 64;
36330 : 64;
36331 : 64;
36332 : 64;
36333 : 64;
36334 : 89;
36335 : 20;
36336 : 40;
36337 : 64;
36338 : 64;
36339 : 64;
36340 : 64;
36341 : 85;
36342 : 85;
36343 : 85;
36344 : 85;
36345 : 85;
36346 : 85;
36347 : 84;
36348 : 64;
36349 : 64;
36350 : 40;
36351 : 40;
36352 : 20;
36353 : 20;
36354 : 64;
36355 : 64;
36356 : 64;
36357 : 64;
36358 : 40;
36359 : 40;
36360 : 40;
36361 : 64;
36362 : 64;
36363 : 64;
36364 : 64;
36365 : 64;
36366 : 60;
36367 : 40;
36368 : 44;
36369 : 64;
36370 : 64;
36371 : 64;
36372 : 64;
36373 : 64;
36374 : 64;
36375 : 64;
36376 : 64;
36377 : 64;
36378 : 64;
36379 : 64;
36380 : 64;
36381 : 64;
36382 : 64;
36383 : 64;
36384 : 64;
36385 : 40;
36386 : 40;
36387 : 20;
36388 : 60;
36389 : A9;
36390 : A9;
36391 : 64;
36392 : 64;
36393 : 40;
36394 : 40;
36395 : 20;
36396 : 20;
36397 : 40;
36398 : 40;
36399 : 20;
36400 : 24;
36401 : 24;
36402 : 6D;
36403 : 49;
36404 : 49;
36405 : 49;
36406 : 69;
36407 : 69;
36408 : 49;
36409 : 00;
36410 : 92;
36411 : 6D;
36412 : 49;
36413 : 49;
36414 : 49;
36415 : 49;
36416 : 49;
36417 : 49;
36418 : 49;
36419 : 49;
36420 : 49;
36421 : 49;
36422 : 49;
36423 : 49;
36424 : 49;
36425 : 49;
36426 : 49;
36427 : 49;
36428 : 49;
36429 : 49;
36430 : 49;
36431 : 49;
36432 : 49;
36433 : 49;
36434 : 49;
36435 : 49;
36436 : 49;
36437 : 49;
36438 : 49;
36439 : 49;
36440 : 49;
36441 : 49;
36442 : 49;
36443 : 49;
36444 : 49;
36445 : 49;
36446 : 49;
36447 : 49;
36448 : 49;
36449 : 49;
36450 : 49;
36451 : 49;
36452 : 49;
36453 : 49;
36454 : 69;
36455 : 69;
36456 : 69;
36457 : 69;
36458 : 69;
36459 : 49;
36460 : 49;
36461 : 49;
36462 : 49;
36463 : 49;
36464 : 49;
36465 : 49;
36466 : 49;
36467 : 49;
36468 : 49;
36469 : 00;
36470 : 92;
36471 : 49;
36472 : 49;
36473 : 49;
36474 : 49;
36475 : 49;
36476 : 49;
36477 : 24;
36478 : 24;
36479 : 24;
36480 : 64;
36481 : 64;
36482 : 64;
36483 : 64;
36484 : 64;
36485 : 64;
36486 : 64;
36487 : 64;
36488 : 64;
36489 : 64;
36490 : 64;
36491 : 64;
36492 : 64;
36493 : 64;
36494 : 64;
36495 : 64;
36496 : 64;
36497 : 64;
36498 : 64;
36499 : 64;
36500 : 64;
36501 : 64;
36502 : 64;
36503 : 64;
36504 : 64;
36505 : 64;
36506 : 64;
36507 : 64;
36508 : 60;
36509 : 60;
36510 : 64;
36511 : 64;
36512 : 64;
36513 : 64;
36514 : 64;
36515 : 64;
36516 : 64;
36517 : 64;
36518 : 64;
36519 : 64;
36520 : 64;
36521 : 64;
36522 : 64;
36523 : 64;
36524 : 64;
36525 : 64;
36526 : 64;
36527 : 64;
36528 : 64;
36529 : 64;
36530 : 64;
36531 : 64;
36532 : 64;
36533 : 84;
36534 : 84;
36535 : 85;
36536 : 64;
36537 : 64;
36538 : 64;
36539 : 64;
36540 : 64;
36541 : 64;
36542 : 64;
36543 : 40;
36544 : 60;
36545 : 64;
36546 : 64;
36547 : 64;
36548 : 64;
36549 : 84;
36550 : 64;
36551 : 85;
36552 : 60;
36553 : 60;
36554 : 40;
36555 : 84;
36556 : 64;
36557 : 64;
36558 : 64;
36559 : 64;
36560 : 64;
36561 : 64;
36562 : 64;
36563 : 64;
36564 : 64;
36565 : 64;
36566 : 40;
36567 : 40;
36568 : 40;
36569 : 40;
36570 : 40;
36571 : 20;
36572 : 40;
36573 : 40;
36574 : 40;
36575 : 40;
36576 : 40;
36577 : 40;
36578 : 44;
36579 : 40;
36580 : 40;
36581 : 40;
36582 : 40;
36583 : 40;
36584 : 40;
36585 : 40;
36586 : 64;
36587 : 64;
36588 : 64;
36589 : 64;
36590 : 64;
36591 : 64;
36592 : 85;
36593 : 85;
36594 : 64;
36595 : 64;
36596 : 40;
36597 : 40;
36598 : 64;
36599 : 64;
36600 : 64;
36601 : 40;
36602 : 64;
36603 : 64;
36604 : 64;
36605 : 85;
36606 : 64;
36607 : 64;
36608 : 64;
36609 : 64;
36610 : 64;
36611 : 64;
36612 : 64;
36613 : 64;
36614 : 64;
36615 : 64;
36616 : 64;
36617 : 64;
36618 : 64;
36619 : 64;
36620 : 64;
36621 : 85;
36622 : 85;
36623 : 85;
36624 : 85;
36625 : 64;
36626 : 64;
36627 : 64;
36628 : 64;
36629 : 64;
36630 : 65;
36631 : 64;
36632 : 64;
36633 : 85;
36634 : 85;
36635 : 85;
36636 : 89;
36637 : 89;
36638 : 89;
36639 : 89;
36640 : 89;
36641 : 85;
36642 : 89;
36643 : 85;
36644 : 85;
36645 : 85;
36646 : 85;
36647 : 85;
36648 : 85;
36649 : 85;
36650 : 64;
36651 : 64;
36652 : 85;
36653 : 89;
36654 : 20;
36655 : 85;
36656 : 84;
36657 : 85;
36658 : 64;
36659 : 64;
36660 : 64;
36661 : 64;
36662 : 64;
36663 : 64;
36664 : 64;
36665 : 64;
36666 : 64;
36667 : 20;
36668 : 40;
36669 : 40;
36670 : 40;
36671 : 40;
36672 : 64;
36673 : 64;
36674 : 64;
36675 : 64;
36676 : 84;
36677 : 40;
36678 : 85;
36679 : 64;
36680 : 40;
36681 : 20;
36682 : 20;
36683 : 64;
36684 : 64;
36685 : 84;
36686 : 85;
36687 : 64;
36688 : 40;
36689 : 64;
36690 : 64;
36691 : 64;
36692 : 64;
36693 : 64;
36694 : 64;
36695 : 64;
36696 : 64;
36697 : 64;
36698 : 64;
36699 : 64;
36700 : 64;
36701 : 64;
36702 : 64;
36703 : 64;
36704 : 40;
36705 : 64;
36706 : 20;
36707 : 64;
36708 : 85;
36709 : A9;
36710 : 85;
36711 : 60;
36712 : 40;
36713 : 40;
36714 : 20;
36715 : 20;
36716 : 40;
36717 : 40;
36718 : 40;
36719 : 20;
36720 : 24;
36721 : 24;
36722 : 69;
36723 : 49;
36724 : 49;
36725 : 49;
36726 : 69;
36727 : 69;
36728 : 49;
36729 : 00;
36730 : 92;
36731 : 69;
36732 : 69;
36733 : 49;
36734 : 49;
36735 : 49;
36736 : 49;
36737 : 49;
36738 : 49;
36739 : 49;
36740 : 49;
36741 : 49;
36742 : 49;
36743 : 49;
36744 : 49;
36745 : 49;
36746 : 49;
36747 : 49;
36748 : 49;
36749 : 49;
36750 : 49;
36751 : 49;
36752 : 49;
36753 : 49;
36754 : 49;
36755 : 49;
36756 : 49;
36757 : 49;
36758 : 49;
36759 : 49;
36760 : 49;
36761 : 49;
36762 : 49;
36763 : 49;
36764 : 49;
36765 : 49;
36766 : 49;
36767 : 49;
36768 : 49;
36769 : 49;
36770 : 49;
36771 : 49;
36772 : 49;
36773 : 49;
36774 : 69;
36775 : 69;
36776 : 49;
36777 : 69;
36778 : 49;
36779 : 49;
36780 : 49;
36781 : 49;
36782 : 49;
36783 : 49;
36784 : 49;
36785 : 49;
36786 : 49;
36787 : 49;
36788 : 49;
36789 : 00;
36790 : 92;
36791 : 49;
36792 : 49;
36793 : 49;
36794 : 49;
36795 : 49;
36796 : 49;
36797 : 24;
36798 : 24;
36799 : 24;
36800 : 64;
36801 : 64;
36802 : 64;
36803 : 64;
36804 : 64;
36805 : 64;
36806 : 64;
36807 : 64;
36808 : 64;
36809 : 64;
36810 : 64;
36811 : 64;
36812 : 64;
36813 : 64;
36814 : 64;
36815 : 64;
36816 : 64;
36817 : 64;
36818 : 64;
36819 : 64;
36820 : 64;
36821 : 64;
36822 : 64;
36823 : 64;
36824 : 64;
36825 : 64;
36826 : 64;
36827 : 64;
36828 : 64;
36829 : 64;
36830 : 64;
36831 : 64;
36832 : 64;
36833 : 64;
36834 : 64;
36835 : 64;
36836 : 64;
36837 : 64;
36838 : 64;
36839 : 64;
36840 : 64;
36841 : 64;
36842 : 64;
36843 : 64;
36844 : 64;
36845 : 64;
36846 : 64;
36847 : 64;
36848 : 64;
36849 : 64;
36850 : 64;
36851 : 64;
36852 : 84;
36853 : 84;
36854 : 85;
36855 : 64;
36856 : 64;
36857 : 64;
36858 : 64;
36859 : 64;
36860 : 64;
36861 : 64;
36862 : 40;
36863 : 60;
36864 : 60;
36865 : 64;
36866 : 64;
36867 : 64;
36868 : 84;
36869 : 64;
36870 : 85;
36871 : 84;
36872 : 60;
36873 : 84;
36874 : 40;
36875 : 84;
36876 : 64;
36877 : 64;
36878 : 64;
36879 : 64;
36880 : 64;
36881 : 64;
36882 : 64;
36883 : 64;
36884 : 64;
36885 : 40;
36886 : 40;
36887 : 40;
36888 : 40;
36889 : 40;
36890 : 20;
36891 : 40;
36892 : 40;
36893 : 40;
36894 : 40;
36895 : 40;
36896 : 40;
36897 : 40;
36898 : 40;
36899 : 40;
36900 : 40;
36901 : 40;
36902 : 40;
36903 : 40;
36904 : 40;
36905 : 40;
36906 : 64;
36907 : 64;
36908 : 64;
36909 : 64;
36910 : 64;
36911 : 64;
36912 : 85;
36913 : 64;
36914 : 64;
36915 : 40;
36916 : 40;
36917 : 64;
36918 : 64;
36919 : 64;
36920 : 40;
36921 : 44;
36922 : 64;
36923 : 64;
36924 : 64;
36925 : 40;
36926 : 64;
36927 : 64;
36928 : 64;
36929 : 64;
36930 : 84;
36931 : 64;
36932 : 64;
36933 : 64;
36934 : 64;
36935 : 64;
36936 : 64;
36937 : 64;
36938 : 64;
36939 : 64;
36940 : 84;
36941 : 84;
36942 : 85;
36943 : 85;
36944 : 64;
36945 : 64;
36946 : 64;
36947 : 64;
36948 : 64;
36949 : 64;
36950 : 64;
36951 : 64;
36952 : 85;
36953 : 85;
36954 : 85;
36955 : 85;
36956 : 89;
36957 : 85;
36958 : 89;
36959 : 85;
36960 : 89;
36961 : 89;
36962 : 85;
36963 : 85;
36964 : 85;
36965 : 85;
36966 : 85;
36967 : 85;
36968 : 84;
36969 : 65;
36970 : 64;
36971 : 64;
36972 : 65;
36973 : 40;
36974 : 64;
36975 : 84;
36976 : 84;
36977 : 40;
36978 : 40;
36979 : 40;
36980 : 40;
36981 : 40;
36982 : 40;
36983 : 20;
36984 : 20;
36985 : 40;
36986 : 20;
36987 : 40;
36988 : 40;
36989 : 40;
36990 : 85;
36991 : 64;
36992 : 64;
36993 : 64;
36994 : 64;
36995 : 64;
36996 : 64;
36997 : 84;
36998 : 40;
36999 : 40;
37000 : 64;
37001 : 40;
37002 : 40;
37003 : 20;
37004 : 64;
37005 : 64;
37006 : 84;
37007 : 84;
37008 : 64;
37009 : 20;
37010 : 64;
37011 : 64;
37012 : 64;
37013 : 64;
37014 : 64;
37015 : 64;
37016 : 64;
37017 : 64;
37018 : 64;
37019 : 64;
37020 : 64;
37021 : 64;
37022 : 64;
37023 : 60;
37024 : 60;
37025 : 20;
37026 : 64;
37027 : 84;
37028 : A9;
37029 : 64;
37030 : 85;
37031 : 40;
37032 : 40;
37033 : 40;
37034 : 20;
37035 : 40;
37036 : 40;
37037 : 40;
37038 : 40;
37039 : 20;
37040 : 24;
37041 : 24;
37042 : 49;
37043 : 49;
37044 : 49;
37045 : 49;
37046 : 49;
37047 : 49;
37048 : 49;
37049 : 00;
37050 : 92;
37051 : 6D;
37052 : 69;
37053 : 49;
37054 : 49;
37055 : 49;
37056 : 49;
37057 : 49;
37058 : 49;
37059 : 49;
37060 : 49;
37061 : 49;
37062 : 49;
37063 : 49;
37064 : 49;
37065 : 49;
37066 : 49;
37067 : 49;
37068 : 49;
37069 : 49;
37070 : 49;
37071 : 49;
37072 : 49;
37073 : 49;
37074 : 49;
37075 : 49;
37076 : 49;
37077 : 49;
37078 : 49;
37079 : 49;
37080 : 49;
37081 : 49;
37082 : 49;
37083 : 49;
37084 : 49;
37085 : 49;
37086 : 49;
37087 : 49;
37088 : 49;
37089 : 49;
37090 : 49;
37091 : 49;
37092 : 49;
37093 : 49;
37094 : 49;
37095 : 49;
37096 : 49;
37097 : 49;
37098 : 49;
37099 : 49;
37100 : 49;
37101 : 49;
37102 : 49;
37103 : 49;
37104 : 49;
37105 : 49;
37106 : 49;
37107 : 49;
37108 : 49;
37109 : 00;
37110 : 92;
37111 : 49;
37112 : 49;
37113 : 49;
37114 : 49;
37115 : 49;
37116 : 49;
37117 : 24;
37118 : 24;
37119 : 24;
37120 : 64;
37121 : 64;
37122 : 64;
37123 : 64;
37124 : 64;
37125 : 64;
37126 : 64;
37127 : 64;
37128 : 64;
37129 : 64;
37130 : 64;
37131 : 64;
37132 : 64;
37133 : 64;
37134 : 64;
37135 : 64;
37136 : 64;
37137 : 64;
37138 : 64;
37139 : 64;
37140 : 64;
37141 : 64;
37142 : 64;
37143 : 64;
37144 : 64;
37145 : 64;
37146 : 64;
37147 : 64;
37148 : 64;
37149 : 64;
37150 : 64;
37151 : 64;
37152 : 64;
37153 : 64;
37154 : 64;
37155 : 64;
37156 : 64;
37157 : 64;
37158 : 64;
37159 : 64;
37160 : 64;
37161 : 64;
37162 : 64;
37163 : 64;
37164 : 64;
37165 : 64;
37166 : 64;
37167 : 64;
37168 : 64;
37169 : 64;
37170 : 84;
37171 : 85;
37172 : 84;
37173 : 64;
37174 : 64;
37175 : 64;
37176 : 64;
37177 : 64;
37178 : 64;
37179 : 64;
37180 : 60;
37181 : 60;
37182 : 60;
37183 : 60;
37184 : 60;
37185 : 64;
37186 : 64;
37187 : 64;
37188 : 84;
37189 : 84;
37190 : 85;
37191 : 85;
37192 : 40;
37193 : 85;
37194 : 40;
37195 : 84;
37196 : 64;
37197 : 64;
37198 : 64;
37199 : 64;
37200 : 64;
37201 : 64;
37202 : 64;
37203 : 64;
37204 : 40;
37205 : 40;
37206 : 40;
37207 : 40;
37208 : 40;
37209 : 40;
37210 : 40;
37211 : 40;
37212 : 40;
37213 : 40;
37214 : 40;
37215 : 40;
37216 : 40;
37217 : 40;
37218 : 44;
37219 : 40;
37220 : 40;
37221 : 40;
37222 : 40;
37223 : 40;
37224 : 40;
37225 : 44;
37226 : 64;
37227 : 64;
37228 : 64;
37229 : 64;
37230 : 64;
37231 : 85;
37232 : 84;
37233 : 64;
37234 : 64;
37235 : 40;
37236 : 40;
37237 : 64;
37238 : 64;
37239 : 64;
37240 : 40;
37241 : 64;
37242 : 64;
37243 : 64;
37244 : 64;
37245 : 64;
37246 : 64;
37247 : 64;
37248 : 64;
37249 : 64;
37250 : 64;
37251 : 64;
37252 : 64;
37253 : 64;
37254 : 64;
37255 : 64;
37256 : 64;
37257 : 64;
37258 : 64;
37259 : 84;
37260 : 85;
37261 : 85;
37262 : 84;
37263 : 64;
37264 : 64;
37265 : 64;
37266 : 64;
37267 : 64;
37268 : 64;
37269 : 64;
37270 : 64;
37271 : 64;
37272 : 64;
37273 : 64;
37274 : 64;
37275 : 64;
37276 : 64;
37277 : 64;
37278 : 89;
37279 : 89;
37280 : 89;
37281 : 89;
37282 : 89;
37283 : 89;
37284 : 85;
37285 : 85;
37286 : 85;
37287 : 85;
37288 : 84;
37289 : 84;
37290 : 85;
37291 : 64;
37292 : 44;
37293 : 85;
37294 : 85;
37295 : 64;
37296 : 40;
37297 : 64;
37298 : 64;
37299 : 85;
37300 : 84;
37301 : 64;
37302 : 64;
37303 : 40;
37304 : 44;
37305 : 44;
37306 : 40;
37307 : 64;
37308 : 64;
37309 : 64;
37310 : 64;
37311 : 64;
37312 : 64;
37313 : 65;
37314 : 85;
37315 : 64;
37316 : 64;
37317 : 40;
37318 : 64;
37319 : 85;
37320 : 85;
37321 : 85;
37322 : 85;
37323 : 40;
37324 : 40;
37325 : 64;
37326 : 64;
37327 : 85;
37328 : 85;
37329 : 64;
37330 : 40;
37331 : 40;
37332 : 64;
37333 : 40;
37334 : 64;
37335 : 64;
37336 : 64;
37337 : 64;
37338 : 64;
37339 : 64;
37340 : 64;
37341 : 64;
37342 : 40;
37343 : 40;
37344 : 40;
37345 : 64;
37346 : 85;
37347 : A9;
37348 : 85;
37349 : 64;
37350 : 64;
37351 : 40;
37352 : 40;
37353 : 20;
37354 : 40;
37355 : 40;
37356 : 40;
37357 : 40;
37358 : 40;
37359 : 20;
37360 : 24;
37361 : 24;
37362 : 69;
37363 : 49;
37364 : 49;
37365 : 49;
37366 : 6D;
37367 : 69;
37368 : 49;
37369 : 00;
37370 : 92;
37371 : 69;
37372 : 49;
37373 : 49;
37374 : 49;
37375 : 49;
37376 : 49;
37377 : 49;
37378 : 49;
37379 : 49;
37380 : 49;
37381 : 49;
37382 : 49;
37383 : 49;
37384 : 49;
37385 : 49;
37386 : 49;
37387 : 49;
37388 : 49;
37389 : 49;
37390 : 49;
37391 : 49;
37392 : 49;
37393 : 49;
37394 : 49;
37395 : 49;
37396 : 49;
37397 : 49;
37398 : 49;
37399 : 49;
37400 : 49;
37401 : 49;
37402 : 49;
37403 : 49;
37404 : 49;
37405 : 49;
37406 : 49;
37407 : 49;
37408 : 49;
37409 : 49;
37410 : 49;
37411 : 49;
37412 : 49;
37413 : 49;
37414 : 49;
37415 : 69;
37416 : 69;
37417 : 49;
37418 : 49;
37419 : 49;
37420 : 49;
37421 : 49;
37422 : 49;
37423 : 49;
37424 : 49;
37425 : 49;
37426 : 49;
37427 : 49;
37428 : 49;
37429 : 00;
37430 : 92;
37431 : 49;
37432 : 49;
37433 : 49;
37434 : 49;
37435 : 49;
37436 : 49;
37437 : 24;
37438 : 24;
37439 : 24;
37440 : 64;
37441 : 64;
37442 : 64;
37443 : 64;
37444 : 64;
37445 : 64;
37446 : 64;
37447 : 64;
37448 : 64;
37449 : 64;
37450 : 64;
37451 : 64;
37452 : 64;
37453 : 64;
37454 : 64;
37455 : 64;
37456 : 64;
37457 : 64;
37458 : 64;
37459 : 64;
37460 : 64;
37461 : 64;
37462 : 64;
37463 : 64;
37464 : 64;
37465 : 64;
37466 : 64;
37467 : 64;
37468 : 64;
37469 : 64;
37470 : 64;
37471 : 64;
37472 : 64;
37473 : 64;
37474 : 64;
37475 : 64;
37476 : 64;
37477 : 64;
37478 : 64;
37479 : 64;
37480 : 64;
37481 : 64;
37482 : 64;
37483 : 64;
37484 : 64;
37485 : 64;
37486 : 64;
37487 : 64;
37488 : 84;
37489 : 84;
37490 : 64;
37491 : 64;
37492 : 64;
37493 : 64;
37494 : 64;
37495 : 64;
37496 : 60;
37497 : 60;
37498 : 60;
37499 : 60;
37500 : 64;
37501 : 40;
37502 : 40;
37503 : 60;
37504 : 64;
37505 : 64;
37506 : 64;
37507 : 84;
37508 : 64;
37509 : 84;
37510 : 85;
37511 : 85;
37512 : 64;
37513 : 84;
37514 : 40;
37515 : 84;
37516 : 64;
37517 : 64;
37518 : 64;
37519 : 64;
37520 : 64;
37521 : 64;
37522 : 64;
37523 : 40;
37524 : 40;
37525 : 40;
37526 : 40;
37527 : 40;
37528 : 40;
37529 : 40;
37530 : 40;
37531 : 40;
37532 : 40;
37533 : 40;
37534 : 44;
37535 : 40;
37536 : 40;
37537 : 40;
37538 : 44;
37539 : 40;
37540 : 40;
37541 : 40;
37542 : 40;
37543 : 40;
37544 : 40;
37545 : 64;
37546 : 64;
37547 : 64;
37548 : 64;
37549 : 64;
37550 : 64;
37551 : 84;
37552 : 64;
37553 : 64;
37554 : 40;
37555 : 40;
37556 : 40;
37557 : 64;
37558 : 64;
37559 : 40;
37560 : 44;
37561 : 64;
37562 : 64;
37563 : 64;
37564 : 64;
37565 : 64;
37566 : 64;
37567 : 64;
37568 : 64;
37569 : 64;
37570 : 64;
37571 : 64;
37572 : 64;
37573 : 64;
37574 : 64;
37575 : 64;
37576 : 64;
37577 : 64;
37578 : 64;
37579 : 85;
37580 : 85;
37581 : 84;
37582 : 64;
37583 : 64;
37584 : 64;
37585 : 64;
37586 : 84;
37587 : 64;
37588 : 64;
37589 : 64;
37590 : 64;
37591 : 85;
37592 : 85;
37593 : 64;
37594 : 40;
37595 : 64;
37596 : 85;
37597 : 85;
37598 : 40;
37599 : A9;
37600 : 89;
37601 : 89;
37602 : 89;
37603 : 89;
37604 : 89;
37605 : 85;
37606 : 85;
37607 : 85;
37608 : 85;
37609 : 85;
37610 : 40;
37611 : 40;
37612 : 85;
37613 : 84;
37614 : 64;
37615 : 40;
37616 : 64;
37617 : 84;
37618 : 84;
37619 : 64;
37620 : 64;
37621 : 64;
37622 : 64;
37623 : 64;
37624 : 64;
37625 : 64;
37626 : 64;
37627 : 64;
37628 : 64;
37629 : 64;
37630 : 64;
37631 : 64;
37632 : 64;
37633 : 84;
37634 : 85;
37635 : 40;
37636 : 64;
37637 : 64;
37638 : 85;
37639 : 85;
37640 : 85;
37641 : 85;
37642 : 84;
37643 : 64;
37644 : 44;
37645 : 40;
37646 : 64;
37647 : 64;
37648 : 85;
37649 : A9;
37650 : 84;
37651 : 64;
37652 : 40;
37653 : 40;
37654 : 20;
37655 : 20;
37656 : 20;
37657 : 20;
37658 : 40;
37659 : 40;
37660 : 20;
37661 : 20;
37662 : 64;
37663 : 64;
37664 : 64;
37665 : 85;
37666 : A9;
37667 : A9;
37668 : 64;
37669 : 60;
37670 : 40;
37671 : 40;
37672 : 20;
37673 : 40;
37674 : 40;
37675 : 40;
37676 : 40;
37677 : 40;
37678 : 40;
37679 : 40;
37680 : 24;
37681 : 24;
37682 : 69;
37683 : 25;
37684 : 49;
37685 : 49;
37686 : 49;
37687 : 49;
37688 : 49;
37689 : 00;
37690 : 92;
37691 : 69;
37692 : 49;
37693 : 49;
37694 : 49;
37695 : 49;
37696 : 49;
37697 : 49;
37698 : 49;
37699 : 49;
37700 : 49;
37701 : 49;
37702 : 49;
37703 : 49;
37704 : 49;
37705 : 49;
37706 : 49;
37707 : 49;
37708 : 49;
37709 : 49;
37710 : 49;
37711 : 49;
37712 : 49;
37713 : 49;
37714 : 49;
37715 : 49;
37716 : 49;
37717 : 49;
37718 : 49;
37719 : 49;
37720 : 49;
37721 : 49;
37722 : 49;
37723 : 49;
37724 : 49;
37725 : 49;
37726 : 49;
37727 : 49;
37728 : 49;
37729 : 49;
37730 : 49;
37731 : 49;
37732 : 49;
37733 : 49;
37734 : 49;
37735 : 69;
37736 : 49;
37737 : 69;
37738 : 49;
37739 : 49;
37740 : 49;
37741 : 49;
37742 : 49;
37743 : 49;
37744 : 49;
37745 : 49;
37746 : 49;
37747 : 49;
37748 : 49;
37749 : 00;
37750 : 92;
37751 : 49;
37752 : 49;
37753 : 49;
37754 : 49;
37755 : 49;
37756 : 49;
37757 : 24;
37758 : 24;
37759 : 24;
37760 : 64;
37761 : 64;
37762 : 64;
37763 : 64;
37764 : 64;
37765 : 64;
37766 : 64;
37767 : 64;
37768 : 64;
37769 : 64;
37770 : 64;
37771 : 64;
37772 : 64;
37773 : 64;
37774 : 64;
37775 : 64;
37776 : 64;
37777 : 64;
37778 : 64;
37779 : 64;
37780 : 64;
37781 : 64;
37782 : 64;
37783 : 64;
37784 : 64;
37785 : 64;
37786 : 64;
37787 : 64;
37788 : 64;
37789 : 64;
37790 : 64;
37791 : 64;
37792 : 64;
37793 : 64;
37794 : 64;
37795 : 64;
37796 : 64;
37797 : 64;
37798 : 64;
37799 : 64;
37800 : 64;
37801 : 64;
37802 : 64;
37803 : 64;
37804 : 64;
37805 : 84;
37806 : 84;
37807 : 84;
37808 : 84;
37809 : 64;
37810 : 64;
37811 : 64;
37812 : 64;
37813 : 64;
37814 : 60;
37815 : 60;
37816 : 60;
37817 : 60;
37818 : 60;
37819 : 60;
37820 : 40;
37821 : 40;
37822 : 40;
37823 : 40;
37824 : 64;
37825 : 64;
37826 : 84;
37827 : 84;
37828 : 84;
37829 : 85;
37830 : 85;
37831 : 64;
37832 : 64;
37833 : 85;
37834 : 40;
37835 : 40;
37836 : 64;
37837 : 64;
37838 : 64;
37839 : 64;
37840 : 64;
37841 : 64;
37842 : 40;
37843 : 40;
37844 : 40;
37845 : 40;
37846 : 40;
37847 : 40;
37848 : 40;
37849 : 40;
37850 : 40;
37851 : 40;
37852 : 40;
37853 : 40;
37854 : 40;
37855 : 44;
37856 : 40;
37857 : 40;
37858 : 44;
37859 : 40;
37860 : 40;
37861 : 40;
37862 : 40;
37863 : 40;
37864 : 40;
37865 : 64;
37866 : 64;
37867 : 64;
37868 : 64;
37869 : 85;
37870 : 85;
37871 : 85;
37872 : 64;
37873 : 64;
37874 : 40;
37875 : 40;
37876 : 64;
37877 : 64;
37878 : 44;
37879 : 40;
37880 : 64;
37881 : 64;
37882 : 64;
37883 : 64;
37884 : 44;
37885 : 64;
37886 : 64;
37887 : 64;
37888 : 64;
37889 : 64;
37890 : 64;
37891 : 64;
37892 : 64;
37893 : 64;
37894 : 64;
37895 : 64;
37896 : 64;
37897 : 64;
37898 : 85;
37899 : 85;
37900 : 85;
37901 : 64;
37902 : 64;
37903 : 64;
37904 : 64;
37905 : 84;
37906 : 64;
37907 : 64;
37908 : 64;
37909 : 65;
37910 : 85;
37911 : 85;
37912 : 89;
37913 : 89;
37914 : 89;
37915 : 40;
37916 : 40;
37917 : 40;
37918 : 85;
37919 : 40;
37920 : 40;
37921 : 40;
37922 : 40;
37923 : 40;
37924 : 40;
37925 : 40;
37926 : 40;
37927 : 40;
37928 : 40;
37929 : 20;
37930 : 85;
37931 : 85;
37932 : 64;
37933 : 60;
37934 : 40;
37935 : 40;
37936 : 85;
37937 : 64;
37938 : 64;
37939 : 64;
37940 : 64;
37941 : 64;
37942 : 64;
37943 : 64;
37944 : 64;
37945 : 64;
37946 : 64;
37947 : 64;
37948 : 64;
37949 : 64;
37950 : 64;
37951 : 64;
37952 : 85;
37953 : 85;
37954 : A9;
37955 : 40;
37956 : 64;
37957 : 85;
37958 : 85;
37959 : 85;
37960 : 85;
37961 : 85;
37962 : 85;
37963 : 64;
37964 : 85;
37965 : 40;
37966 : 40;
37967 : 64;
37968 : 64;
37969 : 84;
37970 : A9;
37971 : A9;
37972 : 85;
37973 : 64;
37974 : 40;
37975 : 40;
37976 : 64;
37977 : 64;
37978 : 64;
37979 : 64;
37980 : 85;
37981 : 85;
37982 : 85;
37983 : 84;
37984 : A9;
37985 : A9;
37986 : A9;
37987 : 64;
37988 : 64;
37989 : 60;
37990 : 40;
37991 : 40;
37992 : 20;
37993 : 40;
37994 : 40;
37995 : 40;
37996 : 40;
37997 : 40;
37998 : 40;
37999 : 40;
38000 : 24;
38001 : 24;
38002 : 6D;
38003 : 49;
38004 : 49;
38005 : 49;
38006 : 49;
38007 : 49;
38008 : 49;
38009 : 00;
38010 : 92;
38011 : 49;
38012 : 49;
38013 : 49;
38014 : 49;
38015 : 49;
38016 : 49;
38017 : 49;
38018 : 49;
38019 : 49;
38020 : 49;
38021 : 49;
38022 : 49;
38023 : 49;
38024 : 49;
38025 : 49;
38026 : 49;
38027 : 49;
38028 : 49;
38029 : 49;
38030 : 49;
38031 : 49;
38032 : 49;
38033 : 49;
38034 : 49;
38035 : 49;
38036 : 49;
38037 : 49;
38038 : 49;
38039 : 49;
38040 : 49;
38041 : 49;
38042 : 49;
38043 : 49;
38044 : 49;
38045 : 49;
38046 : 49;
38047 : 49;
38048 : 49;
38049 : 49;
38050 : 49;
38051 : 49;
38052 : 49;
38053 : 49;
38054 : 49;
38055 : 69;
38056 : 49;
38057 : 69;
38058 : 49;
38059 : 49;
38060 : 49;
38061 : 49;
38062 : 49;
38063 : 49;
38064 : 49;
38065 : 49;
38066 : 49;
38067 : 49;
38068 : 49;
38069 : 00;
38070 : 92;
38071 : 49;
38072 : 49;
38073 : 49;
38074 : 49;
38075 : 49;
38076 : 49;
38077 : 24;
38078 : 24;
38079 : 24;
38080 : 64;
38081 : 64;
38082 : 64;
38083 : 64;
38084 : 64;
38085 : 64;
38086 : 64;
38087 : 64;
38088 : 64;
38089 : 64;
38090 : 64;
38091 : 64;
38092 : 64;
38093 : 64;
38094 : 64;
38095 : 64;
38096 : 64;
38097 : 64;
38098 : 64;
38099 : 64;
38100 : 64;
38101 : 64;
38102 : 64;
38103 : 64;
38104 : 64;
38105 : 64;
38106 : 64;
38107 : 64;
38108 : 64;
38109 : 64;
38110 : 64;
38111 : 64;
38112 : 64;
38113 : 64;
38114 : 64;
38115 : 64;
38116 : 64;
38117 : 64;
38118 : 64;
38119 : 64;
38120 : 64;
38121 : 64;
38122 : 64;
38123 : 64;
38124 : 85;
38125 : 84;
38126 : 64;
38127 : 64;
38128 : 64;
38129 : 64;
38130 : 64;
38131 : 64;
38132 : 60;
38133 : 60;
38134 : 60;
38135 : 60;
38136 : 60;
38137 : 60;
38138 : 40;
38139 : 40;
38140 : 40;
38141 : 40;
38142 : 40;
38143 : 40;
38144 : 64;
38145 : 64;
38146 : 84;
38147 : 84;
38148 : 84;
38149 : 85;
38150 : 85;
38151 : 64;
38152 : 64;
38153 : 60;
38154 : A9;
38155 : 40;
38156 : 64;
38157 : 64;
38158 : 64;
38159 : 64;
38160 : 40;
38161 : 40;
38162 : 40;
38163 : 40;
38164 : 40;
38165 : 20;
38166 : 40;
38167 : 40;
38168 : 40;
38169 : 40;
38170 : 40;
38171 : 40;
38172 : 44;
38173 : 44;
38174 : 40;
38175 : 40;
38176 : 40;
38177 : 44;
38178 : 40;
38179 : 40;
38180 : 40;
38181 : 40;
38182 : 40;
38183 : 40;
38184 : 64;
38185 : 64;
38186 : 64;
38187 : 64;
38188 : 64;
38189 : 85;
38190 : 85;
38191 : 85;
38192 : 64;
38193 : 40;
38194 : 40;
38195 : 64;
38196 : 64;
38197 : 64;
38198 : 40;
38199 : 64;
38200 : 64;
38201 : 64;
38202 : 64;
38203 : 64;
38204 : 64;
38205 : 64;
38206 : 64;
38207 : 64;
38208 : 64;
38209 : 64;
38210 : 64;
38211 : 64;
38212 : 64;
38213 : 64;
38214 : 64;
38215 : 64;
38216 : 64;
38217 : 84;
38218 : 85;
38219 : 85;
38220 : 64;
38221 : 64;
38222 : 64;
38223 : 64;
38224 : 64;
38225 : 64;
38226 : 64;
38227 : 64;
38228 : 64;
38229 : 85;
38230 : 85;
38231 : 85;
38232 : 89;
38233 : 89;
38234 : 89;
38235 : 89;
38236 : 89;
38237 : 44;
38238 : 84;
38239 : 85;
38240 : 85;
38241 : 85;
38242 : 85;
38243 : 85;
38244 : 85;
38245 : 85;
38246 : 85;
38247 : 85;
38248 : 85;
38249 : 85;
38250 : 64;
38251 : 85;
38252 : 64;
38253 : 40;
38254 : 44;
38255 : 85;
38256 : 64;
38257 : 64;
38258 : 64;
38259 : 64;
38260 : 64;
38261 : 64;
38262 : 64;
38263 : 64;
38264 : 65;
38265 : 64;
38266 : 64;
38267 : 64;
38268 : 64;
38269 : 64;
38270 : 64;
38271 : 85;
38272 : 85;
38273 : 89;
38274 : 40;
38275 : 89;
38276 : 40;
38277 : 85;
38278 : 85;
38279 : 85;
38280 : 85;
38281 : 85;
38282 : 85;
38283 : 64;
38284 : 64;
38285 : 85;
38286 : 40;
38287 : 20;
38288 : 64;
38289 : 64;
38290 : 64;
38291 : 85;
38292 : A9;
38293 : A9;
38294 : A9;
38295 : A9;
38296 : A9;
38297 : A9;
38298 : A9;
38299 : A9;
38300 : A9;
38301 : 85;
38302 : 84;
38303 : A9;
38304 : A9;
38305 : A9;
38306 : 84;
38307 : 64;
38308 : 64;
38309 : 40;
38310 : 40;
38311 : 20;
38312 : 40;
38313 : 40;
38314 : 40;
38315 : 40;
38316 : 40;
38317 : 40;
38318 : 40;
38319 : 40;
38320 : 24;
38321 : 24;
38322 : 6D;
38323 : 49;
38324 : 49;
38325 : 49;
38326 : 49;
38327 : 49;
38328 : 49;
38329 : 00;
38330 : 92;
38331 : 49;
38332 : 49;
38333 : 49;
38334 : 49;
38335 : 49;
38336 : 49;
38337 : 49;
38338 : 49;
38339 : 49;
38340 : 49;
38341 : 49;
38342 : 49;
38343 : 49;
38344 : 49;
38345 : 49;
38346 : 49;
38347 : 49;
38348 : 49;
38349 : 49;
38350 : 49;
38351 : 49;
38352 : 49;
38353 : 49;
38354 : 49;
38355 : 49;
38356 : 49;
38357 : 49;
38358 : 49;
38359 : 49;
38360 : 49;
38361 : 49;
38362 : 49;
38363 : 49;
38364 : 49;
38365 : 49;
38366 : 49;
38367 : 49;
38368 : 49;
38369 : 49;
38370 : 49;
38371 : 49;
38372 : 49;
38373 : 49;
38374 : 49;
38375 : 49;
38376 : 49;
38377 : 49;
38378 : 49;
38379 : 49;
38380 : 49;
38381 : 49;
38382 : 49;
38383 : 49;
38384 : 49;
38385 : 49;
38386 : 49;
38387 : 49;
38388 : 49;
38389 : 00;
38390 : 92;
38391 : 49;
38392 : 49;
38393 : 49;
38394 : 49;
38395 : 49;
38396 : 49;
38397 : 24;
38398 : 24;
38399 : 24;
38400 : 64;
38401 : 64;
38402 : 64;
38403 : 64;
38404 : 64;
38405 : 64;
38406 : 64;
38407 : 64;
38408 : 64;
38409 : 64;
38410 : 64;
38411 : 64;
38412 : 64;
38413 : 64;
38414 : 64;
38415 : 64;
38416 : 64;
38417 : 64;
38418 : 64;
38419 : 64;
38420 : 64;
38421 : 64;
38422 : 64;
38423 : 64;
38424 : 64;
38425 : 64;
38426 : 64;
38427 : 64;
38428 : 64;
38429 : 64;
38430 : 64;
38431 : 64;
38432 : 64;
38433 : 64;
38434 : 64;
38435 : 64;
38436 : 64;
38437 : 64;
38438 : 84;
38439 : 64;
38440 : 84;
38441 : 64;
38442 : 84;
38443 : 84;
38444 : 64;
38445 : 64;
38446 : 64;
38447 : 64;
38448 : 64;
38449 : 64;
38450 : 60;
38451 : 60;
38452 : 60;
38453 : 60;
38454 : 40;
38455 : 40;
38456 : 40;
38457 : 40;
38458 : 40;
38459 : 40;
38460 : 40;
38461 : 40;
38462 : 40;
38463 : 40;
38464 : 64;
38465 : 64;
38466 : 64;
38467 : 84;
38468 : 85;
38469 : 85;
38470 : 85;
38471 : 64;
38472 : 64;
38473 : 40;
38474 : 84;
38475 : 40;
38476 : 60;
38477 : 64;
38478 : 64;
38479 : 40;
38480 : 40;
38481 : 40;
38482 : 40;
38483 : 40;
38484 : 20;
38485 : 40;
38486 : 40;
38487 : 40;
38488 : 40;
38489 : 40;
38490 : 40;
38491 : 44;
38492 : 44;
38493 : 44;
38494 : 44;
38495 : 44;
38496 : 44;
38497 : 40;
38498 : 40;
38499 : 40;
38500 : 40;
38501 : 40;
38502 : 40;
38503 : 44;
38504 : 64;
38505 : 64;
38506 : 64;
38507 : 64;
38508 : 64;
38509 : 85;
38510 : 64;
38511 : 64;
38512 : 64;
38513 : 40;
38514 : 44;
38515 : 64;
38516 : 64;
38517 : 40;
38518 : 44;
38519 : 64;
38520 : 64;
38521 : 64;
38522 : 84;
38523 : 40;
38524 : 64;
38525 : 64;
38526 : 64;
38527 : 64;
38528 : 64;
38529 : 64;
38530 : 64;
38531 : 64;
38532 : 64;
38533 : 64;
38534 : 84;
38535 : 64;
38536 : 64;
38537 : 84;
38538 : 85;
38539 : 64;
38540 : 64;
38541 : 64;
38542 : 64;
38543 : 64;
38544 : 64;
38545 : 64;
38546 : 64;
38547 : 64;
38548 : 65;
38549 : 85;
38550 : 85;
38551 : 85;
38552 : 89;
38553 : 89;
38554 : 89;
38555 : 89;
38556 : 89;
38557 : 89;
38558 : 64;
38559 : 64;
38560 : 44;
38561 : 40;
38562 : 40;
38563 : 40;
38564 : 40;
38565 : 40;
38566 : 64;
38567 : 64;
38568 : 64;
38569 : 44;
38570 : 20;
38571 : 85;
38572 : 40;
38573 : 40;
38574 : 65;
38575 : 64;
38576 : 64;
38577 : 64;
38578 : 64;
38579 : 64;
38580 : 64;
38581 : 64;
38582 : 64;
38583 : 64;
38584 : 64;
38585 : 64;
38586 : 64;
38587 : 64;
38588 : 64;
38589 : 65;
38590 : 85;
38591 : 85;
38592 : 85;
38593 : 85;
38594 : 40;
38595 : 85;
38596 : 64;
38597 : 85;
38598 : 85;
38599 : 85;
38600 : 85;
38601 : 85;
38602 : 64;
38603 : 84;
38604 : 64;
38605 : 64;
38606 : 85;
38607 : 40;
38608 : 20;
38609 : 40;
38610 : 64;
38611 : 64;
38612 : 64;
38613 : 85;
38614 : 85;
38615 : 85;
38616 : 85;
38617 : 85;
38618 : 85;
38619 : 85;
38620 : 85;
38621 : 85;
38622 : 85;
38623 : 85;
38624 : A9;
38625 : 84;
38626 : 84;
38627 : 64;
38628 : 60;
38629 : 40;
38630 : 20;
38631 : 40;
38632 : 40;
38633 : 40;
38634 : 40;
38635 : 40;
38636 : 40;
38637 : 40;
38638 : 40;
38639 : 40;
38640 : 24;
38641 : 24;
38642 : 6D;
38643 : 49;
38644 : 49;
38645 : 49;
38646 : 69;
38647 : 49;
38648 : 49;
38649 : 00;
38650 : 92;
38651 : 49;
38652 : 49;
38653 : 49;
38654 : 49;
38655 : 49;
38656 : 49;
38657 : 49;
38658 : 49;
38659 : 49;
38660 : 49;
38661 : 49;
38662 : 49;
38663 : 49;
38664 : 49;
38665 : 49;
38666 : 49;
38667 : 49;
38668 : 49;
38669 : 49;
38670 : 49;
38671 : 49;
38672 : 49;
38673 : 49;
38674 : 49;
38675 : 49;
38676 : 49;
38677 : 49;
38678 : 49;
38679 : 49;
38680 : 49;
38681 : 49;
38682 : 49;
38683 : 49;
38684 : 49;
38685 : 49;
38686 : 49;
38687 : 49;
38688 : 49;
38689 : 49;
38690 : 49;
38691 : 49;
38692 : 49;
38693 : 49;
38694 : 49;
38695 : 49;
38696 : 49;
38697 : 49;
38698 : 49;
38699 : 49;
38700 : 49;
38701 : 49;
38702 : 49;
38703 : 49;
38704 : 49;
38705 : 49;
38706 : 49;
38707 : 49;
38708 : 49;
38709 : 00;
38710 : 92;
38711 : 49;
38712 : 49;
38713 : 49;
38714 : 49;
38715 : 49;
38716 : 49;
38717 : 24;
38718 : 24;
38719 : 24;
38720 : 84;
38721 : 84;
38722 : 84;
38723 : 64;
38724 : 64;
38725 : 64;
38726 : 64;
38727 : 64;
38728 : 64;
38729 : 64;
38730 : 64;
38731 : 64;
38732 : 64;
38733 : 64;
38734 : 64;
38735 : 64;
38736 : 64;
38737 : 64;
38738 : 64;
38739 : 64;
38740 : 64;
38741 : 64;
38742 : 64;
38743 : 64;
38744 : 64;
38745 : 64;
38746 : 64;
38747 : 64;
38748 : 64;
38749 : 64;
38750 : 64;
38751 : 64;
38752 : 64;
38753 : 64;
38754 : 64;
38755 : 64;
38756 : 64;
38757 : 64;
38758 : 64;
38759 : 64;
38760 : 64;
38761 : 64;
38762 : 64;
38763 : 64;
38764 : 64;
38765 : 60;
38766 : 60;
38767 : 60;
38768 : 60;
38769 : 60;
38770 : 60;
38771 : 60;
38772 : 40;
38773 : 40;
38774 : 40;
38775 : 40;
38776 : 40;
38777 : 40;
38778 : 40;
38779 : 40;
38780 : 40;
38781 : 40;
38782 : 40;
38783 : 64;
38784 : 64;
38785 : 64;
38786 : 64;
38787 : 64;
38788 : 85;
38789 : 84;
38790 : 85;
38791 : 64;
38792 : 64;
38793 : 64;
38794 : 20;
38795 : 64;
38796 : 40;
38797 : 40;
38798 : 40;
38799 : 40;
38800 : 40;
38801 : 40;
38802 : 40;
38803 : 40;
38804 : 40;
38805 : 40;
38806 : 40;
38807 : 40;
38808 : 40;
38809 : 40;
38810 : 40;
38811 : 40;
38812 : 40;
38813 : 40;
38814 : 40;
38815 : 44;
38816 : 40;
38817 : 40;
38818 : 40;
38819 : 40;
38820 : 40;
38821 : 40;
38822 : 44;
38823 : 64;
38824 : 64;
38825 : 64;
38826 : 64;
38827 : 84;
38828 : 85;
38829 : 64;
38830 : 64;
38831 : 64;
38832 : 40;
38833 : 40;
38834 : 64;
38835 : 64;
38836 : 44;
38837 : 40;
38838 : 44;
38839 : 64;
38840 : 64;
38841 : 64;
38842 : 40;
38843 : 64;
38844 : 64;
38845 : 64;
38846 : 64;
38847 : 64;
38848 : 64;
38849 : 64;
38850 : 64;
38851 : 64;
38852 : 64;
38853 : 85;
38854 : 40;
38855 : 64;
38856 : 40;
38857 : 64;
38858 : 64;
38859 : 64;
38860 : 64;
38861 : 64;
38862 : 64;
38863 : 64;
38864 : 64;
38865 : 64;
38866 : 64;
38867 : 64;
38868 : 64;
38869 : 85;
38870 : 85;
38871 : 89;
38872 : 89;
38873 : 89;
38874 : 89;
38875 : 89;
38876 : 89;
38877 : 89;
38878 : 89;
38879 : 89;
38880 : 85;
38881 : 85;
38882 : 85;
38883 : 65;
38884 : 64;
38885 : 64;
38886 : 64;
38887 : 64;
38888 : 64;
38889 : 40;
38890 : 64;
38891 : 85;
38892 : 40;
38893 : 64;
38894 : 64;
38895 : 64;
38896 : 64;
38897 : 64;
38898 : 64;
38899 : 64;
38900 : 64;
38901 : 64;
38902 : 64;
38903 : 64;
38904 : 64;
38905 : 64;
38906 : 64;
38907 : 85;
38908 : 65;
38909 : 85;
38910 : 85;
38911 : 85;
38912 : 85;
38913 : 64;
38914 : 85;
38915 : 40;
38916 : 85;
38917 : 85;
38918 : 85;
38919 : 85;
38920 : 85;
38921 : 85;
38922 : 84;
38923 : 84;
38924 : 64;
38925 : 64;
38926 : 64;
38927 : 64;
38928 : 64;
38929 : 20;
38930 : 20;
38931 : 40;
38932 : 40;
38933 : 64;
38934 : 64;
38935 : 64;
38936 : 64;
38937 : 60;
38938 : 64;
38939 : 64;
38940 : 64;
38941 : 40;
38942 : 85;
38943 : 85;
38944 : 85;
38945 : 84;
38946 : 64;
38947 : 40;
38948 : 40;
38949 : 20;
38950 : 40;
38951 : 40;
38952 : 40;
38953 : 40;
38954 : 40;
38955 : 40;
38956 : 40;
38957 : 40;
38958 : 40;
38959 : 40;
38960 : 24;
38961 : 24;
38962 : 6D;
38963 : 49;
38964 : 49;
38965 : 49;
38966 : 6D;
38967 : 69;
38968 : 49;
38969 : 00;
38970 : 92;
38971 : 49;
38972 : 49;
38973 : 49;
38974 : 49;
38975 : 49;
38976 : 49;
38977 : 49;
38978 : 49;
38979 : 49;
38980 : 49;
38981 : 49;
38982 : 49;
38983 : 49;
38984 : 49;
38985 : 49;
38986 : 49;
38987 : 49;
38988 : 49;
38989 : 49;
38990 : 49;
38991 : 49;
38992 : 49;
38993 : 49;
38994 : 49;
38995 : 49;
38996 : 49;
38997 : 49;
38998 : 49;
38999 : 49;
39000 : 49;
39001 : 49;
39002 : 49;
39003 : 49;
39004 : 49;
39005 : 49;
39006 : 49;
39007 : 49;
39008 : 49;
39009 : 49;
39010 : 49;
39011 : 49;
39012 : 49;
39013 : 49;
39014 : 49;
39015 : 49;
39016 : 49;
39017 : 49;
39018 : 49;
39019 : 49;
39020 : 49;
39021 : 49;
39022 : 49;
39023 : 49;
39024 : 49;
39025 : 49;
39026 : 49;
39027 : 49;
39028 : 49;
39029 : 00;
39030 : 92;
39031 : 49;
39032 : 49;
39033 : 49;
39034 : 49;
39035 : 49;
39036 : 49;
39037 : 24;
39038 : 24;
39039 : 24;
39040 : 85;
39041 : 85;
39042 : 84;
39043 : 84;
39044 : 84;
39045 : 85;
39046 : 64;
39047 : 64;
39048 : 64;
39049 : 64;
39050 : 64;
39051 : 64;
39052 : 64;
39053 : 64;
39054 : 64;
39055 : 64;
39056 : 64;
39057 : 64;
39058 : 64;
39059 : 64;
39060 : 64;
39061 : 64;
39062 : 64;
39063 : 64;
39064 : 64;
39065 : 64;
39066 : 64;
39067 : 64;
39068 : 64;
39069 : 64;
39070 : 64;
39071 : 64;
39072 : 64;
39073 : 64;
39074 : 64;
39075 : 64;
39076 : 64;
39077 : 64;
39078 : 64;
39079 : 64;
39080 : 64;
39081 : 64;
39082 : 60;
39083 : 60;
39084 : 60;
39085 : 60;
39086 : 60;
39087 : 60;
39088 : 60;
39089 : 40;
39090 : 40;
39091 : 40;
39092 : 40;
39093 : 40;
39094 : 40;
39095 : 40;
39096 : 40;
39097 : 40;
39098 : 40;
39099 : 40;
39100 : 40;
39101 : 40;
39102 : 40;
39103 : 64;
39104 : 64;
39105 : 64;
39106 : 64;
39107 : 64;
39108 : 85;
39109 : 85;
39110 : 64;
39111 : 64;
39112 : 64;
39113 : 64;
39114 : 64;
39115 : 20;
39116 : 64;
39117 : 40;
39118 : 40;
39119 : 40;
39120 : 40;
39121 : 40;
39122 : 40;
39123 : 40;
39124 : 40;
39125 : 40;
39126 : 40;
39127 : 40;
39128 : 44;
39129 : 40;
39130 : 44;
39131 : 44;
39132 : 44;
39133 : 44;
39134 : 44;
39135 : 44;
39136 : 40;
39137 : 40;
39138 : 40;
39139 : 44;
39140 : 40;
39141 : 40;
39142 : 64;
39143 : 64;
39144 : 64;
39145 : 64;
39146 : 85;
39147 : 85;
39148 : 64;
39149 : 64;
39150 : 64;
39151 : 40;
39152 : 40;
39153 : 64;
39154 : 64;
39155 : 64;
39156 : 40;
39157 : 40;
39158 : 64;
39159 : 64;
39160 : 64;
39161 : 84;
39162 : 40;
39163 : 64;
39164 : 64;
39165 : 64;
39166 : 64;
39167 : 64;
39168 : 64;
39169 : 64;
39170 : 64;
39171 : 64;
39172 : 64;
39173 : 40;
39174 : 85;
39175 : 20;
39176 : 84;
39177 : 64;
39178 : 64;
39179 : 64;
39180 : 64;
39181 : 64;
39182 : 64;
39183 : 64;
39184 : 64;
39185 : 64;
39186 : 64;
39187 : 65;
39188 : 85;
39189 : 85;
39190 : 89;
39191 : 89;
39192 : 89;
39193 : 89;
39194 : 89;
39195 : 89;
39196 : 89;
39197 : 89;
39198 : 89;
39199 : 89;
39200 : 89;
39201 : 89;
39202 : 89;
39203 : 85;
39204 : 85;
39205 : 85;
39206 : 85;
39207 : 85;
39208 : 85;
39209 : 40;
39210 : 89;
39211 : 84;
39212 : 64;
39213 : 84;
39214 : 64;
39215 : 64;
39216 : 64;
39217 : 64;
39218 : 64;
39219 : 64;
39220 : 64;
39221 : 64;
39222 : 64;
39223 : 64;
39224 : 64;
39225 : 64;
39226 : 85;
39227 : 85;
39228 : 85;
39229 : 89;
39230 : 89;
39231 : 85;
39232 : 89;
39233 : 40;
39234 : 89;
39235 : 40;
39236 : 85;
39237 : 85;
39238 : 85;
39239 : 85;
39240 : 85;
39241 : 85;
39242 : 64;
39243 : 64;
39244 : 64;
39245 : 64;
39246 : 64;
39247 : 64;
39248 : 64;
39249 : 64;
39250 : 20;
39251 : 20;
39252 : 64;
39253 : 20;
39254 : 20;
39255 : 20;
39256 : 20;
39257 : 20;
39258 : 20;
39259 : 20;
39260 : 20;
39261 : 40;
39262 : 85;
39263 : 85;
39264 : 64;
39265 : 64;
39266 : 40;
39267 : 40;
39268 : 20;
39269 : 40;
39270 : 40;
39271 : 40;
39272 : 40;
39273 : 64;
39274 : 40;
39275 : 40;
39276 : 40;
39277 : 40;
39278 : 40;
39279 : 40;
39280 : 24;
39281 : 24;
39282 : 6D;
39283 : 49;
39284 : 49;
39285 : 49;
39286 : 49;
39287 : 49;
39288 : 49;
39289 : 00;
39290 : 6D;
39291 : 49;
39292 : 49;
39293 : 49;
39294 : 49;
39295 : 49;
39296 : 49;
39297 : 49;
39298 : 49;
39299 : 49;
39300 : 49;
39301 : 49;
39302 : 49;
39303 : 49;
39304 : 49;
39305 : 49;
39306 : 49;
39307 : 49;
39308 : 49;
39309 : 49;
39310 : 49;
39311 : 49;
39312 : 49;
39313 : 49;
39314 : 49;
39315 : 49;
39316 : 49;
39317 : 49;
39318 : 49;
39319 : 49;
39320 : 49;
39321 : 49;
39322 : 49;
39323 : 49;
39324 : 49;
39325 : 49;
39326 : 49;
39327 : 49;
39328 : 49;
39329 : 49;
39330 : 49;
39331 : 49;
39332 : 49;
39333 : 49;
39334 : 49;
39335 : 49;
39336 : 49;
39337 : 49;
39338 : 49;
39339 : 49;
39340 : 49;
39341 : 49;
39342 : 49;
39343 : 49;
39344 : 49;
39345 : 49;
39346 : 49;
39347 : 49;
39348 : 48;
39349 : 00;
39350 : 91;
39351 : 49;
39352 : 49;
39353 : 49;
39354 : 49;
39355 : 49;
39356 : 49;
39357 : 24;
39358 : 24;
39359 : 24;
39360 : 64;
39361 : 64;
39362 : 84;
39363 : 84;
39364 : 84;
39365 : 84;
39366 : 85;
39367 : 85;
39368 : 84;
39369 : 64;
39370 : 64;
39371 : 64;
39372 : 64;
39373 : 64;
39374 : 64;
39375 : 64;
39376 : 64;
39377 : 64;
39378 : 64;
39379 : 64;
39380 : 64;
39381 : 64;
39382 : 64;
39383 : 64;
39384 : 64;
39385 : 64;
39386 : 64;
39387 : 64;
39388 : 64;
39389 : 64;
39390 : 64;
39391 : 64;
39392 : 64;
39393 : 60;
39394 : 60;
39395 : 60;
39396 : 60;
39397 : 60;
39398 : 60;
39399 : 60;
39400 : 60;
39401 : 60;
39402 : 60;
39403 : 60;
39404 : 60;
39405 : 60;
39406 : 40;
39407 : 40;
39408 : 40;
39409 : 40;
39410 : 40;
39411 : 40;
39412 : 40;
39413 : 40;
39414 : 40;
39415 : 40;
39416 : 40;
39417 : 40;
39418 : 40;
39419 : 40;
39420 : 40;
39421 : 40;
39422 : 40;
39423 : 64;
39424 : 64;
39425 : 64;
39426 : 64;
39427 : 85;
39428 : 84;
39429 : 85;
39430 : 64;
39431 : 64;
39432 : 64;
39433 : 64;
39434 : 64;
39435 : 40;
39436 : 40;
39437 : 60;
39438 : 20;
39439 : 40;
39440 : 40;
39441 : 40;
39442 : 40;
39443 : 40;
39444 : 40;
39445 : 40;
39446 : 40;
39447 : 44;
39448 : 40;
39449 : 40;
39450 : 40;
39451 : 44;
39452 : 44;
39453 : 44;
39454 : 44;
39455 : 44;
39456 : 40;
39457 : 40;
39458 : 40;
39459 : 40;
39460 : 40;
39461 : 64;
39462 : 64;
39463 : 64;
39464 : 64;
39465 : 84;
39466 : 84;
39467 : 64;
39468 : 64;
39469 : 64;
39470 : 40;
39471 : 40;
39472 : 64;
39473 : 64;
39474 : 64;
39475 : 20;
39476 : 40;
39477 : 64;
39478 : 64;
39479 : 64;
39480 : 64;
39481 : 40;
39482 : 64;
39483 : 64;
39484 : 64;
39485 : 64;
39486 : 64;
39487 : 64;
39488 : 64;
39489 : 64;
39490 : 64;
39491 : 64;
39492 : 64;
39493 : 64;
39494 : 20;
39495 : 89;
39496 : 64;
39497 : 64;
39498 : 64;
39499 : 64;
39500 : 64;
39501 : 64;
39502 : 64;
39503 : 64;
39504 : 64;
39505 : 64;
39506 : 64;
39507 : 64;
39508 : 85;
39509 : 85;
39510 : 89;
39511 : 89;
39512 : 89;
39513 : 89;
39514 : A9;
39515 : A9;
39516 : A9;
39517 : 89;
39518 : 89;
39519 : 89;
39520 : 89;
39521 : 85;
39522 : 85;
39523 : 85;
39524 : 85;
39525 : 84;
39526 : 84;
39527 : 65;
39528 : 85;
39529 : 40;
39530 : 89;
39531 : 64;
39532 : 64;
39533 : 85;
39534 : 64;
39535 : 64;
39536 : 64;
39537 : 64;
39538 : 64;
39539 : 64;
39540 : 64;
39541 : 64;
39542 : 64;
39543 : 64;
39544 : 64;
39545 : 65;
39546 : 85;
39547 : 89;
39548 : 89;
39549 : 89;
39550 : 89;
39551 : 85;
39552 : 64;
39553 : 85;
39554 : 20;
39555 : 89;
39556 : 85;
39557 : 85;
39558 : 85;
39559 : 85;
39560 : 85;
39561 : 85;
39562 : 85;
39563 : 64;
39564 : 64;
39565 : 64;
39566 : 64;
39567 : 64;
39568 : 64;
39569 : 64;
39570 : 40;
39571 : 85;
39572 : 40;
39573 : 20;
39574 : 20;
39575 : 20;
39576 : 40;
39577 : 40;
39578 : 40;
39579 : 40;
39580 : 20;
39581 : 40;
39582 : 85;
39583 : 64;
39584 : 60;
39585 : 40;
39586 : 40;
39587 : 20;
39588 : 40;
39589 : 40;
39590 : 40;
39591 : 40;
39592 : 40;
39593 : 64;
39594 : 40;
39595 : 40;
39596 : 40;
39597 : 40;
39598 : 40;
39599 : 40;
39600 : 24;
39601 : 24;
39602 : 6D;
39603 : 49;
39604 : 49;
39605 : 69;
39606 : 6D;
39607 : 49;
39608 : 49;
39609 : 00;
39610 : 91;
39611 : 49;
39612 : 49;
39613 : 49;
39614 : 49;
39615 : 49;
39616 : 49;
39617 : 49;
39618 : 49;
39619 : 49;
39620 : 49;
39621 : 49;
39622 : 49;
39623 : 49;
39624 : 49;
39625 : 49;
39626 : 49;
39627 : 49;
39628 : 49;
39629 : 49;
39630 : 49;
39631 : 49;
39632 : 49;
39633 : 49;
39634 : 49;
39635 : 49;
39636 : 49;
39637 : 49;
39638 : 49;
39639 : 49;
39640 : 49;
39641 : 49;
39642 : 49;
39643 : 49;
39644 : 49;
39645 : 49;
39646 : 49;
39647 : 49;
39648 : 49;
39649 : 49;
39650 : 49;
39651 : 49;
39652 : 49;
39653 : 49;
39654 : 49;
39655 : 49;
39656 : 49;
39657 : 49;
39658 : 49;
39659 : 49;
39660 : 49;
39661 : 49;
39662 : 49;
39663 : 49;
39664 : 49;
39665 : 49;
39666 : 49;
39667 : 49;
39668 : 48;
39669 : 00;
39670 : 92;
39671 : 49;
39672 : 49;
39673 : 49;
39674 : 49;
39675 : 49;
39676 : 49;
39677 : 24;
39678 : 24;
39679 : 24;
39680 : 64;
39681 : 64;
39682 : 64;
39683 : 64;
39684 : 64;
39685 : 64;
39686 : 64;
39687 : 84;
39688 : 84;
39689 : 84;
39690 : 85;
39691 : 64;
39692 : 64;
39693 : 64;
39694 : 64;
39695 : 64;
39696 : 64;
39697 : 64;
39698 : 64;
39699 : 64;
39700 : 64;
39701 : 64;
39702 : 64;
39703 : 64;
39704 : 64;
39705 : 64;
39706 : 64;
39707 : 64;
39708 : 60;
39709 : 40;
39710 : 40;
39711 : 40;
39712 : 40;
39713 : 40;
39714 : 40;
39715 : 40;
39716 : 40;
39717 : 40;
39718 : 40;
39719 : 40;
39720 : 40;
39721 : 40;
39722 : 40;
39723 : 40;
39724 : 40;
39725 : 40;
39726 : 40;
39727 : 40;
39728 : 40;
39729 : 40;
39730 : 40;
39731 : 40;
39732 : 40;
39733 : 40;
39734 : 40;
39735 : 40;
39736 : 40;
39737 : 40;
39738 : 40;
39739 : 40;
39740 : 40;
39741 : 40;
39742 : 40;
39743 : 60;
39744 : 64;
39745 : 64;
39746 : 64;
39747 : 85;
39748 : 85;
39749 : 84;
39750 : 64;
39751 : 64;
39752 : 64;
39753 : 64;
39754 : 64;
39755 : 40;
39756 : 40;
39757 : 40;
39758 : 60;
39759 : 40;
39760 : 20;
39761 : 40;
39762 : 40;
39763 : 40;
39764 : 40;
39765 : 40;
39766 : 44;
39767 : 40;
39768 : 44;
39769 : 44;
39770 : 44;
39771 : 44;
39772 : 44;
39773 : 44;
39774 : 44;
39775 : 40;
39776 : 40;
39777 : 40;
39778 : 40;
39779 : 40;
39780 : 64;
39781 : 64;
39782 : 64;
39783 : 64;
39784 : 84;
39785 : 64;
39786 : 64;
39787 : 64;
39788 : 64;
39789 : 40;
39790 : 40;
39791 : 64;
39792 : 64;
39793 : 64;
39794 : 40;
39795 : 44;
39796 : 64;
39797 : 64;
39798 : 64;
39799 : 64;
39800 : 64;
39801 : 40;
39802 : 64;
39803 : 64;
39804 : 64;
39805 : 64;
39806 : 64;
39807 : 64;
39808 : 64;
39809 : 64;
39810 : 84;
39811 : 64;
39812 : 64;
39813 : 40;
39814 : 65;
39815 : 64;
39816 : 64;
39817 : 64;
39818 : 64;
39819 : 64;
39820 : 64;
39821 : 64;
39822 : 64;
39823 : 64;
39824 : 64;
39825 : 64;
39826 : 64;
39827 : 85;
39828 : 85;
39829 : 85;
39830 : 89;
39831 : 89;
39832 : 89;
39833 : 89;
39834 : A9;
39835 : A9;
39836 : 89;
39837 : 89;
39838 : 89;
39839 : 89;
39840 : 89;
39841 : 85;
39842 : 85;
39843 : 85;
39844 : 85;
39845 : 85;
39846 : 84;
39847 : 85;
39848 : 64;
39849 : 40;
39850 : 89;
39851 : 60;
39852 : 64;
39853 : 84;
39854 : 64;
39855 : 64;
39856 : 64;
39857 : 64;
39858 : 64;
39859 : 64;
39860 : 64;
39861 : 64;
39862 : 64;
39863 : 64;
39864 : 85;
39865 : 85;
39866 : 85;
39867 : 89;
39868 : 89;
39869 : 89;
39870 : 89;
39871 : A9;
39872 : 65;
39873 : 85;
39874 : 40;
39875 : 85;
39876 : 85;
39877 : 85;
39878 : 85;
39879 : 85;
39880 : 85;
39881 : 85;
39882 : 84;
39883 : 64;
39884 : 64;
39885 : 64;
39886 : 64;
39887 : 64;
39888 : 64;
39889 : 40;
39890 : 84;
39891 : 40;
39892 : 40;
39893 : 64;
39894 : 64;
39895 : 64;
39896 : 64;
39897 : 64;
39898 : 64;
39899 : 60;
39900 : 40;
39901 : 84;
39902 : 85;
39903 : 64;
39904 : 40;
39905 : 20;
39906 : 40;
39907 : 64;
39908 : 64;
39909 : 64;
39910 : 40;
39911 : 64;
39912 : 44;
39913 : 64;
39914 : 40;
39915 : 40;
39916 : 40;
39917 : 40;
39918 : 40;
39919 : 40;
39920 : 24;
39921 : 24;
39922 : 6D;
39923 : 49;
39924 : 49;
39925 : 49;
39926 : 49;
39927 : 49;
39928 : 49;
39929 : 00;
39930 : 92;
39931 : 49;
39932 : 49;
39933 : 49;
39934 : 49;
39935 : 49;
39936 : 49;
39937 : 49;
39938 : 49;
39939 : 49;
39940 : 49;
39941 : 49;
39942 : 49;
39943 : 49;
39944 : 49;
39945 : 49;
39946 : 49;
39947 : 49;
39948 : 49;
39949 : 49;
39950 : 49;
39951 : 49;
39952 : 49;
39953 : 49;
39954 : 49;
39955 : 49;
39956 : 49;
39957 : 49;
39958 : 49;
39959 : 49;
39960 : 49;
39961 : 49;
39962 : 49;
39963 : 49;
39964 : 49;
39965 : 49;
39966 : 49;
39967 : 49;
39968 : 49;
39969 : 49;
39970 : 49;
39971 : 49;
39972 : 49;
39973 : 49;
39974 : 49;
39975 : 49;
39976 : 69;
39977 : 49;
39978 : 49;
39979 : 49;
39980 : 49;
39981 : 49;
39982 : 49;
39983 : 49;
39984 : 49;
39985 : 49;
39986 : 49;
39987 : 49;
39988 : 49;
39989 : 00;
39990 : 6D;
39991 : 49;
39992 : 49;
39993 : 49;
39994 : 49;
39995 : 49;
39996 : 49;
39997 : 24;
39998 : 24;
39999 : 24;
40000 : 64;
40001 : 64;
40002 : 64;
40003 : 64;
40004 : 64;
40005 : 64;
40006 : 64;
40007 : 64;
40008 : 64;
40009 : 64;
40010 : 64;
40011 : 84;
40012 : 84;
40013 : 84;
40014 : 64;
40015 : 64;
40016 : 64;
40017 : 64;
40018 : 64;
40019 : 64;
40020 : 64;
40021 : 64;
40022 : 64;
40023 : 64;
40024 : 64;
40025 : 64;
40026 : 64;
40027 : 40;
40028 : 40;
40029 : 40;
40030 : 40;
40031 : 40;
40032 : 40;
40033 : 40;
40034 : 40;
40035 : 40;
40036 : 40;
40037 : 40;
40038 : 40;
40039 : 40;
40040 : 40;
40041 : 40;
40042 : 40;
40043 : 40;
40044 : 40;
40045 : 40;
40046 : 40;
40047 : 40;
40048 : 40;
40049 : 40;
40050 : 40;
40051 : 40;
40052 : 40;
40053 : 40;
40054 : 40;
40055 : 40;
40056 : 40;
40057 : 40;
40058 : 40;
40059 : 40;
40060 : 40;
40061 : 40;
40062 : 60;
40063 : 60;
40064 : 64;
40065 : 64;
40066 : 64;
40067 : 85;
40068 : 84;
40069 : 64;
40070 : 64;
40071 : 64;
40072 : 64;
40073 : 64;
40074 : 40;
40075 : 40;
40076 : 40;
40077 : 40;
40078 : 20;
40079 : 40;
40080 : 40;
40081 : 40;
40082 : 40;
40083 : 40;
40084 : 40;
40085 : 40;
40086 : 44;
40087 : 40;
40088 : 44;
40089 : 44;
40090 : 44;
40091 : 44;
40092 : 44;
40093 : 44;
40094 : 40;
40095 : 40;
40096 : 40;
40097 : 40;
40098 : 44;
40099 : 64;
40100 : 64;
40101 : 64;
40102 : 84;
40103 : 84;
40104 : 64;
40105 : 64;
40106 : 64;
40107 : 64;
40108 : 40;
40109 : 40;
40110 : 44;
40111 : 64;
40112 : 64;
40113 : 40;
40114 : 40;
40115 : 64;
40116 : 64;
40117 : 64;
40118 : 64;
40119 : 64;
40120 : 64;
40121 : 64;
40122 : 64;
40123 : 64;
40124 : 40;
40125 : 64;
40126 : 64;
40127 : 64;
40128 : 65;
40129 : 84;
40130 : 40;
40131 : 64;
40132 : 64;
40133 : 64;
40134 : 64;
40135 : 64;
40136 : 64;
40137 : 64;
40138 : 64;
40139 : 64;
40140 : 64;
40141 : 64;
40142 : 64;
40143 : 64;
40144 : 64;
40145 : 64;
40146 : 84;
40147 : 85;
40148 : 89;
40149 : 89;
40150 : 89;
40151 : 89;
40152 : A9;
40153 : A9;
40154 : A9;
40155 : A9;
40156 : 89;
40157 : 89;
40158 : 89;
40159 : 89;
40160 : 85;
40161 : 85;
40162 : 85;
40163 : 85;
40164 : 85;
40165 : 64;
40166 : 85;
40167 : 85;
40168 : 44;
40169 : 64;
40170 : 85;
40171 : 40;
40172 : 64;
40173 : 84;
40174 : 64;
40175 : 64;
40176 : 64;
40177 : 64;
40178 : 64;
40179 : 64;
40180 : 64;
40181 : 64;
40182 : 65;
40183 : 85;
40184 : 85;
40185 : 85;
40186 : 89;
40187 : 89;
40188 : 89;
40189 : 89;
40190 : A9;
40191 : 64;
40192 : 85;
40193 : 85;
40194 : 85;
40195 : 85;
40196 : 85;
40197 : 85;
40198 : 85;
40199 : 85;
40200 : 65;
40201 : 85;
40202 : 64;
40203 : 64;
40204 : 64;
40205 : 64;
40206 : 64;
40207 : 64;
40208 : 40;
40209 : 64;
40210 : 40;
40211 : 40;
40212 : 64;
40213 : 64;
40214 : 64;
40215 : 64;
40216 : 64;
40217 : 64;
40218 : 64;
40219 : 40;
40220 : 40;
40221 : 84;
40222 : 85;
40223 : 40;
40224 : 40;
40225 : 20;
40226 : 64;
40227 : 64;
40228 : 64;
40229 : 64;
40230 : 40;
40231 : 44;
40232 : 44;
40233 : 44;
40234 : 44;
40235 : 40;
40236 : 40;
40237 : 40;
40238 : 40;
40239 : 40;
40240 : 24;
40241 : 24;
40242 : 6D;
40243 : 49;
40244 : 49;
40245 : 49;
40246 : 49;
40247 : 49;
40248 : 49;
40249 : 00;
40250 : 6D;
40251 : 49;
40252 : 49;
40253 : 49;
40254 : 49;
40255 : 49;
40256 : 49;
40257 : 49;
40258 : 49;
40259 : 49;
40260 : 49;
40261 : 49;
40262 : 49;
40263 : 49;
40264 : 49;
40265 : 49;
40266 : 49;
40267 : 49;
40268 : 49;
40269 : 49;
40270 : 49;
40271 : 49;
40272 : 49;
40273 : 49;
40274 : 49;
40275 : 49;
40276 : 49;
40277 : 49;
40278 : 49;
40279 : 49;
40280 : 49;
40281 : 49;
40282 : 49;
40283 : 49;
40284 : 49;
40285 : 49;
40286 : 49;
40287 : 49;
40288 : 49;
40289 : 49;
40290 : 49;
40291 : 49;
40292 : 49;
40293 : 49;
40294 : 49;
40295 : 49;
40296 : 49;
40297 : 69;
40298 : 49;
40299 : 49;
40300 : 49;
40301 : 49;
40302 : 49;
40303 : 49;
40304 : 49;
40305 : 49;
40306 : 49;
40307 : 49;
40308 : 48;
40309 : 00;
40310 : 6D;
40311 : 49;
40312 : 49;
40313 : 49;
40314 : 48;
40315 : 44;
40316 : 49;
40317 : 24;
40318 : 24;
40319 : 24;
40320 : 64;
40321 : 64;
40322 : 64;
40323 : 64;
40324 : 64;
40325 : 64;
40326 : 64;
40327 : 64;
40328 : 64;
40329 : 64;
40330 : 64;
40331 : 64;
40332 : 84;
40333 : 84;
40334 : 84;
40335 : 64;
40336 : 64;
40337 : 64;
40338 : 64;
40339 : 64;
40340 : 64;
40341 : 64;
40342 : 64;
40343 : 64;
40344 : 64;
40345 : 64;
40346 : 60;
40347 : 40;
40348 : 40;
40349 : 40;
40350 : 40;
40351 : 40;
40352 : 40;
40353 : 40;
40354 : 40;
40355 : 40;
40356 : 40;
40357 : 40;
40358 : 40;
40359 : 40;
40360 : 40;
40361 : 40;
40362 : 40;
40363 : 40;
40364 : 40;
40365 : 40;
40366 : 40;
40367 : 40;
40368 : 40;
40369 : 40;
40370 : 40;
40371 : 40;
40372 : 40;
40373 : 40;
40374 : 40;
40375 : 40;
40376 : 40;
40377 : 40;
40378 : 40;
40379 : 40;
40380 : 40;
40381 : 60;
40382 : 60;
40383 : 60;
40384 : 64;
40385 : 64;
40386 : 84;
40387 : 84;
40388 : 64;
40389 : 64;
40390 : 64;
40391 : 64;
40392 : 64;
40393 : 64;
40394 : 40;
40395 : 40;
40396 : 40;
40397 : 40;
40398 : 20;
40399 : 40;
40400 : 40;
40401 : 40;
40402 : 40;
40403 : 40;
40404 : 44;
40405 : 40;
40406 : 40;
40407 : 44;
40408 : 44;
40409 : 44;
40410 : 44;
40411 : 44;
40412 : 40;
40413 : 40;
40414 : 40;
40415 : 40;
40416 : 40;
40417 : 64;
40418 : 60;
40419 : 64;
40420 : 64;
40421 : 64;
40422 : 85;
40423 : 85;
40424 : 64;
40425 : 64;
40426 : 64;
40427 : 40;
40428 : 40;
40429 : 44;
40430 : 64;
40431 : 64;
40432 : 40;
40433 : 40;
40434 : 64;
40435 : 64;
40436 : 64;
40437 : 64;
40438 : 84;
40439 : 64;
40440 : 64;
40441 : 64;
40442 : 64;
40443 : 64;
40444 : 64;
40445 : 40;
40446 : 40;
40447 : 40;
40448 : 40;
40449 : 40;
40450 : 64;
40451 : 64;
40452 : 44;
40453 : 64;
40454 : 64;
40455 : 64;
40456 : 64;
40457 : 84;
40458 : 85;
40459 : 64;
40460 : 64;
40461 : 64;
40462 : 64;
40463 : 64;
40464 : 64;
40465 : 64;
40466 : 84;
40467 : 85;
40468 : 89;
40469 : 89;
40470 : 89;
40471 : 89;
40472 : A9;
40473 : A9;
40474 : A9;
40475 : 89;
40476 : 89;
40477 : 89;
40478 : 89;
40479 : 85;
40480 : 85;
40481 : 85;
40482 : 85;
40483 : 85;
40484 : 85;
40485 : 89;
40486 : 64;
40487 : 40;
40488 : 84;
40489 : 64;
40490 : 85;
40491 : 40;
40492 : 64;
40493 : 85;
40494 : 64;
40495 : 64;
40496 : 64;
40497 : 64;
40498 : 64;
40499 : 64;
40500 : 64;
40501 : 85;
40502 : 85;
40503 : 85;
40504 : 85;
40505 : 89;
40506 : 89;
40507 : 89;
40508 : A9;
40509 : A9;
40510 : A9;
40511 : 60;
40512 : 89;
40513 : 64;
40514 : 89;
40515 : 85;
40516 : 85;
40517 : 64;
40518 : 85;
40519 : 84;
40520 : 85;
40521 : 64;
40522 : 64;
40523 : 64;
40524 : 64;
40525 : 64;
40526 : 65;
40527 : 40;
40528 : 64;
40529 : 40;
40530 : 40;
40531 : 64;
40532 : 64;
40533 : 64;
40534 : 64;
40535 : 64;
40536 : 64;
40537 : 64;
40538 : 60;
40539 : 40;
40540 : 40;
40541 : 84;
40542 : 64;
40543 : 40;
40544 : 20;
40545 : 40;
40546 : 64;
40547 : 64;
40548 : 64;
40549 : 64;
40550 : 40;
40551 : 44;
40552 : 44;
40553 : 64;
40554 : 64;
40555 : 40;
40556 : 40;
40557 : 40;
40558 : 40;
40559 : 40;
40560 : 24;
40561 : 24;
40562 : 6D;
40563 : 49;
40564 : 49;
40565 : 69;
40566 : 49;
40567 : 49;
40568 : 49;
40569 : 00;
40570 : 8D;
40571 : 49;
40572 : 49;
40573 : 49;
40574 : 49;
40575 : 49;
40576 : 49;
40577 : 49;
40578 : 49;
40579 : 49;
40580 : 49;
40581 : 49;
40582 : 49;
40583 : 49;
40584 : 49;
40585 : 49;
40586 : 49;
40587 : 49;
40588 : 49;
40589 : 49;
40590 : 49;
40591 : 49;
40592 : 49;
40593 : 49;
40594 : 49;
40595 : 49;
40596 : 49;
40597 : 49;
40598 : 49;
40599 : 49;
40600 : 49;
40601 : 49;
40602 : 49;
40603 : 49;
40604 : 49;
40605 : 49;
40606 : 49;
40607 : 49;
40608 : 49;
40609 : 49;
40610 : 49;
40611 : 49;
40612 : 49;
40613 : 49;
40614 : 49;
40615 : 49;
40616 : 49;
40617 : 49;
40618 : 49;
40619 : 49;
40620 : 49;
40621 : 49;
40622 : 49;
40623 : 49;
40624 : 49;
40625 : 49;
40626 : 49;
40627 : 49;
40628 : 44;
40629 : 00;
40630 : 6D;
40631 : 49;
40632 : 49;
40633 : 49;
40634 : 49;
40635 : 49;
40636 : 4D;
40637 : 24;
40638 : 24;
40639 : 24;
40640 : 60;
40641 : 60;
40642 : 64;
40643 : 64;
40644 : 64;
40645 : 64;
40646 : 64;
40647 : 60;
40648 : 64;
40649 : 64;
40650 : 64;
40651 : 64;
40652 : 64;
40653 : 64;
40654 : 84;
40655 : 84;
40656 : 64;
40657 : 64;
40658 : 64;
40659 : 64;
40660 : 64;
40661 : 64;
40662 : 64;
40663 : 64;
40664 : 64;
40665 : 64;
40666 : 60;
40667 : 40;
40668 : 40;
40669 : 40;
40670 : 40;
40671 : 40;
40672 : 40;
40673 : 40;
40674 : 40;
40675 : 40;
40676 : 40;
40677 : 40;
40678 : 40;
40679 : 40;
40680 : 40;
40681 : 40;
40682 : 40;
40683 : 40;
40684 : 40;
40685 : 40;
40686 : 40;
40687 : 40;
40688 : 40;
40689 : 40;
40690 : 40;
40691 : 40;
40692 : 40;
40693 : 40;
40694 : 40;
40695 : 40;
40696 : 40;
40697 : 40;
40698 : 40;
40699 : 40;
40700 : 40;
40701 : 60;
40702 : 60;
40703 : 60;
40704 : 64;
40705 : 84;
40706 : 84;
40707 : 84;
40708 : 64;
40709 : 64;
40710 : 64;
40711 : 64;
40712 : 60;
40713 : 40;
40714 : 40;
40715 : 40;
40716 : 40;
40717 : 40;
40718 : 20;
40719 : 40;
40720 : 40;
40721 : 40;
40722 : 40;
40723 : 44;
40724 : 40;
40725 : 44;
40726 : 44;
40727 : 44;
40728 : 44;
40729 : 44;
40730 : 44;
40731 : 44;
40732 : 40;
40733 : 40;
40734 : 40;
40735 : 64;
40736 : 64;
40737 : 64;
40738 : 64;
40739 : 84;
40740 : 84;
40741 : 84;
40742 : 64;
40743 : 64;
40744 : 64;
40745 : 64;
40746 : 40;
40747 : 44;
40748 : 64;
40749 : 64;
40750 : 40;
40751 : 40;
40752 : 40;
40753 : 64;
40754 : 64;
40755 : 64;
40756 : 64;
40757 : 84;
40758 : 40;
40759 : 40;
40760 : 40;
40761 : 40;
40762 : 40;
40763 : 40;
40764 : 64;
40765 : 64;
40766 : 64;
40767 : 64;
40768 : 64;
40769 : 64;
40770 : 64;
40771 : 40;
40772 : 84;
40773 : 64;
40774 : 64;
40775 : 64;
40776 : 64;
40777 : 40;
40778 : 40;
40779 : 40;
40780 : 40;
40781 : 64;
40782 : 64;
40783 : 64;
40784 : 64;
40785 : 64;
40786 : 85;
40787 : 85;
40788 : 89;
40789 : 89;
40790 : 89;
40791 : A9;
40792 : A9;
40793 : A9;
40794 : A9;
40795 : 89;
40796 : 89;
40797 : 89;
40798 : 89;
40799 : 85;
40800 : 85;
40801 : 85;
40802 : 85;
40803 : 85;
40804 : 64;
40805 : 40;
40806 : 64;
40807 : 64;
40808 : 40;
40809 : 20;
40810 : 85;
40811 : 64;
40812 : 44;
40813 : 64;
40814 : 64;
40815 : 64;
40816 : 64;
40817 : 64;
40818 : 64;
40819 : 64;
40820 : 84;
40821 : 85;
40822 : 85;
40823 : 85;
40824 : 89;
40825 : 89;
40826 : 89;
40827 : A9;
40828 : A9;
40829 : A9;
40830 : A9;
40831 : 60;
40832 : 89;
40833 : 64;
40834 : 89;
40835 : 85;
40836 : 85;
40837 : 40;
40838 : 85;
40839 : 65;
40840 : 64;
40841 : 64;
40842 : 64;
40843 : 64;
40844 : 64;
40845 : 64;
40846 : 20;
40847 : 40;
40848 : 64;
40849 : 40;
40850 : 64;
40851 : 64;
40852 : 64;
40853 : 64;
40854 : 64;
40855 : 64;
40856 : 64;
40857 : 64;
40858 : 64;
40859 : 20;
40860 : 84;
40861 : 84;
40862 : 40;
40863 : 40;
40864 : 20;
40865 : 40;
40866 : 64;
40867 : 64;
40868 : 64;
40869 : 64;
40870 : 64;
40871 : 40;
40872 : 64;
40873 : 64;
40874 : 64;
40875 : 40;
40876 : 40;
40877 : 40;
40878 : 40;
40879 : 40;
40880 : 24;
40881 : 24;
40882 : 6D;
40883 : 49;
40884 : 49;
40885 : 49;
40886 : 49;
40887 : 49;
40888 : 49;
40889 : 00;
40890 : 6D;
40891 : 49;
40892 : 49;
40893 : 49;
40894 : 49;
40895 : 49;
40896 : 49;
40897 : 49;
40898 : 49;
40899 : 49;
40900 : 49;
40901 : 49;
40902 : 49;
40903 : 49;
40904 : 49;
40905 : 49;
40906 : 49;
40907 : 49;
40908 : 49;
40909 : 49;
40910 : 49;
40911 : 49;
40912 : 49;
40913 : 49;
40914 : 49;
40915 : 49;
40916 : 49;
40917 : 49;
40918 : 49;
40919 : 49;
40920 : 49;
40921 : 49;
40922 : 49;
40923 : 49;
40924 : 49;
40925 : 49;
40926 : 49;
40927 : 49;
40928 : 49;
40929 : 49;
40930 : 49;
40931 : 49;
40932 : 49;
40933 : 49;
40934 : 49;
40935 : 49;
40936 : 49;
40937 : 49;
40938 : 49;
40939 : 49;
40940 : 49;
40941 : 49;
40942 : 49;
40943 : 49;
40944 : 49;
40945 : 49;
40946 : 49;
40947 : 49;
40948 : 44;
40949 : 00;
40950 : 6D;
40951 : 49;
40952 : 49;
40953 : 49;
40954 : 49;
40955 : 48;
40956 : 6D;
40957 : 24;
40958 : 24;
40959 : 24;
40960 : 60;
40961 : 60;
40962 : 60;
40963 : 60;
40964 : 60;
40965 : 60;
40966 : 60;
40967 : 64;
40968 : 60;
40969 : 60;
40970 : 64;
40971 : 64;
40972 : 64;
40973 : 64;
40974 : 64;
40975 : 64;
40976 : 64;
40977 : 64;
40978 : 64;
40979 : 64;
40980 : 64;
40981 : 64;
40982 : 64;
40983 : 64;
40984 : 64;
40985 : 64;
40986 : 60;
40987 : 40;
40988 : 40;
40989 : 40;
40990 : 40;
40991 : 40;
40992 : 40;
40993 : 40;
40994 : 40;
40995 : 40;
40996 : 40;
40997 : 40;
40998 : 40;
40999 : 40;
41000 : 40;
41001 : 40;
41002 : 40;
41003 : 40;
41004 : 40;
41005 : 40;
41006 : 40;
41007 : 40;
41008 : 40;
41009 : 40;
41010 : 40;
41011 : 40;
41012 : 40;
41013 : 40;
41014 : 40;
41015 : 40;
41016 : 40;
41017 : 40;
41018 : 40;
41019 : 40;
41020 : 60;
41021 : 60;
41022 : 60;
41023 : 64;
41024 : 84;
41025 : 84;
41026 : 84;
41027 : 84;
41028 : 64;
41029 : 64;
41030 : 64;
41031 : 60;
41032 : 60;
41033 : 40;
41034 : 40;
41035 : 40;
41036 : 20;
41037 : 40;
41038 : 40;
41039 : 40;
41040 : 40;
41041 : 40;
41042 : 40;
41043 : 40;
41044 : 44;
41045 : 44;
41046 : 40;
41047 : 44;
41048 : 44;
41049 : 44;
41050 : 44;
41051 : 44;
41052 : 40;
41053 : 40;
41054 : 44;
41055 : 64;
41056 : 64;
41057 : 64;
41058 : 64;
41059 : 64;
41060 : 64;
41061 : 64;
41062 : 64;
41063 : 64;
41064 : 40;
41065 : 40;
41066 : 44;
41067 : 64;
41068 : 64;
41069 : 40;
41070 : 40;
41071 : 40;
41072 : 64;
41073 : 64;
41074 : 64;
41075 : 64;
41076 : 64;
41077 : 40;
41078 : 64;
41079 : 64;
41080 : 64;
41081 : 64;
41082 : 64;
41083 : 64;
41084 : 40;
41085 : 64;
41086 : 64;
41087 : 64;
41088 : 64;
41089 : 64;
41090 : 40;
41091 : 64;
41092 : 64;
41093 : 64;
41094 : 64;
41095 : 64;
41096 : 64;
41097 : 64;
41098 : 64;
41099 : 64;
41100 : 64;
41101 : 40;
41102 : 64;
41103 : 64;
41104 : 64;
41105 : 85;
41106 : 85;
41107 : 89;
41108 : 89;
41109 : 89;
41110 : A9;
41111 : A9;
41112 : A9;
41113 : A9;
41114 : 89;
41115 : 89;
41116 : 89;
41117 : 85;
41118 : 85;
41119 : 85;
41120 : 85;
41121 : 85;
41122 : 85;
41123 : 64;
41124 : 64;
41125 : 64;
41126 : 64;
41127 : 64;
41128 : 64;
41129 : 40;
41130 : 85;
41131 : 64;
41132 : 44;
41133 : 64;
41134 : 64;
41135 : 64;
41136 : 64;
41137 : 64;
41138 : 64;
41139 : 64;
41140 : 85;
41141 : 85;
41142 : 85;
41143 : 89;
41144 : 89;
41145 : 89;
41146 : 89;
41147 : A9;
41148 : A9;
41149 : 89;
41150 : 85;
41151 : A9;
41152 : 89;
41153 : 64;
41154 : 89;
41155 : 85;
41156 : 85;
41157 : 40;
41158 : 85;
41159 : 84;
41160 : 64;
41161 : 64;
41162 : 64;
41163 : 64;
41164 : 64;
41165 : 40;
41166 : 40;
41167 : 64;
41168 : 40;
41169 : 64;
41170 : 64;
41171 : 64;
41172 : 64;
41173 : 64;
41174 : 64;
41175 : 64;
41176 : 64;
41177 : 64;
41178 : 20;
41179 : 84;
41180 : 84;
41181 : 64;
41182 : 40;
41183 : 20;
41184 : 40;
41185 : 64;
41186 : 64;
41187 : 64;
41188 : 64;
41189 : 64;
41190 : 64;
41191 : 64;
41192 : 64;
41193 : 64;
41194 : 64;
41195 : 40;
41196 : 40;
41197 : 40;
41198 : 40;
41199 : 40;
41200 : 24;
41201 : 24;
41202 : 6D;
41203 : 49;
41204 : 49;
41205 : 49;
41206 : 49;
41207 : 49;
41208 : 49;
41209 : 00;
41210 : 6D;
41211 : 49;
41212 : 49;
41213 : 49;
41214 : 49;
41215 : 49;
41216 : 49;
41217 : 49;
41218 : 49;
41219 : 49;
41220 : 49;
41221 : 49;
41222 : 49;
41223 : 49;
41224 : 49;
41225 : 49;
41226 : 49;
41227 : 49;
41228 : 49;
41229 : 49;
41230 : 49;
41231 : 49;
41232 : 49;
41233 : 49;
41234 : 49;
41235 : 49;
41236 : 49;
41237 : 49;
41238 : 49;
41239 : 49;
41240 : 49;
41241 : 49;
41242 : 49;
41243 : 49;
41244 : 49;
41245 : 49;
41246 : 49;
41247 : 49;
41248 : 49;
41249 : 49;
41250 : 49;
41251 : 49;
41252 : 49;
41253 : 49;
41254 : 49;
41255 : 49;
41256 : 49;
41257 : 49;
41258 : 49;
41259 : 49;
41260 : 49;
41261 : 49;
41262 : 49;
41263 : 49;
41264 : 49;
41265 : 49;
41266 : 49;
41267 : 49;
41268 : 44;
41269 : 00;
41270 : 6D;
41271 : 49;
41272 : 49;
41273 : 49;
41274 : 49;
41275 : 49;
41276 : 4D;
41277 : 24;
41278 : 24;
41279 : 24;
41280 : 40;
41281 : 40;
41282 : 40;
41283 : 40;
41284 : 60;
41285 : 60;
41286 : 60;
41287 : 60;
41288 : 60;
41289 : 60;
41290 : 60;
41291 : 64;
41292 : 64;
41293 : 64;
41294 : 64;
41295 : 64;
41296 : 64;
41297 : 64;
41298 : 64;
41299 : 64;
41300 : 64;
41301 : 64;
41302 : 64;
41303 : 64;
41304 : 64;
41305 : 64;
41306 : 64;
41307 : 60;
41308 : 40;
41309 : 40;
41310 : 40;
41311 : 40;
41312 : 40;
41313 : 40;
41314 : 40;
41315 : 40;
41316 : 40;
41317 : 40;
41318 : 40;
41319 : 40;
41320 : 40;
41321 : 40;
41322 : 40;
41323 : 40;
41324 : 40;
41325 : 40;
41326 : 40;
41327 : 40;
41328 : 40;
41329 : 40;
41330 : 40;
41331 : 60;
41332 : 60;
41333 : 60;
41334 : 60;
41335 : 60;
41336 : 40;
41337 : 40;
41338 : 40;
41339 : 60;
41340 : 60;
41341 : 60;
41342 : 60;
41343 : 64;
41344 : 84;
41345 : 84;
41346 : 64;
41347 : 64;
41348 : 64;
41349 : 64;
41350 : 64;
41351 : 60;
41352 : 40;
41353 : 40;
41354 : 40;
41355 : 20;
41356 : 40;
41357 : 40;
41358 : 40;
41359 : 40;
41360 : 40;
41361 : 40;
41362 : 40;
41363 : 40;
41364 : 40;
41365 : 44;
41366 : 44;
41367 : 44;
41368 : 44;
41369 : 44;
41370 : 44;
41371 : 44;
41372 : 44;
41373 : 40;
41374 : 64;
41375 : 64;
41376 : 64;
41377 : 84;
41378 : 64;
41379 : 64;
41380 : 64;
41381 : 64;
41382 : 44;
41383 : 44;
41384 : 44;
41385 : 64;
41386 : 64;
41387 : 64;
41388 : 40;
41389 : 40;
41390 : 44;
41391 : 64;
41392 : 64;
41393 : 64;
41394 : 64;
41395 : 64;
41396 : 40;
41397 : 64;
41398 : 64;
41399 : 64;
41400 : 64;
41401 : 64;
41402 : 64;
41403 : 64;
41404 : 64;
41405 : 64;
41406 : 64;
41407 : 64;
41408 : 64;
41409 : 64;
41410 : 64;
41411 : 64;
41412 : 64;
41413 : 64;
41414 : 64;
41415 : 64;
41416 : 64;
41417 : 64;
41418 : 64;
41419 : 64;
41420 : 64;
41421 : 64;
41422 : 64;
41423 : 40;
41424 : 40;
41425 : 44;
41426 : 64;
41427 : 64;
41428 : A9;
41429 : 89;
41430 : A9;
41431 : A9;
41432 : A9;
41433 : A9;
41434 : 89;
41435 : 89;
41436 : 89;
41437 : 85;
41438 : 85;
41439 : 85;
41440 : 85;
41441 : 64;
41442 : 64;
41443 : 64;
41444 : 64;
41445 : 64;
41446 : 64;
41447 : 84;
41448 : 84;
41449 : 40;
41450 : 85;
41451 : 64;
41452 : 64;
41453 : 64;
41454 : 64;
41455 : 64;
41456 : 64;
41457 : 64;
41458 : 64;
41459 : 85;
41460 : 85;
41461 : 85;
41462 : 89;
41463 : 89;
41464 : 89;
41465 : 89;
41466 : A9;
41467 : A9;
41468 : 89;
41469 : 89;
41470 : 89;
41471 : 64;
41472 : 89;
41473 : 64;
41474 : 89;
41475 : 85;
41476 : 64;
41477 : 64;
41478 : 85;
41479 : 64;
41480 : 64;
41481 : 64;
41482 : 64;
41483 : 64;
41484 : 40;
41485 : 84;
41486 : 40;
41487 : 44;
41488 : 64;
41489 : 64;
41490 : 64;
41491 : 64;
41492 : 64;
41493 : 64;
41494 : 64;
41495 : 64;
41496 : 64;
41497 : 20;
41498 : 85;
41499 : 84;
41500 : 64;
41501 : 40;
41502 : 40;
41503 : 20;
41504 : 60;
41505 : 64;
41506 : 64;
41507 : 64;
41508 : 64;
41509 : 64;
41510 : 64;
41511 : 64;
41512 : 64;
41513 : 64;
41514 : 64;
41515 : 40;
41516 : 40;
41517 : 40;
41518 : 40;
41519 : 40;
41520 : 24;
41521 : 24;
41522 : 6D;
41523 : 49;
41524 : 49;
41525 : 49;
41526 : 49;
41527 : 49;
41528 : 49;
41529 : 00;
41530 : 6D;
41531 : 49;
41532 : 49;
41533 : 49;
41534 : 49;
41535 : 49;
41536 : 49;
41537 : 49;
41538 : 49;
41539 : 49;
41540 : 49;
41541 : 49;
41542 : 49;
41543 : 49;
41544 : 49;
41545 : 49;
41546 : 49;
41547 : 49;
41548 : 49;
41549 : 49;
41550 : 49;
41551 : 49;
41552 : 49;
41553 : 49;
41554 : 49;
41555 : 49;
41556 : 49;
41557 : 49;
41558 : 49;
41559 : 49;
41560 : 49;
41561 : 49;
41562 : 49;
41563 : 49;
41564 : 49;
41565 : 49;
41566 : 49;
41567 : 49;
41568 : 49;
41569 : 49;
41570 : 49;
41571 : 49;
41572 : 49;
41573 : 49;
41574 : 49;
41575 : 49;
41576 : 49;
41577 : 49;
41578 : 49;
41579 : 49;
41580 : 49;
41581 : 49;
41582 : 49;
41583 : 49;
41584 : 49;
41585 : 49;
41586 : 49;
41587 : 49;
41588 : 24;
41589 : 00;
41590 : 6D;
41591 : 49;
41592 : 49;
41593 : 49;
41594 : 49;
41595 : 49;
41596 : 4D;
41597 : 24;
41598 : 24;
41599 : 24;
41600 : 40;
41601 : 40;
41602 : 40;
41603 : 40;
41604 : 40;
41605 : 40;
41606 : 60;
41607 : 60;
41608 : 60;
41609 : 60;
41610 : 60;
41611 : 60;
41612 : 60;
41613 : 64;
41614 : 64;
41615 : 64;
41616 : 64;
41617 : 64;
41618 : 64;
41619 : 64;
41620 : 64;
41621 : 64;
41622 : 64;
41623 : 64;
41624 : 64;
41625 : 64;
41626 : 64;
41627 : 64;
41628 : 60;
41629 : 60;
41630 : 64;
41631 : 40;
41632 : 40;
41633 : 40;
41634 : 40;
41635 : 40;
41636 : 40;
41637 : 40;
41638 : 40;
41639 : 40;
41640 : 40;
41641 : 40;
41642 : 40;
41643 : 40;
41644 : 40;
41645 : 40;
41646 : 40;
41647 : 40;
41648 : 60;
41649 : 60;
41650 : 60;
41651 : 40;
41652 : 40;
41653 : 40;
41654 : 40;
41655 : 40;
41656 : 40;
41657 : 60;
41658 : 60;
41659 : 60;
41660 : 60;
41661 : 60;
41662 : 64;
41663 : 84;
41664 : 84;
41665 : 64;
41666 : 64;
41667 : 64;
41668 : 64;
41669 : 64;
41670 : 60;
41671 : 60;
41672 : 40;
41673 : 40;
41674 : 20;
41675 : 40;
41676 : 40;
41677 : 40;
41678 : 40;
41679 : 40;
41680 : 40;
41681 : 40;
41682 : 20;
41683 : 40;
41684 : 40;
41685 : 40;
41686 : 44;
41687 : 44;
41688 : 44;
41689 : 44;
41690 : 44;
41691 : 44;
41692 : 44;
41693 : 64;
41694 : 64;
41695 : 84;
41696 : 64;
41697 : 64;
41698 : 64;
41699 : 64;
41700 : 44;
41701 : 44;
41702 : 40;
41703 : 40;
41704 : 64;
41705 : 64;
41706 : 40;
41707 : 40;
41708 : 40;
41709 : 44;
41710 : 64;
41711 : 64;
41712 : 64;
41713 : 64;
41714 : 64;
41715 : 64;
41716 : 40;
41717 : 40;
41718 : 40;
41719 : 85;
41720 : 64;
41721 : 64;
41722 : 64;
41723 : 64;
41724 : 64;
41725 : 64;
41726 : 64;
41727 : 64;
41728 : 64;
41729 : 64;
41730 : 64;
41731 : 64;
41732 : 64;
41733 : 64;
41734 : 64;
41735 : 64;
41736 : 64;
41737 : 64;
41738 : 64;
41739 : 64;
41740 : 64;
41741 : 40;
41742 : 84;
41743 : 64;
41744 : 64;
41745 : 85;
41746 : 85;
41747 : 85;
41748 : 40;
41749 : 20;
41750 : A9;
41751 : A9;
41752 : A9;
41753 : A9;
41754 : A9;
41755 : 89;
41756 : 89;
41757 : 89;
41758 : 89;
41759 : 85;
41760 : 64;
41761 : 40;
41762 : 64;
41763 : 64;
41764 : 40;
41765 : 64;
41766 : 84;
41767 : 84;
41768 : 64;
41769 : 64;
41770 : 85;
41771 : 40;
41772 : 64;
41773 : 64;
41774 : 64;
41775 : 64;
41776 : 64;
41777 : 64;
41778 : 64;
41779 : 85;
41780 : 89;
41781 : 89;
41782 : 89;
41783 : 89;
41784 : A9;
41785 : A9;
41786 : A9;
41787 : A9;
41788 : A9;
41789 : 89;
41790 : 89;
41791 : 40;
41792 : 89;
41793 : 60;
41794 : 89;
41795 : 85;
41796 : 64;
41797 : 64;
41798 : 64;
41799 : 64;
41800 : 64;
41801 : 64;
41802 : 64;
41803 : 20;
41804 : 64;
41805 : 40;
41806 : 64;
41807 : 64;
41808 : 64;
41809 : 64;
41810 : 64;
41811 : 64;
41812 : 64;
41813 : 64;
41814 : 64;
41815 : 64;
41816 : 40;
41817 : 84;
41818 : A9;
41819 : 64;
41820 : 64;
41821 : 60;
41822 : 20;
41823 : 20;
41824 : 64;
41825 : 64;
41826 : 64;
41827 : 64;
41828 : 64;
41829 : 64;
41830 : 64;
41831 : 64;
41832 : 64;
41833 : 44;
41834 : 64;
41835 : 40;
41836 : 40;
41837 : 40;
41838 : 40;
41839 : 40;
41840 : 24;
41841 : 24;
41842 : 6D;
41843 : 49;
41844 : 49;
41845 : 49;
41846 : 49;
41847 : 49;
41848 : 49;
41849 : 00;
41850 : 6D;
41851 : 49;
41852 : 49;
41853 : 49;
41854 : 49;
41855 : 49;
41856 : 49;
41857 : 49;
41858 : 49;
41859 : 49;
41860 : 49;
41861 : 49;
41862 : 49;
41863 : 49;
41864 : 49;
41865 : 49;
41866 : 49;
41867 : 49;
41868 : 49;
41869 : 49;
41870 : 49;
41871 : 49;
41872 : 49;
41873 : 49;
41874 : 49;
41875 : 49;
41876 : 49;
41877 : 49;
41878 : 49;
41879 : 49;
41880 : 49;
41881 : 49;
41882 : 49;
41883 : 49;
41884 : 49;
41885 : 49;
41886 : 49;
41887 : 49;
41888 : 49;
41889 : 49;
41890 : 49;
41891 : 49;
41892 : 49;
41893 : 49;
41894 : 49;
41895 : 49;
41896 : 49;
41897 : 49;
41898 : 49;
41899 : 49;
41900 : 49;
41901 : 49;
41902 : 49;
41903 : 49;
41904 : 49;
41905 : 49;
41906 : 49;
41907 : 48;
41908 : 24;
41909 : 00;
41910 : 6D;
41911 : 48;
41912 : 49;
41913 : 49;
41914 : 44;
41915 : 24;
41916 : 49;
41917 : 24;
41918 : 24;
41919 : 24;
41920 : 20;
41921 : 40;
41922 : 40;
41923 : 40;
41924 : 40;
41925 : 40;
41926 : 40;
41927 : 40;
41928 : 40;
41929 : 40;
41930 : 40;
41931 : 60;
41932 : 60;
41933 : 60;
41934 : 64;
41935 : 64;
41936 : 64;
41937 : 64;
41938 : 64;
41939 : 64;
41940 : 64;
41941 : 64;
41942 : 64;
41943 : 64;
41944 : 64;
41945 : 64;
41946 : 64;
41947 : 64;
41948 : 64;
41949 : 60;
41950 : 60;
41951 : 60;
41952 : 64;
41953 : 64;
41954 : 64;
41955 : 64;
41956 : 40;
41957 : 40;
41958 : 40;
41959 : 40;
41960 : 40;
41961 : 40;
41962 : 40;
41963 : 40;
41964 : 40;
41965 : 40;
41966 : 40;
41967 : 40;
41968 : 40;
41969 : 40;
41970 : 40;
41971 : 40;
41972 : 64;
41973 : 64;
41974 : 64;
41975 : 64;
41976 : 64;
41977 : 64;
41978 : 60;
41979 : 64;
41980 : 64;
41981 : 64;
41982 : 84;
41983 : 84;
41984 : 84;
41985 : 64;
41986 : 64;
41987 : 64;
41988 : 64;
41989 : 60;
41990 : 60;
41991 : 40;
41992 : 40;
41993 : 20;
41994 : 40;
41995 : 40;
41996 : 40;
41997 : 40;
41998 : 40;
41999 : 40;
42000 : 40;
42001 : 40;
42002 : 40;
42003 : 20;
42004 : 40;
42005 : 40;
42006 : 44;
42007 : 44;
42008 : 44;
42009 : 44;
42010 : 44;
42011 : 44;
42012 : 64;
42013 : 64;
42014 : 85;
42015 : 40;
42016 : 64;
42017 : 64;
42018 : 64;
42019 : 40;
42020 : 40;
42021 : 40;
42022 : 64;
42023 : 64;
42024 : 40;
42025 : 40;
42026 : 40;
42027 : 64;
42028 : 64;
42029 : 64;
42030 : 64;
42031 : 64;
42032 : 64;
42033 : 64;
42034 : 64;
42035 : 64;
42036 : 64;
42037 : 64;
42038 : 64;
42039 : 40;
42040 : 40;
42041 : 64;
42042 : 64;
42043 : 64;
42044 : 64;
42045 : 64;
42046 : 64;
42047 : 64;
42048 : 64;
42049 : 64;
42050 : 64;
42051 : 64;
42052 : 64;
42053 : 64;
42054 : 64;
42055 : 64;
42056 : 64;
42057 : 64;
42058 : 64;
42059 : 64;
42060 : 64;
42061 : 40;
42062 : 84;
42063 : 64;
42064 : 64;
42065 : 40;
42066 : 40;
42067 : 40;
42068 : 85;
42069 : 89;
42070 : 40;
42071 : 40;
42072 : 40;
42073 : 40;
42074 : 40;
42075 : 40;
42076 : 40;
42077 : 40;
42078 : 40;
42079 : 40;
42080 : 64;
42081 : 64;
42082 : 64;
42083 : 40;
42084 : 85;
42085 : 64;
42086 : 64;
42087 : 64;
42088 : 40;
42089 : 64;
42090 : 85;
42091 : 40;
42092 : 64;
42093 : 64;
42094 : 64;
42095 : 64;
42096 : 64;
42097 : 64;
42098 : 85;
42099 : 85;
42100 : 89;
42101 : 85;
42102 : 89;
42103 : 89;
42104 : A9;
42105 : A9;
42106 : A9;
42107 : A9;
42108 : A9;
42109 : 85;
42110 : 89;
42111 : 89;
42112 : 64;
42113 : 64;
42114 : 89;
42115 : 40;
42116 : 64;
42117 : 64;
42118 : 64;
42119 : 64;
42120 : 64;
42121 : 44;
42122 : 20;
42123 : 84;
42124 : 40;
42125 : 64;
42126 : 64;
42127 : 64;
42128 : 64;
42129 : 64;
42130 : 64;
42131 : 64;
42132 : 64;
42133 : 64;
42134 : 64;
42135 : 64;
42136 : 40;
42137 : A9;
42138 : 84;
42139 : 84;
42140 : 64;
42141 : 20;
42142 : 20;
42143 : 64;
42144 : 64;
42145 : 64;
42146 : 64;
42147 : 64;
42148 : 64;
42149 : 64;
42150 : 64;
42151 : 64;
42152 : 64;
42153 : 64;
42154 : 64;
42155 : 60;
42156 : 40;
42157 : 40;
42158 : 40;
42159 : 40;
42160 : 24;
42161 : 24;
42162 : 6D;
42163 : 49;
42164 : 49;
42165 : 49;
42166 : 49;
42167 : 49;
42168 : 49;
42169 : 00;
42170 : 6D;
42171 : 49;
42172 : 49;
42173 : 49;
42174 : 49;
42175 : 49;
42176 : 49;
42177 : 49;
42178 : 49;
42179 : 49;
42180 : 49;
42181 : 49;
42182 : 49;
42183 : 49;
42184 : 49;
42185 : 49;
42186 : 49;
42187 : 49;
42188 : 49;
42189 : 49;
42190 : 49;
42191 : 49;
42192 : 49;
42193 : 49;
42194 : 49;
42195 : 49;
42196 : 49;
42197 : 49;
42198 : 49;
42199 : 49;
42200 : 49;
42201 : 49;
42202 : 49;
42203 : 49;
42204 : 49;
42205 : 49;
42206 : 49;
42207 : 49;
42208 : 49;
42209 : 49;
42210 : 49;
42211 : 49;
42212 : 49;
42213 : 49;
42214 : 49;
42215 : 49;
42216 : 49;
42217 : 49;
42218 : 49;
42219 : 49;
42220 : 49;
42221 : 49;
42222 : 49;
42223 : 49;
42224 : 49;
42225 : 49;
42226 : 49;
42227 : 49;
42228 : 24;
42229 : 00;
42230 : 6D;
42231 : 49;
42232 : 49;
42233 : 48;
42234 : 44;
42235 : 44;
42236 : 6D;
42237 : 24;
42238 : 24;
42239 : 24;
42240 : 20;
42241 : 20;
42242 : 20;
42243 : 20;
42244 : 20;
42245 : 20;
42246 : 20;
42247 : 20;
42248 : 20;
42249 : 40;
42250 : 40;
42251 : 40;
42252 : 40;
42253 : 60;
42254 : 60;
42255 : 64;
42256 : 64;
42257 : 64;
42258 : 64;
42259 : 64;
42260 : 64;
42261 : 64;
42262 : 64;
42263 : 64;
42264 : 64;
42265 : 64;
42266 : 64;
42267 : 64;
42268 : 64;
42269 : 64;
42270 : 64;
42271 : 64;
42272 : 64;
42273 : 64;
42274 : 64;
42275 : 64;
42276 : 64;
42277 : 64;
42278 : 40;
42279 : 40;
42280 : 40;
42281 : 40;
42282 : 40;
42283 : 40;
42284 : 40;
42285 : 40;
42286 : 40;
42287 : 40;
42288 : 60;
42289 : 64;
42290 : 64;
42291 : 64;
42292 : 64;
42293 : 64;
42294 : 64;
42295 : 64;
42296 : 64;
42297 : 64;
42298 : 64;
42299 : 64;
42300 : 84;
42301 : 85;
42302 : 84;
42303 : 64;
42304 : 64;
42305 : 64;
42306 : 64;
42307 : 64;
42308 : 60;
42309 : 60;
42310 : 40;
42311 : 40;
42312 : 40;
42313 : 40;
42314 : 40;
42315 : 40;
42316 : 40;
42317 : 40;
42318 : 40;
42319 : 40;
42320 : 40;
42321 : 40;
42322 : 44;
42323 : 40;
42324 : 40;
42325 : 40;
42326 : 44;
42327 : 44;
42328 : 44;
42329 : 40;
42330 : 64;
42331 : 64;
42332 : 64;
42333 : 64;
42334 : 44;
42335 : 64;
42336 : 64;
42337 : 44;
42338 : 44;
42339 : 44;
42340 : 44;
42341 : 64;
42342 : 40;
42343 : 40;
42344 : 40;
42345 : 40;
42346 : 64;
42347 : 64;
42348 : 64;
42349 : 64;
42350 : 64;
42351 : 64;
42352 : 64;
42353 : 40;
42354 : 40;
42355 : 40;
42356 : 44;
42357 : 64;
42358 : 64;
42359 : 64;
42360 : 64;
42361 : 64;
42362 : 64;
42363 : 64;
42364 : 64;
42365 : 64;
42366 : 64;
42367 : 64;
42368 : 64;
42369 : 64;
42370 : 64;
42371 : 64;
42372 : 64;
42373 : 64;
42374 : 64;
42375 : 64;
42376 : 64;
42377 : 64;
42378 : 64;
42379 : 44;
42380 : 44;
42381 : 64;
42382 : 64;
42383 : 64;
42384 : 64;
42385 : 89;
42386 : 89;
42387 : 84;
42388 : 40;
42389 : 40;
42390 : 89;
42391 : 85;
42392 : 84;
42393 : 85;
42394 : 85;
42395 : 85;
42396 : 85;
42397 : 84;
42398 : 84;
42399 : 64;
42400 : 64;
42401 : 44;
42402 : 40;
42403 : 85;
42404 : 64;
42405 : 64;
42406 : 64;
42407 : 64;
42408 : 64;
42409 : 64;
42410 : 40;
42411 : 85;
42412 : 64;
42413 : 64;
42414 : 64;
42415 : 64;
42416 : 64;
42417 : 85;
42418 : 85;
42419 : 89;
42420 : 89;
42421 : 89;
42422 : 89;
42423 : A9;
42424 : A9;
42425 : A9;
42426 : A9;
42427 : A9;
42428 : 89;
42429 : 85;
42430 : 85;
42431 : 85;
42432 : 64;
42433 : 64;
42434 : 44;
42435 : 64;
42436 : 64;
42437 : 64;
42438 : 64;
42439 : 64;
42440 : 64;
42441 : 40;
42442 : 84;
42443 : 40;
42444 : 64;
42445 : 64;
42446 : 64;
42447 : 64;
42448 : 64;
42449 : 64;
42450 : 64;
42451 : 64;
42452 : 64;
42453 : 64;
42454 : 64;
42455 : 20;
42456 : 85;
42457 : 84;
42458 : 84;
42459 : 64;
42460 : 40;
42461 : 40;
42462 : 40;
42463 : 64;
42464 : 64;
42465 : 64;
42466 : 64;
42467 : 64;
42468 : 64;
42469 : 64;
42470 : 64;
42471 : 64;
42472 : 64;
42473 : 64;
42474 : 64;
42475 : 40;
42476 : 40;
42477 : 40;
42478 : 40;
42479 : 40;
42480 : 24;
42481 : 24;
42482 : 6D;
42483 : 49;
42484 : 49;
42485 : 49;
42486 : 49;
42487 : 49;
42488 : 49;
42489 : 00;
42490 : 6D;
42491 : 49;
42492 : 49;
42493 : 49;
42494 : 49;
42495 : 49;
42496 : 49;
42497 : 49;
42498 : 49;
42499 : 49;
42500 : 49;
42501 : 49;
42502 : 49;
42503 : 49;
42504 : 49;
42505 : 49;
42506 : 49;
42507 : 49;
42508 : 49;
42509 : 49;
42510 : 49;
42511 : 49;
42512 : 49;
42513 : 49;
42514 : 49;
42515 : 49;
42516 : 49;
42517 : 49;
42518 : 49;
42519 : 49;
42520 : 49;
42521 : 49;
42522 : 49;
42523 : 49;
42524 : 49;
42525 : 49;
42526 : 49;
42527 : 49;
42528 : 49;
42529 : 49;
42530 : 49;
42531 : 49;
42532 : 49;
42533 : 49;
42534 : 49;
42535 : 49;
42536 : 49;
42537 : 49;
42538 : 49;
42539 : 49;
42540 : 49;
42541 : 49;
42542 : 49;
42543 : 49;
42544 : 49;
42545 : 49;
42546 : 49;
42547 : 48;
42548 : 24;
42549 : 00;
42550 : 6D;
42551 : 49;
42552 : 49;
42553 : 48;
42554 : 44;
42555 : 44;
42556 : 6D;
42557 : 24;
42558 : 24;
42559 : 24;
42560 : 20;
42561 : 20;
42562 : 40;
42563 : 40;
42564 : 40;
42565 : 20;
42566 : 20;
42567 : 20;
42568 : 20;
42569 : 20;
42570 : 40;
42571 : 40;
42572 : 40;
42573 : 40;
42574 : 60;
42575 : 60;
42576 : 64;
42577 : 64;
42578 : 64;
42579 : 64;
42580 : 64;
42581 : 64;
42582 : 64;
42583 : 64;
42584 : 64;
42585 : 64;
42586 : 64;
42587 : 64;
42588 : 64;
42589 : 64;
42590 : 64;
42591 : 64;
42592 : 64;
42593 : 64;
42594 : 64;
42595 : 64;
42596 : 64;
42597 : 64;
42598 : 64;
42599 : 64;
42600 : 60;
42601 : 40;
42602 : 40;
42603 : 40;
42604 : 40;
42605 : 60;
42606 : 60;
42607 : 64;
42608 : 64;
42609 : 64;
42610 : 64;
42611 : 64;
42612 : 64;
42613 : 64;
42614 : 84;
42615 : 84;
42616 : 84;
42617 : 84;
42618 : 84;
42619 : 84;
42620 : 84;
42621 : 84;
42622 : 64;
42623 : 64;
42624 : 64;
42625 : 64;
42626 : 64;
42627 : 60;
42628 : 60;
42629 : 40;
42630 : 40;
42631 : 40;
42632 : 20;
42633 : 40;
42634 : 40;
42635 : 40;
42636 : 40;
42637 : 40;
42638 : 40;
42639 : 40;
42640 : 40;
42641 : 40;
42642 : 40;
42643 : 40;
42644 : 40;
42645 : 44;
42646 : 44;
42647 : 44;
42648 : 44;
42649 : 64;
42650 : 64;
42651 : 64;
42652 : 64;
42653 : 64;
42654 : 64;
42655 : 44;
42656 : 44;
42657 : 40;
42658 : 64;
42659 : 64;
42660 : 40;
42661 : 40;
42662 : 40;
42663 : 40;
42664 : 44;
42665 : 64;
42666 : 64;
42667 : 64;
42668 : 64;
42669 : 84;
42670 : 40;
42671 : 64;
42672 : 64;
42673 : 64;
42674 : 64;
42675 : 64;
42676 : 64;
42677 : 64;
42678 : 64;
42679 : 40;
42680 : 64;
42681 : 40;
42682 : 64;
42683 : 64;
42684 : 64;
42685 : 64;
42686 : 64;
42687 : 64;
42688 : 64;
42689 : 64;
42690 : 64;
42691 : 64;
42692 : 64;
42693 : 64;
42694 : 64;
42695 : 64;
42696 : 64;
42697 : 64;
42698 : 40;
42699 : 40;
42700 : 64;
42701 : 40;
42702 : 64;
42703 : 85;
42704 : 85;
42705 : 89;
42706 : 89;
42707 : A9;
42708 : 85;
42709 : 64;
42710 : 64;
42711 : 40;
42712 : 40;
42713 : 40;
42714 : 40;
42715 : 40;
42716 : 40;
42717 : 40;
42718 : 40;
42719 : 40;
42720 : 44;
42721 : 64;
42722 : 64;
42723 : 64;
42724 : 64;
42725 : 85;
42726 : 40;
42727 : 64;
42728 : 64;
42729 : 44;
42730 : 84;
42731 : 64;
42732 : 64;
42733 : 64;
42734 : 64;
42735 : 65;
42736 : 85;
42737 : 85;
42738 : 85;
42739 : 89;
42740 : 89;
42741 : 89;
42742 : A9;
42743 : A9;
42744 : 89;
42745 : A9;
42746 : A9;
42747 : A9;
42748 : 89;
42749 : 89;
42750 : 85;
42751 : 85;
42752 : 64;
42753 : 64;
42754 : 40;
42755 : 64;
42756 : 64;
42757 : 64;
42758 : 64;
42759 : 64;
42760 : 60;
42761 : 64;
42762 : 40;
42763 : 64;
42764 : 64;
42765 : 64;
42766 : 64;
42767 : 64;
42768 : 64;
42769 : 64;
42770 : 64;
42771 : 64;
42772 : 64;
42773 : 64;
42774 : 40;
42775 : 85;
42776 : A9;
42777 : 84;
42778 : 84;
42779 : 40;
42780 : 40;
42781 : 40;
42782 : 64;
42783 : 64;
42784 : 64;
42785 : 64;
42786 : 64;
42787 : 64;
42788 : 64;
42789 : 64;
42790 : 64;
42791 : 64;
42792 : 64;
42793 : 64;
42794 : 64;
42795 : 40;
42796 : 40;
42797 : 40;
42798 : 40;
42799 : 40;
42800 : 24;
42801 : 24;
42802 : 6D;
42803 : 49;
42804 : 49;
42805 : 49;
42806 : 49;
42807 : 49;
42808 : 49;
42809 : 00;
42810 : 6D;
42811 : 49;
42812 : 49;
42813 : 49;
42814 : 49;
42815 : 49;
42816 : 49;
42817 : 49;
42818 : 49;
42819 : 49;
42820 : 49;
42821 : 49;
42822 : 49;
42823 : 49;
42824 : 49;
42825 : 49;
42826 : 49;
42827 : 49;
42828 : 49;
42829 : 49;
42830 : 49;
42831 : 49;
42832 : 49;
42833 : 49;
42834 : 49;
42835 : 49;
42836 : 49;
42837 : 49;
42838 : 49;
42839 : 49;
42840 : 49;
42841 : 49;
42842 : 49;
42843 : 49;
42844 : 49;
42845 : 49;
42846 : 49;
42847 : 49;
42848 : 49;
42849 : 49;
42850 : 49;
42851 : 49;
42852 : 49;
42853 : 49;
42854 : 49;
42855 : 49;
42856 : 49;
42857 : 49;
42858 : 49;
42859 : 49;
42860 : 49;
42861 : 49;
42862 : 49;
42863 : 49;
42864 : 49;
42865 : 48;
42866 : 48;
42867 : 24;
42868 : 24;
42869 : 00;
42870 : 6D;
42871 : 49;
42872 : 49;
42873 : 49;
42874 : 44;
42875 : 24;
42876 : 6D;
42877 : 24;
42878 : 24;
42879 : 24;
42880 : 40;
42881 : 20;
42882 : 40;
42883 : 40;
42884 : 20;
42885 : 40;
42886 : 20;
42887 : 20;
42888 : 40;
42889 : 40;
42890 : 20;
42891 : 20;
42892 : 40;
42893 : 40;
42894 : 40;
42895 : 60;
42896 : 60;
42897 : 64;
42898 : 64;
42899 : 64;
42900 : 64;
42901 : 64;
42902 : 64;
42903 : 64;
42904 : 64;
42905 : 64;
42906 : 64;
42907 : 64;
42908 : 64;
42909 : 64;
42910 : 64;
42911 : 64;
42912 : 64;
42913 : 64;
42914 : 64;
42915 : 64;
42916 : 64;
42917 : 64;
42918 : 64;
42919 : 64;
42920 : 64;
42921 : 64;
42922 : 20;
42923 : 64;
42924 : 60;
42925 : 60;
42926 : 64;
42927 : 64;
42928 : 64;
42929 : 64;
42930 : 64;
42931 : 64;
42932 : 84;
42933 : 84;
42934 : 84;
42935 : 84;
42936 : 84;
42937 : 84;
42938 : 84;
42939 : 84;
42940 : 64;
42941 : 64;
42942 : 64;
42943 : 64;
42944 : 64;
42945 : 60;
42946 : 60;
42947 : 60;
42948 : 40;
42949 : 40;
42950 : 20;
42951 : 40;
42952 : 40;
42953 : 40;
42954 : 40;
42955 : 40;
42956 : 40;
42957 : 40;
42958 : 40;
42959 : 40;
42960 : 40;
42961 : 40;
42962 : 40;
42963 : 40;
42964 : 40;
42965 : 64;
42966 : 64;
42967 : 44;
42968 : 64;
42969 : 64;
42970 : 84;
42971 : 64;
42972 : 64;
42973 : 64;
42974 : 44;
42975 : 40;
42976 : 44;
42977 : 64;
42978 : 64;
42979 : 40;
42980 : 40;
42981 : 40;
42982 : 44;
42983 : 64;
42984 : 64;
42985 : 64;
42986 : 64;
42987 : 64;
42988 : 64;
42989 : 40;
42990 : 64;
42991 : 64;
42992 : 64;
42993 : 64;
42994 : 64;
42995 : 64;
42996 : 64;
42997 : 64;
42998 : 64;
42999 : 64;
43000 : 64;
43001 : 44;
43002 : 40;
43003 : 64;
43004 : 64;
43005 : 64;
43006 : 64;
43007 : 85;
43008 : 85;
43009 : 64;
43010 : 64;
43011 : 64;
43012 : 64;
43013 : 64;
43014 : 64;
43015 : 64;
43016 : 40;
43017 : 40;
43018 : 64;
43019 : 64;
43020 : 40;
43021 : 64;
43022 : 84;
43023 : 85;
43024 : 89;
43025 : 89;
43026 : 89;
43027 : A9;
43028 : 64;
43029 : 64;
43030 : 20;
43031 : 89;
43032 : 85;
43033 : 85;
43034 : 85;
43035 : 64;
43036 : 64;
43037 : 85;
43038 : 84;
43039 : 85;
43040 : 84;
43041 : 64;
43042 : 64;
43043 : 64;
43044 : 64;
43045 : 40;
43046 : 64;
43047 : 64;
43048 : 40;
43049 : 64;
43050 : 64;
43051 : 64;
43052 : 64;
43053 : 64;
43054 : 64;
43055 : 64;
43056 : 85;
43057 : 85;
43058 : 85;
43059 : 89;
43060 : 89;
43061 : 89;
43062 : A9;
43063 : 89;
43064 : A9;
43065 : A9;
43066 : A9;
43067 : 89;
43068 : 89;
43069 : 89;
43070 : 89;
43071 : 40;
43072 : 64;
43073 : 20;
43074 : 89;
43075 : 40;
43076 : 64;
43077 : 64;
43078 : 84;
43079 : 20;
43080 : 64;
43081 : 64;
43082 : 64;
43083 : 64;
43084 : 64;
43085 : 64;
43086 : 64;
43087 : 64;
43088 : 64;
43089 : 64;
43090 : 64;
43091 : 64;
43092 : 64;
43093 : 64;
43094 : 20;
43095 : A9;
43096 : 85;
43097 : 64;
43098 : 40;
43099 : 20;
43100 : 40;
43101 : 64;
43102 : 64;
43103 : 64;
43104 : 64;
43105 : 64;
43106 : 64;
43107 : 64;
43108 : 64;
43109 : 64;
43110 : 64;
43111 : 64;
43112 : 64;
43113 : 64;
43114 : 44;
43115 : 64;
43116 : 40;
43117 : 40;
43118 : 40;
43119 : 40;
43120 : 24;
43121 : 24;
43122 : 6D;
43123 : 49;
43124 : 49;
43125 : 49;
43126 : 49;
43127 : 49;
43128 : 49;
43129 : 00;
43130 : 6D;
43131 : 49;
43132 : 49;
43133 : 49;
43134 : 49;
43135 : 49;
43136 : 49;
43137 : 49;
43138 : 49;
43139 : 49;
43140 : 49;
43141 : 49;
43142 : 49;
43143 : 49;
43144 : 49;
43145 : 49;
43146 : 49;
43147 : 49;
43148 : 49;
43149 : 49;
43150 : 49;
43151 : 49;
43152 : 49;
43153 : 49;
43154 : 49;
43155 : 49;
43156 : 49;
43157 : 49;
43158 : 49;
43159 : 49;
43160 : 49;
43161 : 49;
43162 : 49;
43163 : 49;
43164 : 49;
43165 : 49;
43166 : 49;
43167 : 49;
43168 : 49;
43169 : 49;
43170 : 49;
43171 : 49;
43172 : 49;
43173 : 49;
43174 : 49;
43175 : 49;
43176 : 49;
43177 : 49;
43178 : 49;
43179 : 49;
43180 : 49;
43181 : 49;
43182 : 49;
43183 : 49;
43184 : 49;
43185 : 49;
43186 : 48;
43187 : 44;
43188 : 24;
43189 : 00;
43190 : 6D;
43191 : 44;
43192 : 48;
43193 : 44;
43194 : 24;
43195 : 24;
43196 : 6D;
43197 : 24;
43198 : 24;
43199 : 24;
43200 : 40;
43201 : 20;
43202 : 40;
43203 : 40;
43204 : 40;
43205 : 40;
43206 : 40;
43207 : 40;
43208 : 20;
43209 : 20;
43210 : 40;
43211 : 40;
43212 : 20;
43213 : 40;
43214 : 40;
43215 : 40;
43216 : 60;
43217 : 60;
43218 : 64;
43219 : 64;
43220 : 64;
43221 : 64;
43222 : 64;
43223 : 64;
43224 : 64;
43225 : 64;
43226 : 64;
43227 : 64;
43228 : 64;
43229 : 64;
43230 : 64;
43231 : 64;
43232 : 64;
43233 : 84;
43234 : 84;
43235 : 84;
43236 : 84;
43237 : 64;
43238 : 64;
43239 : 64;
43240 : 64;
43241 : 64;
43242 : 64;
43243 : 64;
43244 : 64;
43245 : 64;
43246 : 64;
43247 : 64;
43248 : 64;
43249 : 64;
43250 : 85;
43251 : 84;
43252 : 84;
43253 : 84;
43254 : 84;
43255 : 84;
43256 : 84;
43257 : 64;
43258 : 64;
43259 : 64;
43260 : 64;
43261 : 64;
43262 : 64;
43263 : 64;
43264 : 64;
43265 : 60;
43266 : 60;
43267 : 40;
43268 : 40;
43269 : 40;
43270 : 40;
43271 : 40;
43272 : 40;
43273 : 40;
43274 : 40;
43275 : 44;
43276 : 40;
43277 : 40;
43278 : 40;
43279 : 40;
43280 : 40;
43281 : 44;
43282 : 44;
43283 : 40;
43284 : 40;
43285 : 44;
43286 : 44;
43287 : 64;
43288 : 64;
43289 : 64;
43290 : 44;
43291 : 64;
43292 : 64;
43293 : 44;
43294 : 44;
43295 : 64;
43296 : 64;
43297 : 64;
43298 : 20;
43299 : 40;
43300 : 44;
43301 : 64;
43302 : 64;
43303 : 64;
43304 : 64;
43305 : 64;
43306 : 64;
43307 : 40;
43308 : 40;
43309 : 64;
43310 : 64;
43311 : 64;
43312 : 64;
43313 : 64;
43314 : 64;
43315 : 64;
43316 : 64;
43317 : 64;
43318 : 64;
43319 : 64;
43320 : 64;
43321 : 64;
43322 : 40;
43323 : 85;
43324 : 84;
43325 : 64;
43326 : 84;
43327 : 85;
43328 : 85;
43329 : 64;
43330 : 64;
43331 : 64;
43332 : 64;
43333 : 64;
43334 : 64;
43335 : 64;
43336 : 64;
43337 : 64;
43338 : 20;
43339 : 40;
43340 : 64;
43341 : 64;
43342 : 84;
43343 : 85;
43344 : 89;
43345 : 89;
43346 : A9;
43347 : 40;
43348 : 84;
43349 : 40;
43350 : A9;
43351 : 85;
43352 : 85;
43353 : 89;
43354 : 64;
43355 : 64;
43356 : 64;
43357 : 64;
43358 : 64;
43359 : 84;
43360 : 64;
43361 : 64;
43362 : 64;
43363 : 64;
43364 : 64;
43365 : 64;
43366 : 64;
43367 : 20;
43368 : 84;
43369 : 64;
43370 : 64;
43371 : 64;
43372 : 64;
43373 : 64;
43374 : 65;
43375 : 64;
43376 : 85;
43377 : 85;
43378 : 89;
43379 : 89;
43380 : 89;
43381 : 89;
43382 : 89;
43383 : A9;
43384 : A9;
43385 : A9;
43386 : 89;
43387 : 89;
43388 : 89;
43389 : 85;
43390 : 85;
43391 : 40;
43392 : 64;
43393 : 64;
43394 : 20;
43395 : 85;
43396 : 64;
43397 : 64;
43398 : 20;
43399 : 85;
43400 : 40;
43401 : 64;
43402 : 64;
43403 : 64;
43404 : 64;
43405 : 64;
43406 : 64;
43407 : 64;
43408 : 64;
43409 : 64;
43410 : 64;
43411 : 64;
43412 : 64;
43413 : 64;
43414 : 20;
43415 : 89;
43416 : 84;
43417 : 64;
43418 : 20;
43419 : 40;
43420 : 40;
43421 : 64;
43422 : 64;
43423 : 64;
43424 : 64;
43425 : 64;
43426 : 64;
43427 : 64;
43428 : 64;
43429 : 64;
43430 : 64;
43431 : 64;
43432 : 64;
43433 : 64;
43434 : 64;
43435 : 40;
43436 : 40;
43437 : 40;
43438 : 40;
43439 : 40;
43440 : 24;
43441 : 24;
43442 : 6D;
43443 : 49;
43444 : 49;
43445 : 49;
43446 : 49;
43447 : 49;
43448 : 49;
43449 : 00;
43450 : 6D;
43451 : 49;
43452 : 49;
43453 : 49;
43454 : 49;
43455 : 49;
43456 : 49;
43457 : 49;
43458 : 49;
43459 : 49;
43460 : 49;
43461 : 49;
43462 : 49;
43463 : 49;
43464 : 49;
43465 : 49;
43466 : 49;
43467 : 49;
43468 : 49;
43469 : 49;
43470 : 49;
43471 : 49;
43472 : 49;
43473 : 49;
43474 : 49;
43475 : 49;
43476 : 49;
43477 : 49;
43478 : 49;
43479 : 49;
43480 : 49;
43481 : 49;
43482 : 49;
43483 : 49;
43484 : 49;
43485 : 49;
43486 : 49;
43487 : 49;
43488 : 49;
43489 : 49;
43490 : 49;
43491 : 49;
43492 : 49;
43493 : 49;
43494 : 49;
43495 : 49;
43496 : 49;
43497 : 49;
43498 : 49;
43499 : 49;
43500 : 49;
43501 : 49;
43502 : 49;
43503 : 49;
43504 : 49;
43505 : 49;
43506 : 49;
43507 : 48;
43508 : 24;
43509 : 00;
43510 : 6D;
43511 : 48;
43512 : 49;
43513 : 49;
43514 : 49;
43515 : 44;
43516 : 6D;
43517 : 24;
43518 : 24;
43519 : 24;
43520 : 40;
43521 : 40;
43522 : 40;
43523 : 40;
43524 : 40;
43525 : 40;
43526 : 20;
43527 : 40;
43528 : 20;
43529 : 40;
43530 : 40;
43531 : 20;
43532 : 40;
43533 : 20;
43534 : 20;
43535 : 40;
43536 : 40;
43537 : 60;
43538 : 60;
43539 : 64;
43540 : 64;
43541 : 64;
43542 : 64;
43543 : 64;
43544 : 64;
43545 : 64;
43546 : 64;
43547 : 64;
43548 : 64;
43549 : 64;
43550 : 64;
43551 : 64;
43552 : 84;
43553 : 84;
43554 : 84;
43555 : 84;
43556 : 84;
43557 : 84;
43558 : 84;
43559 : 64;
43560 : 64;
43561 : 64;
43562 : 64;
43563 : 64;
43564 : 64;
43565 : 64;
43566 : 64;
43567 : 84;
43568 : 84;
43569 : 84;
43570 : 84;
43571 : 84;
43572 : 84;
43573 : 84;
43574 : 84;
43575 : 64;
43576 : 64;
43577 : 64;
43578 : 64;
43579 : 64;
43580 : 64;
43581 : 64;
43582 : 64;
43583 : 64;
43584 : 60;
43585 : 60;
43586 : 40;
43587 : 40;
43588 : 40;
43589 : 40;
43590 : 40;
43591 : 40;
43592 : 40;
43593 : 40;
43594 : 40;
43595 : 40;
43596 : 40;
43597 : 40;
43598 : 40;
43599 : 40;
43600 : 44;
43601 : 44;
43602 : 44;
43603 : 40;
43604 : 40;
43605 : 64;
43606 : 64;
43607 : 64;
43608 : 64;
43609 : 64;
43610 : 64;
43611 : 40;
43612 : 40;
43613 : 64;
43614 : 64;
43615 : 64;
43616 : 64;
43617 : 40;
43618 : 40;
43619 : 64;
43620 : 64;
43621 : 64;
43622 : 64;
43623 : 64;
43624 : 64;
43625 : 40;
43626 : 40;
43627 : 64;
43628 : 64;
43629 : 64;
43630 : 64;
43631 : 64;
43632 : 64;
43633 : 64;
43634 : 64;
43635 : 64;
43636 : 64;
43637 : 64;
43638 : 64;
43639 : 64;
43640 : 64;
43641 : 64;
43642 : 64;
43643 : 40;
43644 : 85;
43645 : 85;
43646 : 85;
43647 : 85;
43648 : 85;
43649 : 64;
43650 : 64;
43651 : 64;
43652 : 64;
43653 : 64;
43654 : 64;
43655 : 40;
43656 : 64;
43657 : 40;
43658 : 64;
43659 : 64;
43660 : 64;
43661 : 84;
43662 : 85;
43663 : 89;
43664 : 89;
43665 : 89;
43666 : 40;
43667 : 85;
43668 : 64;
43669 : 89;
43670 : 89;
43671 : 85;
43672 : 85;
43673 : 64;
43674 : 64;
43675 : 64;
43676 : 64;
43677 : 64;
43678 : 64;
43679 : 84;
43680 : 84;
43681 : 84;
43682 : 64;
43683 : 64;
43684 : 40;
43685 : 64;
43686 : 40;
43687 : 85;
43688 : 64;
43689 : 64;
43690 : 64;
43691 : 64;
43692 : 64;
43693 : 64;
43694 : 84;
43695 : 85;
43696 : 89;
43697 : 89;
43698 : 89;
43699 : 89;
43700 : 89;
43701 : 89;
43702 : A9;
43703 : A9;
43704 : A9;
43705 : 89;
43706 : 89;
43707 : 89;
43708 : 85;
43709 : 85;
43710 : 64;
43711 : 64;
43712 : 40;
43713 : 40;
43714 : 64;
43715 : 64;
43716 : 64;
43717 : 40;
43718 : 64;
43719 : 40;
43720 : 64;
43721 : 64;
43722 : 64;
43723 : 64;
43724 : 64;
43725 : 64;
43726 : 64;
43727 : 64;
43728 : 64;
43729 : 64;
43730 : 64;
43731 : 64;
43732 : 64;
43733 : 20;
43734 : 85;
43735 : 85;
43736 : 84;
43737 : 64;
43738 : 20;
43739 : 40;
43740 : 64;
43741 : 64;
43742 : 64;
43743 : 64;
43744 : 64;
43745 : 64;
43746 : 64;
43747 : 64;
43748 : 64;
43749 : 64;
43750 : 64;
43751 : 64;
43752 : 44;
43753 : 64;
43754 : 64;
43755 : 40;
43756 : 40;
43757 : 40;
43758 : 40;
43759 : 40;
43760 : 24;
43761 : 24;
43762 : 6D;
43763 : 49;
43764 : 49;
43765 : 49;
43766 : 49;
43767 : 49;
43768 : 49;
43769 : 00;
43770 : 6D;
43771 : 49;
43772 : 49;
43773 : 49;
43774 : 49;
43775 : 49;
43776 : 49;
43777 : 49;
43778 : 49;
43779 : 49;
43780 : 49;
43781 : 49;
43782 : 49;
43783 : 49;
43784 : 49;
43785 : 49;
43786 : 49;
43787 : 49;
43788 : 49;
43789 : 49;
43790 : 49;
43791 : 49;
43792 : 49;
43793 : 49;
43794 : 49;
43795 : 49;
43796 : 49;
43797 : 49;
43798 : 49;
43799 : 49;
43800 : 49;
43801 : 49;
43802 : 49;
43803 : 49;
43804 : 49;
43805 : 49;
43806 : 49;
43807 : 49;
43808 : 49;
43809 : 49;
43810 : 49;
43811 : 49;
43812 : 49;
43813 : 49;
43814 : 49;
43815 : 49;
43816 : 49;
43817 : 49;
43818 : 49;
43819 : 49;
43820 : 49;
43821 : 49;
43822 : 49;
43823 : 49;
43824 : 49;
43825 : 44;
43826 : 44;
43827 : 44;
43828 : 24;
43829 : 00;
43830 : 6D;
43831 : 44;
43832 : 48;
43833 : 48;
43834 : 48;
43835 : 24;
43836 : 6D;
43837 : 24;
43838 : 24;
43839 : 24;
43840 : 20;
43841 : 40;
43842 : 40;
43843 : 40;
43844 : 40;
43845 : 40;
43846 : 40;
43847 : 40;
43848 : 40;
43849 : 40;
43850 : 40;
43851 : 20;
43852 : 40;
43853 : 40;
43854 : 20;
43855 : 20;
43856 : 40;
43857 : 40;
43858 : 60;
43859 : 60;
43860 : 64;
43861 : 64;
43862 : 64;
43863 : 64;
43864 : 64;
43865 : 64;
43866 : 64;
43867 : 64;
43868 : 64;
43869 : 64;
43870 : 64;
43871 : 64;
43872 : 64;
43873 : 64;
43874 : 64;
43875 : 64;
43876 : 84;
43877 : 84;
43878 : 84;
43879 : 84;
43880 : 84;
43881 : 84;
43882 : 64;
43883 : 64;
43884 : 64;
43885 : 64;
43886 : 64;
43887 : 85;
43888 : 84;
43889 : 84;
43890 : 64;
43891 : 64;
43892 : 64;
43893 : 64;
43894 : 64;
43895 : 64;
43896 : 64;
43897 : 64;
43898 : 64;
43899 : 64;
43900 : 64;
43901 : 64;
43902 : 60;
43903 : 60;
43904 : 60;
43905 : 40;
43906 : 40;
43907 : 40;
43908 : 40;
43909 : 40;
43910 : 40;
43911 : 40;
43912 : 40;
43913 : 40;
43914 : 44;
43915 : 40;
43916 : 40;
43917 : 40;
43918 : 40;
43919 : 40;
43920 : 44;
43921 : 44;
43922 : 44;
43923 : 44;
43924 : 40;
43925 : 64;
43926 : 64;
43927 : 64;
43928 : 64;
43929 : 44;
43930 : 44;
43931 : 44;
43932 : 64;
43933 : 64;
43934 : 64;
43935 : 64;
43936 : 40;
43937 : 40;
43938 : 64;
43939 : 64;
43940 : 64;
43941 : 64;
43942 : 44;
43943 : 40;
43944 : 44;
43945 : 64;
43946 : 64;
43947 : 64;
43948 : 64;
43949 : 64;
43950 : 64;
43951 : 64;
43952 : 64;
43953 : 64;
43954 : 64;
43955 : 64;
43956 : 64;
43957 : 64;
43958 : 64;
43959 : 64;
43960 : 64;
43961 : 40;
43962 : 64;
43963 : 64;
43964 : 64;
43965 : 64;
43966 : 85;
43967 : 84;
43968 : 64;
43969 : 64;
43970 : 64;
43971 : 64;
43972 : 64;
43973 : 64;
43974 : 40;
43975 : 64;
43976 : 40;
43977 : 64;
43978 : 64;
43979 : 64;
43980 : 64;
43981 : 84;
43982 : 89;
43983 : 89;
43984 : 64;
43985 : 64;
43986 : 64;
43987 : 40;
43988 : 85;
43989 : 89;
43990 : 89;
43991 : 85;
43992 : 85;
43993 : 64;
43994 : 64;
43995 : 64;
43996 : 84;
43997 : 64;
43998 : 64;
43999 : 64;
44000 : 64;
44001 : 85;
44002 : 64;
44003 : 40;
44004 : 64;
44005 : 64;
44006 : 64;
44007 : 64;
44008 : 64;
44009 : 64;
44010 : 64;
44011 : 64;
44012 : 64;
44013 : 64;
44014 : 65;
44015 : 85;
44016 : 85;
44017 : 89;
44018 : 89;
44019 : 89;
44020 : 64;
44021 : 64;
44022 : 89;
44023 : A9;
44024 : 89;
44025 : 89;
44026 : 89;
44027 : 89;
44028 : 85;
44029 : 64;
44030 : 64;
44031 : 64;
44032 : 40;
44033 : 64;
44034 : 64;
44035 : 64;
44036 : 64;
44037 : 60;
44038 : 40;
44039 : 64;
44040 : 64;
44041 : 64;
44042 : 64;
44043 : 64;
44044 : 64;
44045 : 64;
44046 : 64;
44047 : 44;
44048 : 64;
44049 : 64;
44050 : 64;
44051 : 64;
44052 : 64;
44053 : 20;
44054 : 85;
44055 : 84;
44056 : 64;
44057 : 64;
44058 : 20;
44059 : 64;
44060 : 64;
44061 : 64;
44062 : 64;
44063 : 64;
44064 : 64;
44065 : 64;
44066 : 64;
44067 : 64;
44068 : 64;
44069 : 64;
44070 : 64;
44071 : 64;
44072 : 44;
44073 : 64;
44074 : 64;
44075 : 40;
44076 : 40;
44077 : 40;
44078 : 40;
44079 : 40;
44080 : 24;
44081 : 24;
44082 : 6D;
44083 : 49;
44084 : 49;
44085 : 49;
44086 : 49;
44087 : 49;
44088 : 49;
44089 : 00;
44090 : 6D;
44091 : 49;
44092 : 49;
44093 : 49;
44094 : 49;
44095 : 49;
44096 : 49;
44097 : 49;
44098 : 49;
44099 : 49;
44100 : 49;
44101 : 49;
44102 : 49;
44103 : 49;
44104 : 49;
44105 : 49;
44106 : 49;
44107 : 49;
44108 : 49;
44109 : 49;
44110 : 49;
44111 : 49;
44112 : 49;
44113 : 49;
44114 : 49;
44115 : 49;
44116 : 49;
44117 : 49;
44118 : 49;
44119 : 49;
44120 : 49;
44121 : 49;
44122 : 49;
44123 : 49;
44124 : 49;
44125 : 49;
44126 : 49;
44127 : 49;
44128 : 49;
44129 : 49;
44130 : 49;
44131 : 49;
44132 : 49;
44133 : 49;
44134 : 49;
44135 : 49;
44136 : 49;
44137 : 49;
44138 : 49;
44139 : 49;
44140 : 49;
44141 : 49;
44142 : 49;
44143 : 49;
44144 : 48;
44145 : 48;
44146 : 48;
44147 : 24;
44148 : 24;
44149 : 00;
44150 : 6D;
44151 : 44;
44152 : 44;
44153 : 24;
44154 : 24;
44155 : 24;
44156 : 4D;
44157 : 24;
44158 : 24;
44159 : 24;
44160 : 40;
44161 : 40;
44162 : 40;
44163 : 40;
44164 : 40;
44165 : 40;
44166 : 40;
44167 : 40;
44168 : 40;
44169 : 40;
44170 : 40;
44171 : 40;
44172 : 40;
44173 : 20;
44174 : 40;
44175 : 40;
44176 : 20;
44177 : 40;
44178 : 40;
44179 : 40;
44180 : 64;
44181 : 64;
44182 : 64;
44183 : 64;
44184 : 64;
44185 : 64;
44186 : 64;
44187 : 64;
44188 : 64;
44189 : 64;
44190 : 64;
44191 : 64;
44192 : 64;
44193 : 64;
44194 : 64;
44195 : 64;
44196 : 64;
44197 : 64;
44198 : 64;
44199 : 64;
44200 : 84;
44201 : 84;
44202 : 84;
44203 : 84;
44204 : 84;
44205 : 84;
44206 : 84;
44207 : 64;
44208 : 64;
44209 : 64;
44210 : 64;
44211 : 64;
44212 : 64;
44213 : 64;
44214 : 64;
44215 : 64;
44216 : 64;
44217 : 64;
44218 : 64;
44219 : 60;
44220 : 60;
44221 : 64;
44222 : 40;
44223 : 40;
44224 : 40;
44225 : 40;
44226 : 40;
44227 : 20;
44228 : 40;
44229 : 40;
44230 : 40;
44231 : 40;
44232 : 44;
44233 : 40;
44234 : 40;
44235 : 40;
44236 : 44;
44237 : 40;
44238 : 40;
44239 : 64;
44240 : 64;
44241 : 44;
44242 : 44;
44243 : 40;
44244 : 44;
44245 : 64;
44246 : 64;
44247 : 44;
44248 : 44;
44249 : 44;
44250 : 44;
44251 : 40;
44252 : 64;
44253 : 64;
44254 : 64;
44255 : 40;
44256 : 40;
44257 : 64;
44258 : 64;
44259 : 64;
44260 : 64;
44261 : 44;
44262 : 64;
44263 : 64;
44264 : 64;
44265 : 64;
44266 : 64;
44267 : 64;
44268 : 64;
44269 : 64;
44270 : 64;
44271 : 64;
44272 : 64;
44273 : 64;
44274 : 64;
44275 : 64;
44276 : 64;
44277 : 64;
44278 : 64;
44279 : 64;
44280 : 64;
44281 : 85;
44282 : 40;
44283 : 64;
44284 : 64;
44285 : 65;
44286 : 84;
44287 : 65;
44288 : 64;
44289 : 64;
44290 : 64;
44291 : 64;
44292 : 64;
44293 : 64;
44294 : 20;
44295 : 44;
44296 : 44;
44297 : 64;
44298 : 64;
44299 : 64;
44300 : 85;
44301 : 85;
44302 : A9;
44303 : 40;
44304 : 85;
44305 : 40;
44306 : 89;
44307 : 89;
44308 : 89;
44309 : 89;
44310 : 89;
44311 : 85;
44312 : 85;
44313 : 84;
44314 : 64;
44315 : 84;
44316 : 64;
44317 : 64;
44318 : 64;
44319 : 64;
44320 : 65;
44321 : 64;
44322 : 40;
44323 : 85;
44324 : 40;
44325 : 64;
44326 : 84;
44327 : 64;
44328 : 64;
44329 : 64;
44330 : 64;
44331 : 64;
44332 : 64;
44333 : 84;
44334 : 64;
44335 : 89;
44336 : 89;
44337 : 89;
44338 : 89;
44339 : 84;
44340 : 64;
44341 : 85;
44342 : 64;
44343 : 84;
44344 : 89;
44345 : 89;
44346 : 85;
44347 : 85;
44348 : 64;
44349 : 64;
44350 : 85;
44351 : 40;
44352 : 64;
44353 : 64;
44354 : 64;
44355 : 44;
44356 : 40;
44357 : 40;
44358 : 64;
44359 : 64;
44360 : 64;
44361 : 64;
44362 : 64;
44363 : 64;
44364 : 64;
44365 : 64;
44366 : 44;
44367 : 64;
44368 : 40;
44369 : 64;
44370 : 64;
44371 : 64;
44372 : 40;
44373 : 64;
44374 : 85;
44375 : 84;
44376 : 64;
44377 : 40;
44378 : 20;
44379 : 64;
44380 : 64;
44381 : 64;
44382 : 64;
44383 : 64;
44384 : 64;
44385 : 64;
44386 : 64;
44387 : 64;
44388 : 64;
44389 : 64;
44390 : 64;
44391 : 64;
44392 : 44;
44393 : 64;
44394 : 64;
44395 : 40;
44396 : 40;
44397 : 40;
44398 : 40;
44399 : 40;
44400 : 24;
44401 : 24;
44402 : 6D;
44403 : 49;
44404 : 49;
44405 : 49;
44406 : 49;
44407 : 49;
44408 : 49;
44409 : 00;
44410 : 6D;
44411 : 49;
44412 : 49;
44413 : 49;
44414 : 49;
44415 : 49;
44416 : 49;
44417 : 49;
44418 : 49;
44419 : 49;
44420 : 49;
44421 : 49;
44422 : 49;
44423 : 49;
44424 : 49;
44425 : 49;
44426 : 49;
44427 : 49;
44428 : 49;
44429 : 49;
44430 : 49;
44431 : 49;
44432 : 49;
44433 : 49;
44434 : 49;
44435 : 49;
44436 : 49;
44437 : 49;
44438 : 49;
44439 : 49;
44440 : 49;
44441 : 49;
44442 : 49;
44443 : 49;
44444 : 49;
44445 : 49;
44446 : 49;
44447 : 49;
44448 : 49;
44449 : 49;
44450 : 49;
44451 : 49;
44452 : 49;
44453 : 49;
44454 : 49;
44455 : 49;
44456 : 49;
44457 : 49;
44458 : 49;
44459 : 49;
44460 : 49;
44461 : 49;
44462 : 49;
44463 : 49;
44464 : 49;
44465 : 48;
44466 : 24;
44467 : 24;
44468 : 24;
44469 : 00;
44470 : 6D;
44471 : 44;
44472 : 44;
44473 : 49;
44474 : 24;
44475 : 24;
44476 : 6D;
44477 : 24;
44478 : 24;
44479 : 24;
44480 : 40;
44481 : 40;
44482 : 40;
44483 : 40;
44484 : 40;
44485 : 40;
44486 : 40;
44487 : 40;
44488 : 40;
44489 : 40;
44490 : 40;
44491 : 40;
44492 : 40;
44493 : 40;
44494 : 20;
44495 : 40;
44496 : 40;
44497 : 20;
44498 : 40;
44499 : 40;
44500 : 40;
44501 : 60;
44502 : 64;
44503 : 64;
44504 : 64;
44505 : 64;
44506 : 64;
44507 : 64;
44508 : 64;
44509 : 64;
44510 : 64;
44511 : 64;
44512 : 64;
44513 : 64;
44514 : 64;
44515 : 64;
44516 : 64;
44517 : 64;
44518 : 64;
44519 : 64;
44520 : 64;
44521 : 64;
44522 : 64;
44523 : 64;
44524 : 64;
44525 : 64;
44526 : 64;
44527 : 64;
44528 : 64;
44529 : 64;
44530 : 64;
44531 : 64;
44532 : 64;
44533 : 64;
44534 : 64;
44535 : 64;
44536 : 64;
44537 : 60;
44538 : 60;
44539 : 60;
44540 : 40;
44541 : 40;
44542 : 40;
44543 : 40;
44544 : 40;
44545 : 40;
44546 : 20;
44547 : 40;
44548 : 40;
44549 : 40;
44550 : 40;
44551 : 44;
44552 : 40;
44553 : 44;
44554 : 44;
44555 : 40;
44556 : 40;
44557 : 64;
44558 : 64;
44559 : 64;
44560 : 64;
44561 : 64;
44562 : 44;
44563 : 40;
44564 : 44;
44565 : 44;
44566 : 44;
44567 : 44;
44568 : 44;
44569 : 44;
44570 : 40;
44571 : 64;
44572 : 64;
44573 : 64;
44574 : 40;
44575 : 44;
44576 : 64;
44577 : 64;
44578 : 64;
44579 : 64;
44580 : 40;
44581 : 64;
44582 : 40;
44583 : 40;
44584 : 64;
44585 : 64;
44586 : 64;
44587 : 64;
44588 : 64;
44589 : 64;
44590 : 64;
44591 : 64;
44592 : 64;
44593 : 64;
44594 : 64;
44595 : 64;
44596 : 64;
44597 : 64;
44598 : 64;
44599 : 64;
44600 : 64;
44601 : 64;
44602 : 85;
44603 : 40;
44604 : 64;
44605 : 64;
44606 : 85;
44607 : 84;
44608 : 64;
44609 : 64;
44610 : 64;
44611 : 64;
44612 : 64;
44613 : 40;
44614 : 44;
44615 : 40;
44616 : 64;
44617 : 64;
44618 : 64;
44619 : 64;
44620 : 85;
44621 : 89;
44622 : 40;
44623 : 89;
44624 : 40;
44625 : 85;
44626 : 89;
44627 : 89;
44628 : 85;
44629 : 89;
44630 : 89;
44631 : 85;
44632 : 64;
44633 : 64;
44634 : 64;
44635 : 84;
44636 : 84;
44637 : 64;
44638 : 64;
44639 : 64;
44640 : 64;
44641 : 40;
44642 : 89;
44643 : 40;
44644 : 85;
44645 : 64;
44646 : 64;
44647 : 64;
44648 : 64;
44649 : 64;
44650 : 64;
44651 : 64;
44652 : 65;
44653 : 64;
44654 : 89;
44655 : 85;
44656 : 89;
44657 : 89;
44658 : 89;
44659 : A9;
44660 : A9;
44661 : 60;
44662 : 89;
44663 : 64;
44664 : 85;
44665 : 89;
44666 : 85;
44667 : 85;
44668 : 40;
44669 : 84;
44670 : 40;
44671 : 64;
44672 : 84;
44673 : 64;
44674 : 64;
44675 : 64;
44676 : 64;
44677 : 64;
44678 : 64;
44679 : 64;
44680 : 64;
44681 : 64;
44682 : 44;
44683 : 44;
44684 : 44;
44685 : 44;
44686 : 64;
44687 : 40;
44688 : 44;
44689 : 44;
44690 : 64;
44691 : 64;
44692 : 40;
44693 : 64;
44694 : 85;
44695 : 84;
44696 : 40;
44697 : 20;
44698 : 40;
44699 : 64;
44700 : 64;
44701 : 64;
44702 : 64;
44703 : 64;
44704 : 64;
44705 : 64;
44706 : 64;
44707 : 64;
44708 : 64;
44709 : 64;
44710 : 64;
44711 : 64;
44712 : 64;
44713 : 64;
44714 : 64;
44715 : 40;
44716 : 40;
44717 : 40;
44718 : 40;
44719 : 40;
44720 : 24;
44721 : 24;
44722 : 69;
44723 : 49;
44724 : 49;
44725 : 49;
44726 : 49;
44727 : 49;
44728 : 49;
44729 : 00;
44730 : 6D;
44731 : 49;
44732 : 49;
44733 : 49;
44734 : 49;
44735 : 49;
44736 : 49;
44737 : 49;
44738 : 49;
44739 : 49;
44740 : 49;
44741 : 49;
44742 : 49;
44743 : 49;
44744 : 49;
44745 : 49;
44746 : 49;
44747 : 49;
44748 : 49;
44749 : 49;
44750 : 49;
44751 : 49;
44752 : 49;
44753 : 49;
44754 : 49;
44755 : 49;
44756 : 49;
44757 : 49;
44758 : 49;
44759 : 49;
44760 : 49;
44761 : 49;
44762 : 49;
44763 : 49;
44764 : 49;
44765 : 49;
44766 : 49;
44767 : 49;
44768 : 49;
44769 : 49;
44770 : 49;
44771 : 49;
44772 : 49;
44773 : 49;
44774 : 49;
44775 : 49;
44776 : 49;
44777 : 49;
44778 : 49;
44779 : 49;
44780 : 49;
44781 : 49;
44782 : 49;
44783 : 49;
44784 : 48;
44785 : 24;
44786 : 44;
44787 : 24;
44788 : 24;
44789 : 00;
44790 : 6D;
44791 : 44;
44792 : 49;
44793 : 44;
44794 : 24;
44795 : 24;
44796 : 6D;
44797 : 24;
44798 : 24;
44799 : 24;
44800 : 40;
44801 : 40;
44802 : 40;
44803 : 40;
44804 : 40;
44805 : 40;
44806 : 40;
44807 : 40;
44808 : 40;
44809 : 40;
44810 : 40;
44811 : 40;
44812 : 40;
44813 : 40;
44814 : 40;
44815 : 40;
44816 : 40;
44817 : 40;
44818 : 20;
44819 : 40;
44820 : 40;
44821 : 40;
44822 : 60;
44823 : 64;
44824 : 64;
44825 : 64;
44826 : 64;
44827 : 64;
44828 : 64;
44829 : 64;
44830 : 64;
44831 : 64;
44832 : 64;
44833 : 64;
44834 : 64;
44835 : 64;
44836 : 64;
44837 : 64;
44838 : 64;
44839 : 64;
44840 : 64;
44841 : 64;
44842 : 64;
44843 : 64;
44844 : 64;
44845 : 64;
44846 : 64;
44847 : 64;
44848 : 64;
44849 : 64;
44850 : 64;
44851 : 64;
44852 : 64;
44853 : 64;
44854 : 60;
44855 : 60;
44856 : 40;
44857 : 40;
44858 : 40;
44859 : 40;
44860 : 40;
44861 : 40;
44862 : 40;
44863 : 40;
44864 : 20;
44865 : 40;
44866 : 40;
44867 : 40;
44868 : 40;
44869 : 40;
44870 : 40;
44871 : 40;
44872 : 40;
44873 : 40;
44874 : 44;
44875 : 44;
44876 : 64;
44877 : 64;
44878 : 64;
44879 : 64;
44880 : 64;
44881 : 64;
44882 : 40;
44883 : 40;
44884 : 64;
44885 : 44;
44886 : 44;
44887 : 44;
44888 : 44;
44889 : 40;
44890 : 64;
44891 : 64;
44892 : 64;
44893 : 64;
44894 : 40;
44895 : 64;
44896 : 64;
44897 : 64;
44898 : 64;
44899 : 40;
44900 : 64;
44901 : 40;
44902 : 64;
44903 : 40;
44904 : 64;
44905 : 64;
44906 : 64;
44907 : 64;
44908 : 64;
44909 : 64;
44910 : 64;
44911 : 64;
44912 : 64;
44913 : 64;
44914 : 64;
44915 : 64;
44916 : 64;
44917 : 64;
44918 : 64;
44919 : 64;
44920 : 64;
44921 : 64;
44922 : 64;
44923 : 64;
44924 : 44;
44925 : 64;
44926 : 84;
44927 : 85;
44928 : 64;
44929 : 64;
44930 : 64;
44931 : 64;
44932 : 64;
44933 : 40;
44934 : 40;
44935 : 64;
44936 : 64;
44937 : 64;
44938 : 64;
44939 : 85;
44940 : 85;
44941 : 64;
44942 : 85;
44943 : 40;
44944 : 89;
44945 : 89;
44946 : 85;
44947 : 89;
44948 : 89;
44949 : 85;
44950 : 89;
44951 : 85;
44952 : 64;
44953 : 64;
44954 : 85;
44955 : 84;
44956 : 64;
44957 : 64;
44958 : 64;
44959 : 64;
44960 : 64;
44961 : 64;
44962 : 40;
44963 : 85;
44964 : 64;
44965 : 64;
44966 : 64;
44967 : 64;
44968 : 64;
44969 : 64;
44970 : 64;
44971 : 64;
44972 : 85;
44973 : 85;
44974 : 89;
44975 : 89;
44976 : 89;
44977 : 89;
44978 : 89;
44979 : A9;
44980 : A9;
44981 : 89;
44982 : 40;
44983 : 64;
44984 : 64;
44985 : 64;
44986 : 85;
44987 : 64;
44988 : 64;
44989 : 40;
44990 : 64;
44991 : 85;
44992 : 64;
44993 : 64;
44994 : 64;
44995 : 64;
44996 : 64;
44997 : 64;
44998 : 64;
44999 : 64;
45000 : 64;
45001 : 64;
45002 : 44;
45003 : 44;
45004 : 44;
45005 : 44;
45006 : 44;
45007 : 44;
45008 : 40;
45009 : 44;
45010 : 64;
45011 : 64;
45012 : 40;
45013 : 84;
45014 : 85;
45015 : 64;
45016 : 40;
45017 : 40;
45018 : 64;
45019 : 64;
45020 : 64;
45021 : 64;
45022 : 64;
45023 : 64;
45024 : 64;
45025 : 64;
45026 : 64;
45027 : 64;
45028 : 64;
45029 : 64;
45030 : 64;
45031 : 64;
45032 : 64;
45033 : 64;
45034 : 40;
45035 : 40;
45036 : 40;
45037 : 40;
45038 : 40;
45039 : 40;
45040 : 24;
45041 : 24;
45042 : 6D;
45043 : 49;
45044 : 49;
45045 : 49;
45046 : 49;
45047 : 49;
45048 : 49;
45049 : 00;
45050 : 6D;
45051 : 49;
45052 : 49;
45053 : 49;
45054 : 49;
45055 : 49;
45056 : 49;
45057 : 49;
45058 : 49;
45059 : 49;
45060 : 49;
45061 : 49;
45062 : 49;
45063 : 49;
45064 : 49;
45065 : 49;
45066 : 49;
45067 : 49;
45068 : 49;
45069 : 49;
45070 : 49;
45071 : 49;
45072 : 49;
45073 : 49;
45074 : 49;
45075 : 49;
45076 : 49;
45077 : 49;
45078 : 49;
45079 : 49;
45080 : 49;
45081 : 49;
45082 : 49;
45083 : 49;
45084 : 49;
45085 : 49;
45086 : 49;
45087 : 49;
45088 : 49;
45089 : 49;
45090 : 49;
45091 : 49;
45092 : 49;
45093 : 49;
45094 : 49;
45095 : 49;
45096 : 49;
45097 : 49;
45098 : 49;
45099 : 49;
45100 : 49;
45101 : 49;
45102 : 49;
45103 : 49;
45104 : 44;
45105 : 24;
45106 : 44;
45107 : 24;
45108 : 24;
45109 : 00;
45110 : 6D;
45111 : 24;
45112 : 24;
45113 : 24;
45114 : 24;
45115 : 24;
45116 : 6D;
45117 : 24;
45118 : 24;
45119 : 24;
45120 : 40;
45121 : 40;
45122 : 40;
45123 : 40;
45124 : 40;
45125 : 40;
45126 : 40;
45127 : 40;
45128 : 40;
45129 : 40;
45130 : 40;
45131 : 40;
45132 : 40;
45133 : 40;
45134 : 40;
45135 : 40;
45136 : 40;
45137 : 20;
45138 : 40;
45139 : 20;
45140 : 40;
45141 : 40;
45142 : 40;
45143 : 40;
45144 : 64;
45145 : 64;
45146 : 64;
45147 : 64;
45148 : 64;
45149 : 64;
45150 : 64;
45151 : 64;
45152 : 64;
45153 : 64;
45154 : 64;
45155 : 64;
45156 : 64;
45157 : 64;
45158 : 64;
45159 : 64;
45160 : 64;
45161 : 64;
45162 : 64;
45163 : 64;
45164 : 64;
45165 : 64;
45166 : 64;
45167 : 64;
45168 : 64;
45169 : 64;
45170 : 64;
45171 : 64;
45172 : 40;
45173 : 40;
45174 : 40;
45175 : 40;
45176 : 40;
45177 : 40;
45178 : 40;
45179 : 40;
45180 : 40;
45181 : 40;
45182 : 40;
45183 : 40;
45184 : 40;
45185 : 40;
45186 : 40;
45187 : 40;
45188 : 40;
45189 : 40;
45190 : 40;
45191 : 40;
45192 : 44;
45193 : 64;
45194 : 64;
45195 : 64;
45196 : 64;
45197 : 64;
45198 : 64;
45199 : 64;
45200 : 64;
45201 : 40;
45202 : 40;
45203 : 64;
45204 : 44;
45205 : 44;
45206 : 44;
45207 : 44;
45208 : 44;
45209 : 64;
45210 : 64;
45211 : 64;
45212 : 64;
45213 : 40;
45214 : 64;
45215 : 64;
45216 : 64;
45217 : 64;
45218 : 44;
45219 : 64;
45220 : 64;
45221 : 64;
45222 : 64;
45223 : 40;
45224 : 64;
45225 : 64;
45226 : 64;
45227 : 64;
45228 : 64;
45229 : 64;
45230 : 64;
45231 : 64;
45232 : 84;
45233 : 64;
45234 : 64;
45235 : 64;
45236 : 64;
45237 : 64;
45238 : 64;
45239 : 64;
45240 : 64;
45241 : 64;
45242 : 64;
45243 : 64;
45244 : 64;
45245 : 65;
45246 : 84;
45247 : 84;
45248 : 64;
45249 : 64;
45250 : 64;
45251 : 64;
45252 : 44;
45253 : 40;
45254 : 44;
45255 : 44;
45256 : 64;
45257 : 64;
45258 : 64;
45259 : 85;
45260 : 85;
45261 : 64;
45262 : 64;
45263 : 89;
45264 : 89;
45265 : 89;
45266 : 89;
45267 : 85;
45268 : 89;
45269 : 89;
45270 : 85;
45271 : 64;
45272 : 64;
45273 : 64;
45274 : 84;
45275 : 85;
45276 : 64;
45277 : 64;
45278 : 64;
45279 : 64;
45280 : 64;
45281 : 64;
45282 : 64;
45283 : 64;
45284 : 64;
45285 : 64;
45286 : 64;
45287 : 64;
45288 : 64;
45289 : 64;
45290 : 64;
45291 : 64;
45292 : 84;
45293 : 85;
45294 : 85;
45295 : 89;
45296 : 89;
45297 : A9;
45298 : A9;
45299 : A9;
45300 : 89;
45301 : 89;
45302 : 85;
45303 : 40;
45304 : 64;
45305 : 64;
45306 : 64;
45307 : 64;
45308 : 64;
45309 : 64;
45310 : 84;
45311 : 64;
45312 : 64;
45313 : 64;
45314 : 64;
45315 : 64;
45316 : 64;
45317 : 64;
45318 : 64;
45319 : 64;
45320 : 44;
45321 : 44;
45322 : 64;
45323 : 44;
45324 : 44;
45325 : 44;
45326 : 44;
45327 : 40;
45328 : 40;
45329 : 64;
45330 : 64;
45331 : 64;
45332 : 40;
45333 : 85;
45334 : 84;
45335 : 64;
45336 : 20;
45337 : 40;
45338 : 64;
45339 : 64;
45340 : 64;
45341 : 64;
45342 : 64;
45343 : 64;
45344 : 64;
45345 : 64;
45346 : 64;
45347 : 64;
45348 : 64;
45349 : 64;
45350 : 64;
45351 : 64;
45352 : 44;
45353 : 64;
45354 : 40;
45355 : 40;
45356 : 40;
45357 : 40;
45358 : 40;
45359 : 40;
45360 : 24;
45361 : 24;
45362 : 49;
45363 : 49;
45364 : 49;
45365 : 49;
45366 : 49;
45367 : 49;
45368 : 49;
45369 : 00;
45370 : 6D;
45371 : 49;
45372 : 49;
45373 : 49;
45374 : 49;
45375 : 49;
45376 : 49;
45377 : 49;
45378 : 49;
45379 : 49;
45380 : 49;
45381 : 49;
45382 : 49;
45383 : 49;
45384 : 49;
45385 : 49;
45386 : 49;
45387 : 49;
45388 : 49;
45389 : 49;
45390 : 49;
45391 : 49;
45392 : 49;
45393 : 49;
45394 : 49;
45395 : 49;
45396 : 49;
45397 : 49;
45398 : 49;
45399 : 49;
45400 : 49;
45401 : 49;
45402 : 49;
45403 : 49;
45404 : 49;
45405 : 49;
45406 : 49;
45407 : 49;
45408 : 49;
45409 : 49;
45410 : 49;
45411 : 49;
45412 : 49;
45413 : 49;
45414 : 49;
45415 : 49;
45416 : 49;
45417 : 49;
45418 : 49;
45419 : 49;
45420 : 49;
45421 : 49;
45422 : 48;
45423 : 24;
45424 : 24;
45425 : 24;
45426 : 24;
45427 : 24;
45428 : 24;
45429 : 00;
45430 : 6D;
45431 : 24;
45432 : 24;
45433 : 24;
45434 : 24;
45435 : 24;
45436 : 6D;
45437 : 24;
45438 : 24;
45439 : 24;
45440 : 40;
45441 : 40;
45442 : 40;
45443 : 40;
45444 : 40;
45445 : 40;
45446 : 40;
45447 : 40;
45448 : 40;
45449 : 40;
45450 : 40;
45451 : 40;
45452 : 40;
45453 : 40;
45454 : 40;
45455 : 40;
45456 : 40;
45457 : 40;
45458 : 40;
45459 : 40;
45460 : 20;
45461 : 40;
45462 : 40;
45463 : 40;
45464 : 40;
45465 : 64;
45466 : 60;
45467 : 64;
45468 : 64;
45469 : 64;
45470 : 64;
45471 : 64;
45472 : 64;
45473 : 64;
45474 : 64;
45475 : 64;
45476 : 64;
45477 : 64;
45478 : 64;
45479 : 64;
45480 : 64;
45481 : 64;
45482 : 64;
45483 : 64;
45484 : 64;
45485 : 64;
45486 : 64;
45487 : 60;
45488 : 64;
45489 : 64;
45490 : 40;
45491 : 40;
45492 : 40;
45493 : 40;
45494 : 40;
45495 : 40;
45496 : 20;
45497 : 20;
45498 : 20;
45499 : 40;
45500 : 40;
45501 : 40;
45502 : 40;
45503 : 40;
45504 : 40;
45505 : 40;
45506 : 40;
45507 : 40;
45508 : 40;
45509 : 40;
45510 : 64;
45511 : 64;
45512 : 64;
45513 : 64;
45514 : 64;
45515 : 64;
45516 : 64;
45517 : 64;
45518 : 64;
45519 : 64;
45520 : 40;
45521 : 40;
45522 : 64;
45523 : 44;
45524 : 44;
45525 : 44;
45526 : 44;
45527 : 44;
45528 : 64;
45529 : 44;
45530 : 64;
45531 : 64;
45532 : 40;
45533 : 40;
45534 : 64;
45535 : 64;
45536 : 64;
45537 : 64;
45538 : 64;
45539 : 64;
45540 : 64;
45541 : 64;
45542 : 64;
45543 : 40;
45544 : 64;
45545 : 64;
45546 : 64;
45547 : 64;
45548 : 64;
45549 : 64;
45550 : 64;
45551 : 65;
45552 : 64;
45553 : 64;
45554 : 64;
45555 : 85;
45556 : 64;
45557 : 64;
45558 : 64;
45559 : 64;
45560 : 64;
45561 : 64;
45562 : 64;
45563 : 85;
45564 : 64;
45565 : 84;
45566 : 64;
45567 : 64;
45568 : 64;
45569 : 64;
45570 : 64;
45571 : 64;
45572 : 40;
45573 : 40;
45574 : 40;
45575 : 64;
45576 : 64;
45577 : 64;
45578 : 85;
45579 : 85;
45580 : 89;
45581 : 85;
45582 : 89;
45583 : 89;
45584 : 89;
45585 : 89;
45586 : 89;
45587 : 89;
45588 : 89;
45589 : 89;
45590 : 64;
45591 : 64;
45592 : 64;
45593 : 64;
45594 : 64;
45595 : 85;
45596 : 64;
45597 : 84;
45598 : 64;
45599 : 64;
45600 : 64;
45601 : 64;
45602 : 64;
45603 : 64;
45604 : 64;
45605 : 64;
45606 : 64;
45607 : 64;
45608 : 64;
45609 : 64;
45610 : 64;
45611 : 85;
45612 : 85;
45613 : 89;
45614 : 89;
45615 : 89;
45616 : A9;
45617 : A9;
45618 : A9;
45619 : 85;
45620 : 89;
45621 : 89;
45622 : 89;
45623 : 85;
45624 : 40;
45625 : 64;
45626 : 40;
45627 : 85;
45628 : 64;
45629 : 64;
45630 : 64;
45631 : 64;
45632 : 64;
45633 : 64;
45634 : 64;
45635 : 64;
45636 : 64;
45637 : 64;
45638 : 64;
45639 : 44;
45640 : 44;
45641 : 44;
45642 : 44;
45643 : 44;
45644 : 44;
45645 : 44;
45646 : 44;
45647 : 40;
45648 : 44;
45649 : 64;
45650 : 64;
45651 : 64;
45652 : 40;
45653 : 85;
45654 : 84;
45655 : 40;
45656 : 40;
45657 : 64;
45658 : 64;
45659 : 64;
45660 : 64;
45661 : 64;
45662 : 64;
45663 : 64;
45664 : 64;
45665 : 64;
45666 : 64;
45667 : 64;
45668 : 64;
45669 : 64;
45670 : 64;
45671 : 60;
45672 : 64;
45673 : 64;
45674 : 40;
45675 : 40;
45676 : 40;
45677 : 40;
45678 : 40;
45679 : 40;
45680 : 24;
45681 : 24;
45682 : 49;
45683 : 49;
45684 : 49;
45685 : 49;
45686 : 49;
45687 : 49;
45688 : 49;
45689 : 00;
45690 : 6D;
45691 : 49;
45692 : 49;
45693 : 49;
45694 : 49;
45695 : 49;
45696 : 49;
45697 : 49;
45698 : 49;
45699 : 49;
45700 : 49;
45701 : 49;
45702 : 49;
45703 : 49;
45704 : 49;
45705 : 49;
45706 : 49;
45707 : 49;
45708 : 49;
45709 : 49;
45710 : 49;
45711 : 49;
45712 : 49;
45713 : 49;
45714 : 49;
45715 : 49;
45716 : 49;
45717 : 49;
45718 : 49;
45719 : 49;
45720 : 49;
45721 : 49;
45722 : 49;
45723 : 49;
45724 : 49;
45725 : 49;
45726 : 49;
45727 : 49;
45728 : 49;
45729 : 49;
45730 : 49;
45731 : 49;
45732 : 49;
45733 : 49;
45734 : 49;
45735 : 49;
45736 : 49;
45737 : 49;
45738 : 49;
45739 : 49;
45740 : 49;
45741 : 48;
45742 : 24;
45743 : 24;
45744 : 24;
45745 : 24;
45746 : 24;
45747 : 24;
45748 : 24;
45749 : 00;
45750 : 6D;
45751 : 24;
45752 : 24;
45753 : 24;
45754 : 24;
45755 : 24;
45756 : 6D;
45757 : 24;
45758 : 24;
45759 : 24;
45760 : 40;
45761 : 40;
45762 : 40;
45763 : 40;
45764 : 40;
45765 : 40;
45766 : 40;
45767 : 40;
45768 : 40;
45769 : 40;
45770 : 40;
45771 : 40;
45772 : 40;
45773 : 40;
45774 : 40;
45775 : 40;
45776 : 40;
45777 : 40;
45778 : 20;
45779 : 40;
45780 : 40;
45781 : 20;
45782 : 40;
45783 : 40;
45784 : 40;
45785 : 40;
45786 : 64;
45787 : 64;
45788 : 60;
45789 : 64;
45790 : 64;
45791 : 64;
45792 : 64;
45793 : 64;
45794 : 64;
45795 : 64;
45796 : 64;
45797 : 64;
45798 : 64;
45799 : 64;
45800 : 64;
45801 : 64;
45802 : 64;
45803 : 64;
45804 : 64;
45805 : 60;
45806 : 60;
45807 : 64;
45808 : 40;
45809 : 40;
45810 : 40;
45811 : 40;
45812 : 40;
45813 : 20;
45814 : 20;
45815 : 20;
45816 : 40;
45817 : 40;
45818 : 40;
45819 : 40;
45820 : 40;
45821 : 40;
45822 : 40;
45823 : 44;
45824 : 40;
45825 : 40;
45826 : 40;
45827 : 40;
45828 : 40;
45829 : 64;
45830 : 64;
45831 : 64;
45832 : 64;
45833 : 64;
45834 : 64;
45835 : 64;
45836 : 64;
45837 : 64;
45838 : 40;
45839 : 40;
45840 : 44;
45841 : 64;
45842 : 64;
45843 : 40;
45844 : 44;
45845 : 44;
45846 : 44;
45847 : 44;
45848 : 64;
45849 : 64;
45850 : 64;
45851 : 64;
45852 : 40;
45853 : 64;
45854 : 64;
45855 : 64;
45856 : 40;
45857 : 64;
45858 : 64;
45859 : 64;
45860 : 40;
45861 : 64;
45862 : 40;
45863 : 85;
45864 : 64;
45865 : 64;
45866 : 64;
45867 : 64;
45868 : 64;
45869 : 64;
45870 : 64;
45871 : 64;
45872 : 85;
45873 : 84;
45874 : 85;
45875 : 64;
45876 : 64;
45877 : 84;
45878 : 64;
45879 : 64;
45880 : 64;
45881 : 84;
45882 : 64;
45883 : 85;
45884 : 64;
45885 : 84;
45886 : 64;
45887 : 64;
45888 : 64;
45889 : 64;
45890 : 64;
45891 : 40;
45892 : 40;
45893 : 40;
45894 : 40;
45895 : 64;
45896 : 64;
45897 : 64;
45898 : 85;
45899 : 85;
45900 : 64;
45901 : 85;
45902 : 89;
45903 : 89;
45904 : 89;
45905 : 89;
45906 : 89;
45907 : 89;
45908 : 89;
45909 : 85;
45910 : 64;
45911 : 64;
45912 : 64;
45913 : 64;
45914 : 85;
45915 : 64;
45916 : 64;
45917 : 64;
45918 : 64;
45919 : 64;
45920 : 64;
45921 : 64;
45922 : 64;
45923 : 64;
45924 : 64;
45925 : 64;
45926 : 64;
45927 : 64;
45928 : 64;
45929 : 64;
45930 : 85;
45931 : 84;
45932 : 85;
45933 : 89;
45934 : 89;
45935 : 89;
45936 : A9;
45937 : A9;
45938 : 85;
45939 : 89;
45940 : 89;
45941 : 89;
45942 : 89;
45943 : 85;
45944 : 64;
45945 : 64;
45946 : 40;
45947 : 85;
45948 : 64;
45949 : 64;
45950 : 64;
45951 : 64;
45952 : 64;
45953 : 64;
45954 : 64;
45955 : 64;
45956 : 64;
45957 : 64;
45958 : 44;
45959 : 44;
45960 : 44;
45961 : 44;
45962 : 44;
45963 : 44;
45964 : 44;
45965 : 44;
45966 : 40;
45967 : 40;
45968 : 44;
45969 : 64;
45970 : 64;
45971 : 20;
45972 : 85;
45973 : A5;
45974 : 84;
45975 : 40;
45976 : 40;
45977 : 64;
45978 : 64;
45979 : 64;
45980 : 64;
45981 : 64;
45982 : 64;
45983 : 64;
45984 : 64;
45985 : 64;
45986 : 64;
45987 : 64;
45988 : 64;
45989 : 64;
45990 : 64;
45991 : 60;
45992 : 64;
45993 : 40;
45994 : 40;
45995 : 44;
45996 : 40;
45997 : 40;
45998 : 40;
45999 : 40;
46000 : 24;
46001 : 24;
46002 : 69;
46003 : 49;
46004 : 49;
46005 : 49;
46006 : 49;
46007 : 49;
46008 : 49;
46009 : 00;
46010 : 6D;
46011 : 49;
46012 : 49;
46013 : 49;
46014 : 49;
46015 : 49;
46016 : 49;
46017 : 49;
46018 : 49;
46019 : 49;
46020 : 49;
46021 : 49;
46022 : 49;
46023 : 49;
46024 : 49;
46025 : 49;
46026 : 49;
46027 : 49;
46028 : 49;
46029 : 49;
46030 : 49;
46031 : 49;
46032 : 49;
46033 : 49;
46034 : 49;
46035 : 49;
46036 : 49;
46037 : 49;
46038 : 49;
46039 : 49;
46040 : 49;
46041 : 49;
46042 : 49;
46043 : 49;
46044 : 49;
46045 : 49;
46046 : 49;
46047 : 49;
46048 : 49;
46049 : 49;
46050 : 49;
46051 : 49;
46052 : 49;
46053 : 49;
46054 : 49;
46055 : 49;
46056 : 49;
46057 : 49;
46058 : 49;
46059 : 49;
46060 : 49;
46061 : 48;
46062 : 44;
46063 : 24;
46064 : 24;
46065 : 24;
46066 : 24;
46067 : 24;
46068 : 24;
46069 : 00;
46070 : 6D;
46071 : 24;
46072 : 24;
46073 : 44;
46074 : 44;
46075 : 24;
46076 : 6D;
46077 : 24;
46078 : 24;
46079 : 24;
46080 : 40;
46081 : 40;
46082 : 40;
46083 : 40;
46084 : 40;
46085 : 40;
46086 : 40;
46087 : 40;
46088 : 40;
46089 : 40;
46090 : 40;
46091 : 40;
46092 : 40;
46093 : 40;
46094 : 40;
46095 : 40;
46096 : 40;
46097 : 40;
46098 : 40;
46099 : 40;
46100 : 40;
46101 : 40;
46102 : 20;
46103 : 20;
46104 : 40;
46105 : 40;
46106 : 40;
46107 : 40;
46108 : 40;
46109 : 60;
46110 : 60;
46111 : 64;
46112 : 64;
46113 : 64;
46114 : 64;
46115 : 64;
46116 : 64;
46117 : 64;
46118 : 64;
46119 : 64;
46120 : 64;
46121 : 64;
46122 : 64;
46123 : 60;
46124 : 60;
46125 : 60;
46126 : 60;
46127 : 60;
46128 : 40;
46129 : 40;
46130 : 40;
46131 : 20;
46132 : 20;
46133 : 20;
46134 : 40;
46135 : 40;
46136 : 40;
46137 : 40;
46138 : 40;
46139 : 40;
46140 : 40;
46141 : 40;
46142 : 40;
46143 : 40;
46144 : 40;
46145 : 40;
46146 : 44;
46147 : 44;
46148 : 64;
46149 : 64;
46150 : 64;
46151 : 64;
46152 : 64;
46153 : 64;
46154 : 64;
46155 : 64;
46156 : 64;
46157 : 64;
46158 : 40;
46159 : 40;
46160 : 40;
46161 : 64;
46162 : 40;
46163 : 44;
46164 : 44;
46165 : 44;
46166 : 44;
46167 : 64;
46168 : 64;
46169 : 64;
46170 : 64;
46171 : 40;
46172 : 64;
46173 : 64;
46174 : 64;
46175 : 40;
46176 : 64;
46177 : 64;
46178 : 64;
46179 : 40;
46180 : 64;
46181 : 40;
46182 : 64;
46183 : 64;
46184 : 64;
46185 : 64;
46186 : 64;
46187 : 64;
46188 : 64;
46189 : 64;
46190 : 84;
46191 : 64;
46192 : 65;
46193 : 84;
46194 : 64;
46195 : 40;
46196 : 64;
46197 : 85;
46198 : 65;
46199 : 65;
46200 : 64;
46201 : 64;
46202 : 85;
46203 : 85;
46204 : 84;
46205 : 84;
46206 : 64;
46207 : 64;
46208 : 64;
46209 : 64;
46210 : 40;
46211 : 40;
46212 : 40;
46213 : 44;
46214 : 44;
46215 : 64;
46216 : 64;
46217 : 85;
46218 : 85;
46219 : 85;
46220 : 85;
46221 : 89;
46222 : 89;
46223 : 89;
46224 : 89;
46225 : 89;
46226 : 89;
46227 : 89;
46228 : 89;
46229 : 85;
46230 : 64;
46231 : 64;
46232 : 64;
46233 : 85;
46234 : 40;
46235 : 85;
46236 : 64;
46237 : 64;
46238 : 64;
46239 : 64;
46240 : 64;
46241 : 64;
46242 : 84;
46243 : 64;
46244 : 64;
46245 : 64;
46246 : 64;
46247 : 64;
46248 : 64;
46249 : 64;
46250 : 84;
46251 : 85;
46252 : 89;
46253 : 89;
46254 : 89;
46255 : A9;
46256 : A9;
46257 : A9;
46258 : 89;
46259 : 89;
46260 : 89;
46261 : 89;
46262 : 85;
46263 : 85;
46264 : 85;
46265 : 40;
46266 : 64;
46267 : 84;
46268 : 64;
46269 : 64;
46270 : 64;
46271 : 64;
46272 : 64;
46273 : 64;
46274 : 64;
46275 : 64;
46276 : 64;
46277 : 64;
46278 : 44;
46279 : 64;
46280 : 44;
46281 : 64;
46282 : 44;
46283 : 44;
46284 : 44;
46285 : 64;
46286 : 40;
46287 : 40;
46288 : 40;
46289 : 64;
46290 : 40;
46291 : 40;
46292 : 85;
46293 : 85;
46294 : 85;
46295 : 40;
46296 : 40;
46297 : 64;
46298 : 64;
46299 : 64;
46300 : 64;
46301 : 64;
46302 : 64;
46303 : 64;
46304 : 64;
46305 : 64;
46306 : 64;
46307 : 64;
46308 : 64;
46309 : 64;
46310 : 64;
46311 : 60;
46312 : 64;
46313 : 40;
46314 : 40;
46315 : 40;
46316 : 40;
46317 : 40;
46318 : 40;
46319 : 40;
46320 : 24;
46321 : 24;
46322 : 49;
46323 : 49;
46324 : 49;
46325 : 49;
46326 : 49;
46327 : 49;
46328 : 49;
46329 : 00;
46330 : 6D;
46331 : 49;
46332 : 49;
46333 : 49;
46334 : 49;
46335 : 49;
46336 : 49;
46337 : 49;
46338 : 49;
46339 : 49;
46340 : 49;
46341 : 49;
46342 : 49;
46343 : 49;
46344 : 49;
46345 : 49;
46346 : 49;
46347 : 49;
46348 : 49;
46349 : 49;
46350 : 49;
46351 : 49;
46352 : 49;
46353 : 49;
46354 : 49;
46355 : 49;
46356 : 49;
46357 : 49;
46358 : 49;
46359 : 49;
46360 : 49;
46361 : 49;
46362 : 49;
46363 : 49;
46364 : 49;
46365 : 49;
46366 : 49;
46367 : 49;
46368 : 49;
46369 : 49;
46370 : 49;
46371 : 49;
46372 : 49;
46373 : 49;
46374 : 49;
46375 : 49;
46376 : 49;
46377 : 49;
46378 : 49;
46379 : 49;
46380 : 49;
46381 : 48;
46382 : 44;
46383 : 24;
46384 : 24;
46385 : 24;
46386 : 24;
46387 : 24;
46388 : 24;
46389 : 00;
46390 : 6D;
46391 : 24;
46392 : 44;
46393 : 24;
46394 : 24;
46395 : 24;
46396 : 6D;
46397 : 24;
46398 : 24;
46399 : 24;
46400 : 40;
46401 : 40;
46402 : 40;
46403 : 40;
46404 : 40;
46405 : 40;
46406 : 40;
46407 : 40;
46408 : 40;
46409 : 40;
46410 : 20;
46411 : 40;
46412 : 40;
46413 : 40;
46414 : 40;
46415 : 40;
46416 : 40;
46417 : 40;
46418 : 40;
46419 : 40;
46420 : 40;
46421 : 40;
46422 : 40;
46423 : 20;
46424 : 20;
46425 : 40;
46426 : 40;
46427 : 40;
46428 : 40;
46429 : 40;
46430 : 40;
46431 : 40;
46432 : 40;
46433 : 40;
46434 : 40;
46435 : 64;
46436 : 60;
46437 : 60;
46438 : 64;
46439 : 64;
46440 : 64;
46441 : 64;
46442 : 64;
46443 : 64;
46444 : 40;
46445 : 40;
46446 : 40;
46447 : 40;
46448 : 40;
46449 : 20;
46450 : 20;
46451 : 20;
46452 : 40;
46453 : 40;
46454 : 40;
46455 : 40;
46456 : 40;
46457 : 40;
46458 : 40;
46459 : 40;
46460 : 40;
46461 : 40;
46462 : 40;
46463 : 40;
46464 : 40;
46465 : 44;
46466 : 64;
46467 : 64;
46468 : 64;
46469 : 64;
46470 : 64;
46471 : 64;
46472 : 64;
46473 : 64;
46474 : 64;
46475 : 64;
46476 : 64;
46477 : 40;
46478 : 40;
46479 : 40;
46480 : 64;
46481 : 44;
46482 : 44;
46483 : 44;
46484 : 44;
46485 : 44;
46486 : 64;
46487 : 64;
46488 : 44;
46489 : 64;
46490 : 44;
46491 : 40;
46492 : 64;
46493 : 64;
46494 : 44;
46495 : 64;
46496 : 64;
46497 : 64;
46498 : 64;
46499 : 40;
46500 : 64;
46501 : 44;
46502 : 64;
46503 : 64;
46504 : 64;
46505 : 64;
46506 : 64;
46507 : 64;
46508 : 64;
46509 : 64;
46510 : 84;
46511 : 85;
46512 : 64;
46513 : 85;
46514 : 44;
46515 : 40;
46516 : 84;
46517 : 85;
46518 : 85;
46519 : 85;
46520 : 85;
46521 : 85;
46522 : 85;
46523 : 64;
46524 : 64;
46525 : 84;
46526 : 64;
46527 : 64;
46528 : 64;
46529 : 64;
46530 : 40;
46531 : 40;
46532 : 44;
46533 : 40;
46534 : 64;
46535 : 64;
46536 : 64;
46537 : 85;
46538 : 85;
46539 : 85;
46540 : 85;
46541 : 89;
46542 : 89;
46543 : 89;
46544 : A9;
46545 : 89;
46546 : 89;
46547 : 89;
46548 : 85;
46549 : 84;
46550 : 64;
46551 : 64;
46552 : 64;
46553 : 85;
46554 : 64;
46555 : 64;
46556 : 85;
46557 : 64;
46558 : 64;
46559 : 64;
46560 : 64;
46561 : 84;
46562 : 64;
46563 : 64;
46564 : 64;
46565 : 64;
46566 : 64;
46567 : 64;
46568 : 64;
46569 : 64;
46570 : 65;
46571 : 85;
46572 : 89;
46573 : A9;
46574 : A9;
46575 : A9;
46576 : A9;
46577 : 89;
46578 : 89;
46579 : 89;
46580 : 89;
46581 : 89;
46582 : 85;
46583 : 85;
46584 : 85;
46585 : 64;
46586 : 40;
46587 : 64;
46588 : 64;
46589 : 64;
46590 : 64;
46591 : 64;
46592 : 64;
46593 : 64;
46594 : 64;
46595 : 64;
46596 : 44;
46597 : 64;
46598 : 44;
46599 : 64;
46600 : 64;
46601 : 44;
46602 : 64;
46603 : 64;
46604 : 64;
46605 : 44;
46606 : 40;
46607 : 40;
46608 : 64;
46609 : 40;
46610 : 40;
46611 : 85;
46612 : 64;
46613 : 84;
46614 : A9;
46615 : 40;
46616 : 40;
46617 : 64;
46618 : 64;
46619 : 64;
46620 : 64;
46621 : 64;
46622 : 64;
46623 : 64;
46624 : 64;
46625 : 64;
46626 : 64;
46627 : 64;
46628 : 64;
46629 : 64;
46630 : 64;
46631 : 64;
46632 : 40;
46633 : 40;
46634 : 40;
46635 : 40;
46636 : 40;
46637 : 40;
46638 : 40;
46639 : 40;
46640 : 24;
46641 : 24;
46642 : 49;
46643 : 49;
46644 : 49;
46645 : 49;
46646 : 49;
46647 : 49;
46648 : 49;
46649 : 00;
46650 : 6D;
46651 : 49;
46652 : 49;
46653 : 49;
46654 : 49;
46655 : 49;
46656 : 49;
46657 : 49;
46658 : 49;
46659 : 49;
46660 : 49;
46661 : 49;
46662 : 49;
46663 : 49;
46664 : 49;
46665 : 49;
46666 : 49;
46667 : 49;
46668 : 49;
46669 : 49;
46670 : 49;
46671 : 49;
46672 : 49;
46673 : 49;
46674 : 49;
46675 : 49;
46676 : 49;
46677 : 49;
46678 : 49;
46679 : 49;
46680 : 49;
46681 : 49;
46682 : 49;
46683 : 49;
46684 : 49;
46685 : 49;
46686 : 49;
46687 : 49;
46688 : 49;
46689 : 49;
46690 : 49;
46691 : 49;
46692 : 49;
46693 : 49;
46694 : 49;
46695 : 49;
46696 : 49;
46697 : 49;
46698 : 49;
46699 : 49;
46700 : 49;
46701 : 49;
46702 : 44;
46703 : 24;
46704 : 24;
46705 : 24;
46706 : 24;
46707 : 24;
46708 : 24;
46709 : 00;
46710 : 49;
46711 : 24;
46712 : 24;
46713 : 24;
46714 : 24;
46715 : 24;
46716 : 6D;
46717 : 24;
46718 : 24;
46719 : 24;
46720 : 40;
46721 : 40;
46722 : 40;
46723 : 40;
46724 : 40;
46725 : 40;
46726 : 40;
46727 : 40;
46728 : 40;
46729 : 40;
46730 : 40;
46731 : 20;
46732 : 40;
46733 : 40;
46734 : 40;
46735 : 40;
46736 : 40;
46737 : 40;
46738 : 40;
46739 : 40;
46740 : 40;
46741 : 40;
46742 : 20;
46743 : 40;
46744 : 40;
46745 : 20;
46746 : 20;
46747 : 20;
46748 : 20;
46749 : 40;
46750 : 40;
46751 : 40;
46752 : 40;
46753 : 40;
46754 : 40;
46755 : 40;
46756 : 40;
46757 : 64;
46758 : 64;
46759 : 64;
46760 : 60;
46761 : 40;
46762 : 40;
46763 : 40;
46764 : 40;
46765 : 40;
46766 : 20;
46767 : 20;
46768 : 20;
46769 : 40;
46770 : 40;
46771 : 40;
46772 : 40;
46773 : 40;
46774 : 40;
46775 : 40;
46776 : 40;
46777 : 40;
46778 : 40;
46779 : 40;
46780 : 40;
46781 : 40;
46782 : 44;
46783 : 44;
46784 : 44;
46785 : 44;
46786 : 64;
46787 : 64;
46788 : 64;
46789 : 64;
46790 : 64;
46791 : 64;
46792 : 64;
46793 : 44;
46794 : 64;
46795 : 44;
46796 : 40;
46797 : 40;
46798 : 40;
46799 : 40;
46800 : 40;
46801 : 44;
46802 : 44;
46803 : 44;
46804 : 64;
46805 : 64;
46806 : 44;
46807 : 40;
46808 : 64;
46809 : 64;
46810 : 40;
46811 : 64;
46812 : 64;
46813 : 64;
46814 : 40;
46815 : 64;
46816 : 64;
46817 : 64;
46818 : 40;
46819 : 64;
46820 : 64;
46821 : 64;
46822 : 64;
46823 : 64;
46824 : 64;
46825 : 64;
46826 : 40;
46827 : 64;
46828 : 64;
46829 : 84;
46830 : 85;
46831 : 84;
46832 : 65;
46833 : 64;
46834 : 40;
46835 : 40;
46836 : 85;
46837 : 85;
46838 : 85;
46839 : 85;
46840 : 85;
46841 : 85;
46842 : 85;
46843 : 64;
46844 : 64;
46845 : 64;
46846 : 64;
46847 : 64;
46848 : 64;
46849 : 44;
46850 : 40;
46851 : 44;
46852 : 44;
46853 : 64;
46854 : 64;
46855 : 64;
46856 : 64;
46857 : 85;
46858 : 85;
46859 : 85;
46860 : 89;
46861 : 89;
46862 : 89;
46863 : 89;
46864 : A9;
46865 : 89;
46866 : 89;
46867 : 89;
46868 : 85;
46869 : 64;
46870 : 64;
46871 : 64;
46872 : 64;
46873 : 85;
46874 : 40;
46875 : 85;
46876 : 64;
46877 : 64;
46878 : 64;
46879 : 64;
46880 : 64;
46881 : 85;
46882 : 64;
46883 : 64;
46884 : 64;
46885 : 64;
46886 : 64;
46887 : 64;
46888 : 64;
46889 : 65;
46890 : 84;
46891 : 89;
46892 : 89;
46893 : A9;
46894 : A9;
46895 : A9;
46896 : 85;
46897 : 89;
46898 : 89;
46899 : 89;
46900 : 89;
46901 : 85;
46902 : 84;
46903 : 85;
46904 : 85;
46905 : 89;
46906 : 40;
46907 : 84;
46908 : 64;
46909 : 64;
46910 : 64;
46911 : 64;
46912 : 64;
46913 : 64;
46914 : 64;
46915 : 44;
46916 : 44;
46917 : 64;
46918 : 64;
46919 : 64;
46920 : 44;
46921 : 64;
46922 : 64;
46923 : 64;
46924 : 64;
46925 : 44;
46926 : 40;
46927 : 40;
46928 : 64;
46929 : 40;
46930 : 85;
46931 : 64;
46932 : 40;
46933 : 64;
46934 : 85;
46935 : 64;
46936 : 40;
46937 : 64;
46938 : 64;
46939 : 64;
46940 : 64;
46941 : 64;
46942 : 64;
46943 : 64;
46944 : 64;
46945 : 64;
46946 : 64;
46947 : 64;
46948 : 64;
46949 : 64;
46950 : 64;
46951 : 64;
46952 : 40;
46953 : 40;
46954 : 40;
46955 : 40;
46956 : 40;
46957 : 40;
46958 : 40;
46959 : 40;
46960 : 24;
46961 : 24;
46962 : 49;
46963 : 49;
46964 : 49;
46965 : 49;
46966 : 49;
46967 : 49;
46968 : 49;
46969 : 00;
46970 : 6D;
46971 : 49;
46972 : 49;
46973 : 49;
46974 : 49;
46975 : 49;
46976 : 49;
46977 : 49;
46978 : 49;
46979 : 49;
46980 : 49;
46981 : 49;
46982 : 49;
46983 : 49;
46984 : 49;
46985 : 49;
46986 : 49;
46987 : 49;
46988 : 49;
46989 : 49;
46990 : 49;
46991 : 49;
46992 : 49;
46993 : 49;
46994 : 49;
46995 : 49;
46996 : 49;
46997 : 49;
46998 : 49;
46999 : 49;
47000 : 49;
47001 : 49;
47002 : 49;
47003 : 49;
47004 : 49;
47005 : 49;
47006 : 49;
47007 : 49;
47008 : 49;
47009 : 49;
47010 : 49;
47011 : 49;
47012 : 49;
47013 : 49;
47014 : 49;
47015 : 49;
47016 : 49;
47017 : 49;
47018 : 49;
47019 : 49;
47020 : 48;
47021 : 44;
47022 : 24;
47023 : 24;
47024 : 24;
47025 : 24;
47026 : 24;
47027 : 24;
47028 : 24;
47029 : 00;
47030 : 49;
47031 : 24;
47032 : 24;
47033 : 24;
47034 : 24;
47035 : 24;
47036 : 6D;
47037 : 24;
47038 : 24;
47039 : 24;
47040 : 40;
47041 : 40;
47042 : 40;
47043 : 40;
47044 : 40;
47045 : 40;
47046 : 40;
47047 : 40;
47048 : 40;
47049 : 40;
47050 : 20;
47051 : 40;
47052 : 20;
47053 : 40;
47054 : 40;
47055 : 40;
47056 : 40;
47057 : 40;
47058 : 40;
47059 : 40;
47060 : 40;
47061 : 40;
47062 : 40;
47063 : 40;
47064 : 40;
47065 : 40;
47066 : 40;
47067 : 20;
47068 : 20;
47069 : 20;
47070 : 20;
47071 : 20;
47072 : 40;
47073 : 40;
47074 : 40;
47075 : 40;
47076 : 40;
47077 : 40;
47078 : 40;
47079 : 40;
47080 : 40;
47081 : 40;
47082 : 40;
47083 : 20;
47084 : 20;
47085 : 20;
47086 : 20;
47087 : 40;
47088 : 40;
47089 : 40;
47090 : 40;
47091 : 40;
47092 : 40;
47093 : 40;
47094 : 40;
47095 : 40;
47096 : 40;
47097 : 40;
47098 : 40;
47099 : 40;
47100 : 40;
47101 : 44;
47102 : 44;
47103 : 44;
47104 : 64;
47105 : 64;
47106 : 64;
47107 : 64;
47108 : 64;
47109 : 64;
47110 : 44;
47111 : 64;
47112 : 64;
47113 : 64;
47114 : 20;
47115 : 20;
47116 : 40;
47117 : 40;
47118 : 40;
47119 : 40;
47120 : 64;
47121 : 44;
47122 : 64;
47123 : 64;
47124 : 64;
47125 : 64;
47126 : 40;
47127 : 64;
47128 : 64;
47129 : 40;
47130 : 64;
47131 : 64;
47132 : 64;
47133 : 40;
47134 : 64;
47135 : 64;
47136 : 64;
47137 : 64;
47138 : 40;
47139 : 64;
47140 : 44;
47141 : 64;
47142 : 64;
47143 : 64;
47144 : 40;
47145 : 40;
47146 : 44;
47147 : 64;
47148 : 64;
47149 : 85;
47150 : 84;
47151 : 85;
47152 : 85;
47153 : 44;
47154 : 40;
47155 : 89;
47156 : 85;
47157 : 85;
47158 : 85;
47159 : 85;
47160 : 85;
47161 : 85;
47162 : 64;
47163 : 64;
47164 : 64;
47165 : 64;
47166 : 64;
47167 : 64;
47168 : 44;
47169 : 40;
47170 : 40;
47171 : 64;
47172 : 40;
47173 : 64;
47174 : 64;
47175 : 64;
47176 : 84;
47177 : 85;
47178 : 85;
47179 : 85;
47180 : 89;
47181 : 89;
47182 : 89;
47183 : 89;
47184 : 89;
47185 : 89;
47186 : 89;
47187 : 89;
47188 : 64;
47189 : 84;
47190 : 64;
47191 : 64;
47192 : 64;
47193 : 64;
47194 : 64;
47195 : 44;
47196 : 64;
47197 : 64;
47198 : 64;
47199 : 64;
47200 : 64;
47201 : 64;
47202 : 64;
47203 : 64;
47204 : 64;
47205 : 64;
47206 : 64;
47207 : 64;
47208 : 64;
47209 : 84;
47210 : 89;
47211 : 89;
47212 : A9;
47213 : A9;
47214 : A9;
47215 : 85;
47216 : 89;
47217 : 85;
47218 : 89;
47219 : 89;
47220 : 85;
47221 : 84;
47222 : 89;
47223 : 40;
47224 : 40;
47225 : 40;
47226 : 40;
47227 : 64;
47228 : 64;
47229 : 64;
47230 : 64;
47231 : 64;
47232 : 64;
47233 : 64;
47234 : 44;
47235 : 44;
47236 : 44;
47237 : 44;
47238 : 64;
47239 : 64;
47240 : 44;
47241 : 44;
47242 : 64;
47243 : 64;
47244 : 40;
47245 : 40;
47246 : 40;
47247 : 40;
47248 : 40;
47249 : 64;
47250 : 84;
47251 : 64;
47252 : 40;
47253 : 40;
47254 : 85;
47255 : 64;
47256 : 40;
47257 : 64;
47258 : 64;
47259 : 64;
47260 : 64;
47261 : 64;
47262 : 64;
47263 : 64;
47264 : 64;
47265 : 64;
47266 : 64;
47267 : 64;
47268 : 64;
47269 : 40;
47270 : 64;
47271 : 64;
47272 : 40;
47273 : 40;
47274 : 60;
47275 : 40;
47276 : 40;
47277 : 40;
47278 : 40;
47279 : 40;
47280 : 24;
47281 : 24;
47282 : 49;
47283 : 49;
47284 : 49;
47285 : 49;
47286 : 49;
47287 : 49;
47288 : 49;
47289 : 00;
47290 : 6D;
47291 : 49;
47292 : 49;
47293 : 49;
47294 : 49;
47295 : 49;
47296 : 49;
47297 : 49;
47298 : 49;
47299 : 49;
47300 : 49;
47301 : 49;
47302 : 49;
47303 : 49;
47304 : 49;
47305 : 49;
47306 : 49;
47307 : 49;
47308 : 49;
47309 : 49;
47310 : 49;
47311 : 49;
47312 : 49;
47313 : 49;
47314 : 49;
47315 : 49;
47316 : 49;
47317 : 49;
47318 : 49;
47319 : 49;
47320 : 49;
47321 : 49;
47322 : 49;
47323 : 49;
47324 : 49;
47325 : 49;
47326 : 49;
47327 : 49;
47328 : 49;
47329 : 49;
47330 : 49;
47331 : 49;
47332 : 49;
47333 : 49;
47334 : 49;
47335 : 49;
47336 : 49;
47337 : 49;
47338 : 49;
47339 : 49;
47340 : 48;
47341 : 24;
47342 : 24;
47343 : 24;
47344 : 24;
47345 : 24;
47346 : 24;
47347 : 24;
47348 : 24;
47349 : 00;
47350 : 49;
47351 : 24;
47352 : 24;
47353 : 24;
47354 : 24;
47355 : 24;
47356 : 6D;
47357 : 24;
47358 : 24;
47359 : 24;
47360 : 40;
47361 : 40;
47362 : 40;
47363 : 40;
47364 : 40;
47365 : 40;
47366 : 40;
47367 : 40;
47368 : 40;
47369 : 40;
47370 : 40;
47371 : 20;
47372 : 40;
47373 : 40;
47374 : 40;
47375 : 40;
47376 : 40;
47377 : 40;
47378 : 40;
47379 : 40;
47380 : 40;
47381 : 40;
47382 : 40;
47383 : 40;
47384 : 40;
47385 : 40;
47386 : 40;
47387 : 40;
47388 : 40;
47389 : 40;
47390 : 40;
47391 : 20;
47392 : 20;
47393 : 20;
47394 : 20;
47395 : 40;
47396 : 40;
47397 : 40;
47398 : 40;
47399 : 40;
47400 : 40;
47401 : 20;
47402 : 20;
47403 : 20;
47404 : 20;
47405 : 40;
47406 : 40;
47407 : 40;
47408 : 40;
47409 : 40;
47410 : 40;
47411 : 40;
47412 : 40;
47413 : 40;
47414 : 40;
47415 : 40;
47416 : 40;
47417 : 40;
47418 : 40;
47419 : 44;
47420 : 44;
47421 : 44;
47422 : 44;
47423 : 44;
47424 : 64;
47425 : 64;
47426 : 64;
47427 : 64;
47428 : 64;
47429 : 64;
47430 : 44;
47431 : 40;
47432 : 20;
47433 : 40;
47434 : 40;
47435 : 40;
47436 : 40;
47437 : 44;
47438 : 40;
47439 : 40;
47440 : 44;
47441 : 44;
47442 : 64;
47443 : 64;
47444 : 64;
47445 : 40;
47446 : 64;
47447 : 64;
47448 : 64;
47449 : 40;
47450 : 64;
47451 : 64;
47452 : 64;
47453 : 40;
47454 : 64;
47455 : 64;
47456 : 64;
47457 : 64;
47458 : 40;
47459 : 64;
47460 : 64;
47461 : 64;
47462 : 64;
47463 : 40;
47464 : 64;
47465 : 44;
47466 : 64;
47467 : 64;
47468 : 85;
47469 : 85;
47470 : 84;
47471 : 64;
47472 : 64;
47473 : 40;
47474 : 89;
47475 : 85;
47476 : 85;
47477 : 85;
47478 : 85;
47479 : 85;
47480 : 85;
47481 : 64;
47482 : 64;
47483 : 64;
47484 : 64;
47485 : 64;
47486 : 64;
47487 : 64;
47488 : 40;
47489 : 40;
47490 : 64;
47491 : 44;
47492 : 44;
47493 : 64;
47494 : 64;
47495 : 64;
47496 : 84;
47497 : 85;
47498 : 85;
47499 : 89;
47500 : 89;
47501 : 89;
47502 : 89;
47503 : A9;
47504 : 85;
47505 : 89;
47506 : 89;
47507 : 85;
47508 : 64;
47509 : 64;
47510 : 64;
47511 : 64;
47512 : 64;
47513 : 64;
47514 : 85;
47515 : 40;
47516 : 64;
47517 : 64;
47518 : 64;
47519 : 64;
47520 : 64;
47521 : 64;
47522 : 64;
47523 : 64;
47524 : 64;
47525 : 64;
47526 : 64;
47527 : 64;
47528 : 64;
47529 : 84;
47530 : 89;
47531 : 89;
47532 : A9;
47533 : A9;
47534 : 85;
47535 : 89;
47536 : 85;
47537 : 89;
47538 : 85;
47539 : 85;
47540 : 85;
47541 : 85;
47542 : 40;
47543 : 64;
47544 : 64;
47545 : 64;
47546 : 40;
47547 : 40;
47548 : 64;
47549 : 40;
47550 : 64;
47551 : 64;
47552 : 64;
47553 : 44;
47554 : 44;
47555 : 44;
47556 : 44;
47557 : 44;
47558 : 64;
47559 : 44;
47560 : 64;
47561 : 44;
47562 : 64;
47563 : 44;
47564 : 40;
47565 : 40;
47566 : 40;
47567 : 64;
47568 : 40;
47569 : 84;
47570 : 64;
47571 : 40;
47572 : 40;
47573 : 20;
47574 : 85;
47575 : 85;
47576 : 40;
47577 : 64;
47578 : 64;
47579 : 64;
47580 : 64;
47581 : 64;
47582 : 64;
47583 : 64;
47584 : 64;
47585 : 64;
47586 : 64;
47587 : 64;
47588 : 64;
47589 : 64;
47590 : 64;
47591 : 64;
47592 : 40;
47593 : 40;
47594 : 60;
47595 : 40;
47596 : 40;
47597 : 40;
47598 : 40;
47599 : 40;
47600 : 24;
47601 : 24;
47602 : 49;
47603 : 49;
47604 : 49;
47605 : 49;
47606 : 49;
47607 : 49;
47608 : 49;
47609 : 00;
47610 : 6D;
47611 : 49;
47612 : 49;
47613 : 49;
47614 : 49;
47615 : 49;
47616 : 49;
47617 : 49;
47618 : 49;
47619 : 49;
47620 : 49;
47621 : 49;
47622 : 49;
47623 : 49;
47624 : 49;
47625 : 49;
47626 : 49;
47627 : 49;
47628 : 49;
47629 : 49;
47630 : 49;
47631 : 49;
47632 : 49;
47633 : 49;
47634 : 49;
47635 : 49;
47636 : 49;
47637 : 49;
47638 : 49;
47639 : 49;
47640 : 49;
47641 : 49;
47642 : 49;
47643 : 49;
47644 : 49;
47645 : 49;
47646 : 49;
47647 : 49;
47648 : 49;
47649 : 49;
47650 : 49;
47651 : 49;
47652 : 49;
47653 : 49;
47654 : 49;
47655 : 49;
47656 : 49;
47657 : 49;
47658 : 49;
47659 : 48;
47660 : 24;
47661 : 44;
47662 : 24;
47663 : 24;
47664 : 24;
47665 : 24;
47666 : 24;
47667 : 24;
47668 : 24;
47669 : 00;
47670 : 49;
47671 : 24;
47672 : 24;
47673 : 24;
47674 : 24;
47675 : 24;
47676 : 6D;
47677 : 24;
47678 : 24;
47679 : 24;
47680 : 40;
47681 : 40;
47682 : 40;
47683 : 40;
47684 : 40;
47685 : 40;
47686 : 40;
47687 : 40;
47688 : 40;
47689 : 40;
47690 : 40;
47691 : 40;
47692 : 40;
47693 : 40;
47694 : 40;
47695 : 40;
47696 : 40;
47697 : 40;
47698 : 40;
47699 : 40;
47700 : 40;
47701 : 40;
47702 : 40;
47703 : 40;
47704 : 40;
47705 : 40;
47706 : 40;
47707 : 40;
47708 : 40;
47709 : 40;
47710 : 40;
47711 : 40;
47712 : 40;
47713 : 40;
47714 : 20;
47715 : 20;
47716 : 20;
47717 : 20;
47718 : 20;
47719 : 20;
47720 : 20;
47721 : 20;
47722 : 40;
47723 : 40;
47724 : 40;
47725 : 40;
47726 : 40;
47727 : 40;
47728 : 40;
47729 : 40;
47730 : 40;
47731 : 40;
47732 : 40;
47733 : 40;
47734 : 40;
47735 : 40;
47736 : 40;
47737 : 40;
47738 : 40;
47739 : 40;
47740 : 40;
47741 : 40;
47742 : 40;
47743 : 40;
47744 : 40;
47745 : 40;
47746 : 44;
47747 : 44;
47748 : 40;
47749 : 40;
47750 : 40;
47751 : 40;
47752 : 40;
47753 : 40;
47754 : 40;
47755 : 40;
47756 : 44;
47757 : 40;
47758 : 40;
47759 : 40;
47760 : 44;
47761 : 64;
47762 : 64;
47763 : 64;
47764 : 40;
47765 : 64;
47766 : 64;
47767 : 64;
47768 : 64;
47769 : 64;
47770 : 64;
47771 : 64;
47772 : 44;
47773 : 64;
47774 : 64;
47775 : 64;
47776 : 64;
47777 : 64;
47778 : 64;
47779 : 40;
47780 : 64;
47781 : 40;
47782 : 64;
47783 : 64;
47784 : 44;
47785 : 64;
47786 : 64;
47787 : 64;
47788 : 65;
47789 : 64;
47790 : 64;
47791 : 64;
47792 : 64;
47793 : 64;
47794 : 85;
47795 : 85;
47796 : 85;
47797 : 85;
47798 : 85;
47799 : 89;
47800 : 84;
47801 : 64;
47802 : 64;
47803 : 64;
47804 : 64;
47805 : 64;
47806 : 64;
47807 : 64;
47808 : 40;
47809 : 40;
47810 : 44;
47811 : 44;
47812 : 64;
47813 : 64;
47814 : 64;
47815 : 85;
47816 : 85;
47817 : 85;
47818 : 89;
47819 : 89;
47820 : 89;
47821 : 89;
47822 : A9;
47823 : A9;
47824 : 85;
47825 : 89;
47826 : 89;
47827 : 84;
47828 : 64;
47829 : 64;
47830 : 64;
47831 : 64;
47832 : 64;
47833 : 64;
47834 : 85;
47835 : 64;
47836 : 64;
47837 : 64;
47838 : 64;
47839 : 64;
47840 : 64;
47841 : 64;
47842 : 64;
47843 : 64;
47844 : 64;
47845 : 64;
47846 : 64;
47847 : 64;
47848 : 85;
47849 : 89;
47850 : 89;
47851 : 89;
47852 : A9;
47853 : 89;
47854 : 89;
47855 : 89;
47856 : 85;
47857 : 85;
47858 : 85;
47859 : 85;
47860 : 64;
47861 : 64;
47862 : 60;
47863 : 64;
47864 : 64;
47865 : 64;
47866 : 60;
47867 : 84;
47868 : 64;
47869 : 40;
47870 : 64;
47871 : 64;
47872 : 64;
47873 : 64;
47874 : 44;
47875 : 44;
47876 : 44;
47877 : 44;
47878 : 64;
47879 : 64;
47880 : 64;
47881 : 64;
47882 : 44;
47883 : 40;
47884 : 40;
47885 : 40;
47886 : 40;
47887 : 64;
47888 : 84;
47889 : 64;
47890 : 40;
47891 : 40;
47892 : 64;
47893 : 40;
47894 : 40;
47895 : 85;
47896 : 40;
47897 : 64;
47898 : 64;
47899 : 64;
47900 : 64;
47901 : 64;
47902 : 64;
47903 : 40;
47904 : 64;
47905 : 64;
47906 : 64;
47907 : 64;
47908 : 64;
47909 : 64;
47910 : 64;
47911 : 64;
47912 : 40;
47913 : 40;
47914 : 40;
47915 : 40;
47916 : 40;
47917 : 40;
47918 : 40;
47919 : 40;
47920 : 24;
47921 : 24;
47922 : 49;
47923 : 49;
47924 : 49;
47925 : 49;
47926 : 49;
47927 : 49;
47928 : 49;
47929 : 00;
47930 : 6D;
47931 : 49;
47932 : 49;
47933 : 49;
47934 : 49;
47935 : 49;
47936 : 49;
47937 : 49;
47938 : 49;
47939 : 49;
47940 : 49;
47941 : 49;
47942 : 49;
47943 : 49;
47944 : 49;
47945 : 49;
47946 : 49;
47947 : 49;
47948 : 49;
47949 : 49;
47950 : 49;
47951 : 49;
47952 : 49;
47953 : 49;
47954 : 49;
47955 : 49;
47956 : 49;
47957 : 49;
47958 : 49;
47959 : 49;
47960 : 49;
47961 : 49;
47962 : 49;
47963 : 49;
47964 : 49;
47965 : 49;
47966 : 49;
47967 : 49;
47968 : 49;
47969 : 49;
47970 : 49;
47971 : 49;
47972 : 49;
47973 : 49;
47974 : 49;
47975 : 49;
47976 : 49;
47977 : 49;
47978 : 49;
47979 : 49;
47980 : 49;
47981 : 24;
47982 : 24;
47983 : 24;
47984 : 24;
47985 : 24;
47986 : 24;
47987 : 24;
47988 : 24;
47989 : 00;
47990 : 49;
47991 : 24;
47992 : 24;
47993 : 24;
47994 : 24;
47995 : 24;
47996 : 6D;
47997 : 24;
47998 : 24;
47999 : 24;
48000 : 40;
48001 : 40;
48002 : 40;
48003 : 40;
48004 : 40;
48005 : 40;
48006 : 40;
48007 : 40;
48008 : 40;
48009 : 40;
48010 : 40;
48011 : 40;
48012 : 20;
48013 : 40;
48014 : 20;
48015 : 40;
48016 : 40;
48017 : 40;
48018 : 40;
48019 : 40;
48020 : 40;
48021 : 40;
48022 : 40;
48023 : 40;
48024 : 40;
48025 : 40;
48026 : 40;
48027 : 40;
48028 : 40;
48029 : 40;
48030 : 40;
48031 : 40;
48032 : 40;
48033 : 40;
48034 : 40;
48035 : 40;
48036 : 40;
48037 : 40;
48038 : 40;
48039 : 40;
48040 : 40;
48041 : 40;
48042 : 40;
48043 : 40;
48044 : 40;
48045 : 40;
48046 : 40;
48047 : 40;
48048 : 40;
48049 : 40;
48050 : 40;
48051 : 40;
48052 : 40;
48053 : 40;
48054 : 40;
48055 : 40;
48056 : 40;
48057 : 40;
48058 : 40;
48059 : 40;
48060 : 40;
48061 : 40;
48062 : 40;
48063 : 40;
48064 : 40;
48065 : 44;
48066 : 40;
48067 : 40;
48068 : 40;
48069 : 20;
48070 : 40;
48071 : 40;
48072 : 40;
48073 : 40;
48074 : 64;
48075 : 64;
48076 : 40;
48077 : 40;
48078 : 44;
48079 : 40;
48080 : 64;
48081 : 64;
48082 : 64;
48083 : 64;
48084 : 40;
48085 : 64;
48086 : 64;
48087 : 64;
48088 : 64;
48089 : 64;
48090 : 64;
48091 : 64;
48092 : 44;
48093 : 64;
48094 : 64;
48095 : 64;
48096 : 64;
48097 : 64;
48098 : 64;
48099 : 40;
48100 : 64;
48101 : 64;
48102 : 44;
48103 : 40;
48104 : 64;
48105 : 64;
48106 : 64;
48107 : 64;
48108 : 44;
48109 : 64;
48110 : 64;
48111 : 40;
48112 : 64;
48113 : 85;
48114 : 85;
48115 : 85;
48116 : 89;
48117 : 85;
48118 : 89;
48119 : 64;
48120 : 64;
48121 : 64;
48122 : 64;
48123 : 64;
48124 : 64;
48125 : 64;
48126 : 64;
48127 : 40;
48128 : 40;
48129 : 44;
48130 : 44;
48131 : 44;
48132 : 64;
48133 : 64;
48134 : 64;
48135 : 84;
48136 : 85;
48137 : 85;
48138 : 89;
48139 : 89;
48140 : 89;
48141 : 89;
48142 : A9;
48143 : 85;
48144 : 85;
48145 : 89;
48146 : 89;
48147 : 64;
48148 : 64;
48149 : 64;
48150 : 64;
48151 : 64;
48152 : 64;
48153 : 84;
48154 : 64;
48155 : 64;
48156 : 60;
48157 : 64;
48158 : 40;
48159 : 65;
48160 : 44;
48161 : 64;
48162 : 64;
48163 : 64;
48164 : 64;
48165 : 64;
48166 : 64;
48167 : 85;
48168 : 85;
48169 : 85;
48170 : A9;
48171 : A9;
48172 : A9;
48173 : 89;
48174 : 85;
48175 : 85;
48176 : 85;
48177 : 85;
48178 : 64;
48179 : 85;
48180 : 40;
48181 : 40;
48182 : 64;
48183 : 64;
48184 : 64;
48185 : 64;
48186 : 64;
48187 : 40;
48188 : 84;
48189 : 64;
48190 : 40;
48191 : 64;
48192 : 44;
48193 : 44;
48194 : 64;
48195 : 64;
48196 : 44;
48197 : 44;
48198 : 64;
48199 : 40;
48200 : 44;
48201 : 64;
48202 : 44;
48203 : 40;
48204 : 40;
48205 : 84;
48206 : 85;
48207 : 85;
48208 : 84;
48209 : 20;
48210 : 40;
48211 : 64;
48212 : 64;
48213 : 64;
48214 : 20;
48215 : 85;
48216 : 40;
48217 : 20;
48218 : 64;
48219 : 84;
48220 : 84;
48221 : 40;
48222 : 64;
48223 : 64;
48224 : 64;
48225 : 64;
48226 : 64;
48227 : 64;
48228 : 64;
48229 : 44;
48230 : 64;
48231 : 64;
48232 : 40;
48233 : 40;
48234 : 40;
48235 : 40;
48236 : 40;
48237 : 40;
48238 : 40;
48239 : 40;
48240 : 24;
48241 : 24;
48242 : 49;
48243 : 49;
48244 : 49;
48245 : 49;
48246 : 49;
48247 : 49;
48248 : 49;
48249 : 00;
48250 : 6D;
48251 : 49;
48252 : 49;
48253 : 49;
48254 : 49;
48255 : 49;
48256 : 49;
48257 : 49;
48258 : 49;
48259 : 49;
48260 : 49;
48261 : 49;
48262 : 49;
48263 : 49;
48264 : 49;
48265 : 49;
48266 : 49;
48267 : 49;
48268 : 49;
48269 : 49;
48270 : 49;
48271 : 49;
48272 : 49;
48273 : 49;
48274 : 49;
48275 : 49;
48276 : 49;
48277 : 49;
48278 : 49;
48279 : 49;
48280 : 49;
48281 : 49;
48282 : 49;
48283 : 49;
48284 : 49;
48285 : 49;
48286 : 49;
48287 : 49;
48288 : 49;
48289 : 49;
48290 : 49;
48291 : 49;
48292 : 49;
48293 : 49;
48294 : 49;
48295 : 49;
48296 : 49;
48297 : 49;
48298 : 49;
48299 : 49;
48300 : 44;
48301 : 44;
48302 : 24;
48303 : 24;
48304 : 24;
48305 : 24;
48306 : 24;
48307 : 24;
48308 : 24;
48309 : 00;
48310 : 49;
48311 : 24;
48312 : 44;
48313 : 44;
48314 : 24;
48315 : 24;
48316 : 6D;
48317 : 24;
48318 : 24;
48319 : 24;
48320 : 40;
48321 : 40;
48322 : 40;
48323 : 40;
48324 : 40;
48325 : 40;
48326 : 40;
48327 : 40;
48328 : 40;
48329 : 40;
48330 : 40;
48331 : 40;
48332 : 40;
48333 : 20;
48334 : 40;
48335 : 20;
48336 : 40;
48337 : 40;
48338 : 40;
48339 : 40;
48340 : 40;
48341 : 40;
48342 : 40;
48343 : 40;
48344 : 40;
48345 : 40;
48346 : 40;
48347 : 40;
48348 : 40;
48349 : 40;
48350 : 40;
48351 : 40;
48352 : 40;
48353 : 40;
48354 : 40;
48355 : 40;
48356 : 40;
48357 : 40;
48358 : 40;
48359 : 40;
48360 : 40;
48361 : 40;
48362 : 40;
48363 : 40;
48364 : 40;
48365 : 40;
48366 : 20;
48367 : 20;
48368 : 20;
48369 : 20;
48370 : 20;
48371 : 20;
48372 : 40;
48373 : 40;
48374 : 40;
48375 : 40;
48376 : 40;
48377 : 40;
48378 : 40;
48379 : 40;
48380 : 40;
48381 : 40;
48382 : 40;
48383 : 40;
48384 : 20;
48385 : 40;
48386 : 20;
48387 : 40;
48388 : 40;
48389 : 40;
48390 : 40;
48391 : 40;
48392 : 64;
48393 : 64;
48394 : 64;
48395 : 64;
48396 : 40;
48397 : 40;
48398 : 40;
48399 : 64;
48400 : 64;
48401 : 64;
48402 : 64;
48403 : 40;
48404 : 64;
48405 : 64;
48406 : 64;
48407 : 64;
48408 : 44;
48409 : 64;
48410 : 64;
48411 : 64;
48412 : 44;
48413 : 64;
48414 : 64;
48415 : 64;
48416 : 64;
48417 : 64;
48418 : 65;
48419 : 40;
48420 : 64;
48421 : 64;
48422 : 40;
48423 : 64;
48424 : 64;
48425 : 64;
48426 : 44;
48427 : 40;
48428 : 64;
48429 : 40;
48430 : 40;
48431 : 85;
48432 : 85;
48433 : 85;
48434 : 89;
48435 : 85;
48436 : 85;
48437 : 89;
48438 : 64;
48439 : 64;
48440 : 64;
48441 : 65;
48442 : 64;
48443 : 64;
48444 : 64;
48445 : 64;
48446 : 40;
48447 : 40;
48448 : 40;
48449 : 44;
48450 : 44;
48451 : 44;
48452 : 64;
48453 : 64;
48454 : 64;
48455 : 64;
48456 : 85;
48457 : 85;
48458 : 89;
48459 : 89;
48460 : 89;
48461 : 85;
48462 : A9;
48463 : 85;
48464 : 85;
48465 : 85;
48466 : 89;
48467 : 64;
48468 : 64;
48469 : 64;
48470 : 64;
48471 : 84;
48472 : 64;
48473 : 64;
48474 : 64;
48475 : 64;
48476 : 64;
48477 : 84;
48478 : 40;
48479 : 85;
48480 : 44;
48481 : 64;
48482 : 64;
48483 : 64;
48484 : 64;
48485 : 64;
48486 : 64;
48487 : 85;
48488 : 85;
48489 : A9;
48490 : A9;
48491 : A9;
48492 : 89;
48493 : 89;
48494 : 85;
48495 : 85;
48496 : 85;
48497 : 84;
48498 : 85;
48499 : 40;
48500 : 44;
48501 : 64;
48502 : 64;
48503 : 64;
48504 : 64;
48505 : 64;
48506 : 64;
48507 : 64;
48508 : 60;
48509 : 84;
48510 : 44;
48511 : 40;
48512 : 64;
48513 : 44;
48514 : 44;
48515 : 44;
48516 : 44;
48517 : 44;
48518 : 40;
48519 : 44;
48520 : 44;
48521 : 40;
48522 : 20;
48523 : 64;
48524 : A9;
48525 : 85;
48526 : 85;
48527 : 85;
48528 : 40;
48529 : 40;
48530 : 40;
48531 : 64;
48532 : 64;
48533 : 64;
48534 : 85;
48535 : 40;
48536 : 85;
48537 : 64;
48538 : 40;
48539 : 40;
48540 : 40;
48541 : 64;
48542 : 40;
48543 : 64;
48544 : 64;
48545 : 64;
48546 : 64;
48547 : 64;
48548 : 64;
48549 : 44;
48550 : 64;
48551 : 40;
48552 : 40;
48553 : 40;
48554 : 40;
48555 : 40;
48556 : 40;
48557 : 40;
48558 : 40;
48559 : 40;
48560 : 24;
48561 : 24;
48562 : 49;
48563 : 49;
48564 : 49;
48565 : 49;
48566 : 49;
48567 : 49;
48568 : 49;
48569 : 00;
48570 : 6D;
48571 : 49;
48572 : 49;
48573 : 49;
48574 : 49;
48575 : 49;
48576 : 49;
48577 : 49;
48578 : 49;
48579 : 49;
48580 : 49;
48581 : 49;
48582 : 49;
48583 : 49;
48584 : 49;
48585 : 49;
48586 : 49;
48587 : 49;
48588 : 49;
48589 : 49;
48590 : 49;
48591 : 49;
48592 : 49;
48593 : 49;
48594 : 49;
48595 : 49;
48596 : 49;
48597 : 49;
48598 : 49;
48599 : 49;
48600 : 49;
48601 : 49;
48602 : 49;
48603 : 49;
48604 : 49;
48605 : 49;
48606 : 49;
48607 : 49;
48608 : 49;
48609 : 49;
48610 : 49;
48611 : 49;
48612 : 49;
48613 : 49;
48614 : 49;
48615 : 49;
48616 : 49;
48617 : 49;
48618 : 49;
48619 : 49;
48620 : 49;
48621 : 45;
48622 : 24;
48623 : 24;
48624 : 24;
48625 : 24;
48626 : 24;
48627 : 24;
48628 : 24;
48629 : 00;
48630 : 49;
48631 : 24;
48632 : 44;
48633 : 45;
48634 : 44;
48635 : 24;
48636 : 6D;
48637 : 24;
48638 : 24;
48639 : 24;
48640 : 40;
48641 : 40;
48642 : 40;
48643 : 40;
48644 : 40;
48645 : 40;
48646 : 40;
48647 : 40;
48648 : 40;
48649 : 40;
48650 : 40;
48651 : 40;
48652 : 40;
48653 : 20;
48654 : 40;
48655 : 20;
48656 : 40;
48657 : 40;
48658 : 40;
48659 : 40;
48660 : 40;
48661 : 40;
48662 : 40;
48663 : 40;
48664 : 40;
48665 : 40;
48666 : 40;
48667 : 40;
48668 : 40;
48669 : 40;
48670 : 40;
48671 : 40;
48672 : 40;
48673 : 40;
48674 : 40;
48675 : 40;
48676 : 40;
48677 : 40;
48678 : 40;
48679 : 40;
48680 : 40;
48681 : 20;
48682 : 20;
48683 : 20;
48684 : 20;
48685 : 20;
48686 : 40;
48687 : 40;
48688 : 40;
48689 : 40;
48690 : 40;
48691 : 40;
48692 : 40;
48693 : 40;
48694 : 40;
48695 : 40;
48696 : 40;
48697 : 40;
48698 : 40;
48699 : 40;
48700 : 40;
48701 : 20;
48702 : 20;
48703 : 20;
48704 : 40;
48705 : 40;
48706 : 40;
48707 : 40;
48708 : 40;
48709 : 40;
48710 : 40;
48711 : 64;
48712 : 64;
48713 : 64;
48714 : 64;
48715 : 64;
48716 : 40;
48717 : 40;
48718 : 40;
48719 : 64;
48720 : 64;
48721 : 64;
48722 : 40;
48723 : 64;
48724 : 64;
48725 : 64;
48726 : 64;
48727 : 64;
48728 : 64;
48729 : 64;
48730 : 64;
48731 : 40;
48732 : 64;
48733 : 64;
48734 : 64;
48735 : 64;
48736 : 64;
48737 : 64;
48738 : 64;
48739 : 40;
48740 : 64;
48741 : 64;
48742 : 64;
48743 : 40;
48744 : 40;
48745 : 44;
48746 : 64;
48747 : 64;
48748 : 44;
48749 : 44;
48750 : 85;
48751 : 85;
48752 : 89;
48753 : 85;
48754 : 85;
48755 : 85;
48756 : 85;
48757 : 64;
48758 : 64;
48759 : 64;
48760 : 64;
48761 : 64;
48762 : 64;
48763 : 64;
48764 : 64;
48765 : 40;
48766 : 40;
48767 : 40;
48768 : 64;
48769 : 44;
48770 : 44;
48771 : 44;
48772 : 64;
48773 : 64;
48774 : 64;
48775 : 84;
48776 : 85;
48777 : 89;
48778 : 89;
48779 : 89;
48780 : 89;
48781 : A9;
48782 : A9;
48783 : 85;
48784 : 89;
48785 : 89;
48786 : 84;
48787 : 64;
48788 : 64;
48789 : 40;
48790 : 64;
48791 : 64;
48792 : 84;
48793 : 64;
48794 : 64;
48795 : 64;
48796 : 64;
48797 : 84;
48798 : 64;
48799 : 40;
48800 : 64;
48801 : 64;
48802 : 64;
48803 : 64;
48804 : 64;
48805 : 64;
48806 : 85;
48807 : 85;
48808 : 89;
48809 : A9;
48810 : A9;
48811 : A9;
48812 : 89;
48813 : 89;
48814 : 85;
48815 : 85;
48816 : 85;
48817 : 85;
48818 : 40;
48819 : 64;
48820 : 40;
48821 : 64;
48822 : 64;
48823 : 64;
48824 : 64;
48825 : 64;
48826 : 64;
48827 : 64;
48828 : 40;
48829 : 64;
48830 : 84;
48831 : 40;
48832 : 44;
48833 : 44;
48834 : 44;
48835 : 44;
48836 : 44;
48837 : 44;
48838 : 44;
48839 : 40;
48840 : 40;
48841 : 20;
48842 : 84;
48843 : 85;
48844 : 84;
48845 : 85;
48846 : 85;
48847 : 85;
48848 : 40;
48849 : 40;
48850 : 64;
48851 : 64;
48852 : 64;
48853 : 64;
48854 : 64;
48855 : 64;
48856 : 64;
48857 : 64;
48858 : 64;
48859 : 64;
48860 : 64;
48861 : 40;
48862 : 40;
48863 : 64;
48864 : 64;
48865 : 64;
48866 : 64;
48867 : 64;
48868 : 40;
48869 : 64;
48870 : 64;
48871 : 40;
48872 : 40;
48873 : 40;
48874 : 40;
48875 : 40;
48876 : 40;
48877 : 40;
48878 : 40;
48879 : 40;
48880 : 24;
48881 : 24;
48882 : 69;
48883 : 49;
48884 : 49;
48885 : 49;
48886 : 49;
48887 : 49;
48888 : 49;
48889 : 00;
48890 : 6D;
48891 : 49;
48892 : 49;
48893 : 49;
48894 : 49;
48895 : 49;
48896 : 49;
48897 : 49;
48898 : 49;
48899 : 49;
48900 : 49;
48901 : 49;
48902 : 49;
48903 : 49;
48904 : 49;
48905 : 49;
48906 : 49;
48907 : 49;
48908 : 49;
48909 : 49;
48910 : 49;
48911 : 49;
48912 : 49;
48913 : 49;
48914 : 49;
48915 : 49;
48916 : 49;
48917 : 49;
48918 : 49;
48919 : 49;
48920 : 49;
48921 : 49;
48922 : 49;
48923 : 49;
48924 : 49;
48925 : 49;
48926 : 49;
48927 : 49;
48928 : 49;
48929 : 49;
48930 : 49;
48931 : 49;
48932 : 49;
48933 : 49;
48934 : 49;
48935 : 49;
48936 : 49;
48937 : 49;
48938 : 49;
48939 : 49;
48940 : 49;
48941 : 48;
48942 : 44;
48943 : 24;
48944 : 24;
48945 : 24;
48946 : 24;
48947 : 24;
48948 : 24;
48949 : 00;
48950 : 49;
48951 : 24;
48952 : 44;
48953 : 45;
48954 : 44;
48955 : 44;
48956 : 6D;
48957 : 24;
48958 : 24;
48959 : 24;
48960 : 40;
48961 : 40;
48962 : 40;
48963 : 40;
48964 : 40;
48965 : 40;
48966 : 40;
48967 : 40;
48968 : 40;
48969 : 40;
48970 : 40;
48971 : 40;
48972 : 40;
48973 : 40;
48974 : 40;
48975 : 40;
48976 : 40;
48977 : 40;
48978 : 40;
48979 : 40;
48980 : 40;
48981 : 40;
48982 : 40;
48983 : 40;
48984 : 40;
48985 : 40;
48986 : 40;
48987 : 40;
48988 : 40;
48989 : 40;
48990 : 40;
48991 : 40;
48992 : 40;
48993 : 40;
48994 : 40;
48995 : 40;
48996 : 40;
48997 : 40;
48998 : 40;
48999 : 20;
49000 : 40;
49001 : 40;
49002 : 40;
49003 : 40;
49004 : 40;
49005 : 64;
49006 : 64;
49007 : 44;
49008 : 64;
49009 : 64;
49010 : 40;
49011 : 40;
49012 : 20;
49013 : 40;
49014 : 40;
49015 : 20;
49016 : 40;
49017 : 40;
49018 : 40;
49019 : 20;
49020 : 40;
49021 : 40;
49022 : 40;
49023 : 40;
49024 : 40;
49025 : 40;
49026 : 40;
49027 : 40;
49028 : 44;
49029 : 64;
49030 : 64;
49031 : 64;
49032 : 64;
49033 : 64;
49034 : 64;
49035 : 40;
49036 : 40;
49037 : 40;
49038 : 64;
49039 : 64;
49040 : 64;
49041 : 64;
49042 : 64;
49043 : 64;
49044 : 64;
49045 : 44;
49046 : 64;
49047 : 64;
49048 : 64;
49049 : 64;
49050 : 40;
49051 : 64;
49052 : 64;
49053 : 64;
49054 : 64;
49055 : 64;
49056 : 64;
49057 : 64;
49058 : 64;
49059 : 64;
49060 : 40;
49061 : 64;
49062 : 64;
49063 : 64;
49064 : 64;
49065 : 44;
49066 : 40;
49067 : 40;
49068 : 64;
49069 : 84;
49070 : 85;
49071 : 89;
49072 : 85;
49073 : 85;
49074 : 89;
49075 : 85;
49076 : 64;
49077 : 64;
49078 : 64;
49079 : 64;
49080 : 64;
49081 : 64;
49082 : 64;
49083 : 64;
49084 : 44;
49085 : 40;
49086 : 40;
49087 : 44;
49088 : 44;
49089 : 44;
49090 : 44;
49091 : 44;
49092 : 64;
49093 : 64;
49094 : 64;
49095 : 85;
49096 : 85;
49097 : 89;
49098 : 89;
49099 : 89;
49100 : 89;
49101 : A9;
49102 : A9;
49103 : 85;
49104 : 85;
49105 : 89;
49106 : 84;
49107 : 64;
49108 : 64;
49109 : 64;
49110 : 64;
49111 : 64;
49112 : 64;
49113 : 84;
49114 : 84;
49115 : 64;
49116 : 64;
49117 : 84;
49118 : 64;
49119 : 40;
49120 : 64;
49121 : 64;
49122 : 64;
49123 : 64;
49124 : 64;
49125 : 64;
49126 : 85;
49127 : 85;
49128 : A9;
49129 : A9;
49130 : 89;
49131 : 85;
49132 : 89;
49133 : 89;
49134 : 89;
49135 : 85;
49136 : 84;
49137 : 64;
49138 : 64;
49139 : 40;
49140 : 40;
49141 : 64;
49142 : 64;
49143 : 64;
49144 : 64;
49145 : 64;
49146 : 64;
49147 : 64;
49148 : 64;
49149 : 40;
49150 : 84;
49151 : 64;
49152 : 40;
49153 : 44;
49154 : 44;
49155 : 44;
49156 : 44;
49157 : 64;
49158 : 40;
49159 : 64;
49160 : 64;
49161 : 64;
49162 : 40;
49163 : 40;
49164 : 40;
49165 : 40;
49166 : A9;
49167 : 64;
49168 : 20;
49169 : 40;
49170 : 64;
49171 : 64;
49172 : 64;
49173 : 64;
49174 : 64;
49175 : 64;
49176 : 64;
49177 : 40;
49178 : 40;
49179 : 44;
49180 : 40;
49181 : 40;
49182 : 40;
49183 : 64;
49184 : 64;
49185 : 64;
49186 : 64;
49187 : 64;
49188 : 60;
49189 : 64;
49190 : 40;
49191 : 40;
49192 : 40;
49193 : 40;
49194 : 40;
49195 : 40;
49196 : 40;
49197 : 40;
49198 : 40;
49199 : 64;
49200 : 24;
49201 : 24;
49202 : 49;
49203 : 49;
49204 : 49;
49205 : 49;
49206 : 49;
49207 : 49;
49208 : 49;
49209 : 00;
49210 : 6D;
49211 : 49;
49212 : 49;
49213 : 49;
49214 : 49;
49215 : 49;
49216 : 49;
49217 : 49;
49218 : 49;
49219 : 49;
49220 : 49;
49221 : 49;
49222 : 49;
49223 : 49;
49224 : 49;
49225 : 49;
49226 : 49;
49227 : 49;
49228 : 49;
49229 : 49;
49230 : 49;
49231 : 49;
49232 : 49;
49233 : 49;
49234 : 49;
49235 : 49;
49236 : 49;
49237 : 49;
49238 : 49;
49239 : 49;
49240 : 49;
49241 : 49;
49242 : 49;
49243 : 49;
49244 : 49;
49245 : 49;
49246 : 49;
49247 : 49;
49248 : 49;
49249 : 49;
49250 : 49;
49251 : 49;
49252 : 49;
49253 : 49;
49254 : 49;
49255 : 49;
49256 : 49;
49257 : 49;
49258 : 49;
49259 : 49;
49260 : 49;
49261 : 48;
49262 : 48;
49263 : 24;
49264 : 24;
49265 : 24;
49266 : 24;
49267 : 24;
49268 : 24;
49269 : 00;
49270 : 6D;
49271 : 24;
49272 : 44;
49273 : 44;
49274 : 44;
49275 : 24;
49276 : 6D;
49277 : 24;
49278 : 24;
49279 : 24;
49280 : 40;
49281 : 40;
49282 : 40;
49283 : 40;
49284 : 40;
49285 : 40;
49286 : 40;
49287 : 40;
49288 : 40;
49289 : 40;
49290 : 40;
49291 : 40;
49292 : 40;
49293 : 40;
49294 : 20;
49295 : 40;
49296 : 20;
49297 : 40;
49298 : 40;
49299 : 40;
49300 : 40;
49301 : 40;
49302 : 40;
49303 : 40;
49304 : 40;
49305 : 40;
49306 : 40;
49307 : 40;
49308 : 40;
49309 : 40;
49310 : 40;
49311 : 40;
49312 : 40;
49313 : 40;
49314 : 40;
49315 : 20;
49316 : 20;
49317 : 40;
49318 : 40;
49319 : 40;
49320 : 44;
49321 : 44;
49322 : 44;
49323 : 64;
49324 : 44;
49325 : 44;
49326 : 44;
49327 : 40;
49328 : 44;
49329 : 44;
49330 : 44;
49331 : 44;
49332 : 44;
49333 : 40;
49334 : 20;
49335 : 20;
49336 : 20;
49337 : 20;
49338 : 20;
49339 : 44;
49340 : 40;
49341 : 44;
49342 : 40;
49343 : 40;
49344 : 40;
49345 : 40;
49346 : 44;
49347 : 64;
49348 : 44;
49349 : 64;
49350 : 44;
49351 : 64;
49352 : 64;
49353 : 64;
49354 : 64;
49355 : 20;
49356 : 40;
49357 : 64;
49358 : 64;
49359 : 64;
49360 : 64;
49361 : 64;
49362 : 64;
49363 : 40;
49364 : 40;
49365 : 44;
49366 : 64;
49367 : 64;
49368 : 64;
49369 : 64;
49370 : 40;
49371 : 64;
49372 : 64;
49373 : 64;
49374 : 64;
49375 : 64;
49376 : 64;
49377 : 64;
49378 : 64;
49379 : 64;
49380 : 40;
49381 : 64;
49382 : 64;
49383 : 64;
49384 : 40;
49385 : 44;
49386 : 64;
49387 : 85;
49388 : 85;
49389 : 85;
49390 : 85;
49391 : 85;
49392 : 89;
49393 : 89;
49394 : 64;
49395 : 64;
49396 : 64;
49397 : 64;
49398 : 64;
49399 : 64;
49400 : 64;
49401 : 64;
49402 : 64;
49403 : 64;
49404 : 40;
49405 : 40;
49406 : 40;
49407 : 44;
49408 : 44;
49409 : 44;
49410 : 40;
49411 : 64;
49412 : 64;
49413 : 64;
49414 : 64;
49415 : 89;
49416 : 85;
49417 : 89;
49418 : 89;
49419 : 89;
49420 : 89;
49421 : A9;
49422 : 89;
49423 : 89;
49424 : 89;
49425 : 89;
49426 : 84;
49427 : 64;
49428 : 64;
49429 : 64;
49430 : 64;
49431 : 60;
49432 : 64;
49433 : 64;
49434 : 84;
49435 : 84;
49436 : 64;
49437 : 85;
49438 : 64;
49439 : 40;
49440 : 64;
49441 : 64;
49442 : 64;
49443 : 64;
49444 : 64;
49445 : 64;
49446 : 85;
49447 : A9;
49448 : A9;
49449 : 89;
49450 : 89;
49451 : 89;
49452 : 89;
49453 : 89;
49454 : 89;
49455 : 84;
49456 : 64;
49457 : 64;
49458 : 40;
49459 : 64;
49460 : 40;
49461 : 64;
49462 : 40;
49463 : 40;
49464 : 64;
49465 : 64;
49466 : 64;
49467 : 64;
49468 : 64;
49469 : 64;
49470 : 64;
49471 : A5;
49472 : 60;
49473 : 44;
49474 : 64;
49475 : 44;
49476 : 44;
49477 : 40;
49478 : 64;
49479 : 64;
49480 : 40;
49481 : 40;
49482 : 44;
49483 : 40;
49484 : 20;
49485 : 64;
49486 : A9;
49487 : 64;
49488 : 40;
49489 : 64;
49490 : 64;
49491 : 64;
49492 : 64;
49493 : 64;
49494 : 64;
49495 : 64;
49496 : 64;
49497 : 64;
49498 : 64;
49499 : 64;
49500 : 64;
49501 : 64;
49502 : 40;
49503 : 64;
49504 : 64;
49505 : 64;
49506 : 64;
49507 : 40;
49508 : 64;
49509 : 64;
49510 : 40;
49511 : 40;
49512 : 40;
49513 : 40;
49514 : 40;
49515 : 40;
49516 : 40;
49517 : 40;
49518 : 60;
49519 : 64;
49520 : 24;
49521 : 24;
49522 : 49;
49523 : 49;
49524 : 49;
49525 : 49;
49526 : 49;
49527 : 49;
49528 : 49;
49529 : 00;
49530 : 6D;
49531 : 49;
49532 : 49;
49533 : 49;
49534 : 49;
49535 : 49;
49536 : 49;
49537 : 49;
49538 : 49;
49539 : 49;
49540 : 49;
49541 : 49;
49542 : 49;
49543 : 49;
49544 : 49;
49545 : 49;
49546 : 49;
49547 : 49;
49548 : 49;
49549 : 49;
49550 : 49;
49551 : 49;
49552 : 49;
49553 : 49;
49554 : 49;
49555 : 49;
49556 : 49;
49557 : 49;
49558 : 49;
49559 : 49;
49560 : 49;
49561 : 49;
49562 : 49;
49563 : 49;
49564 : 49;
49565 : 49;
49566 : 49;
49567 : 49;
49568 : 49;
49569 : 49;
49570 : 49;
49571 : 49;
49572 : 49;
49573 : 49;
49574 : 49;
49575 : 49;
49576 : 49;
49577 : 49;
49578 : 49;
49579 : 49;
49580 : 49;
49581 : 49;
49582 : 45;
49583 : 24;
49584 : 24;
49585 : 24;
49586 : 24;
49587 : 24;
49588 : 24;
49589 : 00;
49590 : 69;
49591 : 24;
49592 : 44;
49593 : 49;
49594 : 49;
49595 : 45;
49596 : 6D;
49597 : 24;
49598 : 24;
49599 : 24;
49600 : 20;
49601 : 40;
49602 : 40;
49603 : 40;
49604 : 40;
49605 : 40;
49606 : 40;
49607 : 40;
49608 : 40;
49609 : 40;
49610 : 40;
49611 : 40;
49612 : 40;
49613 : 40;
49614 : 20;
49615 : 40;
49616 : 20;
49617 : 40;
49618 : 40;
49619 : 40;
49620 : 40;
49621 : 40;
49622 : 20;
49623 : 20;
49624 : 20;
49625 : 20;
49626 : 20;
49627 : 20;
49628 : 20;
49629 : 40;
49630 : 40;
49631 : 40;
49632 : 40;
49633 : 40;
49634 : 20;
49635 : 44;
49636 : 40;
49637 : 40;
49638 : 40;
49639 : 40;
49640 : 40;
49641 : 40;
49642 : 40;
49643 : 40;
49644 : 40;
49645 : 40;
49646 : 64;
49647 : 44;
49648 : 44;
49649 : 44;
49650 : 44;
49651 : 40;
49652 : 44;
49653 : 64;
49654 : 44;
49655 : 44;
49656 : 64;
49657 : 44;
49658 : 44;
49659 : 40;
49660 : 44;
49661 : 44;
49662 : 64;
49663 : 64;
49664 : 64;
49665 : 64;
49666 : 64;
49667 : 64;
49668 : 64;
49669 : 64;
49670 : 64;
49671 : 64;
49672 : 64;
49673 : 64;
49674 : 20;
49675 : 64;
49676 : 40;
49677 : 64;
49678 : 64;
49679 : 64;
49680 : 64;
49681 : 64;
49682 : 40;
49683 : 64;
49684 : 40;
49685 : 64;
49686 : 64;
49687 : 64;
49688 : 64;
49689 : 64;
49690 : 40;
49691 : 64;
49692 : 64;
49693 : 64;
49694 : 64;
49695 : 64;
49696 : 64;
49697 : 64;
49698 : 64;
49699 : 64;
49700 : 40;
49701 : 64;
49702 : 64;
49703 : 40;
49704 : 64;
49705 : 84;
49706 : 85;
49707 : 85;
49708 : 85;
49709 : 85;
49710 : 85;
49711 : 85;
49712 : 85;
49713 : 64;
49714 : 64;
49715 : 64;
49716 : 64;
49717 : 64;
49718 : 64;
49719 : 64;
49720 : 64;
49721 : 64;
49722 : 44;
49723 : 40;
49724 : 40;
49725 : 44;
49726 : 44;
49727 : 44;
49728 : 64;
49729 : 44;
49730 : 40;
49731 : 64;
49732 : 64;
49733 : 64;
49734 : 85;
49735 : 85;
49736 : 89;
49737 : 89;
49738 : 89;
49739 : 89;
49740 : A9;
49741 : A9;
49742 : 89;
49743 : 89;
49744 : 85;
49745 : 89;
49746 : 64;
49747 : 64;
49748 : 64;
49749 : 64;
49750 : 85;
49751 : 40;
49752 : 64;
49753 : 60;
49754 : 85;
49755 : 64;
49756 : 64;
49757 : 84;
49758 : 64;
49759 : 40;
49760 : 64;
49761 : 64;
49762 : 64;
49763 : 64;
49764 : 64;
49765 : 64;
49766 : 84;
49767 : A9;
49768 : A9;
49769 : 89;
49770 : 89;
49771 : 85;
49772 : 89;
49773 : 89;
49774 : 64;
49775 : 84;
49776 : 64;
49777 : 64;
49778 : 40;
49779 : 64;
49780 : 44;
49781 : 40;
49782 : 85;
49783 : 40;
49784 : 64;
49785 : 64;
49786 : 44;
49787 : 64;
49788 : 64;
49789 : 64;
49790 : 20;
49791 : 84;
49792 : 85;
49793 : 40;
49794 : 64;
49795 : 64;
49796 : 40;
49797 : 84;
49798 : 64;
49799 : 20;
49800 : 40;
49801 : 64;
49802 : 40;
49803 : 40;
49804 : 40;
49805 : 84;
49806 : 85;
49807 : 20;
49808 : 40;
49809 : 64;
49810 : 64;
49811 : 64;
49812 : 64;
49813 : 64;
49814 : 64;
49815 : 85;
49816 : 40;
49817 : 64;
49818 : 64;
49819 : 64;
49820 : 64;
49821 : 64;
49822 : 40;
49823 : 64;
49824 : 64;
49825 : 64;
49826 : 64;
49827 : 40;
49828 : 64;
49829 : 40;
49830 : 40;
49831 : 64;
49832 : 40;
49833 : 40;
49834 : 40;
49835 : 40;
49836 : 40;
49837 : 40;
49838 : 64;
49839 : 64;
49840 : 24;
49841 : 24;
49842 : 49;
49843 : 49;
49844 : 49;
49845 : 49;
49846 : 49;
49847 : 49;
49848 : 49;
49849 : 00;
49850 : 6D;
49851 : 49;
49852 : 49;
49853 : 49;
49854 : 49;
49855 : 49;
49856 : 49;
49857 : 49;
49858 : 49;
49859 : 49;
49860 : 49;
49861 : 49;
49862 : 49;
49863 : 49;
49864 : 49;
49865 : 49;
49866 : 49;
49867 : 49;
49868 : 49;
49869 : 49;
49870 : 49;
49871 : 49;
49872 : 49;
49873 : 49;
49874 : 49;
49875 : 49;
49876 : 49;
49877 : 49;
49878 : 49;
49879 : 49;
49880 : 49;
49881 : 49;
49882 : 49;
49883 : 49;
49884 : 49;
49885 : 49;
49886 : 49;
49887 : 49;
49888 : 49;
49889 : 49;
49890 : 49;
49891 : 49;
49892 : 49;
49893 : 49;
49894 : 49;
49895 : 49;
49896 : 49;
49897 : 49;
49898 : 49;
49899 : 49;
49900 : 49;
49901 : 49;
49902 : 49;
49903 : 24;
49904 : 24;
49905 : 24;
49906 : 24;
49907 : 24;
49908 : 24;
49909 : 00;
49910 : 49;
49911 : 24;
49912 : 45;
49913 : 49;
49914 : 49;
49915 : 44;
49916 : 6D;
49917 : 24;
49918 : 24;
49919 : 24;
49920 : 40;
49921 : 20;
49922 : 40;
49923 : 40;
49924 : 40;
49925 : 40;
49926 : 40;
49927 : 40;
49928 : 40;
49929 : 40;
49930 : 40;
49931 : 40;
49932 : 40;
49933 : 40;
49934 : 20;
49935 : 40;
49936 : 20;
49937 : 40;
49938 : 40;
49939 : 40;
49940 : 20;
49941 : 40;
49942 : 40;
49943 : 40;
49944 : 40;
49945 : 40;
49946 : 40;
49947 : 40;
49948 : 40;
49949 : 40;
49950 : 20;
49951 : 20;
49952 : 20;
49953 : 20;
49954 : 44;
49955 : 40;
49956 : 40;
49957 : 40;
49958 : 40;
49959 : 40;
49960 : 40;
49961 : 40;
49962 : 40;
49963 : 40;
49964 : 40;
49965 : 40;
49966 : 40;
49967 : 44;
49968 : 40;
49969 : 40;
49970 : 44;
49971 : 44;
49972 : 44;
49973 : 44;
49974 : 44;
49975 : 44;
49976 : 44;
49977 : 44;
49978 : 44;
49979 : 44;
49980 : 44;
49981 : 44;
49982 : 44;
49983 : 44;
49984 : 64;
49985 : 64;
49986 : 64;
49987 : 64;
49988 : 64;
49989 : 64;
49990 : 64;
49991 : 64;
49992 : 64;
49993 : 64;
49994 : 40;
49995 : 40;
49996 : 40;
49997 : 64;
49998 : 64;
49999 : 64;
50000 : 64;
50001 : 40;
50002 : 64;
50003 : 40;
50004 : 64;
50005 : 64;
50006 : 64;
50007 : 64;
50008 : 64;
50009 : 64;
50010 : 40;
50011 : 64;
50012 : 64;
50013 : 64;
50014 : 64;
50015 : 64;
50016 : 64;
50017 : 64;
50018 : 64;
50019 : 64;
50020 : 40;
50021 : 64;
50022 : 40;
50023 : 64;
50024 : 84;
50025 : 85;
50026 : 85;
50027 : 85;
50028 : 85;
50029 : 85;
50030 : 85;
50031 : 85;
50032 : 64;
50033 : 64;
50034 : 64;
50035 : 64;
50036 : 64;
50037 : 64;
50038 : 64;
50039 : 64;
50040 : 64;
50041 : 44;
50042 : 40;
50043 : 40;
50044 : 64;
50045 : 44;
50046 : 44;
50047 : 44;
50048 : 64;
50049 : 44;
50050 : 40;
50051 : 64;
50052 : 64;
50053 : 64;
50054 : 85;
50055 : 85;
50056 : 89;
50057 : 89;
50058 : 89;
50059 : 89;
50060 : A9;
50061 : A9;
50062 : 89;
50063 : 89;
50064 : 89;
50065 : 85;
50066 : 64;
50067 : 64;
50068 : 64;
50069 : 64;
50070 : 64;
50071 : 65;
50072 : 40;
50073 : 85;
50074 : 40;
50075 : 85;
50076 : 64;
50077 : 84;
50078 : 64;
50079 : 40;
50080 : 64;
50081 : 64;
50082 : 64;
50083 : 64;
50084 : 64;
50085 : 64;
50086 : 85;
50087 : A9;
50088 : 89;
50089 : 89;
50090 : 85;
50091 : 89;
50092 : 85;
50093 : 84;
50094 : 64;
50095 : 64;
50096 : 64;
50097 : 40;
50098 : 40;
50099 : 64;
50100 : 40;
50101 : 40;
50102 : 64;
50103 : 40;
50104 : 64;
50105 : 64;
50106 : 64;
50107 : 64;
50108 : 64;
50109 : 64;
50110 : 40;
50111 : 40;
50112 : 85;
50113 : 64;
50114 : 20;
50115 : 40;
50116 : 84;
50117 : 64;
50118 : 20;
50119 : 64;
50120 : 40;
50121 : 40;
50122 : 40;
50123 : 40;
50124 : 20;
50125 : 84;
50126 : 85;
50127 : 20;
50128 : 40;
50129 : 64;
50130 : 64;
50131 : 64;
50132 : 64;
50133 : 64;
50134 : 64;
50135 : 64;
50136 : 44;
50137 : 64;
50138 : 64;
50139 : 85;
50140 : 64;
50141 : 64;
50142 : 64;
50143 : 20;
50144 : 64;
50145 : 64;
50146 : 64;
50147 : 40;
50148 : 64;
50149 : 40;
50150 : 64;
50151 : 44;
50152 : 40;
50153 : 40;
50154 : 40;
50155 : 40;
50156 : 40;
50157 : 40;
50158 : 64;
50159 : 44;
50160 : 24;
50161 : 24;
50162 : 49;
50163 : 44;
50164 : 49;
50165 : 49;
50166 : 49;
50167 : 49;
50168 : 49;
50169 : 00;
50170 : 6D;
50171 : 49;
50172 : 49;
50173 : 49;
50174 : 49;
50175 : 49;
50176 : 49;
50177 : 49;
50178 : 49;
50179 : 49;
50180 : 49;
50181 : 49;
50182 : 49;
50183 : 49;
50184 : 49;
50185 : 49;
50186 : 49;
50187 : 49;
50188 : 49;
50189 : 49;
50190 : 49;
50191 : 49;
50192 : 49;
50193 : 49;
50194 : 49;
50195 : 49;
50196 : 49;
50197 : 49;
50198 : 49;
50199 : 49;
50200 : 49;
50201 : 49;
50202 : 49;
50203 : 49;
50204 : 49;
50205 : 49;
50206 : 49;
50207 : 49;
50208 : 49;
50209 : 49;
50210 : 49;
50211 : 49;
50212 : 49;
50213 : 49;
50214 : 49;
50215 : 49;
50216 : 49;
50217 : 49;
50218 : 49;
50219 : 49;
50220 : 49;
50221 : 49;
50222 : 49;
50223 : 45;
50224 : 24;
50225 : 24;
50226 : 24;
50227 : 24;
50228 : 24;
50229 : 00;
50230 : 6D;
50231 : 44;
50232 : 45;
50233 : 48;
50234 : 49;
50235 : 45;
50236 : 6D;
50237 : 24;
50238 : 24;
50239 : 24;
50240 : 40;
50241 : 40;
50242 : 40;
50243 : 40;
50244 : 40;
50245 : 40;
50246 : 40;
50247 : 40;
50248 : 40;
50249 : 40;
50250 : 40;
50251 : 40;
50252 : 40;
50253 : 40;
50254 : 40;
50255 : 20;
50256 : 40;
50257 : 40;
50258 : 40;
50259 : 20;
50260 : 40;
50261 : 40;
50262 : 20;
50263 : 40;
50264 : 40;
50265 : 40;
50266 : 40;
50267 : 40;
50268 : 40;
50269 : 40;
50270 : 40;
50271 : 40;
50272 : 40;
50273 : 40;
50274 : 40;
50275 : 40;
50276 : 40;
50277 : 40;
50278 : 40;
50279 : 40;
50280 : 40;
50281 : 40;
50282 : 40;
50283 : 40;
50284 : 40;
50285 : 40;
50286 : 40;
50287 : 40;
50288 : 40;
50289 : 40;
50290 : 40;
50291 : 40;
50292 : 44;
50293 : 44;
50294 : 44;
50295 : 44;
50296 : 44;
50297 : 44;
50298 : 44;
50299 : 44;
50300 : 40;
50301 : 44;
50302 : 64;
50303 : 64;
50304 : 64;
50305 : 64;
50306 : 64;
50307 : 64;
50308 : 64;
50309 : 64;
50310 : 64;
50311 : 64;
50312 : 64;
50313 : 40;
50314 : 44;
50315 : 40;
50316 : 64;
50317 : 64;
50318 : 64;
50319 : 64;
50320 : 44;
50321 : 40;
50322 : 44;
50323 : 64;
50324 : 64;
50325 : 64;
50326 : 64;
50327 : 64;
50328 : 64;
50329 : 64;
50330 : 64;
50331 : 64;
50332 : 64;
50333 : 64;
50334 : 64;
50335 : 64;
50336 : 64;
50337 : 64;
50338 : 85;
50339 : 40;
50340 : 64;
50341 : 40;
50342 : 64;
50343 : 64;
50344 : 85;
50345 : 85;
50346 : 85;
50347 : 85;
50348 : 85;
50349 : 85;
50350 : 85;
50351 : 64;
50352 : 64;
50353 : 64;
50354 : 64;
50355 : 64;
50356 : 64;
50357 : 64;
50358 : 64;
50359 : 44;
50360 : 40;
50361 : 40;
50362 : 40;
50363 : 44;
50364 : 44;
50365 : 64;
50366 : 64;
50367 : 64;
50368 : 64;
50369 : 44;
50370 : 40;
50371 : 64;
50372 : 64;
50373 : 64;
50374 : 85;
50375 : 89;
50376 : 89;
50377 : 89;
50378 : 89;
50379 : 89;
50380 : A9;
50381 : A9;
50382 : 89;
50383 : 89;
50384 : 89;
50385 : 85;
50386 : 64;
50387 : 64;
50388 : 64;
50389 : 64;
50390 : 64;
50391 : 64;
50392 : 64;
50393 : 40;
50394 : 85;
50395 : 40;
50396 : 64;
50397 : 84;
50398 : 64;
50399 : 40;
50400 : 64;
50401 : 64;
50402 : 64;
50403 : 64;
50404 : 64;
50405 : 64;
50406 : 85;
50407 : 85;
50408 : 85;
50409 : 85;
50410 : 89;
50411 : 85;
50412 : 85;
50413 : 64;
50414 : 64;
50415 : 64;
50416 : 64;
50417 : 40;
50418 : 84;
50419 : 40;
50420 : 40;
50421 : 64;
50422 : 40;
50423 : 64;
50424 : 44;
50425 : 44;
50426 : 64;
50427 : 64;
50428 : 64;
50429 : 44;
50430 : 44;
50431 : 40;
50432 : 64;
50433 : 85;
50434 : 64;
50435 : 84;
50436 : 64;
50437 : 40;
50438 : 64;
50439 : 40;
50440 : 40;
50441 : 40;
50442 : 40;
50443 : 40;
50444 : 40;
50445 : 85;
50446 : 85;
50447 : 20;
50448 : 40;
50449 : 64;
50450 : 64;
50451 : 64;
50452 : 64;
50453 : 64;
50454 : 64;
50455 : 40;
50456 : 64;
50457 : 64;
50458 : 64;
50459 : 85;
50460 : 64;
50461 : 64;
50462 : 64;
50463 : 20;
50464 : 64;
50465 : 64;
50466 : 40;
50467 : 44;
50468 : 40;
50469 : 40;
50470 : 40;
50471 : 40;
50472 : 40;
50473 : 40;
50474 : 40;
50475 : 40;
50476 : 40;
50477 : 64;
50478 : 64;
50479 : 44;
50480 : 24;
50481 : 24;
50482 : 49;
50483 : 48;
50484 : 49;
50485 : 49;
50486 : 49;
50487 : 49;
50488 : 49;
50489 : 00;
50490 : 6D;
50491 : 49;
50492 : 49;
50493 : 49;
50494 : 49;
50495 : 49;
50496 : 49;
50497 : 49;
50498 : 49;
50499 : 49;
50500 : 49;
50501 : 49;
50502 : 49;
50503 : 49;
50504 : 49;
50505 : 49;
50506 : 49;
50507 : 49;
50508 : 49;
50509 : 49;
50510 : 49;
50511 : 49;
50512 : 49;
50513 : 49;
50514 : 49;
50515 : 49;
50516 : 49;
50517 : 49;
50518 : 49;
50519 : 49;
50520 : 49;
50521 : 49;
50522 : 49;
50523 : 49;
50524 : 49;
50525 : 49;
50526 : 49;
50527 : 49;
50528 : 49;
50529 : 49;
50530 : 49;
50531 : 49;
50532 : 49;
50533 : 49;
50534 : 49;
50535 : 49;
50536 : 49;
50537 : 49;
50538 : 49;
50539 : 49;
50540 : 49;
50541 : 49;
50542 : 49;
50543 : 49;
50544 : 44;
50545 : 24;
50546 : 24;
50547 : 24;
50548 : 24;
50549 : 00;
50550 : 6D;
50551 : 44;
50552 : 49;
50553 : 49;
50554 : 49;
50555 : 44;
50556 : 6D;
50557 : 24;
50558 : 24;
50559 : 24;
50560 : 60;
50561 : 60;
50562 : 40;
50563 : 40;
50564 : 40;
50565 : 40;
50566 : 20;
50567 : 20;
50568 : 40;
50569 : 40;
50570 : 40;
50571 : 40;
50572 : 40;
50573 : 40;
50574 : 40;
50575 : 20;
50576 : 40;
50577 : 40;
50578 : 20;
50579 : 40;
50580 : 40;
50581 : 40;
50582 : 40;
50583 : 40;
50584 : 40;
50585 : 40;
50586 : 40;
50587 : 40;
50588 : 40;
50589 : 40;
50590 : 40;
50591 : 40;
50592 : 40;
50593 : 40;
50594 : 40;
50595 : 40;
50596 : 40;
50597 : 40;
50598 : 40;
50599 : 40;
50600 : 40;
50601 : 40;
50602 : 40;
50603 : 40;
50604 : 40;
50605 : 44;
50606 : 44;
50607 : 44;
50608 : 44;
50609 : 44;
50610 : 40;
50611 : 44;
50612 : 44;
50613 : 44;
50614 : 40;
50615 : 44;
50616 : 44;
50617 : 44;
50618 : 44;
50619 : 40;
50620 : 64;
50621 : 64;
50622 : 64;
50623 : 64;
50624 : 44;
50625 : 64;
50626 : 44;
50627 : 64;
50628 : 64;
50629 : 64;
50630 : 64;
50631 : 64;
50632 : 40;
50633 : 40;
50634 : 40;
50635 : 64;
50636 : 64;
50637 : 64;
50638 : 64;
50639 : 40;
50640 : 40;
50641 : 64;
50642 : 64;
50643 : 64;
50644 : 64;
50645 : 64;
50646 : 64;
50647 : 64;
50648 : 64;
50649 : 64;
50650 : 64;
50651 : 64;
50652 : 64;
50653 : 64;
50654 : 64;
50655 : 64;
50656 : 64;
50657 : 64;
50658 : 40;
50659 : 64;
50660 : 64;
50661 : 64;
50662 : 64;
50663 : 85;
50664 : 85;
50665 : 85;
50666 : 89;
50667 : 64;
50668 : 64;
50669 : 64;
50670 : 64;
50671 : 64;
50672 : 64;
50673 : 64;
50674 : 64;
50675 : 64;
50676 : 64;
50677 : 64;
50678 : 44;
50679 : 40;
50680 : 44;
50681 : 44;
50682 : 44;
50683 : 44;
50684 : 44;
50685 : 64;
50686 : 64;
50687 : 64;
50688 : 64;
50689 : 64;
50690 : 40;
50691 : 64;
50692 : 64;
50693 : 65;
50694 : 85;
50695 : 89;
50696 : 89;
50697 : 89;
50698 : 89;
50699 : 89;
50700 : A9;
50701 : A9;
50702 : 89;
50703 : 89;
50704 : 85;
50705 : 85;
50706 : 64;
50707 : 64;
50708 : 64;
50709 : 64;
50710 : 64;
50711 : 64;
50712 : 64;
50713 : 64;
50714 : 64;
50715 : 84;
50716 : 64;
50717 : 85;
50718 : 64;
50719 : 40;
50720 : 64;
50721 : 64;
50722 : 64;
50723 : 64;
50724 : 64;
50725 : 64;
50726 : 85;
50727 : 85;
50728 : 85;
50729 : 85;
50730 : 85;
50731 : 89;
50732 : 64;
50733 : 64;
50734 : 64;
50735 : 64;
50736 : 64;
50737 : 64;
50738 : 40;
50739 : 40;
50740 : 64;
50741 : 40;
50742 : 44;
50743 : 44;
50744 : 64;
50745 : 40;
50746 : 40;
50747 : 40;
50748 : 40;
50749 : 40;
50750 : 44;
50751 : 44;
50752 : 40;
50753 : 85;
50754 : 84;
50755 : 84;
50756 : 64;
50757 : 40;
50758 : 40;
50759 : 40;
50760 : 40;
50761 : 40;
50762 : 40;
50763 : 40;
50764 : 44;
50765 : A9;
50766 : 84;
50767 : 20;
50768 : 64;
50769 : 64;
50770 : 64;
50771 : 64;
50772 : 64;
50773 : 64;
50774 : 64;
50775 : 40;
50776 : 64;
50777 : 64;
50778 : 64;
50779 : 89;
50780 : 64;
50781 : 64;
50782 : 64;
50783 : 20;
50784 : 64;
50785 : 64;
50786 : 44;
50787 : 64;
50788 : 40;
50789 : 40;
50790 : 40;
50791 : 40;
50792 : 40;
50793 : 40;
50794 : 40;
50795 : 40;
50796 : 40;
50797 : 64;
50798 : 64;
50799 : 64;
50800 : 24;
50801 : 24;
50802 : 49;
50803 : 49;
50804 : 49;
50805 : 49;
50806 : 49;
50807 : 49;
50808 : 49;
50809 : 00;
50810 : 6D;
50811 : 49;
50812 : 49;
50813 : 49;
50814 : 49;
50815 : 49;
50816 : 49;
50817 : 49;
50818 : 49;
50819 : 49;
50820 : 49;
50821 : 49;
50822 : 49;
50823 : 49;
50824 : 49;
50825 : 49;
50826 : 49;
50827 : 49;
50828 : 49;
50829 : 49;
50830 : 49;
50831 : 49;
50832 : 49;
50833 : 49;
50834 : 49;
50835 : 49;
50836 : 49;
50837 : 49;
50838 : 49;
50839 : 49;
50840 : 49;
50841 : 49;
50842 : 49;
50843 : 49;
50844 : 49;
50845 : 49;
50846 : 49;
50847 : 49;
50848 : 49;
50849 : 49;
50850 : 49;
50851 : 49;
50852 : 49;
50853 : 49;
50854 : 49;
50855 : 49;
50856 : 49;
50857 : 49;
50858 : 49;
50859 : 49;
50860 : 49;
50861 : 49;
50862 : 49;
50863 : 24;
50864 : 24;
50865 : 24;
50866 : 24;
50867 : 24;
50868 : 24;
50869 : 00;
50870 : 6D;
50871 : 44;
50872 : 49;
50873 : 49;
50874 : 49;
50875 : 49;
50876 : 6D;
50877 : 24;
50878 : 24;
50879 : 24;
50880 : 40;
50881 : 40;
50882 : 60;
50883 : 60;
50884 : 40;
50885 : 40;
50886 : 40;
50887 : 40;
50888 : 20;
50889 : 40;
50890 : 40;
50891 : 40;
50892 : 40;
50893 : 40;
50894 : 40;
50895 : 40;
50896 : 40;
50897 : 40;
50898 : 40;
50899 : 40;
50900 : 20;
50901 : 40;
50902 : 40;
50903 : 40;
50904 : 40;
50905 : 40;
50906 : 40;
50907 : 40;
50908 : 40;
50909 : 40;
50910 : 40;
50911 : 40;
50912 : 40;
50913 : 40;
50914 : 40;
50915 : 40;
50916 : 40;
50917 : 40;
50918 : 40;
50919 : 40;
50920 : 40;
50921 : 40;
50922 : 40;
50923 : 64;
50924 : 44;
50925 : 44;
50926 : 44;
50927 : 44;
50928 : 44;
50929 : 64;
50930 : 40;
50931 : 40;
50932 : 44;
50933 : 44;
50934 : 64;
50935 : 64;
50936 : 44;
50937 : 44;
50938 : 40;
50939 : 64;
50940 : 64;
50941 : 64;
50942 : 64;
50943 : 64;
50944 : 64;
50945 : 40;
50946 : 64;
50947 : 64;
50948 : 64;
50949 : 64;
50950 : 64;
50951 : 20;
50952 : 40;
50953 : 64;
50954 : 20;
50955 : 64;
50956 : 64;
50957 : 64;
50958 : 40;
50959 : 64;
50960 : 40;
50961 : 64;
50962 : 64;
50963 : 64;
50964 : 64;
50965 : 64;
50966 : 64;
50967 : 64;
50968 : 64;
50969 : 64;
50970 : 64;
50971 : 64;
50972 : 64;
50973 : 64;
50974 : 64;
50975 : 64;
50976 : 64;
50977 : 85;
50978 : 40;
50979 : 64;
50980 : 64;
50981 : 64;
50982 : 89;
50983 : 85;
50984 : 85;
50985 : 84;
50986 : 64;
50987 : 64;
50988 : 64;
50989 : 64;
50990 : 64;
50991 : 64;
50992 : 64;
50993 : 64;
50994 : 64;
50995 : 64;
50996 : 64;
50997 : 40;
50998 : 40;
50999 : 44;
51000 : 40;
51001 : 40;
51002 : 44;
51003 : 40;
51004 : 64;
51005 : 64;
51006 : 64;
51007 : 64;
51008 : 64;
51009 : 44;
51010 : 64;
51011 : 64;
51012 : 64;
51013 : 85;
51014 : 85;
51015 : 89;
51016 : 89;
51017 : 89;
51018 : 89;
51019 : 89;
51020 : A9;
51021 : A9;
51022 : 85;
51023 : 89;
51024 : 85;
51025 : 84;
51026 : 64;
51027 : 64;
51028 : 64;
51029 : 64;
51030 : 64;
51031 : 64;
51032 : 64;
51033 : 84;
51034 : 40;
51035 : 64;
51036 : 85;
51037 : 85;
51038 : 84;
51039 : 40;
51040 : 64;
51041 : 64;
51042 : 64;
51043 : 64;
51044 : 64;
51045 : 64;
51046 : 85;
51047 : 85;
51048 : 85;
51049 : 85;
51050 : 85;
51051 : 85;
51052 : 64;
51053 : 64;
51054 : 64;
51055 : 40;
51056 : 64;
51057 : 40;
51058 : 40;
51059 : 85;
51060 : 40;
51061 : 40;
51062 : 64;
51063 : 64;
51064 : 40;
51065 : 64;
51066 : 64;
51067 : 64;
51068 : 64;
51069 : 64;
51070 : 40;
51071 : 40;
51072 : 40;
51073 : 40;
51074 : 64;
51075 : A5;
51076 : 64;
51077 : 40;
51078 : 40;
51079 : 40;
51080 : 40;
51081 : 40;
51082 : 40;
51083 : 44;
51084 : 44;
51085 : A9;
51086 : 40;
51087 : 40;
51088 : 64;
51089 : 64;
51090 : 64;
51091 : 64;
51092 : 64;
51093 : 64;
51094 : 64;
51095 : 40;
51096 : 64;
51097 : 64;
51098 : 64;
51099 : 64;
51100 : 64;
51101 : 64;
51102 : 64;
51103 : 20;
51104 : 64;
51105 : 64;
51106 : 40;
51107 : 44;
51108 : 40;
51109 : 40;
51110 : 40;
51111 : 40;
51112 : 40;
51113 : 40;
51114 : 40;
51115 : 40;
51116 : 64;
51117 : 64;
51118 : 60;
51119 : 44;
51120 : 24;
51121 : 24;
51122 : 49;
51123 : 44;
51124 : 49;
51125 : 49;
51126 : 49;
51127 : 49;
51128 : 49;
51129 : 00;
51130 : 6D;
51131 : 49;
51132 : 49;
51133 : 49;
51134 : 49;
51135 : 49;
51136 : 49;
51137 : 49;
51138 : 49;
51139 : 49;
51140 : 49;
51141 : 49;
51142 : 49;
51143 : 49;
51144 : 49;
51145 : 49;
51146 : 49;
51147 : 49;
51148 : 49;
51149 : 49;
51150 : 49;
51151 : 49;
51152 : 49;
51153 : 49;
51154 : 49;
51155 : 49;
51156 : 49;
51157 : 49;
51158 : 49;
51159 : 49;
51160 : 49;
51161 : 49;
51162 : 49;
51163 : 49;
51164 : 49;
51165 : 49;
51166 : 49;
51167 : 49;
51168 : 49;
51169 : 49;
51170 : 49;
51171 : 49;
51172 : 49;
51173 : 49;
51174 : 49;
51175 : 49;
51176 : 49;
51177 : 49;
51178 : 49;
51179 : 49;
51180 : 49;
51181 : 49;
51182 : 49;
51183 : 49;
51184 : 24;
51185 : 24;
51186 : 24;
51187 : 24;
51188 : 24;
51189 : 00;
51190 : 6D;
51191 : 45;
51192 : 49;
51193 : 49;
51194 : 49;
51195 : 49;
51196 : 6D;
51197 : 24;
51198 : 24;
51199 : 24;
51200 : 64;
51201 : 60;
51202 : 40;
51203 : 60;
51204 : 60;
51205 : 40;
51206 : 40;
51207 : 40;
51208 : 40;
51209 : 20;
51210 : 40;
51211 : 40;
51212 : 40;
51213 : 40;
51214 : 40;
51215 : 40;
51216 : 20;
51217 : 40;
51218 : 40;
51219 : 40;
51220 : 40;
51221 : 40;
51222 : 40;
51223 : 40;
51224 : 40;
51225 : 40;
51226 : 40;
51227 : 40;
51228 : 40;
51229 : 40;
51230 : 40;
51231 : 40;
51232 : 40;
51233 : 40;
51234 : 40;
51235 : 40;
51236 : 40;
51237 : 40;
51238 : 40;
51239 : 40;
51240 : 40;
51241 : 44;
51242 : 64;
51243 : 44;
51244 : 44;
51245 : 44;
51246 : 44;
51247 : 44;
51248 : 44;
51249 : 44;
51250 : 64;
51251 : 44;
51252 : 44;
51253 : 40;
51254 : 64;
51255 : 64;
51256 : 44;
51257 : 44;
51258 : 44;
51259 : 64;
51260 : 64;
51261 : 64;
51262 : 44;
51263 : 64;
51264 : 40;
51265 : 64;
51266 : 64;
51267 : 64;
51268 : 64;
51269 : 40;
51270 : 40;
51271 : 64;
51272 : 40;
51273 : 40;
51274 : 64;
51275 : 64;
51276 : 64;
51277 : 40;
51278 : 64;
51279 : 40;
51280 : 64;
51281 : 64;
51282 : 64;
51283 : 64;
51284 : 64;
51285 : 64;
51286 : 64;
51287 : 64;
51288 : 64;
51289 : 64;
51290 : 64;
51291 : 64;
51292 : 64;
51293 : 64;
51294 : 64;
51295 : 64;
51296 : 64;
51297 : 40;
51298 : 64;
51299 : 64;
51300 : 44;
51301 : 64;
51302 : 64;
51303 : 85;
51304 : 84;
51305 : 64;
51306 : 64;
51307 : 64;
51308 : 64;
51309 : 64;
51310 : 64;
51311 : 64;
51312 : 64;
51313 : 64;
51314 : 64;
51315 : 40;
51316 : 40;
51317 : 40;
51318 : 40;
51319 : 40;
51320 : 40;
51321 : 40;
51322 : 40;
51323 : 64;
51324 : 64;
51325 : 64;
51326 : 64;
51327 : 64;
51328 : 64;
51329 : 44;
51330 : 64;
51331 : 64;
51332 : 64;
51333 : 85;
51334 : 85;
51335 : 89;
51336 : 89;
51337 : 89;
51338 : 89;
51339 : 89;
51340 : A9;
51341 : 89;
51342 : 89;
51343 : 89;
51344 : 85;
51345 : 64;
51346 : 64;
51347 : 64;
51348 : 64;
51349 : 64;
51350 : 64;
51351 : 64;
51352 : 64;
51353 : 64;
51354 : 89;
51355 : 40;
51356 : 64;
51357 : 85;
51358 : 64;
51359 : 40;
51360 : 64;
51361 : 64;
51362 : 64;
51363 : 64;
51364 : 64;
51365 : 85;
51366 : 85;
51367 : 85;
51368 : 85;
51369 : 85;
51370 : 89;
51371 : 64;
51372 : 64;
51373 : 64;
51374 : 40;
51375 : 84;
51376 : 64;
51377 : 64;
51378 : 40;
51379 : 40;
51380 : 64;
51381 : 64;
51382 : 64;
51383 : 64;
51384 : 64;
51385 : 44;
51386 : 40;
51387 : 40;
51388 : 40;
51389 : 40;
51390 : 84;
51391 : 64;
51392 : 40;
51393 : 40;
51394 : 40;
51395 : 85;
51396 : 85;
51397 : 40;
51398 : 44;
51399 : 40;
51400 : 40;
51401 : 40;
51402 : 40;
51403 : 20;
51404 : 64;
51405 : 84;
51406 : 20;
51407 : 40;
51408 : 64;
51409 : 64;
51410 : 64;
51411 : 64;
51412 : 64;
51413 : 64;
51414 : 65;
51415 : 40;
51416 : 64;
51417 : 64;
51418 : 64;
51419 : 64;
51420 : 64;
51421 : 64;
51422 : 64;
51423 : 20;
51424 : 64;
51425 : 64;
51426 : 64;
51427 : 40;
51428 : 40;
51429 : 40;
51430 : 40;
51431 : 40;
51432 : 40;
51433 : 40;
51434 : 40;
51435 : 40;
51436 : 64;
51437 : 64;
51438 : 60;
51439 : 44;
51440 : 24;
51441 : 24;
51442 : 49;
51443 : 44;
51444 : 49;
51445 : 49;
51446 : 49;
51447 : 49;
51448 : 49;
51449 : 00;
51450 : 6D;
51451 : 49;
51452 : 49;
51453 : 49;
51454 : 49;
51455 : 49;
51456 : 49;
51457 : 49;
51458 : 49;
51459 : 49;
51460 : 49;
51461 : 49;
51462 : 49;
51463 : 49;
51464 : 49;
51465 : 49;
51466 : 49;
51467 : 49;
51468 : 49;
51469 : 49;
51470 : 49;
51471 : 49;
51472 : 49;
51473 : 49;
51474 : 49;
51475 : 49;
51476 : 49;
51477 : 49;
51478 : 49;
51479 : 49;
51480 : 49;
51481 : 49;
51482 : 49;
51483 : 49;
51484 : 49;
51485 : 49;
51486 : 49;
51487 : 49;
51488 : 49;
51489 : 49;
51490 : 49;
51491 : 49;
51492 : 49;
51493 : 49;
51494 : 49;
51495 : 49;
51496 : 49;
51497 : 49;
51498 : 49;
51499 : 49;
51500 : 49;
51501 : 49;
51502 : 49;
51503 : 49;
51504 : 45;
51505 : 24;
51506 : 44;
51507 : 49;
51508 : 49;
51509 : 00;
51510 : 6D;
51511 : 49;
51512 : 49;
51513 : 49;
51514 : 49;
51515 : 49;
51516 : 6D;
51517 : 24;
51518 : 24;
51519 : 24;
51520 : 64;
51521 : 64;
51522 : 60;
51523 : 40;
51524 : 60;
51525 : 60;
51526 : 40;
51527 : 40;
51528 : 40;
51529 : 40;
51530 : 20;
51531 : 40;
51532 : 40;
51533 : 40;
51534 : 40;
51535 : 40;
51536 : 40;
51537 : 40;
51538 : 64;
51539 : 40;
51540 : 40;
51541 : 40;
51542 : 40;
51543 : 40;
51544 : 40;
51545 : 40;
51546 : 40;
51547 : 40;
51548 : 40;
51549 : 40;
51550 : 40;
51551 : 40;
51552 : 40;
51553 : 40;
51554 : 40;
51555 : 40;
51556 : 40;
51557 : 40;
51558 : 40;
51559 : 40;
51560 : 40;
51561 : 44;
51562 : 44;
51563 : 44;
51564 : 44;
51565 : 44;
51566 : 44;
51567 : 44;
51568 : 44;
51569 : 44;
51570 : 44;
51571 : 40;
51572 : 40;
51573 : 44;
51574 : 64;
51575 : 64;
51576 : 44;
51577 : 44;
51578 : 64;
51579 : 64;
51580 : 64;
51581 : 64;
51582 : 64;
51583 : 40;
51584 : 40;
51585 : 64;
51586 : 40;
51587 : 40;
51588 : 40;
51589 : 40;
51590 : 44;
51591 : 40;
51592 : 40;
51593 : 40;
51594 : 64;
51595 : 64;
51596 : 64;
51597 : 64;
51598 : 40;
51599 : 64;
51600 : 64;
51601 : 64;
51602 : 64;
51603 : 44;
51604 : 64;
51605 : 64;
51606 : 64;
51607 : 64;
51608 : 64;
51609 : 64;
51610 : 64;
51611 : 64;
51612 : 64;
51613 : 64;
51614 : 64;
51615 : 64;
51616 : 64;
51617 : 44;
51618 : 64;
51619 : 64;
51620 : 64;
51621 : 64;
51622 : 64;
51623 : 64;
51624 : 64;
51625 : 64;
51626 : 64;
51627 : 64;
51628 : 64;
51629 : 64;
51630 : 64;
51631 : 64;
51632 : 64;
51633 : 64;
51634 : 40;
51635 : 40;
51636 : 40;
51637 : 40;
51638 : 40;
51639 : 40;
51640 : 44;
51641 : 64;
51642 : 64;
51643 : 64;
51644 : 64;
51645 : 64;
51646 : 64;
51647 : 64;
51648 : 64;
51649 : 64;
51650 : 64;
51651 : 64;
51652 : 64;
51653 : 85;
51654 : 85;
51655 : 89;
51656 : 89;
51657 : 89;
51658 : 89;
51659 : 89;
51660 : A9;
51661 : 89;
51662 : 89;
51663 : 89;
51664 : 84;
51665 : 64;
51666 : 64;
51667 : 44;
51668 : 64;
51669 : 64;
51670 : 64;
51671 : 64;
51672 : 64;
51673 : 64;
51674 : 64;
51675 : 64;
51676 : 64;
51677 : 85;
51678 : 64;
51679 : 40;
51680 : 64;
51681 : 64;
51682 : 64;
51683 : 64;
51684 : 64;
51685 : 85;
51686 : 85;
51687 : 85;
51688 : 85;
51689 : 89;
51690 : 85;
51691 : 64;
51692 : 64;
51693 : 44;
51694 : 64;
51695 : 40;
51696 : 40;
51697 : 64;
51698 : 64;
51699 : 64;
51700 : 64;
51701 : 64;
51702 : 64;
51703 : 64;
51704 : 64;
51705 : 64;
51706 : 64;
51707 : 64;
51708 : 64;
51709 : 64;
51710 : 64;
51711 : 40;
51712 : 40;
51713 : 60;
51714 : 40;
51715 : 64;
51716 : 84;
51717 : 64;
51718 : 40;
51719 : 44;
51720 : 40;
51721 : 40;
51722 : 44;
51723 : 40;
51724 : 64;
51725 : 84;
51726 : 20;
51727 : 40;
51728 : 64;
51729 : 64;
51730 : 64;
51731 : 64;
51732 : 64;
51733 : 64;
51734 : 64;
51735 : 64;
51736 : 64;
51737 : 64;
51738 : 64;
51739 : 64;
51740 : 64;
51741 : 64;
51742 : 44;
51743 : 40;
51744 : 64;
51745 : 64;
51746 : 40;
51747 : 40;
51748 : 40;
51749 : 40;
51750 : 40;
51751 : 40;
51752 : 40;
51753 : 40;
51754 : 40;
51755 : 64;
51756 : 64;
51757 : 64;
51758 : 64;
51759 : 44;
51760 : 24;
51761 : 24;
51762 : 49;
51763 : 24;
51764 : 49;
51765 : 49;
51766 : 49;
51767 : 49;
51768 : 49;
51769 : 00;
51770 : 6D;
51771 : 49;
51772 : 49;
51773 : 49;
51774 : 49;
51775 : 49;
51776 : 49;
51777 : 49;
51778 : 49;
51779 : 49;
51780 : 49;
51781 : 49;
51782 : 49;
51783 : 49;
51784 : 49;
51785 : 49;
51786 : 49;
51787 : 49;
51788 : 49;
51789 : 49;
51790 : 49;
51791 : 49;
51792 : 49;
51793 : 49;
51794 : 49;
51795 : 49;
51796 : 49;
51797 : 49;
51798 : 49;
51799 : 49;
51800 : 49;
51801 : 49;
51802 : 49;
51803 : 49;
51804 : 49;
51805 : 49;
51806 : 49;
51807 : 49;
51808 : 49;
51809 : 49;
51810 : 49;
51811 : 49;
51812 : 49;
51813 : 49;
51814 : 49;
51815 : 49;
51816 : 49;
51817 : 49;
51818 : 49;
51819 : 49;
51820 : 49;
51821 : 49;
51822 : 49;
51823 : 44;
51824 : 44;
51825 : 44;
51826 : 24;
51827 : 45;
51828 : 44;
51829 : 00;
51830 : 6D;
51831 : 45;
51832 : 49;
51833 : 49;
51834 : 49;
51835 : 49;
51836 : 6D;
51837 : 24;
51838 : 24;
51839 : 24;
51840 : 64;
51841 : 64;
51842 : 64;
51843 : 60;
51844 : 60;
51845 : 40;
51846 : 60;
51847 : 40;
51848 : 40;
51849 : 40;
51850 : 40;
51851 : 20;
51852 : 40;
51853 : 40;
51854 : 40;
51855 : 40;
51856 : 40;
51857 : 20;
51858 : 64;
51859 : 40;
51860 : 40;
51861 : 40;
51862 : 40;
51863 : 40;
51864 : 40;
51865 : 40;
51866 : 40;
51867 : 40;
51868 : 40;
51869 : 40;
51870 : 40;
51871 : 40;
51872 : 40;
51873 : 40;
51874 : 40;
51875 : 44;
51876 : 44;
51877 : 40;
51878 : 44;
51879 : 44;
51880 : 40;
51881 : 40;
51882 : 44;
51883 : 44;
51884 : 64;
51885 : 44;
51886 : 44;
51887 : 44;
51888 : 44;
51889 : 44;
51890 : 40;
51891 : 40;
51892 : 44;
51893 : 64;
51894 : 64;
51895 : 64;
51896 : 44;
51897 : 64;
51898 : 64;
51899 : 64;
51900 : 64;
51901 : 64;
51902 : 40;
51903 : 40;
51904 : 40;
51905 : 40;
51906 : 40;
51907 : 40;
51908 : 40;
51909 : 44;
51910 : 44;
51911 : 20;
51912 : 40;
51913 : 64;
51914 : 64;
51915 : 64;
51916 : 40;
51917 : 40;
51918 : 64;
51919 : 64;
51920 : 64;
51921 : 64;
51922 : 40;
51923 : 64;
51924 : 40;
51925 : 64;
51926 : 64;
51927 : 64;
51928 : 64;
51929 : 64;
51930 : 64;
51931 : 64;
51932 : 64;
51933 : 64;
51934 : 64;
51935 : 64;
51936 : 40;
51937 : 64;
51938 : 64;
51939 : 40;
51940 : 64;
51941 : 64;
51942 : 64;
51943 : 64;
51944 : 64;
51945 : 64;
51946 : 64;
51947 : 64;
51948 : 64;
51949 : 64;
51950 : 64;
51951 : 44;
51952 : 40;
51953 : 40;
51954 : 40;
51955 : 40;
51956 : 40;
51957 : 40;
51958 : 64;
51959 : 64;
51960 : 64;
51961 : 64;
51962 : 64;
51963 : 64;
51964 : 64;
51965 : 64;
51966 : 64;
51967 : 64;
51968 : 64;
51969 : 64;
51970 : 64;
51971 : 64;
51972 : 84;
51973 : 84;
51974 : 85;
51975 : 89;
51976 : 89;
51977 : 89;
51978 : 89;
51979 : A9;
51980 : A9;
51981 : 89;
51982 : 85;
51983 : 85;
51984 : 64;
51985 : 64;
51986 : 84;
51987 : 44;
51988 : 64;
51989 : 64;
51990 : 64;
51991 : 64;
51992 : 64;
51993 : 64;
51994 : 64;
51995 : 64;
51996 : 40;
51997 : 85;
51998 : 84;
51999 : 40;
52000 : 64;
52001 : 64;
52002 : 64;
52003 : 64;
52004 : 84;
52005 : 85;
52006 : 85;
52007 : 85;
52008 : 85;
52009 : 85;
52010 : 64;
52011 : 64;
52012 : 40;
52013 : 64;
52014 : 40;
52015 : 64;
52016 : 64;
52017 : 64;
52018 : 64;
52019 : 64;
52020 : 64;
52021 : 64;
52022 : 64;
52023 : 64;
52024 : 64;
52025 : 64;
52026 : 40;
52027 : 40;
52028 : 64;
52029 : 64;
52030 : 40;
52031 : 40;
52032 : 40;
52033 : 40;
52034 : 85;
52035 : 40;
52036 : 84;
52037 : A5;
52038 : 20;
52039 : 64;
52040 : 40;
52041 : 40;
52042 : 40;
52043 : 60;
52044 : 64;
52045 : 64;
52046 : 20;
52047 : 40;
52048 : 64;
52049 : 64;
52050 : 64;
52051 : 64;
52052 : 64;
52053 : 64;
52054 : 64;
52055 : 64;
52056 : 64;
52057 : 64;
52058 : 64;
52059 : 64;
52060 : 64;
52061 : 64;
52062 : 40;
52063 : 64;
52064 : 64;
52065 : 40;
52066 : 40;
52067 : 40;
52068 : 40;
52069 : 40;
52070 : 40;
52071 : 40;
52072 : 40;
52073 : 40;
52074 : 60;
52075 : 64;
52076 : 64;
52077 : 64;
52078 : 64;
52079 : 64;
52080 : 24;
52081 : 24;
52082 : 49;
52083 : 48;
52084 : 49;
52085 : 49;
52086 : 49;
52087 : 49;
52088 : 49;
52089 : 00;
52090 : 6D;
52091 : 49;
52092 : 49;
52093 : 49;
52094 : 49;
52095 : 49;
52096 : 49;
52097 : 49;
52098 : 49;
52099 : 49;
52100 : 49;
52101 : 49;
52102 : 49;
52103 : 49;
52104 : 49;
52105 : 49;
52106 : 49;
52107 : 49;
52108 : 49;
52109 : 49;
52110 : 49;
52111 : 49;
52112 : 49;
52113 : 49;
52114 : 49;
52115 : 49;
52116 : 49;
52117 : 49;
52118 : 49;
52119 : 49;
52120 : 49;
52121 : 49;
52122 : 49;
52123 : 49;
52124 : 49;
52125 : 49;
52126 : 49;
52127 : 49;
52128 : 49;
52129 : 49;
52130 : 49;
52131 : 49;
52132 : 49;
52133 : 49;
52134 : 49;
52135 : 49;
52136 : 49;
52137 : 49;
52138 : 49;
52139 : 49;
52140 : 49;
52141 : 49;
52142 : 49;
52143 : 49;
52144 : 44;
52145 : 24;
52146 : 24;
52147 : 44;
52148 : 24;
52149 : 00;
52150 : 49;
52151 : 24;
52152 : 44;
52153 : 49;
52154 : 49;
52155 : 44;
52156 : 6D;
52157 : 24;
52158 : 24;
52159 : 24;
52160 : 64;
52161 : 64;
52162 : 64;
52163 : 64;
52164 : 64;
52165 : 60;
52166 : 40;
52167 : 60;
52168 : 40;
52169 : 40;
52170 : 40;
52171 : 20;
52172 : 40;
52173 : 40;
52174 : 40;
52175 : 40;
52176 : 40;
52177 : 20;
52178 : 20;
52179 : 40;
52180 : 40;
52181 : 40;
52182 : 40;
52183 : 40;
52184 : 40;
52185 : 40;
52186 : 40;
52187 : 40;
52188 : 40;
52189 : 40;
52190 : 40;
52191 : 40;
52192 : 40;
52193 : 40;
52194 : 64;
52195 : 20;
52196 : 20;
52197 : 40;
52198 : 44;
52199 : 20;
52200 : 40;
52201 : 20;
52202 : 64;
52203 : 44;
52204 : 44;
52205 : 44;
52206 : 44;
52207 : 64;
52208 : 40;
52209 : 40;
52210 : 44;
52211 : 40;
52212 : 40;
52213 : 40;
52214 : 64;
52215 : 64;
52216 : 64;
52217 : 64;
52218 : 64;
52219 : 64;
52220 : 64;
52221 : 40;
52222 : 64;
52223 : 40;
52224 : 40;
52225 : 40;
52226 : 20;
52227 : 20;
52228 : 40;
52229 : 64;
52230 : 20;
52231 : 64;
52232 : 40;
52233 : 64;
52234 : 64;
52235 : 40;
52236 : 64;
52237 : 40;
52238 : 84;
52239 : 64;
52240 : 64;
52241 : 40;
52242 : 64;
52243 : 20;
52244 : 64;
52245 : 64;
52246 : 64;
52247 : 64;
52248 : 64;
52249 : 64;
52250 : 64;
52251 : 64;
52252 : 64;
52253 : 64;
52254 : 64;
52255 : 64;
52256 : 40;
52257 : 64;
52258 : 40;
52259 : 84;
52260 : 64;
52261 : 64;
52262 : 64;
52263 : 64;
52264 : 64;
52265 : 64;
52266 : 64;
52267 : 40;
52268 : 40;
52269 : 40;
52270 : 40;
52271 : 40;
52272 : 40;
52273 : 40;
52274 : 44;
52275 : 40;
52276 : 40;
52277 : 64;
52278 : 64;
52279 : 64;
52280 : 64;
52281 : 64;
52282 : 64;
52283 : 64;
52284 : 64;
52285 : 64;
52286 : 64;
52287 : 64;
52288 : 64;
52289 : 64;
52290 : 64;
52291 : 64;
52292 : 84;
52293 : 85;
52294 : 89;
52295 : 89;
52296 : 89;
52297 : 89;
52298 : 89;
52299 : A9;
52300 : A9;
52301 : 89;
52302 : 85;
52303 : 89;
52304 : 64;
52305 : 64;
52306 : 40;
52307 : 64;
52308 : 64;
52309 : 64;
52310 : 64;
52311 : 64;
52312 : 64;
52313 : 64;
52314 : 64;
52315 : 64;
52316 : 64;
52317 : 64;
52318 : 84;
52319 : 84;
52320 : 44;
52321 : 64;
52322 : 64;
52323 : 64;
52324 : 85;
52325 : 85;
52326 : 85;
52327 : 85;
52328 : 89;
52329 : 85;
52330 : 85;
52331 : 40;
52332 : 84;
52333 : 40;
52334 : 64;
52335 : 64;
52336 : 64;
52337 : 64;
52338 : 64;
52339 : 64;
52340 : 64;
52341 : 64;
52342 : 64;
52343 : 64;
52344 : 40;
52345 : 40;
52346 : 84;
52347 : 84;
52348 : 64;
52349 : 20;
52350 : 64;
52351 : 64;
52352 : 64;
52353 : 44;
52354 : 20;
52355 : 85;
52356 : 64;
52357 : 85;
52358 : 84;
52359 : 20;
52360 : 40;
52361 : 64;
52362 : 40;
52363 : 64;
52364 : 20;
52365 : 84;
52366 : 20;
52367 : 40;
52368 : 64;
52369 : 64;
52370 : 64;
52371 : 64;
52372 : 64;
52373 : 64;
52374 : 64;
52375 : 64;
52376 : 64;
52377 : 64;
52378 : 64;
52379 : 64;
52380 : 64;
52381 : 64;
52382 : 40;
52383 : 64;
52384 : 64;
52385 : 40;
52386 : 60;
52387 : 40;
52388 : 40;
52389 : 40;
52390 : 40;
52391 : 40;
52392 : 40;
52393 : 40;
52394 : 64;
52395 : 64;
52396 : 64;
52397 : 64;
52398 : 64;
52399 : 64;
52400 : 24;
52401 : 24;
52402 : 49;
52403 : 48;
52404 : 49;
52405 : 49;
52406 : 49;
52407 : 49;
52408 : 49;
52409 : 00;
52410 : 6D;
52411 : 49;
52412 : 49;
52413 : 49;
52414 : 49;
52415 : 49;
52416 : 49;
52417 : 49;
52418 : 49;
52419 : 49;
52420 : 49;
52421 : 49;
52422 : 49;
52423 : 49;
52424 : 49;
52425 : 49;
52426 : 49;
52427 : 49;
52428 : 49;
52429 : 49;
52430 : 49;
52431 : 49;
52432 : 49;
52433 : 49;
52434 : 49;
52435 : 49;
52436 : 49;
52437 : 49;
52438 : 49;
52439 : 49;
52440 : 49;
52441 : 49;
52442 : 49;
52443 : 49;
52444 : 49;
52445 : 49;
52446 : 49;
52447 : 49;
52448 : 49;
52449 : 49;
52450 : 49;
52451 : 49;
52452 : 49;
52453 : 49;
52454 : 49;
52455 : 49;
52456 : 49;
52457 : 49;
52458 : 49;
52459 : 49;
52460 : 49;
52461 : 49;
52462 : 44;
52463 : 44;
52464 : 24;
52465 : 24;
52466 : 24;
52467 : 24;
52468 : 24;
52469 : 00;
52470 : 49;
52471 : 24;
52472 : 45;
52473 : 49;
52474 : 49;
52475 : 49;
52476 : 6D;
52477 : 24;
52478 : 24;
52479 : 24;
52480 : 64;
52481 : 64;
52482 : 64;
52483 : 64;
52484 : 64;
52485 : 64;
52486 : 64;
52487 : 60;
52488 : 60;
52489 : 40;
52490 : 40;
52491 : 40;
52492 : 20;
52493 : 40;
52494 : 40;
52495 : 40;
52496 : 40;
52497 : 40;
52498 : 20;
52499 : 40;
52500 : 40;
52501 : 40;
52502 : 40;
52503 : 40;
52504 : 40;
52505 : 40;
52506 : 40;
52507 : 40;
52508 : 40;
52509 : 40;
52510 : 40;
52511 : 40;
52512 : 40;
52513 : 40;
52514 : 20;
52515 : 44;
52516 : 40;
52517 : 40;
52518 : 44;
52519 : 44;
52520 : 40;
52521 : 40;
52522 : 20;
52523 : 64;
52524 : 44;
52525 : 44;
52526 : 64;
52527 : 40;
52528 : 40;
52529 : 64;
52530 : 20;
52531 : 64;
52532 : 44;
52533 : 64;
52534 : 64;
52535 : 64;
52536 : 64;
52537 : 64;
52538 : 64;
52539 : 64;
52540 : 64;
52541 : 40;
52542 : 40;
52543 : 40;
52544 : 40;
52545 : 64;
52546 : 64;
52547 : 64;
52548 : 64;
52549 : 20;
52550 : 64;
52551 : 20;
52552 : 64;
52553 : 64;
52554 : 64;
52555 : 40;
52556 : 64;
52557 : 40;
52558 : 84;
52559 : 64;
52560 : 44;
52561 : 64;
52562 : 20;
52563 : 64;
52564 : 64;
52565 : 64;
52566 : 64;
52567 : 64;
52568 : 64;
52569 : 64;
52570 : 64;
52571 : 64;
52572 : 64;
52573 : 64;
52574 : 64;
52575 : 40;
52576 : 64;
52577 : 64;
52578 : 40;
52579 : 84;
52580 : 64;
52581 : 64;
52582 : 64;
52583 : 64;
52584 : 64;
52585 : 64;
52586 : 64;
52587 : 64;
52588 : 64;
52589 : 40;
52590 : 40;
52591 : 40;
52592 : 44;
52593 : 40;
52594 : 40;
52595 : 44;
52596 : 64;
52597 : 64;
52598 : 64;
52599 : 64;
52600 : 64;
52601 : 64;
52602 : 64;
52603 : 64;
52604 : 64;
52605 : 64;
52606 : 64;
52607 : 64;
52608 : 64;
52609 : 64;
52610 : 64;
52611 : 85;
52612 : 85;
52613 : 85;
52614 : 89;
52615 : 89;
52616 : 89;
52617 : 89;
52618 : 89;
52619 : A9;
52620 : A9;
52621 : 85;
52622 : 89;
52623 : 64;
52624 : 64;
52625 : 64;
52626 : 40;
52627 : 44;
52628 : 64;
52629 : 64;
52630 : 64;
52631 : 64;
52632 : 64;
52633 : 64;
52634 : 64;
52635 : 64;
52636 : 84;
52637 : 40;
52638 : 85;
52639 : 84;
52640 : 40;
52641 : 64;
52642 : 64;
52643 : 64;
52644 : 85;
52645 : 85;
52646 : 85;
52647 : 85;
52648 : 85;
52649 : 64;
52650 : 40;
52651 : 85;
52652 : 40;
52653 : 64;
52654 : 64;
52655 : 64;
52656 : 64;
52657 : 64;
52658 : 64;
52659 : 64;
52660 : 64;
52661 : 64;
52662 : 40;
52663 : 40;
52664 : 64;
52665 : 64;
52666 : 40;
52667 : 40;
52668 : 40;
52669 : 64;
52670 : 64;
52671 : 64;
52672 : 64;
52673 : 64;
52674 : 64;
52675 : 20;
52676 : 64;
52677 : 85;
52678 : 85;
52679 : 20;
52680 : 40;
52681 : 40;
52682 : 40;
52683 : 85;
52684 : 40;
52685 : 20;
52686 : 85;
52687 : 20;
52688 : 40;
52689 : 64;
52690 : 64;
52691 : 64;
52692 : 64;
52693 : 64;
52694 : 64;
52695 : 64;
52696 : 64;
52697 : 64;
52698 : 64;
52699 : 64;
52700 : 64;
52701 : 64;
52702 : 40;
52703 : 40;
52704 : 40;
52705 : 40;
52706 : 44;
52707 : 40;
52708 : 40;
52709 : 40;
52710 : 40;
52711 : 40;
52712 : 40;
52713 : 64;
52714 : 64;
52715 : 64;
52716 : 64;
52717 : 64;
52718 : 64;
52719 : 44;
52720 : 24;
52721 : 24;
52722 : 49;
52723 : 48;
52724 : 49;
52725 : 49;
52726 : 49;
52727 : 49;
52728 : 49;
52729 : 00;
52730 : 6D;
52731 : 49;
52732 : 49;
52733 : 49;
52734 : 49;
52735 : 49;
52736 : 49;
52737 : 49;
52738 : 49;
52739 : 49;
52740 : 49;
52741 : 49;
52742 : 49;
52743 : 49;
52744 : 49;
52745 : 49;
52746 : 49;
52747 : 49;
52748 : 49;
52749 : 49;
52750 : 49;
52751 : 49;
52752 : 49;
52753 : 49;
52754 : 49;
52755 : 49;
52756 : 49;
52757 : 49;
52758 : 49;
52759 : 49;
52760 : 49;
52761 : 49;
52762 : 49;
52763 : 49;
52764 : 49;
52765 : 49;
52766 : 49;
52767 : 49;
52768 : 49;
52769 : 49;
52770 : 49;
52771 : 49;
52772 : 49;
52773 : 49;
52774 : 49;
52775 : 49;
52776 : 49;
52777 : 49;
52778 : 49;
52779 : 49;
52780 : 49;
52781 : 49;
52782 : 49;
52783 : 49;
52784 : 45;
52785 : 24;
52786 : 24;
52787 : 24;
52788 : 24;
52789 : 00;
52790 : 49;
52791 : 44;
52792 : 49;
52793 : 49;
52794 : 49;
52795 : 49;
52796 : 6D;
52797 : 24;
52798 : 24;
52799 : 24;
52800 : 64;
52801 : 64;
52802 : 64;
52803 : 64;
52804 : 60;
52805 : 64;
52806 : 64;
52807 : 64;
52808 : 60;
52809 : 60;
52810 : 40;
52811 : 40;
52812 : 20;
52813 : 40;
52814 : 40;
52815 : 40;
52816 : 40;
52817 : 40;
52818 : 40;
52819 : 20;
52820 : 40;
52821 : 20;
52822 : 40;
52823 : 40;
52824 : 40;
52825 : 40;
52826 : 40;
52827 : 40;
52828 : 40;
52829 : 40;
52830 : 40;
52831 : 40;
52832 : 40;
52833 : 40;
52834 : 40;
52835 : 40;
52836 : 40;
52837 : 64;
52838 : 44;
52839 : 44;
52840 : 40;
52841 : 40;
52842 : 40;
52843 : 40;
52844 : 40;
52845 : 40;
52846 : 40;
52847 : 40;
52848 : 40;
52849 : 40;
52850 : 64;
52851 : 44;
52852 : 64;
52853 : 64;
52854 : 64;
52855 : 64;
52856 : 64;
52857 : 64;
52858 : 64;
52859 : 64;
52860 : 40;
52861 : 40;
52862 : 40;
52863 : 40;
52864 : 64;
52865 : 64;
52866 : 64;
52867 : 64;
52868 : 40;
52869 : 40;
52870 : 40;
52871 : 64;
52872 : 64;
52873 : 64;
52874 : 64;
52875 : 40;
52876 : 40;
52877 : 64;
52878 : 64;
52879 : 64;
52880 : 40;
52881 : 40;
52882 : 64;
52883 : 64;
52884 : 64;
52885 : 64;
52886 : 64;
52887 : 64;
52888 : 64;
52889 : 64;
52890 : 64;
52891 : 64;
52892 : 64;
52893 : 64;
52894 : 64;
52895 : 40;
52896 : 64;
52897 : 40;
52898 : 64;
52899 : 64;
52900 : 64;
52901 : 64;
52902 : 64;
52903 : 64;
52904 : 64;
52905 : 44;
52906 : 44;
52907 : 40;
52908 : 40;
52909 : 40;
52910 : 40;
52911 : 44;
52912 : 40;
52913 : 44;
52914 : 64;
52915 : 64;
52916 : 64;
52917 : 64;
52918 : 64;
52919 : 64;
52920 : 64;
52921 : 64;
52922 : 64;
52923 : 64;
52924 : 64;
52925 : 64;
52926 : 64;
52927 : 64;
52928 : 64;
52929 : 64;
52930 : 64;
52931 : 84;
52932 : 85;
52933 : 85;
52934 : 89;
52935 : 89;
52936 : 89;
52937 : 89;
52938 : A9;
52939 : A9;
52940 : A9;
52941 : 89;
52942 : 89;
52943 : 84;
52944 : 64;
52945 : 64;
52946 : 40;
52947 : 64;
52948 : 64;
52949 : 64;
52950 : 64;
52951 : 64;
52952 : 64;
52953 : 64;
52954 : 64;
52955 : 64;
52956 : 64;
52957 : 64;
52958 : 40;
52959 : 85;
52960 : 40;
52961 : 64;
52962 : 64;
52963 : 64;
52964 : 85;
52965 : 85;
52966 : 85;
52967 : 85;
52968 : 84;
52969 : 40;
52970 : 85;
52971 : 40;
52972 : 40;
52973 : 64;
52974 : 64;
52975 : 64;
52976 : 64;
52977 : 64;
52978 : 64;
52979 : 64;
52980 : 64;
52981 : 64;
52982 : 64;
52983 : 40;
52984 : 44;
52985 : 40;
52986 : 64;
52987 : 64;
52988 : 64;
52989 : 64;
52990 : 64;
52991 : 64;
52992 : 64;
52993 : 64;
52994 : 64;
52995 : 40;
52996 : 64;
52997 : 85;
52998 : 85;
52999 : 40;
53000 : 40;
53001 : 40;
53002 : 84;
53003 : 20;
53004 : 64;
53005 : 40;
53006 : 84;
53007 : 40;
53008 : 40;
53009 : 64;
53010 : 64;
53011 : 64;
53012 : 64;
53013 : 64;
53014 : 64;
53015 : 64;
53016 : 64;
53017 : 64;
53018 : 64;
53019 : 64;
53020 : 64;
53021 : 40;
53022 : 40;
53023 : 40;
53024 : 40;
53025 : 40;
53026 : 40;
53027 : 40;
53028 : 40;
53029 : 40;
53030 : 40;
53031 : 40;
53032 : 40;
53033 : 60;
53034 : 64;
53035 : 64;
53036 : 64;
53037 : 64;
53038 : 60;
53039 : 44;
53040 : 24;
53041 : 24;
53042 : 49;
53043 : 49;
53044 : 49;
53045 : 49;
53046 : 49;
53047 : 49;
53048 : 49;
53049 : 00;
53050 : 6D;
53051 : 49;
53052 : 49;
53053 : 49;
53054 : 49;
53055 : 49;
53056 : 49;
53057 : 49;
53058 : 49;
53059 : 49;
53060 : 49;
53061 : 49;
53062 : 49;
53063 : 49;
53064 : 49;
53065 : 49;
53066 : 49;
53067 : 49;
53068 : 49;
53069 : 49;
53070 : 49;
53071 : 49;
53072 : 49;
53073 : 49;
53074 : 49;
53075 : 49;
53076 : 49;
53077 : 49;
53078 : 49;
53079 : 49;
53080 : 49;
53081 : 49;
53082 : 49;
53083 : 49;
53084 : 49;
53085 : 49;
53086 : 49;
53087 : 49;
53088 : 49;
53089 : 49;
53090 : 49;
53091 : 49;
53092 : 49;
53093 : 49;
53094 : 49;
53095 : 49;
53096 : 49;
53097 : 49;
53098 : 49;
53099 : 49;
53100 : 49;
53101 : 49;
53102 : 49;
53103 : 45;
53104 : 24;
53105 : 24;
53106 : 24;
53107 : 24;
53108 : 24;
53109 : 00;
53110 : 69;
53111 : 44;
53112 : 49;
53113 : 49;
53114 : 49;
53115 : 49;
53116 : 6D;
53117 : 24;
53118 : 24;
53119 : 24;
53120 : 64;
53121 : 64;
53122 : 64;
53123 : 64;
53124 : 40;
53125 : 64;
53126 : 64;
53127 : 64;
53128 : 60;
53129 : 60;
53130 : 60;
53131 : 40;
53132 : 40;
53133 : 20;
53134 : 40;
53135 : 40;
53136 : 40;
53137 : 40;
53138 : 40;
53139 : 20;
53140 : 40;
53141 : 40;
53142 : 20;
53143 : 44;
53144 : 40;
53145 : 40;
53146 : 40;
53147 : 40;
53148 : 40;
53149 : 40;
53150 : 20;
53151 : 20;
53152 : 40;
53153 : 40;
53154 : 40;
53155 : 44;
53156 : 40;
53157 : 44;
53158 : 44;
53159 : 44;
53160 : 44;
53161 : 40;
53162 : 64;
53163 : 40;
53164 : 40;
53165 : 40;
53166 : 40;
53167 : 40;
53168 : 44;
53169 : 64;
53170 : 64;
53171 : 64;
53172 : 64;
53173 : 64;
53174 : 64;
53175 : 64;
53176 : 64;
53177 : 64;
53178 : 64;
53179 : 64;
53180 : 40;
53181 : 40;
53182 : 64;
53183 : 64;
53184 : 64;
53185 : 64;
53186 : 40;
53187 : 40;
53188 : 40;
53189 : 40;
53190 : 64;
53191 : 64;
53192 : 64;
53193 : 64;
53194 : 20;
53195 : 64;
53196 : 44;
53197 : 64;
53198 : 40;
53199 : 64;
53200 : 40;
53201 : 64;
53202 : 64;
53203 : 64;
53204 : 64;
53205 : 64;
53206 : 64;
53207 : 64;
53208 : 64;
53209 : 64;
53210 : 64;
53211 : 64;
53212 : 64;
53213 : 64;
53214 : 40;
53215 : 64;
53216 : 64;
53217 : 64;
53218 : 64;
53219 : 64;
53220 : 64;
53221 : 64;
53222 : 64;
53223 : 40;
53224 : 40;
53225 : 40;
53226 : 40;
53227 : 40;
53228 : 40;
53229 : 40;
53230 : 40;
53231 : 40;
53232 : 44;
53233 : 64;
53234 : 64;
53235 : 64;
53236 : 64;
53237 : 64;
53238 : 64;
53239 : 64;
53240 : 64;
53241 : 64;
53242 : 64;
53243 : 64;
53244 : 64;
53245 : 64;
53246 : 64;
53247 : 64;
53248 : 64;
53249 : 64;
53250 : 64;
53251 : 85;
53252 : 85;
53253 : 85;
53254 : 89;
53255 : 89;
53256 : 89;
53257 : 89;
53258 : A9;
53259 : A9;
53260 : 89;
53261 : 85;
53262 : 89;
53263 : 64;
53264 : 64;
53265 : 64;
53266 : 44;
53267 : 64;
53268 : 64;
53269 : 64;
53270 : 64;
53271 : 64;
53272 : 64;
53273 : 64;
53274 : 64;
53275 : 64;
53276 : 64;
53277 : 84;
53278 : 40;
53279 : 85;
53280 : 64;
53281 : 64;
53282 : 64;
53283 : 64;
53284 : 85;
53285 : 85;
53286 : 85;
53287 : 85;
53288 : 64;
53289 : 64;
53290 : 64;
53291 : 40;
53292 : 64;
53293 : 64;
53294 : 64;
53295 : 64;
53296 : 64;
53297 : 64;
53298 : 64;
53299 : 64;
53300 : 64;
53301 : 64;
53302 : 64;
53303 : 64;
53304 : 64;
53305 : 64;
53306 : 64;
53307 : 64;
53308 : 64;
53309 : 64;
53310 : 64;
53311 : 64;
53312 : 64;
53313 : 64;
53314 : 64;
53315 : 44;
53316 : 40;
53317 : 64;
53318 : 85;
53319 : 64;
53320 : 40;
53321 : 64;
53322 : 40;
53323 : 40;
53324 : 64;
53325 : 20;
53326 : 84;
53327 : 60;
53328 : 40;
53329 : 64;
53330 : 64;
53331 : 64;
53332 : 64;
53333 : 64;
53334 : 64;
53335 : 64;
53336 : 64;
53337 : 64;
53338 : 64;
53339 : 64;
53340 : 64;
53341 : 40;
53342 : 40;
53343 : 40;
53344 : 40;
53345 : 40;
53346 : 40;
53347 : 40;
53348 : 40;
53349 : 40;
53350 : 40;
53351 : 60;
53352 : 64;
53353 : 64;
53354 : 64;
53355 : 64;
53356 : 64;
53357 : 64;
53358 : 64;
53359 : 44;
53360 : 24;
53361 : 24;
53362 : 49;
53363 : 49;
53364 : 49;
53365 : 49;
53366 : 49;
53367 : 49;
53368 : 49;
53369 : 00;
53370 : 6D;
53371 : 49;
53372 : 49;
53373 : 49;
53374 : 49;
53375 : 49;
53376 : 49;
53377 : 49;
53378 : 49;
53379 : 49;
53380 : 49;
53381 : 49;
53382 : 49;
53383 : 49;
53384 : 49;
53385 : 49;
53386 : 49;
53387 : 49;
53388 : 49;
53389 : 49;
53390 : 49;
53391 : 49;
53392 : 49;
53393 : 49;
53394 : 49;
53395 : 49;
53396 : 49;
53397 : 49;
53398 : 49;
53399 : 49;
53400 : 49;
53401 : 49;
53402 : 49;
53403 : 49;
53404 : 49;
53405 : 49;
53406 : 49;
53407 : 49;
53408 : 49;
53409 : 49;
53410 : 49;
53411 : 49;
53412 : 49;
53413 : 49;
53414 : 49;
53415 : 49;
53416 : 49;
53417 : 49;
53418 : 49;
53419 : 49;
53420 : 49;
53421 : 49;
53422 : 49;
53423 : 49;
53424 : 44;
53425 : 24;
53426 : 24;
53427 : 24;
53428 : 44;
53429 : 00;
53430 : 49;
53431 : 44;
53432 : 45;
53433 : 49;
53434 : 49;
53435 : 49;
53436 : 6D;
53437 : 24;
53438 : 24;
53439 : 24;
53440 : 64;
53441 : 64;
53442 : 64;
53443 : 64;
53444 : 40;
53445 : 64;
53446 : 64;
53447 : 64;
53448 : 64;
53449 : 60;
53450 : 60;
53451 : 60;
53452 : 40;
53453 : 20;
53454 : 20;
53455 : 40;
53456 : 40;
53457 : 40;
53458 : 40;
53459 : 40;
53460 : 20;
53461 : 40;
53462 : 40;
53463 : 20;
53464 : 40;
53465 : 40;
53466 : 44;
53467 : 20;
53468 : 40;
53469 : 20;
53470 : 44;
53471 : 44;
53472 : 44;
53473 : 44;
53474 : 44;
53475 : 40;
53476 : 40;
53477 : 44;
53478 : 40;
53479 : 44;
53480 : 44;
53481 : 40;
53482 : 40;
53483 : 44;
53484 : 40;
53485 : 20;
53486 : 40;
53487 : 64;
53488 : 44;
53489 : 64;
53490 : 64;
53491 : 64;
53492 : 64;
53493 : 64;
53494 : 64;
53495 : 64;
53496 : 64;
53497 : 64;
53498 : 64;
53499 : 64;
53500 : 40;
53501 : 40;
53502 : 64;
53503 : 64;
53504 : 64;
53505 : 40;
53506 : 40;
53507 : 44;
53508 : 40;
53509 : 64;
53510 : 64;
53511 : 64;
53512 : 64;
53513 : 85;
53514 : 20;
53515 : 64;
53516 : 44;
53517 : 40;
53518 : 64;
53519 : 20;
53520 : 64;
53521 : 64;
53522 : 64;
53523 : 64;
53524 : 64;
53525 : 64;
53526 : 64;
53527 : 64;
53528 : 64;
53529 : 64;
53530 : 85;
53531 : 40;
53532 : 60;
53533 : 64;
53534 : 84;
53535 : 64;
53536 : 64;
53537 : 64;
53538 : 64;
53539 : 64;
53540 : 64;
53541 : 64;
53542 : 40;
53543 : 40;
53544 : 40;
53545 : 40;
53546 : 40;
53547 : 40;
53548 : 40;
53549 : 40;
53550 : 40;
53551 : 64;
53552 : 64;
53553 : 64;
53554 : 64;
53555 : 64;
53556 : 64;
53557 : 64;
53558 : 64;
53559 : 64;
53560 : 64;
53561 : 64;
53562 : 64;
53563 : 64;
53564 : 64;
53565 : 64;
53566 : 64;
53567 : 64;
53568 : 64;
53569 : 84;
53570 : 64;
53571 : 85;
53572 : 85;
53573 : 85;
53574 : 89;
53575 : 89;
53576 : 89;
53577 : A9;
53578 : A9;
53579 : A9;
53580 : 85;
53581 : 89;
53582 : 64;
53583 : 64;
53584 : 64;
53585 : 64;
53586 : 64;
53587 : 64;
53588 : 64;
53589 : 64;
53590 : 64;
53591 : 64;
53592 : 64;
53593 : 64;
53594 : 64;
53595 : 64;
53596 : 64;
53597 : 64;
53598 : 64;
53599 : 40;
53600 : 84;
53601 : 40;
53602 : 64;
53603 : 64;
53604 : 85;
53605 : 85;
53606 : 85;
53607 : 64;
53608 : 64;
53609 : 64;
53610 : 64;
53611 : 40;
53612 : 64;
53613 : 64;
53614 : 64;
53615 : 64;
53616 : 64;
53617 : 64;
53618 : 64;
53619 : 64;
53620 : 64;
53621 : 64;
53622 : 64;
53623 : 64;
53624 : 64;
53625 : 64;
53626 : 64;
53627 : 64;
53628 : 64;
53629 : 64;
53630 : 64;
53631 : 64;
53632 : 64;
53633 : 64;
53634 : 64;
53635 : 64;
53636 : 40;
53637 : 64;
53638 : 85;
53639 : 64;
53640 : 40;
53641 : 40;
53642 : 20;
53643 : 64;
53644 : 64;
53645 : 64;
53646 : 20;
53647 : 85;
53648 : 40;
53649 : 64;
53650 : 64;
53651 : 64;
53652 : 64;
53653 : 64;
53654 : 64;
53655 : 64;
53656 : 64;
53657 : 64;
53658 : 64;
53659 : 64;
53660 : 64;
53661 : 40;
53662 : 44;
53663 : 40;
53664 : 40;
53665 : 40;
53666 : 40;
53667 : 40;
53668 : 40;
53669 : 40;
53670 : 40;
53671 : 64;
53672 : 64;
53673 : 64;
53674 : 64;
53675 : 64;
53676 : 64;
53677 : 64;
53678 : 64;
53679 : 44;
53680 : 24;
53681 : 24;
53682 : 49;
53683 : 49;
53684 : 49;
53685 : 49;
53686 : 49;
53687 : 49;
53688 : 49;
53689 : 00;
53690 : 6D;
53691 : 49;
53692 : 49;
53693 : 49;
53694 : 49;
53695 : 49;
53696 : 49;
53697 : 49;
53698 : 49;
53699 : 49;
53700 : 49;
53701 : 49;
53702 : 49;
53703 : 49;
53704 : 49;
53705 : 49;
53706 : 49;
53707 : 49;
53708 : 49;
53709 : 49;
53710 : 49;
53711 : 49;
53712 : 49;
53713 : 49;
53714 : 49;
53715 : 49;
53716 : 49;
53717 : 49;
53718 : 49;
53719 : 49;
53720 : 49;
53721 : 49;
53722 : 49;
53723 : 49;
53724 : 49;
53725 : 49;
53726 : 49;
53727 : 49;
53728 : 49;
53729 : 49;
53730 : 49;
53731 : 49;
53732 : 49;
53733 : 49;
53734 : 49;
53735 : 49;
53736 : 49;
53737 : 49;
53738 : 49;
53739 : 49;
53740 : 49;
53741 : 49;
53742 : 49;
53743 : 49;
53744 : 24;
53745 : 24;
53746 : 44;
53747 : 44;
53748 : 24;
53749 : 00;
53750 : 49;
53751 : 49;
53752 : 49;
53753 : 49;
53754 : 49;
53755 : 49;
53756 : 6D;
53757 : 24;
53758 : 24;
53759 : 24;
53760 : 64;
53761 : 64;
53762 : 64;
53763 : 64;
53764 : 60;
53765 : 64;
53766 : 64;
53767 : 64;
53768 : 64;
53769 : 64;
53770 : 60;
53771 : 60;
53772 : 60;
53773 : 40;
53774 : 20;
53775 : 40;
53776 : 40;
53777 : 40;
53778 : 40;
53779 : 40;
53780 : 40;
53781 : 20;
53782 : 40;
53783 : 44;
53784 : 40;
53785 : 40;
53786 : 20;
53787 : 64;
53788 : 40;
53789 : 40;
53790 : 40;
53791 : 40;
53792 : 40;
53793 : 40;
53794 : 44;
53795 : 44;
53796 : 44;
53797 : 40;
53798 : 44;
53799 : 44;
53800 : 44;
53801 : 64;
53802 : 20;
53803 : 64;
53804 : 40;
53805 : 40;
53806 : 64;
53807 : 44;
53808 : 44;
53809 : 44;
53810 : 44;
53811 : 64;
53812 : 64;
53813 : 64;
53814 : 64;
53815 : 64;
53816 : 64;
53817 : 64;
53818 : 64;
53819 : 20;
53820 : 64;
53821 : 40;
53822 : 64;
53823 : 64;
53824 : 40;
53825 : 44;
53826 : 44;
53827 : 40;
53828 : 64;
53829 : 64;
53830 : 64;
53831 : 64;
53832 : 64;
53833 : 40;
53834 : 64;
53835 : 64;
53836 : 40;
53837 : 64;
53838 : 64;
53839 : 44;
53840 : 64;
53841 : 64;
53842 : 64;
53843 : 64;
53844 : 64;
53845 : 64;
53846 : 64;
53847 : 64;
53848 : 64;
53849 : 64;
53850 : 40;
53851 : 85;
53852 : 64;
53853 : 40;
53854 : 20;
53855 : 84;
53856 : 64;
53857 : 64;
53858 : 64;
53859 : 64;
53860 : 64;
53861 : 40;
53862 : 40;
53863 : 40;
53864 : 40;
53865 : 40;
53866 : 40;
53867 : 40;
53868 : 40;
53869 : 64;
53870 : 64;
53871 : 64;
53872 : 64;
53873 : 64;
53874 : 64;
53875 : 64;
53876 : 64;
53877 : 64;
53878 : 64;
53879 : 64;
53880 : 64;
53881 : 64;
53882 : 64;
53883 : 64;
53884 : 64;
53885 : 64;
53886 : 64;
53887 : 64;
53888 : 64;
53889 : 84;
53890 : 85;
53891 : 85;
53892 : 85;
53893 : 85;
53894 : 89;
53895 : 89;
53896 : 89;
53897 : A9;
53898 : A9;
53899 : 85;
53900 : 89;
53901 : 89;
53902 : 64;
53903 : 64;
53904 : 64;
53905 : 64;
53906 : 64;
53907 : 64;
53908 : 64;
53909 : 64;
53910 : 64;
53911 : 64;
53912 : 64;
53913 : 64;
53914 : 64;
53915 : 64;
53916 : 64;
53917 : 64;
53918 : 84;
53919 : 64;
53920 : 84;
53921 : 40;
53922 : 64;
53923 : 64;
53924 : 85;
53925 : 85;
53926 : 85;
53927 : 64;
53928 : 40;
53929 : 64;
53930 : 40;
53931 : 64;
53932 : 64;
53933 : 64;
53934 : 64;
53935 : 64;
53936 : 64;
53937 : 64;
53938 : 64;
53939 : 64;
53940 : 64;
53941 : 64;
53942 : 64;
53943 : 64;
53944 : 64;
53945 : 64;
53946 : 64;
53947 : 64;
53948 : 64;
53949 : 64;
53950 : 64;
53951 : 64;
53952 : 64;
53953 : 64;
53954 : 64;
53955 : 64;
53956 : 40;
53957 : 64;
53958 : 85;
53959 : 64;
53960 : 40;
53961 : 40;
53962 : 40;
53963 : 44;
53964 : 44;
53965 : 64;
53966 : 40;
53967 : 84;
53968 : 64;
53969 : 40;
53970 : 64;
53971 : 64;
53972 : 64;
53973 : 64;
53974 : 64;
53975 : 64;
53976 : 64;
53977 : 64;
53978 : 64;
53979 : 64;
53980 : 40;
53981 : 40;
53982 : 40;
53983 : 40;
53984 : 40;
53985 : 40;
53986 : 40;
53987 : 40;
53988 : 40;
53989 : 40;
53990 : 64;
53991 : 60;
53992 : 40;
53993 : 64;
53994 : 64;
53995 : 64;
53996 : 64;
53997 : 64;
53998 : 64;
53999 : 44;
54000 : 24;
54001 : 24;
54002 : 49;
54003 : 49;
54004 : 49;
54005 : 49;
54006 : 49;
54007 : 49;
54008 : 49;
54009 : 00;
54010 : 6D;
54011 : 49;
54012 : 49;
54013 : 49;
54014 : 49;
54015 : 49;
54016 : 49;
54017 : 49;
54018 : 49;
54019 : 49;
54020 : 49;
54021 : 49;
54022 : 49;
54023 : 49;
54024 : 49;
54025 : 49;
54026 : 49;
54027 : 49;
54028 : 49;
54029 : 49;
54030 : 49;
54031 : 49;
54032 : 49;
54033 : 49;
54034 : 49;
54035 : 49;
54036 : 49;
54037 : 49;
54038 : 49;
54039 : 49;
54040 : 49;
54041 : 49;
54042 : 49;
54043 : 49;
54044 : 49;
54045 : 49;
54046 : 49;
54047 : 49;
54048 : 49;
54049 : 49;
54050 : 49;
54051 : 49;
54052 : 49;
54053 : 49;
54054 : 49;
54055 : 49;
54056 : 49;
54057 : 49;
54058 : 49;
54059 : 49;
54060 : 49;
54061 : 49;
54062 : 49;
54063 : 49;
54064 : 24;
54065 : 24;
54066 : 24;
54067 : 24;
54068 : 24;
54069 : 00;
54070 : 49;
54071 : 49;
54072 : 49;
54073 : 49;
54074 : 49;
54075 : 49;
54076 : 6D;
54077 : 24;
54078 : 24;
54079 : 24;
54080 : 64;
54081 : 64;
54082 : 64;
54083 : 40;
54084 : 60;
54085 : 64;
54086 : 64;
54087 : 64;
54088 : 64;
54089 : 64;
54090 : 64;
54091 : 60;
54092 : 60;
54093 : 40;
54094 : 40;
54095 : 20;
54096 : 40;
54097 : 40;
54098 : 40;
54099 : 40;
54100 : 40;
54101 : 40;
54102 : 20;
54103 : 40;
54104 : 40;
54105 : 40;
54106 : 40;
54107 : 40;
54108 : 40;
54109 : 40;
54110 : 40;
54111 : 44;
54112 : 44;
54113 : 44;
54114 : 40;
54115 : 44;
54116 : 44;
54117 : 44;
54118 : 40;
54119 : 44;
54120 : 44;
54121 : 44;
54122 : 20;
54123 : 64;
54124 : 40;
54125 : 40;
54126 : 64;
54127 : 64;
54128 : 40;
54129 : 44;
54130 : 64;
54131 : 64;
54132 : 64;
54133 : 64;
54134 : 64;
54135 : 64;
54136 : 64;
54137 : 64;
54138 : 44;
54139 : 40;
54140 : 40;
54141 : 64;
54142 : 40;
54143 : 40;
54144 : 40;
54145 : 40;
54146 : 40;
54147 : 64;
54148 : 64;
54149 : 64;
54150 : 64;
54151 : 64;
54152 : 64;
54153 : 40;
54154 : 64;
54155 : 64;
54156 : 40;
54157 : 40;
54158 : 40;
54159 : 64;
54160 : 64;
54161 : 64;
54162 : 64;
54163 : 64;
54164 : 64;
54165 : 64;
54166 : 64;
54167 : 64;
54168 : 64;
54169 : 60;
54170 : 64;
54171 : 40;
54172 : 64;
54173 : 64;
54174 : 40;
54175 : 84;
54176 : 64;
54177 : 64;
54178 : 64;
54179 : 64;
54180 : 40;
54181 : 40;
54182 : 40;
54183 : 40;
54184 : 40;
54185 : 40;
54186 : 40;
54187 : 44;
54188 : 64;
54189 : 64;
54190 : 64;
54191 : 64;
54192 : 64;
54193 : 64;
54194 : 64;
54195 : 64;
54196 : 64;
54197 : 64;
54198 : 64;
54199 : 64;
54200 : 64;
54201 : 64;
54202 : 64;
54203 : 64;
54204 : 64;
54205 : 64;
54206 : 64;
54207 : 64;
54208 : 64;
54209 : 84;
54210 : 85;
54211 : 85;
54212 : 85;
54213 : 64;
54214 : 89;
54215 : 89;
54216 : A9;
54217 : A9;
54218 : A9;
54219 : 89;
54220 : 89;
54221 : 85;
54222 : 64;
54223 : 64;
54224 : 64;
54225 : 64;
54226 : 64;
54227 : 64;
54228 : 64;
54229 : 64;
54230 : 64;
54231 : 85;
54232 : 85;
54233 : 64;
54234 : 64;
54235 : 64;
54236 : 64;
54237 : 64;
54238 : 64;
54239 : 64;
54240 : 64;
54241 : 40;
54242 : 64;
54243 : 64;
54244 : 85;
54245 : 85;
54246 : 85;
54247 : 64;
54248 : 64;
54249 : 44;
54250 : 44;
54251 : 64;
54252 : 64;
54253 : 64;
54254 : 64;
54255 : 64;
54256 : 64;
54257 : 64;
54258 : 64;
54259 : 64;
54260 : 64;
54261 : 64;
54262 : 85;
54263 : 85;
54264 : 85;
54265 : 64;
54266 : 64;
54267 : 64;
54268 : 64;
54269 : 64;
54270 : 64;
54271 : 64;
54272 : 64;
54273 : 64;
54274 : 64;
54275 : 64;
54276 : 40;
54277 : 64;
54278 : 84;
54279 : 84;
54280 : 40;
54281 : 40;
54282 : 44;
54283 : 44;
54284 : 64;
54285 : 64;
54286 : 64;
54287 : 40;
54288 : 64;
54289 : 64;
54290 : 40;
54291 : 40;
54292 : 64;
54293 : 40;
54294 : 40;
54295 : 40;
54296 : 44;
54297 : 64;
54298 : 64;
54299 : 40;
54300 : 40;
54301 : 40;
54302 : 40;
54303 : 40;
54304 : 40;
54305 : 40;
54306 : 40;
54307 : 40;
54308 : 40;
54309 : 64;
54310 : 40;
54311 : 64;
54312 : 40;
54313 : 64;
54314 : 64;
54315 : 64;
54316 : 64;
54317 : 64;
54318 : 64;
54319 : 44;
54320 : 24;
54321 : 24;
54322 : 49;
54323 : 49;
54324 : 49;
54325 : 49;
54326 : 49;
54327 : 49;
54328 : 49;
54329 : 00;
54330 : 6D;
54331 : 49;
54332 : 49;
54333 : 49;
54334 : 49;
54335 : 49;
54336 : 49;
54337 : 49;
54338 : 49;
54339 : 49;
54340 : 49;
54341 : 49;
54342 : 49;
54343 : 49;
54344 : 49;
54345 : 49;
54346 : 49;
54347 : 49;
54348 : 49;
54349 : 49;
54350 : 49;
54351 : 49;
54352 : 49;
54353 : 49;
54354 : 49;
54355 : 49;
54356 : 49;
54357 : 49;
54358 : 49;
54359 : 49;
54360 : 49;
54361 : 49;
54362 : 49;
54363 : 49;
54364 : 49;
54365 : 49;
54366 : 49;
54367 : 49;
54368 : 49;
54369 : 49;
54370 : 49;
54371 : 49;
54372 : 49;
54373 : 49;
54374 : 49;
54375 : 49;
54376 : 49;
54377 : 49;
54378 : 49;
54379 : 49;
54380 : 49;
54381 : 49;
54382 : 49;
54383 : 49;
54384 : 49;
54385 : 45;
54386 : 49;
54387 : 45;
54388 : 24;
54389 : 00;
54390 : 49;
54391 : 44;
54392 : 49;
54393 : 49;
54394 : 49;
54395 : 49;
54396 : 6D;
54397 : 24;
54398 : 24;
54399 : 24;
54400 : 64;
54401 : 64;
54402 : 64;
54403 : 40;
54404 : 64;
54405 : 40;
54406 : 64;
54407 : 64;
54408 : 64;
54409 : 64;
54410 : 64;
54411 : 64;
54412 : 60;
54413 : 60;
54414 : 40;
54415 : 20;
54416 : 20;
54417 : 40;
54418 : 40;
54419 : 40;
54420 : 40;
54421 : 40;
54422 : 40;
54423 : 40;
54424 : 40;
54425 : 20;
54426 : 64;
54427 : 60;
54428 : 40;
54429 : 40;
54430 : 44;
54431 : 44;
54432 : 40;
54433 : 44;
54434 : 44;
54435 : 44;
54436 : 44;
54437 : 44;
54438 : 44;
54439 : 44;
54440 : 44;
54441 : 44;
54442 : 20;
54443 : 64;
54444 : 40;
54445 : 44;
54446 : 40;
54447 : 40;
54448 : 40;
54449 : 44;
54450 : 64;
54451 : 64;
54452 : 64;
54453 : 64;
54454 : 64;
54455 : 64;
54456 : 64;
54457 : 64;
54458 : 20;
54459 : 44;
54460 : 40;
54461 : 20;
54462 : 40;
54463 : 40;
54464 : 40;
54465 : 64;
54466 : 64;
54467 : 64;
54468 : 64;
54469 : 64;
54470 : 64;
54471 : 64;
54472 : 64;
54473 : 40;
54474 : 64;
54475 : 64;
54476 : 40;
54477 : 44;
54478 : 64;
54479 : 64;
54480 : 64;
54481 : 64;
54482 : 64;
54483 : 64;
54484 : 64;
54485 : 64;
54486 : 64;
54487 : 64;
54488 : 64;
54489 : 40;
54490 : 40;
54491 : 64;
54492 : 64;
54493 : 64;
54494 : 40;
54495 : 84;
54496 : 64;
54497 : 64;
54498 : 64;
54499 : 40;
54500 : 40;
54501 : 40;
54502 : 40;
54503 : 40;
54504 : 40;
54505 : 44;
54506 : 44;
54507 : 64;
54508 : 64;
54509 : 64;
54510 : 64;
54511 : 64;
54512 : 64;
54513 : 64;
54514 : 64;
54515 : 64;
54516 : 64;
54517 : 64;
54518 : 64;
54519 : 64;
54520 : 64;
54521 : 64;
54522 : 64;
54523 : 64;
54524 : 64;
54525 : 64;
54526 : 64;
54527 : 64;
54528 : 64;
54529 : 85;
54530 : 64;
54531 : 64;
54532 : 64;
54533 : 85;
54534 : 89;
54535 : 89;
54536 : A9;
54537 : A9;
54538 : 85;
54539 : 89;
54540 : 89;
54541 : 84;
54542 : 64;
54543 : 64;
54544 : 64;
54545 : 64;
54546 : 64;
54547 : 64;
54548 : 64;
54549 : 64;
54550 : 64;
54551 : 85;
54552 : 85;
54553 : 64;
54554 : 64;
54555 : 64;
54556 : 64;
54557 : 64;
54558 : 64;
54559 : 64;
54560 : 64;
54561 : 84;
54562 : 40;
54563 : 84;
54564 : 85;
54565 : 85;
54566 : 85;
54567 : 40;
54568 : 64;
54569 : 40;
54570 : 64;
54571 : 64;
54572 : 64;
54573 : 64;
54574 : 64;
54575 : 64;
54576 : 44;
54577 : 64;
54578 : 64;
54579 : 64;
54580 : 64;
54581 : 85;
54582 : 85;
54583 : 84;
54584 : 85;
54585 : 85;
54586 : 85;
54587 : 64;
54588 : 64;
54589 : 64;
54590 : 64;
54591 : 64;
54592 : 64;
54593 : 64;
54594 : 64;
54595 : 64;
54596 : 44;
54597 : 40;
54598 : 64;
54599 : 85;
54600 : 64;
54601 : 20;
54602 : 44;
54603 : 44;
54604 : 44;
54605 : 64;
54606 : 64;
54607 : 40;
54608 : 64;
54609 : 40;
54610 : 40;
54611 : 40;
54612 : 64;
54613 : 44;
54614 : 44;
54615 : 64;
54616 : 64;
54617 : 64;
54618 : 40;
54619 : 40;
54620 : 40;
54621 : 40;
54622 : 40;
54623 : 40;
54624 : 40;
54625 : 40;
54626 : 40;
54627 : 40;
54628 : 64;
54629 : 40;
54630 : 64;
54631 : 40;
54632 : 64;
54633 : 64;
54634 : 64;
54635 : 64;
54636 : 64;
54637 : 64;
54638 : 64;
54639 : 44;
54640 : 24;
54641 : 24;
54642 : 49;
54643 : 49;
54644 : 49;
54645 : 49;
54646 : 49;
54647 : 49;
54648 : 49;
54649 : 00;
54650 : 6D;
54651 : 49;
54652 : 49;
54653 : 49;
54654 : 49;
54655 : 49;
54656 : 49;
54657 : 49;
54658 : 49;
54659 : 49;
54660 : 49;
54661 : 49;
54662 : 49;
54663 : 49;
54664 : 49;
54665 : 49;
54666 : 49;
54667 : 49;
54668 : 49;
54669 : 49;
54670 : 49;
54671 : 49;
54672 : 49;
54673 : 49;
54674 : 49;
54675 : 49;
54676 : 49;
54677 : 49;
54678 : 49;
54679 : 49;
54680 : 49;
54681 : 49;
54682 : 49;
54683 : 49;
54684 : 49;
54685 : 49;
54686 : 49;
54687 : 49;
54688 : 49;
54689 : 49;
54690 : 49;
54691 : 49;
54692 : 49;
54693 : 49;
54694 : 49;
54695 : 49;
54696 : 49;
54697 : 49;
54698 : 49;
54699 : 49;
54700 : 49;
54701 : 49;
54702 : 49;
54703 : 49;
54704 : 49;
54705 : 45;
54706 : 45;
54707 : 24;
54708 : 24;
54709 : 00;
54710 : 49;
54711 : 49;
54712 : 49;
54713 : 49;
54714 : 49;
54715 : 49;
54716 : 6D;
54717 : 24;
54718 : 24;
54719 : 24;
54720 : 64;
54721 : 64;
54722 : 64;
54723 : 64;
54724 : 64;
54725 : 40;
54726 : 64;
54727 : 64;
54728 : 64;
54729 : 64;
54730 : 64;
54731 : 64;
54732 : 64;
54733 : 40;
54734 : 40;
54735 : 40;
54736 : 20;
54737 : 20;
54738 : 40;
54739 : 40;
54740 : 40;
54741 : 40;
54742 : 40;
54743 : 40;
54744 : 40;
54745 : 40;
54746 : 20;
54747 : 64;
54748 : 40;
54749 : 40;
54750 : 44;
54751 : 40;
54752 : 40;
54753 : 44;
54754 : 44;
54755 : 44;
54756 : 44;
54757 : 44;
54758 : 44;
54759 : 40;
54760 : 40;
54761 : 44;
54762 : 20;
54763 : 64;
54764 : 40;
54765 : 20;
54766 : 64;
54767 : 44;
54768 : 40;
54769 : 40;
54770 : 40;
54771 : 40;
54772 : 64;
54773 : 64;
54774 : 64;
54775 : 64;
54776 : 64;
54777 : 64;
54778 : 20;
54779 : 44;
54780 : 40;
54781 : 44;
54782 : 20;
54783 : 40;
54784 : 64;
54785 : 64;
54786 : 64;
54787 : 64;
54788 : 64;
54789 : 64;
54790 : 64;
54791 : 64;
54792 : 64;
54793 : 64;
54794 : 64;
54795 : 64;
54796 : 40;
54797 : 64;
54798 : 64;
54799 : 64;
54800 : 64;
54801 : 64;
54802 : 64;
54803 : 64;
54804 : 64;
54805 : 64;
54806 : 85;
54807 : 40;
54808 : 64;
54809 : 64;
54810 : 64;
54811 : 64;
54812 : 64;
54813 : 40;
54814 : 64;
54815 : 64;
54816 : 64;
54817 : 64;
54818 : 64;
54819 : 40;
54820 : 40;
54821 : 40;
54822 : 40;
54823 : 40;
54824 : 40;
54825 : 64;
54826 : 44;
54827 : 64;
54828 : 64;
54829 : 64;
54830 : 64;
54831 : 64;
54832 : 64;
54833 : 64;
54834 : 64;
54835 : 64;
54836 : 64;
54837 : 64;
54838 : 64;
54839 : 64;
54840 : 64;
54841 : 64;
54842 : 64;
54843 : 64;
54844 : 64;
54845 : 64;
54846 : 64;
54847 : 64;
54848 : 64;
54849 : 40;
54850 : 85;
54851 : 89;
54852 : 85;
54853 : 89;
54854 : 89;
54855 : 89;
54856 : A9;
54857 : 89;
54858 : 89;
54859 : 89;
54860 : 85;
54861 : 64;
54862 : 64;
54863 : 64;
54864 : 64;
54865 : 64;
54866 : 64;
54867 : 64;
54868 : 64;
54869 : 64;
54870 : 85;
54871 : 85;
54872 : 85;
54873 : 64;
54874 : 64;
54875 : 64;
54876 : 64;
54877 : 64;
54878 : 64;
54879 : 64;
54880 : 64;
54881 : 84;
54882 : 40;
54883 : 84;
54884 : 85;
54885 : 89;
54886 : 85;
54887 : 40;
54888 : 64;
54889 : 40;
54890 : 64;
54891 : 64;
54892 : 64;
54893 : 64;
54894 : 64;
54895 : 40;
54896 : 64;
54897 : 64;
54898 : 64;
54899 : 64;
54900 : 84;
54901 : 85;
54902 : 85;
54903 : 85;
54904 : 85;
54905 : 85;
54906 : 64;
54907 : 64;
54908 : 64;
54909 : 64;
54910 : 64;
54911 : 64;
54912 : 64;
54913 : 64;
54914 : 64;
54915 : 64;
54916 : 64;
54917 : 40;
54918 : 64;
54919 : 85;
54920 : 64;
54921 : 40;
54922 : 44;
54923 : 44;
54924 : 44;
54925 : 64;
54926 : 64;
54927 : 40;
54928 : 64;
54929 : 64;
54930 : 64;
54931 : 40;
54932 : 40;
54933 : 64;
54934 : 64;
54935 : 64;
54936 : 64;
54937 : 40;
54938 : 40;
54939 : 60;
54940 : 40;
54941 : 40;
54942 : 40;
54943 : 40;
54944 : 40;
54945 : 40;
54946 : 40;
54947 : 40;
54948 : 40;
54949 : 64;
54950 : 40;
54951 : 64;
54952 : 64;
54953 : 64;
54954 : 64;
54955 : 64;
54956 : 64;
54957 : 60;
54958 : 64;
54959 : 44;
54960 : 24;
54961 : 24;
54962 : 69;
54963 : 49;
54964 : 49;
54965 : 49;
54966 : 49;
54967 : 49;
54968 : 49;
54969 : 00;
54970 : 6D;
54971 : 49;
54972 : 49;
54973 : 49;
54974 : 49;
54975 : 49;
54976 : 49;
54977 : 49;
54978 : 49;
54979 : 49;
54980 : 49;
54981 : 49;
54982 : 49;
54983 : 49;
54984 : 49;
54985 : 49;
54986 : 49;
54987 : 49;
54988 : 49;
54989 : 49;
54990 : 49;
54991 : 49;
54992 : 49;
54993 : 49;
54994 : 49;
54995 : 49;
54996 : 49;
54997 : 49;
54998 : 49;
54999 : 49;
55000 : 49;
55001 : 49;
55002 : 49;
55003 : 49;
55004 : 49;
55005 : 49;
55006 : 49;
55007 : 49;
55008 : 49;
55009 : 49;
55010 : 49;
55011 : 49;
55012 : 49;
55013 : 49;
55014 : 49;
55015 : 49;
55016 : 49;
55017 : 49;
55018 : 49;
55019 : 49;
55020 : 49;
55021 : 49;
55022 : 49;
55023 : 49;
55024 : 24;
55025 : 44;
55026 : 24;
55027 : 24;
55028 : 24;
55029 : 00;
55030 : 49;
55031 : 24;
55032 : 45;
55033 : 45;
55034 : 45;
55035 : 45;
55036 : 49;
55037 : 24;
55038 : 24;
55039 : 24;
55040 : 64;
55041 : 64;
55042 : 64;
55043 : 64;
55044 : 64;
55045 : 40;
55046 : 64;
55047 : 64;
55048 : 64;
55049 : 64;
55050 : 64;
55051 : 64;
55052 : 64;
55053 : 60;
55054 : 40;
55055 : 40;
55056 : 40;
55057 : 40;
55058 : 20;
55059 : 40;
55060 : 40;
55061 : 40;
55062 : 40;
55063 : 40;
55064 : 40;
55065 : 40;
55066 : 20;
55067 : 40;
55068 : 64;
55069 : 40;
55070 : 40;
55071 : 44;
55072 : 40;
55073 : 44;
55074 : 40;
55075 : 44;
55076 : 44;
55077 : 44;
55078 : 44;
55079 : 44;
55080 : 44;
55081 : 44;
55082 : 20;
55083 : 64;
55084 : 44;
55085 : 44;
55086 : 20;
55087 : 20;
55088 : 40;
55089 : 44;
55090 : 44;
55091 : 64;
55092 : 64;
55093 : 64;
55094 : 64;
55095 : 64;
55096 : 64;
55097 : 40;
55098 : 64;
55099 : 40;
55100 : 40;
55101 : 20;
55102 : 64;
55103 : 64;
55104 : 64;
55105 : 64;
55106 : 64;
55107 : 64;
55108 : 64;
55109 : 64;
55110 : 64;
55111 : 64;
55112 : 40;
55113 : 64;
55114 : 64;
55115 : 20;
55116 : 44;
55117 : 64;
55118 : 64;
55119 : 64;
55120 : 64;
55121 : 64;
55122 : 64;
55123 : 64;
55124 : 64;
55125 : 64;
55126 : 40;
55127 : 85;
55128 : 40;
55129 : 64;
55130 : 64;
55131 : 64;
55132 : 64;
55133 : 40;
55134 : 64;
55135 : 64;
55136 : 64;
55137 : 64;
55138 : 40;
55139 : 44;
55140 : 40;
55141 : 40;
55142 : 40;
55143 : 40;
55144 : 64;
55145 : 64;
55146 : 64;
55147 : 64;
55148 : 64;
55149 : 64;
55150 : 64;
55151 : 64;
55152 : 64;
55153 : 64;
55154 : 64;
55155 : 64;
55156 : 64;
55157 : 64;
55158 : 64;
55159 : 64;
55160 : 64;
55161 : 64;
55162 : 64;
55163 : 64;
55164 : 64;
55165 : 64;
55166 : 64;
55167 : 64;
55168 : 64;
55169 : 85;
55170 : 64;
55171 : 64;
55172 : 85;
55173 : 89;
55174 : 89;
55175 : A9;
55176 : A9;
55177 : 89;
55178 : 89;
55179 : 89;
55180 : 85;
55181 : 64;
55182 : 64;
55183 : 64;
55184 : 64;
55185 : 64;
55186 : 64;
55187 : 64;
55188 : 64;
55189 : 64;
55190 : 85;
55191 : 85;
55192 : 85;
55193 : 64;
55194 : 64;
55195 : 64;
55196 : 64;
55197 : 64;
55198 : 64;
55199 : 64;
55200 : 64;
55201 : 84;
55202 : 40;
55203 : 84;
55204 : 85;
55205 : 89;
55206 : 84;
55207 : 40;
55208 : 84;
55209 : 40;
55210 : 64;
55211 : 64;
55212 : 64;
55213 : 64;
55214 : 40;
55215 : 84;
55216 : 44;
55217 : 64;
55218 : 64;
55219 : 64;
55220 : 64;
55221 : 85;
55222 : 85;
55223 : 85;
55224 : 85;
55225 : 85;
55226 : 64;
55227 : 64;
55228 : 64;
55229 : 64;
55230 : 64;
55231 : 64;
55232 : 64;
55233 : 64;
55234 : 64;
55235 : 64;
55236 : 64;
55237 : 40;
55238 : 64;
55239 : 85;
55240 : 64;
55241 : 40;
55242 : 44;
55243 : 44;
55244 : 44;
55245 : 64;
55246 : 64;
55247 : 40;
55248 : 64;
55249 : 64;
55250 : 64;
55251 : 64;
55252 : 44;
55253 : 64;
55254 : 64;
55255 : 64;
55256 : 64;
55257 : 40;
55258 : 64;
55259 : 40;
55260 : 40;
55261 : 40;
55262 : 40;
55263 : 40;
55264 : 40;
55265 : 40;
55266 : 40;
55267 : 64;
55268 : 40;
55269 : 64;
55270 : 40;
55271 : 64;
55272 : 64;
55273 : 64;
55274 : 64;
55275 : 64;
55276 : 64;
55277 : 64;
55278 : 64;
55279 : 44;
55280 : 24;
55281 : 24;
55282 : 49;
55283 : 49;
55284 : 49;
55285 : 49;
55286 : 49;
55287 : 49;
55288 : 49;
55289 : 00;
55290 : 6D;
55291 : 49;
55292 : 49;
55293 : 49;
55294 : 49;
55295 : 49;
55296 : 49;
55297 : 49;
55298 : 49;
55299 : 49;
55300 : 49;
55301 : 49;
55302 : 49;
55303 : 49;
55304 : 49;
55305 : 49;
55306 : 49;
55307 : 49;
55308 : 49;
55309 : 49;
55310 : 49;
55311 : 49;
55312 : 49;
55313 : 49;
55314 : 49;
55315 : 49;
55316 : 49;
55317 : 49;
55318 : 49;
55319 : 49;
55320 : 49;
55321 : 49;
55322 : 49;
55323 : 49;
55324 : 49;
55325 : 49;
55326 : 49;
55327 : 49;
55328 : 49;
55329 : 49;
55330 : 49;
55331 : 49;
55332 : 49;
55333 : 49;
55334 : 49;
55335 : 49;
55336 : 49;
55337 : 49;
55338 : 49;
55339 : 49;
55340 : 49;
55341 : 49;
55342 : 49;
55343 : 45;
55344 : 24;
55345 : 24;
55346 : 24;
55347 : 24;
55348 : 24;
55349 : 00;
55350 : 49;
55351 : 24;
55352 : 44;
55353 : 45;
55354 : 49;
55355 : 49;
55356 : 49;
55357 : 24;
55358 : 24;
55359 : 24;
55360 : 64;
55361 : 64;
55362 : 64;
55363 : 64;
55364 : 60;
55365 : 40;
55366 : 64;
55367 : 64;
55368 : 64;
55369 : 64;
55370 : 64;
55371 : 64;
55372 : 64;
55373 : 64;
55374 : 60;
55375 : 40;
55376 : 40;
55377 : 40;
55378 : 40;
55379 : 20;
55380 : 40;
55381 : 40;
55382 : 40;
55383 : 40;
55384 : 40;
55385 : 40;
55386 : 44;
55387 : 40;
55388 : 40;
55389 : 64;
55390 : 40;
55391 : 40;
55392 : 44;
55393 : 44;
55394 : 44;
55395 : 44;
55396 : 44;
55397 : 44;
55398 : 44;
55399 : 44;
55400 : 44;
55401 : 44;
55402 : 20;
55403 : 64;
55404 : 40;
55405 : 40;
55406 : 44;
55407 : 64;
55408 : 44;
55409 : 44;
55410 : 64;
55411 : 64;
55412 : 64;
55413 : 64;
55414 : 64;
55415 : 64;
55416 : 64;
55417 : 40;
55418 : 64;
55419 : 40;
55420 : 40;
55421 : 64;
55422 : 64;
55423 : 64;
55424 : 64;
55425 : 64;
55426 : 64;
55427 : 64;
55428 : 64;
55429 : 64;
55430 : 64;
55431 : 64;
55432 : 40;
55433 : 64;
55434 : 40;
55435 : 64;
55436 : 64;
55437 : 64;
55438 : 64;
55439 : 64;
55440 : 64;
55441 : 64;
55442 : 64;
55443 : 64;
55444 : 64;
55445 : 40;
55446 : 64;
55447 : 40;
55448 : 64;
55449 : 64;
55450 : 64;
55451 : 64;
55452 : 64;
55453 : 40;
55454 : 84;
55455 : 64;
55456 : 64;
55457 : 64;
55458 : 20;
55459 : 40;
55460 : 40;
55461 : 40;
55462 : 40;
55463 : 64;
55464 : 64;
55465 : 64;
55466 : 64;
55467 : 64;
55468 : 64;
55469 : 64;
55470 : 64;
55471 : 64;
55472 : 64;
55473 : 64;
55474 : 64;
55475 : 64;
55476 : 64;
55477 : 64;
55478 : 64;
55479 : 64;
55480 : 64;
55481 : 64;
55482 : 64;
55483 : 64;
55484 : 64;
55485 : 64;
55486 : 40;
55487 : 64;
55488 : 64;
55489 : 64;
55490 : 85;
55491 : 85;
55492 : 89;
55493 : 89;
55494 : 89;
55495 : A9;
55496 : A9;
55497 : 89;
55498 : 89;
55499 : 89;
55500 : 64;
55501 : 64;
55502 : 44;
55503 : 64;
55504 : 64;
55505 : 64;
55506 : 64;
55507 : 64;
55508 : 64;
55509 : 85;
55510 : 85;
55511 : 85;
55512 : 85;
55513 : 64;
55514 : 64;
55515 : 64;
55516 : 64;
55517 : 64;
55518 : 64;
55519 : 64;
55520 : 64;
55521 : 84;
55522 : 40;
55523 : 84;
55524 : 85;
55525 : 84;
55526 : 85;
55527 : 40;
55528 : 84;
55529 : 40;
55530 : 64;
55531 : 64;
55532 : 64;
55533 : 40;
55534 : 64;
55535 : 44;
55536 : 64;
55537 : 64;
55538 : 64;
55539 : 64;
55540 : 64;
55541 : 85;
55542 : 85;
55543 : 85;
55544 : 84;
55545 : 64;
55546 : 64;
55547 : 64;
55548 : 64;
55549 : 64;
55550 : 64;
55551 : 64;
55552 : 64;
55553 : 64;
55554 : 64;
55555 : 64;
55556 : 40;
55557 : 40;
55558 : 64;
55559 : 85;
55560 : 64;
55561 : 40;
55562 : 40;
55563 : 64;
55564 : 64;
55565 : 64;
55566 : 40;
55567 : 40;
55568 : 40;
55569 : 64;
55570 : 64;
55571 : 64;
55572 : 64;
55573 : 64;
55574 : 64;
55575 : 64;
55576 : 64;
55577 : 40;
55578 : 40;
55579 : 40;
55580 : 40;
55581 : 40;
55582 : 40;
55583 : 40;
55584 : 40;
55585 : 40;
55586 : 64;
55587 : 64;
55588 : 64;
55589 : 40;
55590 : 64;
55591 : 64;
55592 : 64;
55593 : 64;
55594 : 64;
55595 : 64;
55596 : 64;
55597 : 60;
55598 : 64;
55599 : 44;
55600 : 24;
55601 : 24;
55602 : 69;
55603 : 49;
55604 : 49;
55605 : 49;
55606 : 49;
55607 : 49;
55608 : 49;
55609 : 00;
55610 : 6D;
55611 : 49;
55612 : 49;
55613 : 49;
55614 : 49;
55615 : 49;
55616 : 49;
55617 : 49;
55618 : 49;
55619 : 49;
55620 : 49;
55621 : 49;
55622 : 49;
55623 : 49;
55624 : 49;
55625 : 49;
55626 : 49;
55627 : 49;
55628 : 49;
55629 : 49;
55630 : 49;
55631 : 49;
55632 : 49;
55633 : 49;
55634 : 49;
55635 : 49;
55636 : 49;
55637 : 49;
55638 : 49;
55639 : 49;
55640 : 49;
55641 : 49;
55642 : 49;
55643 : 49;
55644 : 49;
55645 : 49;
55646 : 49;
55647 : 49;
55648 : 49;
55649 : 49;
55650 : 49;
55651 : 49;
55652 : 49;
55653 : 49;
55654 : 49;
55655 : 49;
55656 : 49;
55657 : 49;
55658 : 49;
55659 : 49;
55660 : 49;
55661 : 49;
55662 : 49;
55663 : 44;
55664 : 24;
55665 : 24;
55666 : 24;
55667 : 24;
55668 : 24;
55669 : 00;
55670 : 49;
55671 : 44;
55672 : 49;
55673 : 49;
55674 : 49;
55675 : 49;
55676 : 49;
55677 : 24;
55678 : 24;
55679 : 24;
55680 : 60;
55681 : 64;
55682 : 64;
55683 : 64;
55684 : 64;
55685 : 40;
55686 : 64;
55687 : 64;
55688 : 64;
55689 : 64;
55690 : 64;
55691 : 64;
55692 : 64;
55693 : 64;
55694 : 64;
55695 : 60;
55696 : 40;
55697 : 40;
55698 : 40;
55699 : 40;
55700 : 20;
55701 : 40;
55702 : 40;
55703 : 40;
55704 : 40;
55705 : 40;
55706 : 40;
55707 : 40;
55708 : 40;
55709 : 40;
55710 : 64;
55711 : 20;
55712 : 44;
55713 : 44;
55714 : 44;
55715 : 44;
55716 : 44;
55717 : 44;
55718 : 44;
55719 : 44;
55720 : 40;
55721 : 40;
55722 : 20;
55723 : 44;
55724 : 40;
55725 : 40;
55726 : 44;
55727 : 44;
55728 : 64;
55729 : 64;
55730 : 64;
55731 : 64;
55732 : 64;
55733 : 64;
55734 : 64;
55735 : 64;
55736 : 40;
55737 : 40;
55738 : 64;
55739 : 20;
55740 : 64;
55741 : 64;
55742 : 64;
55743 : 64;
55744 : 64;
55745 : 64;
55746 : 64;
55747 : 64;
55748 : 64;
55749 : 64;
55750 : 40;
55751 : 40;
55752 : 64;
55753 : 40;
55754 : 64;
55755 : 64;
55756 : 64;
55757 : 64;
55758 : 64;
55759 : 64;
55760 : 64;
55761 : 64;
55762 : 64;
55763 : 64;
55764 : 40;
55765 : 64;
55766 : 20;
55767 : 64;
55768 : 64;
55769 : 64;
55770 : 64;
55771 : 64;
55772 : 64;
55773 : 64;
55774 : 84;
55775 : 64;
55776 : 64;
55777 : 40;
55778 : 40;
55779 : 40;
55780 : 40;
55781 : 44;
55782 : 64;
55783 : 64;
55784 : 64;
55785 : 64;
55786 : 64;
55787 : 64;
55788 : 64;
55789 : 64;
55790 : 64;
55791 : 64;
55792 : 64;
55793 : 64;
55794 : 64;
55795 : 64;
55796 : 64;
55797 : 64;
55798 : 64;
55799 : 64;
55800 : 64;
55801 : 64;
55802 : 64;
55803 : 64;
55804 : 40;
55805 : 64;
55806 : 64;
55807 : 64;
55808 : 64;
55809 : 84;
55810 : 85;
55811 : 89;
55812 : 89;
55813 : 89;
55814 : A9;
55815 : A9;
55816 : 89;
55817 : 89;
55818 : 89;
55819 : 84;
55820 : 64;
55821 : 64;
55822 : 64;
55823 : 64;
55824 : 64;
55825 : 64;
55826 : 64;
55827 : 64;
55828 : 64;
55829 : 85;
55830 : 85;
55831 : 85;
55832 : 64;
55833 : 64;
55834 : 64;
55835 : 64;
55836 : 64;
55837 : 64;
55838 : 64;
55839 : 64;
55840 : 64;
55841 : 85;
55842 : 40;
55843 : 64;
55844 : 85;
55845 : 64;
55846 : 85;
55847 : 40;
55848 : 84;
55849 : 40;
55850 : 64;
55851 : 64;
55852 : 40;
55853 : 64;
55854 : 40;
55855 : 64;
55856 : 64;
55857 : 64;
55858 : 64;
55859 : 64;
55860 : 64;
55861 : 85;
55862 : 85;
55863 : 64;
55864 : 64;
55865 : 64;
55866 : 64;
55867 : 64;
55868 : 64;
55869 : 64;
55870 : 64;
55871 : 64;
55872 : 64;
55873 : 64;
55874 : 64;
55875 : 40;
55876 : 40;
55877 : 64;
55878 : 84;
55879 : A5;
55880 : 84;
55881 : 40;
55882 : 40;
55883 : 64;
55884 : 44;
55885 : 64;
55886 : 40;
55887 : 64;
55888 : 40;
55889 : 64;
55890 : 64;
55891 : 64;
55892 : 64;
55893 : 40;
55894 : 64;
55895 : 64;
55896 : 40;
55897 : 40;
55898 : 40;
55899 : 40;
55900 : 40;
55901 : 40;
55902 : 40;
55903 : 40;
55904 : 60;
55905 : 64;
55906 : 64;
55907 : 64;
55908 : 64;
55909 : 60;
55910 : 64;
55911 : 64;
55912 : 64;
55913 : 64;
55914 : 64;
55915 : 64;
55916 : 60;
55917 : 60;
55918 : 64;
55919 : 44;
55920 : 24;
55921 : 24;
55922 : 69;
55923 : 49;
55924 : 49;
55925 : 49;
55926 : 49;
55927 : 49;
55928 : 49;
55929 : 00;
55930 : 6D;
55931 : 49;
55932 : 49;
55933 : 49;
55934 : 49;
55935 : 49;
55936 : 49;
55937 : 49;
55938 : 49;
55939 : 49;
55940 : 49;
55941 : 49;
55942 : 49;
55943 : 49;
55944 : 49;
55945 : 49;
55946 : 49;
55947 : 49;
55948 : 49;
55949 : 49;
55950 : 49;
55951 : 49;
55952 : 49;
55953 : 49;
55954 : 49;
55955 : 49;
55956 : 49;
55957 : 49;
55958 : 49;
55959 : 49;
55960 : 49;
55961 : 49;
55962 : 49;
55963 : 49;
55964 : 49;
55965 : 49;
55966 : 49;
55967 : 49;
55968 : 49;
55969 : 49;
55970 : 49;
55971 : 49;
55972 : 49;
55973 : 49;
55974 : 49;
55975 : 49;
55976 : 49;
55977 : 49;
55978 : 49;
55979 : 49;
55980 : 49;
55981 : 49;
55982 : 49;
55983 : 44;
55984 : 24;
55985 : 24;
55986 : 24;
55987 : 24;
55988 : 24;
55989 : 00;
55990 : 49;
55991 : 24;
55992 : 24;
55993 : 49;
55994 : 49;
55995 : 49;
55996 : 49;
55997 : 24;
55998 : 24;
55999 : 24;
56000 : 64;
56001 : 40;
56002 : 64;
56003 : 64;
56004 : 60;
56005 : 40;
56006 : 64;
56007 : 64;
56008 : 64;
56009 : 64;
56010 : 64;
56011 : 64;
56012 : 64;
56013 : 64;
56014 : 64;
56015 : 64;
56016 : 60;
56017 : 40;
56018 : 40;
56019 : 40;
56020 : 40;
56021 : 40;
56022 : 40;
56023 : 40;
56024 : 40;
56025 : 40;
56026 : 40;
56027 : 40;
56028 : 40;
56029 : 64;
56030 : 64;
56031 : 20;
56032 : 40;
56033 : 40;
56034 : 44;
56035 : 44;
56036 : 44;
56037 : 44;
56038 : 44;
56039 : 44;
56040 : 44;
56041 : 40;
56042 : 44;
56043 : 40;
56044 : 40;
56045 : 44;
56046 : 64;
56047 : 64;
56048 : 64;
56049 : 64;
56050 : 64;
56051 : 64;
56052 : 64;
56053 : 64;
56054 : 64;
56055 : 20;
56056 : 44;
56057 : 64;
56058 : 20;
56059 : 64;
56060 : 64;
56061 : 64;
56062 : 64;
56063 : 64;
56064 : 64;
56065 : 64;
56066 : 64;
56067 : 64;
56068 : 64;
56069 : 40;
56070 : 64;
56071 : 64;
56072 : 40;
56073 : 64;
56074 : 64;
56075 : 64;
56076 : 64;
56077 : 64;
56078 : 64;
56079 : 64;
56080 : 64;
56081 : 64;
56082 : 84;
56083 : 40;
56084 : 64;
56085 : 40;
56086 : 64;
56087 : 64;
56088 : 64;
56089 : 64;
56090 : 64;
56091 : 64;
56092 : 40;
56093 : 64;
56094 : 84;
56095 : 64;
56096 : 64;
56097 : 40;
56098 : 64;
56099 : 44;
56100 : 44;
56101 : 64;
56102 : 64;
56103 : 64;
56104 : 64;
56105 : 64;
56106 : 64;
56107 : 64;
56108 : 64;
56109 : 64;
56110 : 64;
56111 : 64;
56112 : 64;
56113 : 64;
56114 : 64;
56115 : 64;
56116 : 64;
56117 : 64;
56118 : 64;
56119 : 64;
56120 : 64;
56121 : 64;
56122 : 40;
56123 : 40;
56124 : 85;
56125 : 40;
56126 : 85;
56127 : 85;
56128 : 85;
56129 : 85;
56130 : 84;
56131 : A9;
56132 : 89;
56133 : A9;
56134 : A9;
56135 : A9;
56136 : 89;
56137 : 89;
56138 : 89;
56139 : 64;
56140 : 64;
56141 : 64;
56142 : 64;
56143 : 64;
56144 : 64;
56145 : 64;
56146 : 64;
56147 : 64;
56148 : 85;
56149 : 85;
56150 : 85;
56151 : 85;
56152 : 64;
56153 : 64;
56154 : 64;
56155 : 64;
56156 : 64;
56157 : 64;
56158 : 64;
56159 : 64;
56160 : 44;
56161 : 85;
56162 : 40;
56163 : 64;
56164 : 85;
56165 : 64;
56166 : 85;
56167 : 40;
56168 : 84;
56169 : 40;
56170 : 64;
56171 : 40;
56172 : 64;
56173 : 40;
56174 : 64;
56175 : 64;
56176 : 64;
56177 : 64;
56178 : 64;
56179 : 64;
56180 : 64;
56181 : 64;
56182 : 64;
56183 : 64;
56184 : 64;
56185 : 64;
56186 : 64;
56187 : 64;
56188 : 64;
56189 : 64;
56190 : 64;
56191 : 64;
56192 : 64;
56193 : 64;
56194 : 20;
56195 : 64;
56196 : 64;
56197 : 40;
56198 : 40;
56199 : 84;
56200 : 85;
56201 : 84;
56202 : 40;
56203 : 40;
56204 : 44;
56205 : 64;
56206 : 40;
56207 : 40;
56208 : 40;
56209 : 64;
56210 : 64;
56211 : 64;
56212 : 44;
56213 : 40;
56214 : 64;
56215 : 64;
56216 : 40;
56217 : 40;
56218 : 40;
56219 : 40;
56220 : 40;
56221 : 40;
56222 : 64;
56223 : 60;
56224 : 64;
56225 : 60;
56226 : 64;
56227 : 40;
56228 : 64;
56229 : 64;
56230 : 64;
56231 : 64;
56232 : 64;
56233 : 64;
56234 : 64;
56235 : 64;
56236 : 64;
56237 : 60;
56238 : 60;
56239 : 44;
56240 : 24;
56241 : 24;
56242 : 69;
56243 : 49;
56244 : 49;
56245 : 49;
56246 : 49;
56247 : 49;
56248 : 49;
56249 : 00;
56250 : 6D;
56251 : 49;
56252 : 49;
56253 : 49;
56254 : 49;
56255 : 49;
56256 : 49;
56257 : 49;
56258 : 49;
56259 : 49;
56260 : 49;
56261 : 49;
56262 : 49;
56263 : 49;
56264 : 49;
56265 : 49;
56266 : 49;
56267 : 49;
56268 : 49;
56269 : 49;
56270 : 49;
56271 : 49;
56272 : 49;
56273 : 49;
56274 : 49;
56275 : 49;
56276 : 49;
56277 : 49;
56278 : 49;
56279 : 49;
56280 : 49;
56281 : 49;
56282 : 49;
56283 : 49;
56284 : 49;
56285 : 49;
56286 : 49;
56287 : 49;
56288 : 49;
56289 : 49;
56290 : 49;
56291 : 49;
56292 : 49;
56293 : 49;
56294 : 49;
56295 : 49;
56296 : 49;
56297 : 49;
56298 : 49;
56299 : 49;
56300 : 49;
56301 : 49;
56302 : 49;
56303 : 49;
56304 : 44;
56305 : 24;
56306 : 24;
56307 : 24;
56308 : 24;
56309 : 00;
56310 : 49;
56311 : 24;
56312 : 24;
56313 : 44;
56314 : 24;
56315 : 24;
56316 : 49;
56317 : 24;
56318 : 24;
56319 : 24;
56320 : 64;
56321 : 60;
56322 : 60;
56323 : 60;
56324 : 64;
56325 : 40;
56326 : 64;
56327 : 64;
56328 : 64;
56329 : 64;
56330 : 64;
56331 : 64;
56332 : 64;
56333 : 64;
56334 : 64;
56335 : 64;
56336 : 64;
56337 : 60;
56338 : 40;
56339 : 40;
56340 : 40;
56341 : 20;
56342 : 40;
56343 : 40;
56344 : 40;
56345 : 40;
56346 : 40;
56347 : 40;
56348 : 40;
56349 : 20;
56350 : 64;
56351 : 64;
56352 : 20;
56353 : 40;
56354 : 44;
56355 : 44;
56356 : 40;
56357 : 44;
56358 : 44;
56359 : 40;
56360 : 44;
56361 : 40;
56362 : 64;
56363 : 40;
56364 : 40;
56365 : 64;
56366 : 64;
56367 : 64;
56368 : 64;
56369 : 64;
56370 : 64;
56371 : 64;
56372 : 64;
56373 : 40;
56374 : 20;
56375 : 64;
56376 : 64;
56377 : 40;
56378 : 84;
56379 : 64;
56380 : 64;
56381 : 64;
56382 : 64;
56383 : 64;
56384 : 64;
56385 : 64;
56386 : 64;
56387 : 64;
56388 : 40;
56389 : 44;
56390 : 64;
56391 : 64;
56392 : 40;
56393 : 64;
56394 : 64;
56395 : 64;
56396 : 64;
56397 : 64;
56398 : 64;
56399 : 64;
56400 : 64;
56401 : 64;
56402 : 85;
56403 : 40;
56404 : 60;
56405 : 44;
56406 : 64;
56407 : 64;
56408 : 64;
56409 : 64;
56410 : 64;
56411 : 64;
56412 : 40;
56413 : 84;
56414 : 84;
56415 : 64;
56416 : 64;
56417 : 40;
56418 : 64;
56419 : 64;
56420 : 44;
56421 : 44;
56422 : 64;
56423 : 64;
56424 : 64;
56425 : 64;
56426 : 64;
56427 : 64;
56428 : 64;
56429 : 64;
56430 : 64;
56431 : 64;
56432 : 64;
56433 : 64;
56434 : 64;
56435 : 64;
56436 : 64;
56437 : 64;
56438 : 64;
56439 : 40;
56440 : 40;
56441 : 40;
56442 : 64;
56443 : 64;
56444 : 40;
56445 : 64;
56446 : 84;
56447 : 84;
56448 : 84;
56449 : 85;
56450 : A9;
56451 : 89;
56452 : 89;
56453 : A9;
56454 : A9;
56455 : 85;
56456 : 89;
56457 : 89;
56458 : 64;
56459 : 64;
56460 : 64;
56461 : 64;
56462 : 64;
56463 : 64;
56464 : 64;
56465 : 64;
56466 : 64;
56467 : 64;
56468 : 85;
56469 : 85;
56470 : 85;
56471 : 64;
56472 : 64;
56473 : 64;
56474 : 64;
56475 : 64;
56476 : 64;
56477 : 64;
56478 : 64;
56479 : 64;
56480 : 64;
56481 : 84;
56482 : 40;
56483 : 84;
56484 : 85;
56485 : 64;
56486 : 84;
56487 : 40;
56488 : 85;
56489 : 40;
56490 : 20;
56491 : 85;
56492 : 40;
56493 : 64;
56494 : 64;
56495 : 64;
56496 : 40;
56497 : 40;
56498 : 64;
56499 : 64;
56500 : 64;
56501 : 64;
56502 : 64;
56503 : 64;
56504 : 64;
56505 : 64;
56506 : 64;
56507 : 64;
56508 : 64;
56509 : 64;
56510 : 64;
56511 : 64;
56512 : 44;
56513 : 20;
56514 : 85;
56515 : 40;
56516 : 40;
56517 : 40;
56518 : 40;
56519 : 84;
56520 : 85;
56521 : 84;
56522 : 40;
56523 : 40;
56524 : 44;
56525 : 64;
56526 : 40;
56527 : 40;
56528 : 40;
56529 : 44;
56530 : 64;
56531 : 40;
56532 : 44;
56533 : 60;
56534 : 64;
56535 : 64;
56536 : 64;
56537 : 64;
56538 : 64;
56539 : 64;
56540 : 64;
56541 : 64;
56542 : 64;
56543 : 64;
56544 : 64;
56545 : 64;
56546 : 64;
56547 : 64;
56548 : 64;
56549 : 64;
56550 : 64;
56551 : 64;
56552 : 64;
56553 : 64;
56554 : 64;
56555 : 64;
56556 : 64;
56557 : 64;
56558 : 60;
56559 : 44;
56560 : 24;
56561 : 24;
56562 : 49;
56563 : 49;
56564 : 49;
56565 : 49;
56566 : 49;
56567 : 49;
56568 : 49;
56569 : 00;
56570 : 6D;
56571 : 49;
56572 : 49;
56573 : 49;
56574 : 49;
56575 : 49;
56576 : 49;
56577 : 49;
56578 : 49;
56579 : 49;
56580 : 49;
56581 : 49;
56582 : 49;
56583 : 49;
56584 : 49;
56585 : 49;
56586 : 49;
56587 : 49;
56588 : 49;
56589 : 49;
56590 : 49;
56591 : 49;
56592 : 49;
56593 : 49;
56594 : 49;
56595 : 49;
56596 : 49;
56597 : 49;
56598 : 49;
56599 : 49;
56600 : 49;
56601 : 49;
56602 : 49;
56603 : 49;
56604 : 49;
56605 : 49;
56606 : 49;
56607 : 49;
56608 : 49;
56609 : 49;
56610 : 49;
56611 : 49;
56612 : 49;
56613 : 49;
56614 : 49;
56615 : 49;
56616 : 49;
56617 : 49;
56618 : 49;
56619 : 49;
56620 : 49;
56621 : 49;
56622 : 49;
56623 : 29;
56624 : 44;
56625 : 24;
56626 : 24;
56627 : 24;
56628 : 24;
56629 : 00;
56630 : 49;
56631 : 24;
56632 : 24;
56633 : 24;
56634 : 44;
56635 : 45;
56636 : 49;
56637 : 24;
56638 : 24;
56639 : 24;
56640 : 64;
56641 : 64;
56642 : 64;
56643 : 60;
56644 : 64;
56645 : 40;
56646 : 64;
56647 : 64;
56648 : 64;
56649 : 64;
56650 : 64;
56651 : 64;
56652 : 64;
56653 : 64;
56654 : 64;
56655 : 64;
56656 : 64;
56657 : 64;
56658 : 60;
56659 : 40;
56660 : 40;
56661 : 40;
56662 : 20;
56663 : 40;
56664 : 40;
56665 : 40;
56666 : 40;
56667 : 40;
56668 : 40;
56669 : 20;
56670 : 64;
56671 : 64;
56672 : 20;
56673 : 40;
56674 : 44;
56675 : 44;
56676 : 40;
56677 : 40;
56678 : 40;
56679 : 44;
56680 : 40;
56681 : 40;
56682 : 64;
56683 : 40;
56684 : 40;
56685 : 40;
56686 : 40;
56687 : 40;
56688 : 40;
56689 : 40;
56690 : 40;
56691 : 40;
56692 : 40;
56693 : 40;
56694 : 64;
56695 : 40;
56696 : 40;
56697 : 64;
56698 : 64;
56699 : 64;
56700 : 64;
56701 : 64;
56702 : 64;
56703 : 64;
56704 : 64;
56705 : 64;
56706 : 64;
56707 : 44;
56708 : 40;
56709 : 64;
56710 : 44;
56711 : 40;
56712 : 64;
56713 : 64;
56714 : 64;
56715 : 64;
56716 : 64;
56717 : 64;
56718 : 64;
56719 : 64;
56720 : 64;
56721 : 64;
56722 : 40;
56723 : 64;
56724 : 44;
56725 : 64;
56726 : 64;
56727 : 64;
56728 : 64;
56729 : 64;
56730 : 40;
56731 : 64;
56732 : 84;
56733 : 85;
56734 : 84;
56735 : 64;
56736 : 64;
56737 : 40;
56738 : 64;
56739 : 64;
56740 : 64;
56741 : 64;
56742 : 64;
56743 : 64;
56744 : 64;
56745 : 64;
56746 : 64;
56747 : 64;
56748 : 64;
56749 : 64;
56750 : 64;
56751 : 64;
56752 : 64;
56753 : 64;
56754 : 64;
56755 : 64;
56756 : 64;
56757 : 44;
56758 : 40;
56759 : 64;
56760 : 64;
56761 : 64;
56762 : 40;
56763 : 40;
56764 : 84;
56765 : 84;
56766 : 84;
56767 : 84;
56768 : 85;
56769 : 84;
56770 : 89;
56771 : 89;
56772 : A9;
56773 : A9;
56774 : 89;
56775 : 89;
56776 : 89;
56777 : 85;
56778 : 64;
56779 : 64;
56780 : 64;
56781 : 64;
56782 : 64;
56783 : 64;
56784 : 64;
56785 : 64;
56786 : 64;
56787 : 85;
56788 : 85;
56789 : 85;
56790 : 85;
56791 : 64;
56792 : 64;
56793 : 64;
56794 : 64;
56795 : 64;
56796 : 64;
56797 : 64;
56798 : 64;
56799 : 64;
56800 : 64;
56801 : 85;
56802 : 40;
56803 : 84;
56804 : 64;
56805 : 64;
56806 : 85;
56807 : 40;
56808 : 84;
56809 : 40;
56810 : 85;
56811 : 40;
56812 : 64;
56813 : 64;
56814 : 64;
56815 : 64;
56816 : 64;
56817 : 40;
56818 : 64;
56819 : 64;
56820 : 64;
56821 : 64;
56822 : 64;
56823 : 64;
56824 : 64;
56825 : 64;
56826 : 64;
56827 : 64;
56828 : 64;
56829 : 64;
56830 : 44;
56831 : 44;
56832 : 40;
56833 : 64;
56834 : 20;
56835 : 40;
56836 : 40;
56837 : 64;
56838 : 40;
56839 : 40;
56840 : 84;
56841 : 85;
56842 : 64;
56843 : 40;
56844 : 40;
56845 : 44;
56846 : 44;
56847 : 40;
56848 : 40;
56849 : 40;
56850 : 40;
56851 : 40;
56852 : 64;
56853 : 64;
56854 : 64;
56855 : 64;
56856 : 64;
56857 : 64;
56858 : 64;
56859 : 64;
56860 : 64;
56861 : 64;
56862 : 64;
56863 : 64;
56864 : 60;
56865 : 64;
56866 : 40;
56867 : 64;
56868 : 40;
56869 : 64;
56870 : 64;
56871 : 64;
56872 : 64;
56873 : 64;
56874 : 64;
56875 : 64;
56876 : 64;
56877 : 60;
56878 : 64;
56879 : 44;
56880 : 24;
56881 : 24;
56882 : 49;
56883 : 49;
56884 : 49;
56885 : 49;
56886 : 49;
56887 : 49;
56888 : 49;
56889 : 00;
56890 : 6D;
56891 : 49;
56892 : 49;
56893 : 49;
56894 : 49;
56895 : 49;
56896 : 49;
56897 : 49;
56898 : 49;
56899 : 49;
56900 : 49;
56901 : 49;
56902 : 49;
56903 : 49;
56904 : 49;
56905 : 49;
56906 : 49;
56907 : 49;
56908 : 49;
56909 : 49;
56910 : 49;
56911 : 49;
56912 : 49;
56913 : 49;
56914 : 49;
56915 : 49;
56916 : 49;
56917 : 49;
56918 : 49;
56919 : 49;
56920 : 49;
56921 : 49;
56922 : 49;
56923 : 49;
56924 : 49;
56925 : 49;
56926 : 49;
56927 : 49;
56928 : 49;
56929 : 49;
56930 : 49;
56931 : 49;
56932 : 49;
56933 : 49;
56934 : 49;
56935 : 49;
56936 : 49;
56937 : 49;
56938 : 49;
56939 : 49;
56940 : 49;
56941 : 49;
56942 : 49;
56943 : 45;
56944 : 45;
56945 : 24;
56946 : 24;
56947 : 44;
56948 : 24;
56949 : 00;
56950 : 49;
56951 : 24;
56952 : 24;
56953 : 48;
56954 : 45;
56955 : 44;
56956 : 49;
56957 : 24;
56958 : 24;
56959 : 24;
56960 : 40;
56961 : 64;
56962 : 64;
56963 : 64;
56964 : 60;
56965 : 40;
56966 : 64;
56967 : 64;
56968 : 64;
56969 : 64;
56970 : 64;
56971 : 64;
56972 : 64;
56973 : 64;
56974 : 64;
56975 : 64;
56976 : 64;
56977 : 64;
56978 : 60;
56979 : 60;
56980 : 40;
56981 : 40;
56982 : 40;
56983 : 20;
56984 : 40;
56985 : 40;
56986 : 40;
56987 : 40;
56988 : 40;
56989 : 20;
56990 : 64;
56991 : 64;
56992 : 20;
56993 : 40;
56994 : 44;
56995 : 40;
56996 : 40;
56997 : 44;
56998 : 64;
56999 : 40;
57000 : 40;
57001 : 64;
57002 : 40;
57003 : 40;
57004 : 40;
57005 : 40;
57006 : 40;
57007 : 64;
57008 : 64;
57009 : 64;
57010 : 64;
57011 : 64;
57012 : 40;
57013 : 40;
57014 : 40;
57015 : 64;
57016 : 64;
57017 : 64;
57018 : 64;
57019 : 64;
57020 : 64;
57021 : 64;
57022 : 64;
57023 : 64;
57024 : 64;
57025 : 64;
57026 : 40;
57027 : 40;
57028 : 64;
57029 : 40;
57030 : 44;
57031 : 64;
57032 : 64;
57033 : 64;
57034 : 64;
57035 : 64;
57036 : 64;
57037 : 64;
57038 : 64;
57039 : 64;
57040 : 64;
57041 : 64;
57042 : 40;
57043 : 64;
57044 : 40;
57045 : 64;
57046 : 40;
57047 : 40;
57048 : 40;
57049 : 40;
57050 : 64;
57051 : 84;
57052 : 84;
57053 : 84;
57054 : 64;
57055 : 84;
57056 : 64;
57057 : 64;
57058 : 40;
57059 : 64;
57060 : 64;
57061 : 64;
57062 : 64;
57063 : 64;
57064 : 64;
57065 : 64;
57066 : 64;
57067 : 64;
57068 : 64;
57069 : 64;
57070 : 64;
57071 : 64;
57072 : 64;
57073 : 44;
57074 : 40;
57075 : 40;
57076 : 64;
57077 : 40;
57078 : 40;
57079 : 40;
57080 : 64;
57081 : 64;
57082 : 84;
57083 : 64;
57084 : 85;
57085 : 84;
57086 : 85;
57087 : 85;
57088 : 85;
57089 : 85;
57090 : 89;
57091 : 89;
57092 : A9;
57093 : A9;
57094 : 89;
57095 : 89;
57096 : 89;
57097 : 64;
57098 : 64;
57099 : 64;
57100 : 64;
57101 : 64;
57102 : 64;
57103 : 64;
57104 : 64;
57105 : 64;
57106 : 85;
57107 : 85;
57108 : 85;
57109 : 85;
57110 : 85;
57111 : 64;
57112 : 64;
57113 : 84;
57114 : 40;
57115 : 84;
57116 : 64;
57117 : 64;
57118 : 64;
57119 : 64;
57120 : 44;
57121 : 85;
57122 : 40;
57123 : 84;
57124 : 64;
57125 : 64;
57126 : 85;
57127 : 40;
57128 : 85;
57129 : 64;
57130 : 40;
57131 : 64;
57132 : 64;
57133 : 64;
57134 : 64;
57135 : 64;
57136 : 60;
57137 : 40;
57138 : 64;
57139 : 64;
57140 : 64;
57141 : 64;
57142 : 64;
57143 : 64;
57144 : 64;
57145 : 64;
57146 : 64;
57147 : 64;
57148 : 64;
57149 : 40;
57150 : 64;
57151 : 64;
57152 : 40;
57153 : 40;
57154 : 40;
57155 : 44;
57156 : 44;
57157 : 44;
57158 : 40;
57159 : 40;
57160 : 64;
57161 : 85;
57162 : 64;
57163 : 40;
57164 : 40;
57165 : 44;
57166 : 64;
57167 : 40;
57168 : 40;
57169 : 40;
57170 : 40;
57171 : 64;
57172 : 64;
57173 : 64;
57174 : 64;
57175 : 64;
57176 : 64;
57177 : 64;
57178 : 64;
57179 : 64;
57180 : 64;
57181 : 64;
57182 : 64;
57183 : 64;
57184 : 64;
57185 : 64;
57186 : 64;
57187 : 64;
57188 : 40;
57189 : 64;
57190 : 64;
57191 : 64;
57192 : 64;
57193 : 64;
57194 : 64;
57195 : 64;
57196 : 64;
57197 : 60;
57198 : 64;
57199 : 64;
57200 : 24;
57201 : 24;
57202 : 49;
57203 : 49;
57204 : 49;
57205 : 49;
57206 : 49;
57207 : 49;
57208 : 49;
57209 : 00;
57210 : 6D;
57211 : 49;
57212 : 49;
57213 : 49;
57214 : 49;
57215 : 49;
57216 : 49;
57217 : 49;
57218 : 49;
57219 : 49;
57220 : 49;
57221 : 49;
57222 : 49;
57223 : 49;
57224 : 49;
57225 : 49;
57226 : 49;
57227 : 49;
57228 : 49;
57229 : 49;
57230 : 49;
57231 : 49;
57232 : 49;
57233 : 49;
57234 : 49;
57235 : 49;
57236 : 49;
57237 : 49;
57238 : 49;
57239 : 49;
57240 : 49;
57241 : 49;
57242 : 49;
57243 : 49;
57244 : 49;
57245 : 49;
57246 : 49;
57247 : 49;
57248 : 49;
57249 : 49;
57250 : 49;
57251 : 49;
57252 : 49;
57253 : 49;
57254 : 49;
57255 : 49;
57256 : 49;
57257 : 49;
57258 : 49;
57259 : 49;
57260 : 49;
57261 : 49;
57262 : 45;
57263 : 44;
57264 : 24;
57265 : 24;
57266 : 24;
57267 : 24;
57268 : 24;
57269 : 00;
57270 : 49;
57271 : 24;
57272 : 24;
57273 : 24;
57274 : 24;
57275 : 24;
57276 : 49;
57277 : 24;
57278 : 24;
57279 : 24;
57280 : 40;
57281 : 20;
57282 : 64;
57283 : 64;
57284 : 64;
57285 : 40;
57286 : 64;
57287 : 60;
57288 : 64;
57289 : 64;
57290 : 64;
57291 : 64;
57292 : 64;
57293 : 64;
57294 : 64;
57295 : 64;
57296 : 64;
57297 : 64;
57298 : 64;
57299 : 60;
57300 : 60;
57301 : 40;
57302 : 40;
57303 : 40;
57304 : 40;
57305 : 40;
57306 : 40;
57307 : 40;
57308 : 40;
57309 : 20;
57310 : 64;
57311 : 64;
57312 : 20;
57313 : 40;
57314 : 40;
57315 : 44;
57316 : 44;
57317 : 64;
57318 : 20;
57319 : 44;
57320 : 64;
57321 : 64;
57322 : 20;
57323 : 64;
57324 : 64;
57325 : 64;
57326 : 64;
57327 : 64;
57328 : 20;
57329 : 20;
57330 : 20;
57331 : 20;
57332 : 40;
57333 : 64;
57334 : 64;
57335 : 64;
57336 : 64;
57337 : 64;
57338 : 64;
57339 : 64;
57340 : 64;
57341 : 64;
57342 : 64;
57343 : 64;
57344 : 44;
57345 : 20;
57346 : 64;
57347 : 64;
57348 : 40;
57349 : 44;
57350 : 64;
57351 : 64;
57352 : 64;
57353 : 64;
57354 : 64;
57355 : 64;
57356 : 64;
57357 : 64;
57358 : 64;
57359 : 64;
57360 : 64;
57361 : 40;
57362 : 84;
57363 : 64;
57364 : 40;
57365 : 40;
57366 : 64;
57367 : 40;
57368 : 64;
57369 : 84;
57370 : 84;
57371 : 84;
57372 : 64;
57373 : 64;
57374 : 64;
57375 : 40;
57376 : 64;
57377 : 64;
57378 : 64;
57379 : 40;
57380 : 64;
57381 : 64;
57382 : 64;
57383 : 64;
57384 : 64;
57385 : 64;
57386 : 64;
57387 : 64;
57388 : 64;
57389 : 64;
57390 : 64;
57391 : 64;
57392 : 40;
57393 : 64;
57394 : 64;
57395 : 64;
57396 : 20;
57397 : 44;
57398 : 64;
57399 : 64;
57400 : 64;
57401 : 84;
57402 : 84;
57403 : 84;
57404 : 84;
57405 : 85;
57406 : 64;
57407 : 40;
57408 : 64;
57409 : 64;
57410 : 89;
57411 : A9;
57412 : A9;
57413 : 89;
57414 : 89;
57415 : 89;
57416 : 64;
57417 : 64;
57418 : 85;
57419 : 64;
57420 : 64;
57421 : 64;
57422 : 64;
57423 : 64;
57424 : 64;
57425 : 64;
57426 : 85;
57427 : 85;
57428 : 85;
57429 : 85;
57430 : 85;
57431 : 64;
57432 : 64;
57433 : 64;
57434 : 40;
57435 : 84;
57436 : 64;
57437 : 64;
57438 : 64;
57439 : 64;
57440 : 40;
57441 : 85;
57442 : 40;
57443 : 84;
57444 : 64;
57445 : 64;
57446 : 85;
57447 : 40;
57448 : 85;
57449 : 60;
57450 : 64;
57451 : 64;
57452 : 64;
57453 : 64;
57454 : 64;
57455 : 40;
57456 : 64;
57457 : 40;
57458 : 64;
57459 : 64;
57460 : 64;
57461 : 64;
57462 : 64;
57463 : 64;
57464 : 64;
57465 : 64;
57466 : 64;
57467 : 64;
57468 : 40;
57469 : 84;
57470 : 64;
57471 : 40;
57472 : 40;
57473 : 44;
57474 : 44;
57475 : 40;
57476 : 40;
57477 : 44;
57478 : 40;
57479 : 40;
57480 : 40;
57481 : 64;
57482 : 85;
57483 : 64;
57484 : 40;
57485 : 40;
57486 : 40;
57487 : 40;
57488 : 40;
57489 : 40;
57490 : 64;
57491 : 64;
57492 : 64;
57493 : 64;
57494 : 60;
57495 : 60;
57496 : 40;
57497 : 40;
57498 : 40;
57499 : 40;
57500 : 60;
57501 : 60;
57502 : 40;
57503 : 40;
57504 : 64;
57505 : 64;
57506 : 64;
57507 : 64;
57508 : 40;
57509 : 64;
57510 : 64;
57511 : 64;
57512 : 64;
57513 : 64;
57514 : 64;
57515 : 64;
57516 : 64;
57517 : 64;
57518 : 60;
57519 : 64;
57520 : 24;
57521 : 24;
57522 : 69;
57523 : 49;
57524 : 49;
57525 : 49;
57526 : 49;
57527 : 49;
57528 : 49;
57529 : 00;
57530 : 6D;
57531 : 49;
57532 : 49;
57533 : 49;
57534 : 49;
57535 : 49;
57536 : 49;
57537 : 49;
57538 : 49;
57539 : 49;
57540 : 49;
57541 : 49;
57542 : 49;
57543 : 49;
57544 : 49;
57545 : 49;
57546 : 49;
57547 : 49;
57548 : 49;
57549 : 49;
57550 : 49;
57551 : 49;
57552 : 49;
57553 : 49;
57554 : 49;
57555 : 49;
57556 : 49;
57557 : 49;
57558 : 49;
57559 : 49;
57560 : 49;
57561 : 49;
57562 : 49;
57563 : 49;
57564 : 49;
57565 : 49;
57566 : 49;
57567 : 49;
57568 : 49;
57569 : 49;
57570 : 49;
57571 : 49;
57572 : 49;
57573 : 49;
57574 : 49;
57575 : 49;
57576 : 49;
57577 : 49;
57578 : 49;
57579 : 49;
57580 : 49;
57581 : 49;
57582 : 49;
57583 : 45;
57584 : 24;
57585 : 24;
57586 : 24;
57587 : 24;
57588 : 24;
57589 : 00;
57590 : 49;
57591 : 24;
57592 : 24;
57593 : 24;
57594 : 24;
57595 : 24;
57596 : 49;
57597 : 24;
57598 : 24;
57599 : 24;
57600 : 40;
57601 : 40;
57602 : 20;
57603 : 60;
57604 : 64;
57605 : 64;
57606 : 20;
57607 : 64;
57608 : 60;
57609 : 64;
57610 : 64;
57611 : 64;
57612 : 64;
57613 : 64;
57614 : 64;
57615 : 64;
57616 : 64;
57617 : 64;
57618 : 64;
57619 : 64;
57620 : 60;
57621 : 40;
57622 : 40;
57623 : 40;
57624 : 20;
57625 : 40;
57626 : 40;
57627 : 40;
57628 : 40;
57629 : 20;
57630 : 64;
57631 : 64;
57632 : 20;
57633 : 40;
57634 : 40;
57635 : 40;
57636 : 40;
57637 : 20;
57638 : 64;
57639 : 64;
57640 : 64;
57641 : 40;
57642 : 64;
57643 : 64;
57644 : 64;
57645 : 64;
57646 : 64;
57647 : 64;
57648 : 64;
57649 : 64;
57650 : 64;
57651 : 64;
57652 : 64;
57653 : 64;
57654 : 64;
57655 : 64;
57656 : 64;
57657 : 64;
57658 : 64;
57659 : 64;
57660 : 64;
57661 : 64;
57662 : 64;
57663 : 64;
57664 : 40;
57665 : 64;
57666 : 64;
57667 : 64;
57668 : 40;
57669 : 64;
57670 : 64;
57671 : 64;
57672 : 64;
57673 : 64;
57674 : 64;
57675 : 64;
57676 : 64;
57677 : 64;
57678 : 64;
57679 : 64;
57680 : 64;
57681 : 64;
57682 : 84;
57683 : 64;
57684 : 64;
57685 : 64;
57686 : 84;
57687 : 85;
57688 : 85;
57689 : 84;
57690 : 64;
57691 : 64;
57692 : 64;
57693 : 64;
57694 : 20;
57695 : 64;
57696 : 40;
57697 : 64;
57698 : 64;
57699 : 40;
57700 : 40;
57701 : 64;
57702 : 64;
57703 : 64;
57704 : 64;
57705 : 64;
57706 : 64;
57707 : 64;
57708 : 64;
57709 : 64;
57710 : 64;
57711 : 40;
57712 : 64;
57713 : 64;
57714 : 40;
57715 : 40;
57716 : 64;
57717 : 64;
57718 : 64;
57719 : 64;
57720 : 64;
57721 : 64;
57722 : 84;
57723 : 84;
57724 : 64;
57725 : 40;
57726 : 85;
57727 : 85;
57728 : 85;
57729 : 64;
57730 : 89;
57731 : A9;
57732 : 85;
57733 : 89;
57734 : 89;
57735 : 64;
57736 : 64;
57737 : 64;
57738 : 40;
57739 : 64;
57740 : 64;
57741 : 64;
57742 : 64;
57743 : 64;
57744 : 64;
57745 : 85;
57746 : 85;
57747 : 85;
57748 : 85;
57749 : 85;
57750 : 85;
57751 : 64;
57752 : 64;
57753 : 64;
57754 : 40;
57755 : 64;
57756 : 64;
57757 : 64;
57758 : 84;
57759 : 40;
57760 : 64;
57761 : 85;
57762 : 40;
57763 : 84;
57764 : 64;
57765 : 64;
57766 : 84;
57767 : 40;
57768 : 85;
57769 : 60;
57770 : 64;
57771 : 64;
57772 : 64;
57773 : 64;
57774 : 44;
57775 : 40;
57776 : 64;
57777 : 64;
57778 : 64;
57779 : 64;
57780 : 64;
57781 : 64;
57782 : 64;
57783 : 64;
57784 : 64;
57785 : 64;
57786 : 44;
57787 : 40;
57788 : 84;
57789 : 40;
57790 : 20;
57791 : 64;
57792 : 40;
57793 : 40;
57794 : 40;
57795 : 44;
57796 : 40;
57797 : 40;
57798 : 40;
57799 : 40;
57800 : 40;
57801 : 40;
57802 : 64;
57803 : 85;
57804 : 64;
57805 : 60;
57806 : 40;
57807 : 40;
57808 : 40;
57809 : 64;
57810 : 64;
57811 : 64;
57812 : 64;
57813 : 40;
57814 : 40;
57815 : 20;
57816 : 40;
57817 : 40;
57818 : 40;
57819 : 40;
57820 : 40;
57821 : 40;
57822 : 40;
57823 : 40;
57824 : 40;
57825 : 60;
57826 : 64;
57827 : 64;
57828 : 40;
57829 : 64;
57830 : 64;
57831 : 64;
57832 : 64;
57833 : 64;
57834 : 64;
57835 : 64;
57836 : 60;
57837 : 60;
57838 : 84;
57839 : 64;
57840 : 24;
57841 : 24;
57842 : 49;
57843 : 49;
57844 : 49;
57845 : 49;
57846 : 49;
57847 : 49;
57848 : 49;
57849 : 00;
57850 : 49;
57851 : 49;
57852 : 49;
57853 : 49;
57854 : 49;
57855 : 49;
57856 : 49;
57857 : 49;
57858 : 49;
57859 : 49;
57860 : 49;
57861 : 49;
57862 : 49;
57863 : 49;
57864 : 49;
57865 : 49;
57866 : 49;
57867 : 49;
57868 : 49;
57869 : 49;
57870 : 49;
57871 : 49;
57872 : 49;
57873 : 49;
57874 : 49;
57875 : 49;
57876 : 49;
57877 : 49;
57878 : 49;
57879 : 49;
57880 : 49;
57881 : 49;
57882 : 49;
57883 : 49;
57884 : 49;
57885 : 49;
57886 : 49;
57887 : 49;
57888 : 49;
57889 : 49;
57890 : 49;
57891 : 49;
57892 : 49;
57893 : 49;
57894 : 49;
57895 : 49;
57896 : 49;
57897 : 49;
57898 : 49;
57899 : 49;
57900 : 49;
57901 : 49;
57902 : 45;
57903 : 44;
57904 : 24;
57905 : 24;
57906 : 24;
57907 : 24;
57908 : 24;
57909 : 00;
57910 : 49;
57911 : 24;
57912 : 24;
57913 : 24;
57914 : 24;
57915 : 24;
57916 : 49;
57917 : 24;
57918 : 24;
57919 : 24;
57920 : 60;
57921 : 40;
57922 : 40;
57923 : 20;
57924 : 64;
57925 : 64;
57926 : 40;
57927 : 40;
57928 : 60;
57929 : 64;
57930 : 64;
57931 : 64;
57932 : 64;
57933 : 64;
57934 : 64;
57935 : 64;
57936 : 64;
57937 : 64;
57938 : 64;
57939 : 64;
57940 : 60;
57941 : 60;
57942 : 40;
57943 : 40;
57944 : 40;
57945 : 40;
57946 : 40;
57947 : 40;
57948 : 40;
57949 : 20;
57950 : 64;
57951 : 64;
57952 : 20;
57953 : 40;
57954 : 40;
57955 : 40;
57956 : 40;
57957 : 64;
57958 : 64;
57959 : 64;
57960 : 40;
57961 : 64;
57962 : 64;
57963 : 64;
57964 : 64;
57965 : 64;
57966 : 64;
57967 : 64;
57968 : 64;
57969 : 64;
57970 : 64;
57971 : 64;
57972 : 64;
57973 : 64;
57974 : 64;
57975 : 64;
57976 : 64;
57977 : 64;
57978 : 64;
57979 : 64;
57980 : 64;
57981 : 64;
57982 : 40;
57983 : 40;
57984 : 64;
57985 : 64;
57986 : 64;
57987 : 40;
57988 : 64;
57989 : 64;
57990 : 64;
57991 : 64;
57992 : 64;
57993 : 64;
57994 : 64;
57995 : 64;
57996 : 64;
57997 : 64;
57998 : 64;
57999 : 64;
58000 : 44;
58001 : 64;
58002 : 84;
58003 : 64;
58004 : 84;
58005 : 84;
58006 : 84;
58007 : 84;
58008 : 64;
58009 : 64;
58010 : 64;
58011 : 40;
58012 : 40;
58013 : 40;
58014 : 64;
58015 : 64;
58016 : 44;
58017 : 40;
58018 : 64;
58019 : 84;
58020 : 64;
58021 : 40;
58022 : 40;
58023 : 40;
58024 : 64;
58025 : 64;
58026 : 64;
58027 : 64;
58028 : 64;
58029 : 64;
58030 : 40;
58031 : 64;
58032 : 40;
58033 : 40;
58034 : 64;
58035 : 64;
58036 : 64;
58037 : 64;
58038 : 64;
58039 : 64;
58040 : 64;
58041 : 85;
58042 : 64;
58043 : 64;
58044 : 64;
58045 : 85;
58046 : 64;
58047 : 64;
58048 : 89;
58049 : A9;
58050 : 89;
58051 : 89;
58052 : 89;
58053 : 89;
58054 : 64;
58055 : 64;
58056 : 64;
58057 : 64;
58058 : 64;
58059 : 64;
58060 : 64;
58061 : 64;
58062 : 64;
58063 : 64;
58064 : 85;
58065 : 85;
58066 : 85;
58067 : 85;
58068 : 85;
58069 : 85;
58070 : 85;
58071 : 64;
58072 : 64;
58073 : 64;
58074 : 40;
58075 : 64;
58076 : 64;
58077 : 64;
58078 : 84;
58079 : 40;
58080 : 84;
58081 : 64;
58082 : 40;
58083 : 84;
58084 : 64;
58085 : 64;
58086 : 84;
58087 : 40;
58088 : 85;
58089 : 40;
58090 : 64;
58091 : 64;
58092 : 64;
58093 : 64;
58094 : 40;
58095 : 64;
58096 : 40;
58097 : 64;
58098 : 64;
58099 : 64;
58100 : 64;
58101 : 64;
58102 : 64;
58103 : 64;
58104 : 64;
58105 : 44;
58106 : 40;
58107 : 84;
58108 : 40;
58109 : 40;
58110 : 44;
58111 : 40;
58112 : 40;
58113 : 40;
58114 : 40;
58115 : 40;
58116 : 40;
58117 : 40;
58118 : 40;
58119 : 40;
58120 : 40;
58121 : 40;
58122 : 64;
58123 : 84;
58124 : 84;
58125 : 84;
58126 : 64;
58127 : 64;
58128 : 64;
58129 : 64;
58130 : 64;
58131 : 60;
58132 : 40;
58133 : 40;
58134 : 40;
58135 : 64;
58136 : 64;
58137 : 64;
58138 : 60;
58139 : 60;
58140 : 60;
58141 : 60;
58142 : 60;
58143 : 40;
58144 : 40;
58145 : 40;
58146 : 40;
58147 : 64;
58148 : 64;
58149 : 64;
58150 : 64;
58151 : 64;
58152 : 64;
58153 : 64;
58154 : 64;
58155 : 64;
58156 : 60;
58157 : 64;
58158 : 64;
58159 : 64;
58160 : 24;
58161 : 24;
58162 : 6D;
58163 : 49;
58164 : 49;
58165 : 49;
58166 : 49;
58167 : 49;
58168 : 49;
58169 : 00;
58170 : 6D;
58171 : 49;
58172 : 49;
58173 : 49;
58174 : 49;
58175 : 49;
58176 : 49;
58177 : 49;
58178 : 49;
58179 : 49;
58180 : 49;
58181 : 49;
58182 : 49;
58183 : 49;
58184 : 49;
58185 : 49;
58186 : 49;
58187 : 49;
58188 : 49;
58189 : 49;
58190 : 49;
58191 : 49;
58192 : 49;
58193 : 49;
58194 : 49;
58195 : 49;
58196 : 49;
58197 : 49;
58198 : 49;
58199 : 49;
58200 : 49;
58201 : 49;
58202 : 49;
58203 : 49;
58204 : 49;
58205 : 49;
58206 : 49;
58207 : 49;
58208 : 49;
58209 : 49;
58210 : 49;
58211 : 49;
58212 : 49;
58213 : 49;
58214 : 49;
58215 : 49;
58216 : 49;
58217 : 49;
58218 : 49;
58219 : 49;
58220 : 49;
58221 : 49;
58222 : 45;
58223 : 44;
58224 : 24;
58225 : 24;
58226 : 24;
58227 : 24;
58228 : 24;
58229 : 00;
58230 : 24;
58231 : 44;
58232 : 24;
58233 : 24;
58234 : 24;
58235 : 44;
58236 : 49;
58237 : 24;
58238 : 24;
58239 : 24;
58240 : 40;
58241 : 60;
58242 : 40;
58243 : 40;
58244 : 40;
58245 : 64;
58246 : 64;
58247 : 40;
58248 : 40;
58249 : 60;
58250 : 64;
58251 : 64;
58252 : 64;
58253 : 64;
58254 : 64;
58255 : 64;
58256 : 64;
58257 : 64;
58258 : 64;
58259 : 64;
58260 : 64;
58261 : 64;
58262 : 40;
58263 : 40;
58264 : 40;
58265 : 20;
58266 : 40;
58267 : 40;
58268 : 40;
58269 : 20;
58270 : 64;
58271 : 64;
58272 : 40;
58273 : 20;
58274 : 20;
58275 : 40;
58276 : 64;
58277 : 64;
58278 : 40;
58279 : 40;
58280 : 40;
58281 : 40;
58282 : 64;
58283 : 64;
58284 : 64;
58285 : 64;
58286 : 64;
58287 : 64;
58288 : 64;
58289 : 64;
58290 : 64;
58291 : 64;
58292 : 64;
58293 : 64;
58294 : 64;
58295 : 64;
58296 : 64;
58297 : 64;
58298 : 40;
58299 : 40;
58300 : 40;
58301 : 40;
58302 : 64;
58303 : 64;
58304 : 40;
58305 : 40;
58306 : 64;
58307 : 64;
58308 : 64;
58309 : 64;
58310 : 64;
58311 : 64;
58312 : 64;
58313 : 64;
58314 : 64;
58315 : 64;
58316 : 64;
58317 : 64;
58318 : 64;
58319 : 40;
58320 : 60;
58321 : 84;
58322 : 84;
58323 : 84;
58324 : 84;
58325 : 64;
58326 : 64;
58327 : 64;
58328 : 40;
58329 : 40;
58330 : 40;
58331 : 40;
58332 : 40;
58333 : 44;
58334 : 44;
58335 : 44;
58336 : 64;
58337 : 64;
58338 : 40;
58339 : 40;
58340 : 64;
58341 : 84;
58342 : 84;
58343 : 64;
58344 : 64;
58345 : 60;
58346 : 64;
58347 : 40;
58348 : 44;
58349 : 40;
58350 : 40;
58351 : 40;
58352 : 64;
58353 : 64;
58354 : 64;
58355 : 64;
58356 : 64;
58357 : 64;
58358 : 64;
58359 : 64;
58360 : 64;
58361 : 44;
58362 : 64;
58363 : 64;
58364 : 64;
58365 : 64;
58366 : 89;
58367 : A9;
58368 : A9;
58369 : A9;
58370 : 89;
58371 : 89;
58372 : 89;
58373 : 85;
58374 : 64;
58375 : 64;
58376 : 64;
58377 : 64;
58378 : 64;
58379 : 64;
58380 : 64;
58381 : 64;
58382 : 64;
58383 : 64;
58384 : 85;
58385 : 85;
58386 : 85;
58387 : 85;
58388 : 85;
58389 : 85;
58390 : 85;
58391 : 64;
58392 : 64;
58393 : 44;
58394 : 64;
58395 : 44;
58396 : 64;
58397 : 64;
58398 : 44;
58399 : 40;
58400 : 84;
58401 : 60;
58402 : 64;
58403 : 84;
58404 : 64;
58405 : 64;
58406 : 64;
58407 : 40;
58408 : 85;
58409 : 40;
58410 : 64;
58411 : 64;
58412 : 64;
58413 : 44;
58414 : 64;
58415 : 40;
58416 : 64;
58417 : 64;
58418 : 64;
58419 : 64;
58420 : 64;
58421 : 64;
58422 : 64;
58423 : 64;
58424 : 40;
58425 : 64;
58426 : 64;
58427 : 40;
58428 : 40;
58429 : 44;
58430 : 40;
58431 : 40;
58432 : 40;
58433 : 40;
58434 : 40;
58435 : 40;
58436 : 40;
58437 : 40;
58438 : 40;
58439 : 40;
58440 : 40;
58441 : 20;
58442 : 40;
58443 : 40;
58444 : 84;
58445 : 84;
58446 : 64;
58447 : 64;
58448 : 64;
58449 : 64;
58450 : 64;
58451 : 40;
58452 : 40;
58453 : 40;
58454 : 64;
58455 : 40;
58456 : 60;
58457 : 60;
58458 : 60;
58459 : 60;
58460 : 60;
58461 : 60;
58462 : 40;
58463 : 40;
58464 : 40;
58465 : 40;
58466 : 40;
58467 : 64;
58468 : 64;
58469 : 64;
58470 : 64;
58471 : 64;
58472 : 64;
58473 : 64;
58474 : 64;
58475 : 64;
58476 : 64;
58477 : 64;
58478 : 64;
58479 : 64;
58480 : 24;
58481 : 24;
58482 : 49;
58483 : 49;
58484 : 49;
58485 : 49;
58486 : 49;
58487 : 49;
58488 : 49;
58489 : 00;
58490 : 6D;
58491 : 49;
58492 : 49;
58493 : 49;
58494 : 49;
58495 : 49;
58496 : 49;
58497 : 49;
58498 : 49;
58499 : 49;
58500 : 49;
58501 : 49;
58502 : 49;
58503 : 49;
58504 : 49;
58505 : 49;
58506 : 49;
58507 : 49;
58508 : 49;
58509 : 49;
58510 : 49;
58511 : 49;
58512 : 49;
58513 : 49;
58514 : 49;
58515 : 49;
58516 : 49;
58517 : 49;
58518 : 49;
58519 : 49;
58520 : 49;
58521 : 49;
58522 : 49;
58523 : 49;
58524 : 49;
58525 : 49;
58526 : 49;
58527 : 49;
58528 : 49;
58529 : 49;
58530 : 49;
58531 : 49;
58532 : 49;
58533 : 49;
58534 : 49;
58535 : 49;
58536 : 49;
58537 : 49;
58538 : 49;
58539 : 49;
58540 : 49;
58541 : 49;
58542 : 45;
58543 : 45;
58544 : 24;
58545 : 24;
58546 : 24;
58547 : 24;
58548 : 24;
58549 : 24;
58550 : 24;
58551 : 24;
58552 : 24;
58553 : 24;
58554 : 24;
58555 : 24;
58556 : 49;
58557 : 24;
58558 : 24;
58559 : 24;
58560 : 40;
58561 : 40;
58562 : 40;
58563 : 40;
58564 : 40;
58565 : 64;
58566 : 64;
58567 : 64;
58568 : 20;
58569 : 40;
58570 : 60;
58571 : 64;
58572 : 64;
58573 : 64;
58574 : 64;
58575 : 64;
58576 : 64;
58577 : 64;
58578 : 64;
58579 : 64;
58580 : 64;
58581 : 60;
58582 : 60;
58583 : 40;
58584 : 40;
58585 : 40;
58586 : 20;
58587 : 40;
58588 : 40;
58589 : 20;
58590 : 64;
58591 : 64;
58592 : 64;
58593 : 64;
58594 : 64;
58595 : 64;
58596 : 40;
58597 : 20;
58598 : 40;
58599 : 40;
58600 : 44;
58601 : 44;
58602 : 40;
58603 : 64;
58604 : 64;
58605 : 64;
58606 : 64;
58607 : 64;
58608 : 64;
58609 : 64;
58610 : 64;
58611 : 64;
58612 : 64;
58613 : 64;
58614 : 64;
58615 : 64;
58616 : 64;
58617 : 20;
58618 : 40;
58619 : 64;
58620 : 64;
58621 : 64;
58622 : 20;
58623 : 40;
58624 : 64;
58625 : 64;
58626 : 64;
58627 : 64;
58628 : 64;
58629 : 64;
58630 : 64;
58631 : 64;
58632 : 64;
58633 : 64;
58634 : 64;
58635 : 64;
58636 : 64;
58637 : 64;
58638 : 20;
58639 : 64;
58640 : 84;
58641 : 84;
58642 : 85;
58643 : 84;
58644 : 64;
58645 : 60;
58646 : 40;
58647 : 40;
58648 : 40;
58649 : 40;
58650 : 44;
58651 : 44;
58652 : 44;
58653 : 64;
58654 : 40;
58655 : 64;
58656 : 64;
58657 : 64;
58658 : 64;
58659 : 64;
58660 : 40;
58661 : 40;
58662 : 64;
58663 : 64;
58664 : 64;
58665 : 64;
58666 : 64;
58667 : 64;
58668 : 64;
58669 : 40;
58670 : 64;
58671 : 40;
58672 : 64;
58673 : 64;
58674 : 64;
58675 : 64;
58676 : 64;
58677 : 64;
58678 : 40;
58679 : 40;
58680 : 40;
58681 : 85;
58682 : 40;
58683 : 64;
58684 : 85;
58685 : 85;
58686 : 89;
58687 : 89;
58688 : A9;
58689 : A9;
58690 : 89;
58691 : 89;
58692 : 85;
58693 : 84;
58694 : 64;
58695 : 64;
58696 : 64;
58697 : 64;
58698 : 64;
58699 : 64;
58700 : 64;
58701 : 64;
58702 : 64;
58703 : 85;
58704 : 85;
58705 : 85;
58706 : 85;
58707 : 85;
58708 : 85;
58709 : 85;
58710 : 85;
58711 : 64;
58712 : 64;
58713 : 40;
58714 : 85;
58715 : 40;
58716 : 84;
58717 : 84;
58718 : 40;
58719 : 84;
58720 : 85;
58721 : 40;
58722 : 64;
58723 : 64;
58724 : 64;
58725 : 64;
58726 : 64;
58727 : 40;
58728 : 85;
58729 : 40;
58730 : 64;
58731 : 64;
58732 : 44;
58733 : 64;
58734 : 40;
58735 : 64;
58736 : 64;
58737 : 64;
58738 : 64;
58739 : 64;
58740 : 64;
58741 : 64;
58742 : 64;
58743 : 40;
58744 : 64;
58745 : 40;
58746 : 40;
58747 : 44;
58748 : 40;
58749 : 40;
58750 : 40;
58751 : 40;
58752 : 40;
58753 : 40;
58754 : 40;
58755 : 44;
58756 : 44;
58757 : 40;
58758 : 20;
58759 : 64;
58760 : 64;
58761 : 64;
58762 : 64;
58763 : 64;
58764 : 84;
58765 : 84;
58766 : 84;
58767 : 84;
58768 : 64;
58769 : 40;
58770 : 40;
58771 : 40;
58772 : 40;
58773 : 64;
58774 : 64;
58775 : 60;
58776 : 60;
58777 : 60;
58778 : 60;
58779 : 60;
58780 : 60;
58781 : 60;
58782 : 40;
58783 : 40;
58784 : 40;
58785 : 60;
58786 : 40;
58787 : 84;
58788 : 64;
58789 : 64;
58790 : 64;
58791 : 64;
58792 : 64;
58793 : 64;
58794 : 64;
58795 : 64;
58796 : 64;
58797 : 64;
58798 : 64;
58799 : 40;
58800 : 24;
58801 : 24;
58802 : 49;
58803 : 49;
58804 : 49;
58805 : 49;
58806 : 49;
58807 : 49;
58808 : 24;
58809 : 6D;
58810 : 24;
58811 : 49;
58812 : 49;
58813 : 49;
58814 : 49;
58815 : 49;
58816 : 49;
58817 : 49;
58818 : 49;
58819 : 49;
58820 : 49;
58821 : 49;
58822 : 49;
58823 : 49;
58824 : 49;
58825 : 49;
58826 : 49;
58827 : 49;
58828 : 49;
58829 : 49;
58830 : 49;
58831 : 49;
58832 : 49;
58833 : 49;
58834 : 49;
58835 : 49;
58836 : 49;
58837 : 49;
58838 : 49;
58839 : 49;
58840 : 49;
58841 : 49;
58842 : 49;
58843 : 49;
58844 : 49;
58845 : 49;
58846 : 49;
58847 : 49;
58848 : 49;
58849 : 49;
58850 : 49;
58851 : 49;
58852 : 49;
58853 : 49;
58854 : 49;
58855 : 49;
58856 : 49;
58857 : 49;
58858 : 49;
58859 : 49;
58860 : 49;
58861 : 49;
58862 : 49;
58863 : 48;
58864 : 24;
58865 : 24;
58866 : 24;
58867 : 24;
58868 : 24;
58869 : 49;
58870 : 00;
58871 : 24;
58872 : 24;
58873 : 24;
58874 : 44;
58875 : 44;
58876 : 49;
58877 : 24;
58878 : 24;
58879 : 24;
58880 : 40;
58881 : 40;
58882 : 40;
58883 : 40;
58884 : 20;
58885 : 40;
58886 : 64;
58887 : 64;
58888 : 40;
58889 : 40;
58890 : 60;
58891 : 60;
58892 : 64;
58893 : 64;
58894 : 64;
58895 : 64;
58896 : 64;
58897 : 64;
58898 : 64;
58899 : 64;
58900 : 64;
58901 : 64;
58902 : 64;
58903 : 40;
58904 : 40;
58905 : 40;
58906 : 20;
58907 : 40;
58908 : 40;
58909 : 20;
58910 : 64;
58911 : 64;
58912 : 64;
58913 : 64;
58914 : 64;
58915 : 40;
58916 : 40;
58917 : 44;
58918 : 40;
58919 : 40;
58920 : 44;
58921 : 40;
58922 : 44;
58923 : 40;
58924 : 64;
58925 : 64;
58926 : 64;
58927 : 64;
58928 : 64;
58929 : 64;
58930 : 64;
58931 : 64;
58932 : 64;
58933 : 64;
58934 : 64;
58935 : 20;
58936 : 40;
58937 : 64;
58938 : 64;
58939 : 64;
58940 : 40;
58941 : 20;
58942 : 64;
58943 : 64;
58944 : 64;
58945 : 64;
58946 : 64;
58947 : 64;
58948 : 64;
58949 : 64;
58950 : 64;
58951 : 64;
58952 : 64;
58953 : 64;
58954 : 64;
58955 : 64;
58956 : 64;
58957 : 40;
58958 : 64;
58959 : 84;
58960 : 84;
58961 : 84;
58962 : 64;
58963 : 40;
58964 : 40;
58965 : 40;
58966 : 40;
58967 : 40;
58968 : 64;
58969 : 44;
58970 : 44;
58971 : 40;
58972 : 40;
58973 : 40;
58974 : 64;
58975 : 64;
58976 : 64;
58977 : 64;
58978 : 64;
58979 : 64;
58980 : 64;
58981 : 40;
58982 : 40;
58983 : 40;
58984 : 40;
58985 : 40;
58986 : 44;
58987 : 64;
58988 : 64;
58989 : 44;
58990 : 40;
58991 : 64;
58992 : 64;
58993 : 64;
58994 : 64;
58995 : 64;
58996 : 40;
58997 : 40;
58998 : 64;
58999 : 64;
59000 : 64;
59001 : 40;
59002 : 85;
59003 : 84;
59004 : 85;
59005 : 89;
59006 : 89;
59007 : A9;
59008 : A9;
59009 : 89;
59010 : 89;
59011 : 89;
59012 : 84;
59013 : 84;
59014 : 64;
59015 : 64;
59016 : 64;
59017 : 64;
59018 : 64;
59019 : 64;
59020 : 64;
59021 : 64;
59022 : 85;
59023 : 85;
59024 : 85;
59025 : 85;
59026 : 85;
59027 : 85;
59028 : 85;
59029 : 85;
59030 : 85;
59031 : 64;
59032 : 64;
59033 : 85;
59034 : 40;
59035 : 64;
59036 : 64;
59037 : 84;
59038 : 40;
59039 : 85;
59040 : 84;
59041 : 40;
59042 : 64;
59043 : 64;
59044 : 64;
59045 : 64;
59046 : 64;
59047 : 40;
59048 : 85;
59049 : 40;
59050 : 64;
59051 : 64;
59052 : 40;
59053 : 40;
59054 : 64;
59055 : 44;
59056 : 64;
59057 : 64;
59058 : 64;
59059 : 64;
59060 : 64;
59061 : 64;
59062 : 40;
59063 : 40;
59064 : 64;
59065 : 40;
59066 : 40;
59067 : 40;
59068 : 40;
59069 : 40;
59070 : 40;
59071 : 40;
59072 : 40;
59073 : 44;
59074 : 44;
59075 : 20;
59076 : 20;
59077 : 64;
59078 : 84;
59079 : 40;
59080 : 20;
59081 : 20;
59082 : 20;
59083 : 20;
59084 : 20;
59085 : 40;
59086 : 40;
59087 : 20;
59088 : 20;
59089 : 40;
59090 : 44;
59091 : 40;
59092 : 64;
59093 : 64;
59094 : 64;
59095 : 64;
59096 : 60;
59097 : 60;
59098 : 60;
59099 : 60;
59100 : 60;
59101 : 60;
59102 : 40;
59103 : 40;
59104 : 40;
59105 : 60;
59106 : 64;
59107 : 40;
59108 : 64;
59109 : 40;
59110 : 64;
59111 : 64;
59112 : 64;
59113 : 60;
59114 : 64;
59115 : 60;
59116 : 84;
59117 : 64;
59118 : 84;
59119 : 40;
59120 : 24;
59121 : 24;
59122 : 6D;
59123 : 49;
59124 : 49;
59125 : 49;
59126 : 49;
59127 : 24;
59128 : 00;
59129 : 6D;
59130 : 49;
59131 : 49;
59132 : 49;
59133 : 49;
59134 : 49;
59135 : 49;
59136 : 49;
59137 : 49;
59138 : 49;
59139 : 49;
59140 : 49;
59141 : 49;
59142 : 49;
59143 : 49;
59144 : 49;
59145 : 49;
59146 : 49;
59147 : 49;
59148 : 49;
59149 : 49;
59150 : 49;
59151 : 49;
59152 : 49;
59153 : 49;
59154 : 49;
59155 : 49;
59156 : 49;
59157 : 49;
59158 : 49;
59159 : 49;
59160 : 49;
59161 : 49;
59162 : 49;
59163 : 49;
59164 : 49;
59165 : 49;
59166 : 49;
59167 : 49;
59168 : 49;
59169 : 49;
59170 : 49;
59171 : 49;
59172 : 49;
59173 : 49;
59174 : 49;
59175 : 49;
59176 : 49;
59177 : 49;
59178 : 49;
59179 : 49;
59180 : 49;
59181 : 49;
59182 : 45;
59183 : 24;
59184 : 24;
59185 : 24;
59186 : 24;
59187 : 24;
59188 : 24;
59189 : 24;
59190 : 49;
59191 : 00;
59192 : 24;
59193 : 24;
59194 : 24;
59195 : 25;
59196 : 49;
59197 : 24;
59198 : 24;
59199 : 24;
59200 : 40;
59201 : 40;
59202 : 40;
59203 : 40;
59204 : 40;
59205 : 20;
59206 : 64;
59207 : 64;
59208 : 40;
59209 : 40;
59210 : 60;
59211 : 60;
59212 : 64;
59213 : 64;
59214 : 64;
59215 : 64;
59216 : 64;
59217 : 64;
59218 : 64;
59219 : 64;
59220 : 64;
59221 : 64;
59222 : 64;
59223 : 40;
59224 : 40;
59225 : 40;
59226 : 20;
59227 : 40;
59228 : 40;
59229 : 20;
59230 : 64;
59231 : 64;
59232 : 64;
59233 : 60;
59234 : 40;
59235 : 40;
59236 : 44;
59237 : 40;
59238 : 40;
59239 : 40;
59240 : 40;
59241 : 44;
59242 : 44;
59243 : 44;
59244 : 40;
59245 : 64;
59246 : 64;
59247 : 64;
59248 : 64;
59249 : 64;
59250 : 64;
59251 : 64;
59252 : 64;
59253 : 40;
59254 : 40;
59255 : 64;
59256 : 40;
59257 : 44;
59258 : 44;
59259 : 40;
59260 : 44;
59261 : 64;
59262 : 64;
59263 : 64;
59264 : 64;
59265 : 64;
59266 : 64;
59267 : 64;
59268 : 64;
59269 : 64;
59270 : 64;
59271 : 64;
59272 : 64;
59273 : 64;
59274 : 64;
59275 : 64;
59276 : 40;
59277 : 64;
59278 : 84;
59279 : 84;
59280 : 84;
59281 : 64;
59282 : 40;
59283 : 40;
59284 : 40;
59285 : 40;
59286 : 64;
59287 : 64;
59288 : 64;
59289 : 64;
59290 : 44;
59291 : 64;
59292 : 40;
59293 : 40;
59294 : 64;
59295 : 64;
59296 : 64;
59297 : 64;
59298 : 64;
59299 : 64;
59300 : 64;
59301 : 64;
59302 : 64;
59303 : 64;
59304 : 64;
59305 : 44;
59306 : 40;
59307 : 40;
59308 : 40;
59309 : 64;
59310 : 64;
59311 : 40;
59312 : 40;
59313 : 40;
59314 : 40;
59315 : 40;
59316 : 64;
59317 : 64;
59318 : 64;
59319 : 64;
59320 : 64;
59321 : 84;
59322 : 84;
59323 : 85;
59324 : 89;
59325 : 85;
59326 : A9;
59327 : A9;
59328 : 89;
59329 : 89;
59330 : 89;
59331 : 64;
59332 : 85;
59333 : 64;
59334 : 64;
59335 : 44;
59336 : 64;
59337 : 64;
59338 : 64;
59339 : 64;
59340 : 64;
59341 : 64;
59342 : 85;
59343 : 85;
59344 : 85;
59345 : 85;
59346 : 85;
59347 : 85;
59348 : 85;
59349 : 85;
59350 : 64;
59351 : 64;
59352 : 64;
59353 : 64;
59354 : 40;
59355 : 64;
59356 : 40;
59357 : 64;
59358 : 40;
59359 : 85;
59360 : 84;
59361 : 40;
59362 : 84;
59363 : 64;
59364 : 64;
59365 : 64;
59366 : 64;
59367 : 40;
59368 : 84;
59369 : 40;
59370 : 64;
59371 : 40;
59372 : 64;
59373 : 40;
59374 : 44;
59375 : 64;
59376 : 40;
59377 : 40;
59378 : 40;
59379 : 64;
59380 : 40;
59381 : 40;
59382 : 64;
59383 : 64;
59384 : 40;
59385 : 40;
59386 : 40;
59387 : 40;
59388 : 40;
59389 : 40;
59390 : 40;
59391 : 40;
59392 : 40;
59393 : 40;
59394 : 40;
59395 : 64;
59396 : 64;
59397 : 40;
59398 : 40;
59399 : 40;
59400 : 40;
59401 : 40;
59402 : 44;
59403 : 40;
59404 : 40;
59405 : 40;
59406 : 40;
59407 : 40;
59408 : 44;
59409 : 40;
59410 : 40;
59411 : 44;
59412 : 64;
59413 : 64;
59414 : 64;
59415 : 60;
59416 : 60;
59417 : 60;
59418 : 60;
59419 : 60;
59420 : 60;
59421 : 60;
59422 : 40;
59423 : 40;
59424 : 40;
59425 : 60;
59426 : 60;
59427 : 40;
59428 : 64;
59429 : 40;
59430 : 64;
59431 : 64;
59432 : 64;
59433 : 64;
59434 : 60;
59435 : 84;
59436 : 64;
59437 : 64;
59438 : 40;
59439 : 40;
59440 : 24;
59441 : 24;
59442 : 69;
59443 : 49;
59444 : 49;
59445 : 49;
59446 : 24;
59447 : 00;
59448 : 92;
59449 : 49;
59450 : 49;
59451 : 49;
59452 : 49;
59453 : 49;
59454 : 49;
59455 : 49;
59456 : 49;
59457 : 49;
59458 : 49;
59459 : 49;
59460 : 49;
59461 : 49;
59462 : 49;
59463 : 49;
59464 : 49;
59465 : 49;
59466 : 49;
59467 : 49;
59468 : 49;
59469 : 49;
59470 : 49;
59471 : 49;
59472 : 49;
59473 : 49;
59474 : 49;
59475 : 49;
59476 : 49;
59477 : 49;
59478 : 49;
59479 : 49;
59480 : 49;
59481 : 49;
59482 : 49;
59483 : 49;
59484 : 49;
59485 : 49;
59486 : 49;
59487 : 49;
59488 : 49;
59489 : 49;
59490 : 49;
59491 : 49;
59492 : 49;
59493 : 49;
59494 : 49;
59495 : 49;
59496 : 49;
59497 : 49;
59498 : 49;
59499 : 49;
59500 : 49;
59501 : 49;
59502 : 49;
59503 : 44;
59504 : 24;
59505 : 24;
59506 : 24;
59507 : 24;
59508 : 24;
59509 : 24;
59510 : 24;
59511 : 49;
59512 : 00;
59513 : 24;
59514 : 24;
59515 : 24;
59516 : 49;
59517 : 24;
59518 : 24;
59519 : 24;
59520 : 40;
59521 : 40;
59522 : 40;
59523 : 40;
59524 : 40;
59525 : 20;
59526 : 64;
59527 : 64;
59528 : 64;
59529 : 40;
59530 : 64;
59531 : 60;
59532 : 64;
59533 : 64;
59534 : 64;
59535 : 64;
59536 : 64;
59537 : 64;
59538 : 64;
59539 : 64;
59540 : 64;
59541 : 64;
59542 : 64;
59543 : 40;
59544 : 40;
59545 : 40;
59546 : 40;
59547 : 20;
59548 : 40;
59549 : 64;
59550 : 64;
59551 : 64;
59552 : 60;
59553 : 40;
59554 : 40;
59555 : 40;
59556 : 40;
59557 : 40;
59558 : 40;
59559 : 40;
59560 : 40;
59561 : 40;
59562 : 40;
59563 : 44;
59564 : 44;
59565 : 44;
59566 : 44;
59567 : 44;
59568 : 44;
59569 : 44;
59570 : 40;
59571 : 40;
59572 : 40;
59573 : 40;
59574 : 64;
59575 : 64;
59576 : 40;
59577 : 40;
59578 : 40;
59579 : 64;
59580 : 64;
59581 : 64;
59582 : 64;
59583 : 64;
59584 : 64;
59585 : 64;
59586 : 64;
59587 : 64;
59588 : 64;
59589 : 64;
59590 : 64;
59591 : 64;
59592 : 64;
59593 : 64;
59594 : 64;
59595 : 40;
59596 : 40;
59597 : 84;
59598 : 85;
59599 : 84;
59600 : 64;
59601 : 40;
59602 : 40;
59603 : 40;
59604 : 64;
59605 : 44;
59606 : 44;
59607 : 64;
59608 : 64;
59609 : 64;
59610 : 64;
59611 : 64;
59612 : 40;
59613 : 40;
59614 : 64;
59615 : 64;
59616 : 64;
59617 : 64;
59618 : 64;
59619 : 64;
59620 : 64;
59621 : 64;
59622 : 64;
59623 : 64;
59624 : 64;
59625 : 64;
59626 : 64;
59627 : 64;
59628 : 40;
59629 : 40;
59630 : 64;
59631 : 40;
59632 : 40;
59633 : 44;
59634 : 44;
59635 : 64;
59636 : 64;
59637 : 64;
59638 : 64;
59639 : 64;
59640 : 84;
59641 : 85;
59642 : 85;
59643 : 89;
59644 : 85;
59645 : 89;
59646 : A9;
59647 : 89;
59648 : 89;
59649 : 85;
59650 : 85;
59651 : 84;
59652 : 84;
59653 : 64;
59654 : 64;
59655 : 64;
59656 : 64;
59657 : 64;
59658 : 64;
59659 : 64;
59660 : 64;
59661 : 85;
59662 : 85;
59663 : 85;
59664 : 85;
59665 : 85;
59666 : 85;
59667 : 85;
59668 : 85;
59669 : 84;
59670 : 64;
59671 : 64;
59672 : 64;
59673 : 64;
59674 : 64;
59675 : 40;
59676 : 64;
59677 : 40;
59678 : 64;
59679 : 85;
59680 : 64;
59681 : 40;
59682 : 64;
59683 : 64;
59684 : 64;
59685 : 64;
59686 : 64;
59687 : 40;
59688 : 84;
59689 : 40;
59690 : 64;
59691 : 40;
59692 : 40;
59693 : 44;
59694 : 44;
59695 : 44;
59696 : 44;
59697 : 64;
59698 : 40;
59699 : 40;
59700 : 64;
59701 : 64;
59702 : 60;
59703 : 40;
59704 : 40;
59705 : 40;
59706 : 40;
59707 : 40;
59708 : 40;
59709 : 44;
59710 : 40;
59711 : 40;
59712 : 40;
59713 : 40;
59714 : 40;
59715 : 40;
59716 : 40;
59717 : 40;
59718 : 40;
59719 : 40;
59720 : 40;
59721 : 40;
59722 : 40;
59723 : 44;
59724 : 40;
59725 : 40;
59726 : 40;
59727 : 40;
59728 : 40;
59729 : 40;
59730 : 44;
59731 : 64;
59732 : 64;
59733 : 64;
59734 : 64;
59735 : 64;
59736 : 60;
59737 : 60;
59738 : 60;
59739 : 60;
59740 : 60;
59741 : 40;
59742 : 40;
59743 : 40;
59744 : 60;
59745 : 60;
59746 : 60;
59747 : 40;
59748 : 40;
59749 : 40;
59750 : 64;
59751 : 64;
59752 : 64;
59753 : 60;
59754 : 64;
59755 : 84;
59756 : 84;
59757 : 64;
59758 : 40;
59759 : 40;
59760 : 24;
59761 : 24;
59762 : 69;
59763 : 49;
59764 : 49;
59765 : 24;
59766 : 00;
59767 : 92;
59768 : 49;
59769 : 49;
59770 : 49;
59771 : 49;
59772 : 49;
59773 : 49;
59774 : 49;
59775 : 49;
59776 : 49;
59777 : 49;
59778 : 49;
59779 : 49;
59780 : 49;
59781 : 49;
59782 : 49;
59783 : 49;
59784 : 49;
59785 : 49;
59786 : 49;
59787 : 49;
59788 : 49;
59789 : 49;
59790 : 49;
59791 : 49;
59792 : 49;
59793 : 49;
59794 : 49;
59795 : 49;
59796 : 49;
59797 : 49;
59798 : 49;
59799 : 49;
59800 : 49;
59801 : 49;
59802 : 49;
59803 : 49;
59804 : 49;
59805 : 49;
59806 : 49;
59807 : 49;
59808 : 49;
59809 : 49;
59810 : 49;
59811 : 49;
59812 : 49;
59813 : 49;
59814 : 49;
59815 : 49;
59816 : 49;
59817 : 49;
59818 : 49;
59819 : 49;
59820 : 49;
59821 : 49;
59822 : 49;
59823 : 44;
59824 : 24;
59825 : 24;
59826 : 24;
59827 : 24;
59828 : 24;
59829 : 24;
59830 : 24;
59831 : 24;
59832 : 49;
59833 : 00;
59834 : 24;
59835 : 24;
59836 : 49;
59837 : 24;
59838 : 24;
59839 : 24;
59840 : 60;
59841 : 40;
59842 : 40;
59843 : 40;
59844 : 40;
59845 : 40;
59846 : 40;
59847 : 64;
59848 : 64;
59849 : 40;
59850 : 64;
59851 : 60;
59852 : 60;
59853 : 64;
59854 : 64;
59855 : 64;
59856 : 64;
59857 : 64;
59858 : 64;
59859 : 64;
59860 : 64;
59861 : 64;
59862 : 64;
59863 : 40;
59864 : 40;
59865 : 40;
59866 : 40;
59867 : 20;
59868 : 64;
59869 : 64;
59870 : 64;
59871 : 64;
59872 : 40;
59873 : 40;
59874 : 40;
59875 : 40;
59876 : 40;
59877 : 40;
59878 : 40;
59879 : 40;
59880 : 40;
59881 : 40;
59882 : 40;
59883 : 44;
59884 : 44;
59885 : 44;
59886 : 44;
59887 : 44;
59888 : 44;
59889 : 44;
59890 : 64;
59891 : 20;
59892 : 60;
59893 : 64;
59894 : 64;
59895 : 40;
59896 : 40;
59897 : 64;
59898 : 64;
59899 : 64;
59900 : 64;
59901 : 64;
59902 : 64;
59903 : 64;
59904 : 64;
59905 : 64;
59906 : 64;
59907 : 64;
59908 : 64;
59909 : 64;
59910 : 64;
59911 : 64;
59912 : 64;
59913 : 64;
59914 : 40;
59915 : 40;
59916 : 64;
59917 : A9;
59918 : 84;
59919 : 64;
59920 : 40;
59921 : 40;
59922 : 40;
59923 : 40;
59924 : 40;
59925 : 64;
59926 : 64;
59927 : 64;
59928 : 64;
59929 : 64;
59930 : 64;
59931 : 40;
59932 : 40;
59933 : 64;
59934 : 64;
59935 : 64;
59936 : 64;
59937 : 64;
59938 : 64;
59939 : 64;
59940 : 64;
59941 : 64;
59942 : 64;
59943 : 64;
59944 : 64;
59945 : 64;
59946 : 64;
59947 : 64;
59948 : 64;
59949 : 40;
59950 : 64;
59951 : 64;
59952 : 40;
59953 : 40;
59954 : 64;
59955 : 64;
59956 : 64;
59957 : 64;
59958 : 84;
59959 : 85;
59960 : 85;
59961 : 89;
59962 : 89;
59963 : 89;
59964 : A9;
59965 : A9;
59966 : 85;
59967 : 85;
59968 : 85;
59969 : 85;
59970 : 85;
59971 : 85;
59972 : 64;
59973 : 64;
59974 : 64;
59975 : 64;
59976 : 64;
59977 : 64;
59978 : 64;
59979 : 64;
59980 : 85;
59981 : 85;
59982 : 85;
59983 : 85;
59984 : 85;
59985 : 85;
59986 : 85;
59987 : 85;
59988 : 85;
59989 : 64;
59990 : 64;
59991 : 64;
59992 : 64;
59993 : 64;
59994 : 64;
59995 : 40;
59996 : 40;
59997 : 40;
59998 : 85;
59999 : 85;
60000 : 64;
60001 : 40;
60002 : 84;
60003 : 64;
60004 : 64;
60005 : 64;
60006 : 40;
60007 : 40;
60008 : 84;
60009 : 64;
60010 : 40;
60011 : 40;
60012 : 44;
60013 : 44;
60014 : 44;
60015 : 64;
60016 : 40;
60017 : 40;
60018 : 40;
60019 : 85;
60020 : 64;
60021 : 40;
60022 : 40;
60023 : 40;
60024 : 40;
60025 : 44;
60026 : 40;
60027 : 40;
60028 : 44;
60029 : 40;
60030 : 64;
60031 : 64;
60032 : 20;
60033 : 40;
60034 : 40;
60035 : 40;
60036 : 40;
60037 : 40;
60038 : 40;
60039 : 40;
60040 : 40;
60041 : 44;
60042 : 44;
60043 : 44;
60044 : 40;
60045 : 40;
60046 : 40;
60047 : 40;
60048 : 40;
60049 : 40;
60050 : 64;
60051 : 64;
60052 : 64;
60053 : 64;
60054 : 64;
60055 : 64;
60056 : 60;
60057 : 60;
60058 : 60;
60059 : 60;
60060 : 40;
60061 : 40;
60062 : 40;
60063 : 60;
60064 : 40;
60065 : 40;
60066 : 40;
60067 : 60;
60068 : 40;
60069 : 64;
60070 : 40;
60071 : 64;
60072 : 64;
60073 : 64;
60074 : 84;
60075 : 84;
60076 : 64;
60077 : 40;
60078 : 40;
60079 : 40;
60080 : 24;
60081 : 24;
60082 : 6D;
60083 : 49;
60084 : 24;
60085 : 00;
60086 : 92;
60087 : 49;
60088 : 49;
60089 : 49;
60090 : 49;
60091 : 49;
60092 : 49;
60093 : 49;
60094 : 49;
60095 : 49;
60096 : 49;
60097 : 49;
60098 : 49;
60099 : 49;
60100 : 49;
60101 : 49;
60102 : 49;
60103 : 49;
60104 : 49;
60105 : 49;
60106 : 49;
60107 : 49;
60108 : 49;
60109 : 49;
60110 : 49;
60111 : 49;
60112 : 49;
60113 : 49;
60114 : 49;
60115 : 49;
60116 : 49;
60117 : 49;
60118 : 49;
60119 : 49;
60120 : 49;
60121 : 49;
60122 : 49;
60123 : 49;
60124 : 49;
60125 : 49;
60126 : 49;
60127 : 49;
60128 : 49;
60129 : 49;
60130 : 49;
60131 : 49;
60132 : 49;
60133 : 49;
60134 : 49;
60135 : 49;
60136 : 49;
60137 : 49;
60138 : 49;
60139 : 49;
60140 : 49;
60141 : 24;
60142 : 24;
60143 : 24;
60144 : 24;
60145 : 24;
60146 : 24;
60147 : 24;
60148 : 24;
60149 : 24;
60150 : 24;
60151 : 24;
60152 : 24;
60153 : 49;
60154 : 00;
60155 : 25;
60156 : 49;
60157 : 24;
60158 : 24;
60159 : 24;
60160 : 40;
60161 : 40;
60162 : 40;
60163 : 40;
60164 : 40;
60165 : 40;
60166 : 20;
60167 : 64;
60168 : 64;
60169 : 40;
60170 : 64;
60171 : 60;
60172 : 60;
60173 : 60;
60174 : 64;
60175 : 64;
60176 : 64;
60177 : 64;
60178 : 64;
60179 : 64;
60180 : 64;
60181 : 64;
60182 : 64;
60183 : 40;
60184 : 40;
60185 : 40;
60186 : 40;
60187 : 20;
60188 : 64;
60189 : 64;
60190 : 64;
60191 : 20;
60192 : 40;
60193 : 40;
60194 : 40;
60195 : 40;
60196 : 40;
60197 : 40;
60198 : 40;
60199 : 40;
60200 : 40;
60201 : 40;
60202 : 40;
60203 : 40;
60204 : 44;
60205 : 44;
60206 : 44;
60207 : 44;
60208 : 44;
60209 : 64;
60210 : 20;
60211 : 64;
60212 : 64;
60213 : 64;
60214 : 20;
60215 : 40;
60216 : 64;
60217 : 64;
60218 : 64;
60219 : 64;
60220 : 64;
60221 : 64;
60222 : 64;
60223 : 64;
60224 : 64;
60225 : 64;
60226 : 64;
60227 : 64;
60228 : 64;
60229 : 64;
60230 : 64;
60231 : 64;
60232 : 64;
60233 : 40;
60234 : 64;
60235 : 64;
60236 : A9;
60237 : 84;
60238 : 64;
60239 : 40;
60240 : 40;
60241 : 40;
60242 : 40;
60243 : 40;
60244 : 64;
60245 : 64;
60246 : 64;
60247 : 64;
60248 : 64;
60249 : 64;
60250 : 40;
60251 : 40;
60252 : 64;
60253 : 64;
60254 : 64;
60255 : 64;
60256 : 64;
60257 : 64;
60258 : 64;
60259 : 64;
60260 : 64;
60261 : 64;
60262 : 64;
60263 : 64;
60264 : 64;
60265 : 64;
60266 : 64;
60267 : 64;
60268 : 64;
60269 : 40;
60270 : 40;
60271 : 64;
60272 : 40;
60273 : 64;
60274 : 64;
60275 : 64;
60276 : 64;
60277 : 84;
60278 : 85;
60279 : 85;
60280 : 89;
60281 : 89;
60282 : 89;
60283 : 89;
60284 : A9;
60285 : A9;
60286 : 85;
60287 : 85;
60288 : 85;
60289 : 84;
60290 : 84;
60291 : 84;
60292 : 64;
60293 : 64;
60294 : 64;
60295 : 64;
60296 : 64;
60297 : 64;
60298 : 64;
60299 : 85;
60300 : 85;
60301 : 85;
60302 : 85;
60303 : 85;
60304 : 85;
60305 : 85;
60306 : 85;
60307 : 85;
60308 : 85;
60309 : 64;
60310 : 64;
60311 : 64;
60312 : 64;
60313 : 64;
60314 : 64;
60315 : 64;
60316 : 40;
60317 : 64;
60318 : 85;
60319 : 85;
60320 : 64;
60321 : 64;
60322 : 64;
60323 : 64;
60324 : 64;
60325 : 64;
60326 : 40;
60327 : 64;
60328 : 84;
60329 : 40;
60330 : 40;
60331 : 64;
60332 : 44;
60333 : 44;
60334 : 64;
60335 : 40;
60336 : 40;
60337 : 85;
60338 : 85;
60339 : 40;
60340 : 20;
60341 : 44;
60342 : 44;
60343 : 44;
60344 : 40;
60345 : 40;
60346 : 44;
60347 : 44;
60348 : 40;
60349 : 64;
60350 : 20;
60351 : 20;
60352 : 44;
60353 : 40;
60354 : 40;
60355 : 40;
60356 : 40;
60357 : 40;
60358 : 40;
60359 : 40;
60360 : 40;
60361 : 44;
60362 : 44;
60363 : 40;
60364 : 40;
60365 : 40;
60366 : 44;
60367 : 40;
60368 : 40;
60369 : 40;
60370 : 64;
60371 : 64;
60372 : 64;
60373 : 64;
60374 : 64;
60375 : 64;
60376 : 60;
60377 : 60;
60378 : 60;
60379 : 60;
60380 : 40;
60381 : 40;
60382 : 40;
60383 : 60;
60384 : 60;
60385 : 40;
60386 : 60;
60387 : 40;
60388 : 40;
60389 : 64;
60390 : 40;
60391 : 64;
60392 : 64;
60393 : 64;
60394 : 84;
60395 : 84;
60396 : 64;
60397 : 40;
60398 : 40;
60399 : 40;
60400 : 24;
60401 : 24;
60402 : 6D;
60403 : 49;
60404 : 24;
60405 : 24;
60406 : 49;
60407 : 49;
60408 : 49;
60409 : 49;
60410 : 49;
60411 : 49;
60412 : 49;
60413 : 49;
60414 : 49;
60415 : 49;
60416 : 49;
60417 : 49;
60418 : 49;
60419 : 49;
60420 : 49;
60421 : 49;
60422 : 49;
60423 : 49;
60424 : 49;
60425 : 49;
60426 : 49;
60427 : 49;
60428 : 49;
60429 : 49;
60430 : 49;
60431 : 49;
60432 : 49;
60433 : 49;
60434 : 49;
60435 : 49;
60436 : 49;
60437 : 49;
60438 : 49;
60439 : 49;
60440 : 49;
60441 : 49;
60442 : 49;
60443 : 49;
60444 : 49;
60445 : 49;
60446 : 49;
60447 : 49;
60448 : 49;
60449 : 49;
60450 : 49;
60451 : 49;
60452 : 49;
60453 : 49;
60454 : 49;
60455 : 49;
60456 : 49;
60457 : 49;
60458 : 49;
60459 : 49;
60460 : 49;
60461 : 49;
60462 : 24;
60463 : 24;
60464 : 24;
60465 : 24;
60466 : 24;
60467 : 24;
60468 : 44;
60469 : 24;
60470 : 24;
60471 : 24;
60472 : 24;
60473 : 49;
60474 : 00;
60475 : 24;
60476 : 49;
60477 : 24;
60478 : 24;
60479 : 24;
60480 : 40;
60481 : 40;
60482 : 40;
60483 : 40;
60484 : 40;
60485 : 40;
60486 : 20;
60487 : 64;
60488 : 64;
60489 : 40;
60490 : 40;
60491 : 60;
60492 : 60;
60493 : 60;
60494 : 60;
60495 : 64;
60496 : 64;
60497 : 64;
60498 : 64;
60499 : 64;
60500 : 64;
60501 : 64;
60502 : 64;
60503 : 64;
60504 : 40;
60505 : 40;
60506 : 40;
60507 : 20;
60508 : 64;
60509 : 64;
60510 : 64;
60511 : 20;
60512 : 20;
60513 : 40;
60514 : 40;
60515 : 40;
60516 : 40;
60517 : 40;
60518 : 40;
60519 : 40;
60520 : 40;
60521 : 40;
60522 : 40;
60523 : 40;
60524 : 40;
60525 : 40;
60526 : 40;
60527 : 44;
60528 : 40;
60529 : 40;
60530 : 64;
60531 : 64;
60532 : 64;
60533 : 40;
60534 : 40;
60535 : 64;
60536 : 64;
60537 : 64;
60538 : 64;
60539 : 64;
60540 : 64;
60541 : 64;
60542 : 64;
60543 : 64;
60544 : 64;
60545 : 64;
60546 : 64;
60547 : 64;
60548 : 64;
60549 : 64;
60550 : 64;
60551 : 64;
60552 : 40;
60553 : 64;
60554 : 84;
60555 : A9;
60556 : 84;
60557 : 64;
60558 : 40;
60559 : 40;
60560 : 44;
60561 : 44;
60562 : 64;
60563 : 64;
60564 : 64;
60565 : 64;
60566 : 64;
60567 : 64;
60568 : 64;
60569 : 40;
60570 : 64;
60571 : 64;
60572 : 64;
60573 : 64;
60574 : 64;
60575 : 64;
60576 : 64;
60577 : 64;
60578 : 64;
60579 : 64;
60580 : 64;
60581 : 64;
60582 : 64;
60583 : 64;
60584 : 64;
60585 : 64;
60586 : 64;
60587 : 64;
60588 : 64;
60589 : 64;
60590 : 40;
60591 : 44;
60592 : 64;
60593 : 40;
60594 : 64;
60595 : 64;
60596 : 84;
60597 : 85;
60598 : 85;
60599 : 89;
60600 : 89;
60601 : 89;
60602 : 89;
60603 : 89;
60604 : A9;
60605 : 85;
60606 : 85;
60607 : 85;
60608 : 64;
60609 : 84;
60610 : 84;
60611 : 64;
60612 : 64;
60613 : 64;
60614 : 64;
60615 : 64;
60616 : 64;
60617 : 64;
60618 : 85;
60619 : 85;
60620 : 85;
60621 : 85;
60622 : 85;
60623 : 85;
60624 : 85;
60625 : 85;
60626 : 85;
60627 : 85;
60628 : 64;
60629 : 64;
60630 : 64;
60631 : 64;
60632 : 64;
60633 : 64;
60634 : 64;
60635 : 64;
60636 : 40;
60637 : 64;
60638 : 85;
60639 : 85;
60640 : 64;
60641 : 64;
60642 : 64;
60643 : 64;
60644 : 64;
60645 : 64;
60646 : 20;
60647 : A9;
60648 : 40;
60649 : 40;
60650 : 64;
60651 : 44;
60652 : 44;
60653 : 40;
60654 : 40;
60655 : 64;
60656 : 84;
60657 : 40;
60658 : 40;
60659 : 40;
60660 : 44;
60661 : 40;
60662 : 44;
60663 : 44;
60664 : 40;
60665 : 40;
60666 : 40;
60667 : 40;
60668 : 40;
60669 : 40;
60670 : 40;
60671 : 44;
60672 : 40;
60673 : 40;
60674 : 40;
60675 : 40;
60676 : 40;
60677 : 40;
60678 : 40;
60679 : 40;
60680 : 44;
60681 : 44;
60682 : 44;
60683 : 40;
60684 : 40;
60685 : 40;
60686 : 40;
60687 : 40;
60688 : 40;
60689 : 64;
60690 : 64;
60691 : 64;
60692 : 64;
60693 : 64;
60694 : 60;
60695 : 60;
60696 : 60;
60697 : 60;
60698 : 60;
60699 : 40;
60700 : 40;
60701 : 40;
60702 : 64;
60703 : 40;
60704 : 60;
60705 : 40;
60706 : 60;
60707 : 40;
60708 : 40;
60709 : 64;
60710 : 40;
60711 : 64;
60712 : 64;
60713 : 84;
60714 : 84;
60715 : 84;
60716 : 40;
60717 : 40;
60718 : 40;
60719 : 40;
60720 : 24;
60721 : 24;
60722 : 6D;
60723 : 49;
60724 : 24;
60725 : 24;
60726 : 49;
60727 : 49;
60728 : 49;
60729 : 49;
60730 : 49;
60731 : 49;
60732 : 49;
60733 : 49;
60734 : 49;
60735 : 49;
60736 : 49;
60737 : 49;
60738 : 49;
60739 : 49;
60740 : 49;
60741 : 49;
60742 : 49;
60743 : 49;
60744 : 49;
60745 : 49;
60746 : 49;
60747 : 49;
60748 : 49;
60749 : 49;
60750 : 49;
60751 : 49;
60752 : 49;
60753 : 49;
60754 : 49;
60755 : 49;
60756 : 49;
60757 : 49;
60758 : 49;
60759 : 49;
60760 : 49;
60761 : 49;
60762 : 49;
60763 : 49;
60764 : 49;
60765 : 49;
60766 : 49;
60767 : 49;
60768 : 49;
60769 : 49;
60770 : 49;
60771 : 49;
60772 : 49;
60773 : 49;
60774 : 49;
60775 : 49;
60776 : 49;
60777 : 49;
60778 : 49;
60779 : 49;
60780 : 49;
60781 : 49;
60782 : 24;
60783 : 24;
60784 : 44;
60785 : 24;
60786 : 24;
60787 : 24;
60788 : 24;
60789 : 24;
60790 : 24;
60791 : 44;
60792 : 24;
60793 : 49;
60794 : 00;
60795 : 24;
60796 : 49;
60797 : 24;
60798 : 24;
60799 : 24;
60800 : 40;
60801 : 40;
60802 : 40;
60803 : 40;
60804 : 40;
60805 : 60;
60806 : 20;
60807 : 64;
60808 : 64;
60809 : 64;
60810 : 20;
60811 : 64;
60812 : 60;
60813 : 60;
60814 : 60;
60815 : 60;
60816 : 64;
60817 : 64;
60818 : 64;
60819 : 64;
60820 : 64;
60821 : 64;
60822 : 64;
60823 : 64;
60824 : 40;
60825 : 40;
60826 : 40;
60827 : 20;
60828 : 64;
60829 : 64;
60830 : 64;
60831 : 40;
60832 : 40;
60833 : 40;
60834 : 40;
60835 : 40;
60836 : 40;
60837 : 40;
60838 : 40;
60839 : 40;
60840 : 40;
60841 : 40;
60842 : 40;
60843 : 40;
60844 : 40;
60845 : 40;
60846 : 40;
60847 : 40;
60848 : 40;
60849 : 60;
60850 : 64;
60851 : 64;
60852 : 40;
60853 : 40;
60854 : 64;
60855 : 64;
60856 : 64;
60857 : 64;
60858 : 64;
60859 : 64;
60860 : 64;
60861 : 64;
60862 : 64;
60863 : 64;
60864 : 64;
60865 : 64;
60866 : 64;
60867 : 64;
60868 : 64;
60869 : 64;
60870 : 64;
60871 : 40;
60872 : 64;
60873 : 84;
60874 : A9;
60875 : 84;
60876 : 64;
60877 : 40;
60878 : 40;
60879 : 64;
60880 : 64;
60881 : 64;
60882 : 64;
60883 : 64;
60884 : 64;
60885 : 64;
60886 : 64;
60887 : 40;
60888 : 60;
60889 : 40;
60890 : 44;
60891 : 64;
60892 : 64;
60893 : 64;
60894 : 64;
60895 : 64;
60896 : 64;
60897 : 64;
60898 : 64;
60899 : 64;
60900 : 64;
60901 : 64;
60902 : 64;
60903 : 64;
60904 : 64;
60905 : 64;
60906 : 64;
60907 : 64;
60908 : 64;
60909 : 64;
60910 : 64;
60911 : 44;
60912 : 44;
60913 : 64;
60914 : 64;
60915 : 64;
60916 : 84;
60917 : 85;
60918 : 89;
60919 : 89;
60920 : 89;
60921 : 89;
60922 : 89;
60923 : A9;
60924 : A9;
60925 : 89;
60926 : 85;
60927 : 85;
60928 : 84;
60929 : 64;
60930 : 64;
60931 : 64;
60932 : 64;
60933 : 64;
60934 : 64;
60935 : 64;
60936 : 64;
60937 : 84;
60938 : 85;
60939 : 85;
60940 : 85;
60941 : 85;
60942 : 85;
60943 : 85;
60944 : 85;
60945 : 85;
60946 : 85;
60947 : 85;
60948 : 64;
60949 : 64;
60950 : 64;
60951 : 64;
60952 : 64;
60953 : 64;
60954 : 64;
60955 : 64;
60956 : 44;
60957 : 64;
60958 : 85;
60959 : 85;
60960 : 64;
60961 : 64;
60962 : 64;
60963 : 64;
60964 : 64;
60965 : 64;
60966 : 40;
60967 : A9;
60968 : 40;
60969 : 40;
60970 : 64;
60971 : 40;
60972 : 40;
60973 : 40;
60974 : 84;
60975 : 64;
60976 : 40;
60977 : 40;
60978 : 40;
60979 : 44;
60980 : 40;
60981 : 40;
60982 : 44;
60983 : 40;
60984 : 44;
60985 : 40;
60986 : 44;
60987 : 40;
60988 : 60;
60989 : 40;
60990 : 40;
60991 : 40;
60992 : 40;
60993 : 40;
60994 : 40;
60995 : 40;
60996 : 40;
60997 : 40;
60998 : 40;
60999 : 40;
61000 : 44;
61001 : 44;
61002 : 40;
61003 : 40;
61004 : 40;
61005 : 40;
61006 : 40;
61007 : 40;
61008 : 44;
61009 : 64;
61010 : 64;
61011 : 64;
61012 : 64;
61013 : 64;
61014 : 64;
61015 : 60;
61016 : 60;
61017 : 60;
61018 : 40;
61019 : 40;
61020 : 40;
61021 : 60;
61022 : 60;
61023 : 40;
61024 : 60;
61025 : 60;
61026 : 60;
61027 : 60;
61028 : 40;
61029 : 40;
61030 : 60;
61031 : 64;
61032 : 64;
61033 : 84;
61034 : 84;
61035 : 64;
61036 : 40;
61037 : 40;
61038 : 40;
61039 : 44;
61040 : 24;
61041 : 24;
61042 : 6D;
61043 : 49;
61044 : 24;
61045 : 24;
61046 : 49;
61047 : 49;
61048 : 49;
61049 : 49;
61050 : 49;
61051 : 49;
61052 : 49;
61053 : 49;
61054 : 49;
61055 : 49;
61056 : 49;
61057 : 49;
61058 : 49;
61059 : 49;
61060 : 49;
61061 : 49;
61062 : 49;
61063 : 49;
61064 : 49;
61065 : 49;
61066 : 49;
61067 : 49;
61068 : 49;
61069 : 49;
61070 : 49;
61071 : 49;
61072 : 49;
61073 : 49;
61074 : 49;
61075 : 49;
61076 : 49;
61077 : 49;
61078 : 49;
61079 : 49;
61080 : 49;
61081 : 49;
61082 : 49;
61083 : 49;
61084 : 49;
61085 : 49;
61086 : 49;
61087 : 49;
61088 : 49;
61089 : 49;
61090 : 49;
61091 : 49;
61092 : 49;
61093 : 49;
61094 : 49;
61095 : 49;
61096 : 49;
61097 : 49;
61098 : 49;
61099 : 49;
61100 : 49;
61101 : 24;
61102 : 44;
61103 : 24;
61104 : 24;
61105 : 24;
61106 : 24;
61107 : 24;
61108 : 24;
61109 : 44;
61110 : 24;
61111 : 24;
61112 : 24;
61113 : 49;
61114 : 00;
61115 : 24;
61116 : 49;
61117 : 24;
61118 : 24;
61119 : 24;
61120 : 40;
61121 : 40;
61122 : 40;
61123 : 40;
61124 : 40;
61125 : 60;
61126 : 20;
61127 : 40;
61128 : 64;
61129 : 60;
61130 : 20;
61131 : 64;
61132 : 60;
61133 : 60;
61134 : 60;
61135 : 60;
61136 : 60;
61137 : 64;
61138 : 64;
61139 : 64;
61140 : 64;
61141 : 64;
61142 : 64;
61143 : 64;
61144 : 40;
61145 : 40;
61146 : 40;
61147 : 20;
61148 : 40;
61149 : 64;
61150 : 64;
61151 : 64;
61152 : 64;
61153 : 40;
61154 : 40;
61155 : 40;
61156 : 40;
61157 : 40;
61158 : 40;
61159 : 40;
61160 : 40;
61161 : 40;
61162 : 20;
61163 : 20;
61164 : 40;
61165 : 40;
61166 : 40;
61167 : 40;
61168 : 60;
61169 : 64;
61170 : 64;
61171 : 64;
61172 : 40;
61173 : 44;
61174 : 64;
61175 : 64;
61176 : 44;
61177 : 64;
61178 : 64;
61179 : 64;
61180 : 64;
61181 : 64;
61182 : 64;
61183 : 64;
61184 : 64;
61185 : 44;
61186 : 64;
61187 : 64;
61188 : 40;
61189 : 40;
61190 : 40;
61191 : 64;
61192 : 84;
61193 : A9;
61194 : 84;
61195 : 64;
61196 : 40;
61197 : 40;
61198 : 64;
61199 : 60;
61200 : 64;
61201 : 64;
61202 : 64;
61203 : 64;
61204 : 64;
61205 : 64;
61206 : 40;
61207 : 64;
61208 : 40;
61209 : 44;
61210 : 64;
61211 : 64;
61212 : 64;
61213 : 64;
61214 : 64;
61215 : 64;
61216 : 64;
61217 : 64;
61218 : 64;
61219 : 64;
61220 : 64;
61221 : 64;
61222 : 64;
61223 : 64;
61224 : 64;
61225 : 64;
61226 : 64;
61227 : 64;
61228 : 64;
61229 : 64;
61230 : 64;
61231 : 64;
61232 : 40;
61233 : 64;
61234 : 84;
61235 : 64;
61236 : 40;
61237 : 89;
61238 : 89;
61239 : 89;
61240 : 89;
61241 : 85;
61242 : A9;
61243 : A9;
61244 : 89;
61245 : 89;
61246 : 85;
61247 : 64;
61248 : 84;
61249 : 64;
61250 : 64;
61251 : 64;
61252 : 64;
61253 : 64;
61254 : 64;
61255 : 64;
61256 : 64;
61257 : 85;
61258 : 85;
61259 : 85;
61260 : 89;
61261 : 85;
61262 : 85;
61263 : 85;
61264 : 85;
61265 : 85;
61266 : 89;
61267 : 64;
61268 : 64;
61269 : 64;
61270 : 64;
61271 : 64;
61272 : 64;
61273 : 64;
61274 : 64;
61275 : 64;
61276 : 40;
61277 : 64;
61278 : 85;
61279 : 85;
61280 : 40;
61281 : 64;
61282 : 64;
61283 : 64;
61284 : 64;
61285 : 40;
61286 : 64;
61287 : A5;
61288 : 40;
61289 : 44;
61290 : 20;
61291 : 40;
61292 : 85;
61293 : 84;
61294 : 64;
61295 : 40;
61296 : 40;
61297 : 40;
61298 : 40;
61299 : 40;
61300 : 44;
61301 : 40;
61302 : 44;
61303 : 44;
61304 : 40;
61305 : 44;
61306 : 40;
61307 : 40;
61308 : 40;
61309 : 40;
61310 : 44;
61311 : 40;
61312 : 40;
61313 : 40;
61314 : 40;
61315 : 40;
61316 : 40;
61317 : 40;
61318 : 40;
61319 : 40;
61320 : 44;
61321 : 44;
61322 : 40;
61323 : 40;
61324 : 40;
61325 : 40;
61326 : 40;
61327 : 40;
61328 : 64;
61329 : 64;
61330 : 64;
61331 : 40;
61332 : 44;
61333 : 64;
61334 : 60;
61335 : 60;
61336 : 60;
61337 : 40;
61338 : 40;
61339 : 40;
61340 : 60;
61341 : 60;
61342 : 60;
61343 : 60;
61344 : 60;
61345 : 60;
61346 : 60;
61347 : 40;
61348 : 40;
61349 : 40;
61350 : 64;
61351 : 64;
61352 : 84;
61353 : 64;
61354 : 85;
61355 : 40;
61356 : 40;
61357 : 40;
61358 : 40;
61359 : 44;
61360 : 24;
61361 : 24;
61362 : 6D;
61363 : 49;
61364 : 24;
61365 : 24;
61366 : 49;
61367 : 49;
61368 : 49;
61369 : 49;
61370 : 49;
61371 : 49;
61372 : 49;
61373 : 49;
61374 : 49;
61375 : 49;
61376 : 49;
61377 : 49;
61378 : 49;
61379 : 49;
61380 : 49;
61381 : 49;
61382 : 49;
61383 : 49;
61384 : 49;
61385 : 49;
61386 : 49;
61387 : 49;
61388 : 49;
61389 : 49;
61390 : 49;
61391 : 49;
61392 : 49;
61393 : 49;
61394 : 49;
61395 : 49;
61396 : 49;
61397 : 49;
61398 : 49;
61399 : 49;
61400 : 49;
61401 : 49;
61402 : 49;
61403 : 49;
61404 : 49;
61405 : 49;
61406 : 49;
61407 : 49;
61408 : 49;
61409 : 49;
61410 : 49;
61411 : 49;
61412 : 49;
61413 : 49;
61414 : 49;
61415 : 49;
61416 : 49;
61417 : 49;
61418 : 49;
61419 : 49;
61420 : 49;
61421 : 49;
61422 : 44;
61423 : 44;
61424 : 24;
61425 : 24;
61426 : 24;
61427 : 24;
61428 : 24;
61429 : 24;
61430 : 24;
61431 : 24;
61432 : 48;
61433 : 49;
61434 : 00;
61435 : 24;
61436 : 49;
61437 : 24;
61438 : 24;
61439 : 24;
61440 : 40;
61441 : 40;
61442 : 40;
61443 : 40;
61444 : 40;
61445 : 60;
61446 : 20;
61447 : 40;
61448 : 64;
61449 : 64;
61450 : 20;
61451 : 64;
61452 : 60;
61453 : 60;
61454 : 60;
61455 : 60;
61456 : 60;
61457 : 64;
61458 : 64;
61459 : 64;
61460 : 64;
61461 : 64;
61462 : 64;
61463 : 64;
61464 : 40;
61465 : 60;
61466 : 40;
61467 : 40;
61468 : 40;
61469 : 64;
61470 : 64;
61471 : 64;
61472 : 64;
61473 : 64;
61474 : 64;
61475 : 64;
61476 : 64;
61477 : 64;
61478 : 64;
61479 : 40;
61480 : 40;
61481 : 40;
61482 : 40;
61483 : 40;
61484 : 40;
61485 : 40;
61486 : 40;
61487 : 40;
61488 : 64;
61489 : 64;
61490 : 64;
61491 : 40;
61492 : 40;
61493 : 64;
61494 : 64;
61495 : 44;
61496 : 64;
61497 : 64;
61498 : 64;
61499 : 64;
61500 : 64;
61501 : 64;
61502 : 64;
61503 : 64;
61504 : 64;
61505 : 64;
61506 : 20;
61507 : 20;
61508 : 40;
61509 : 40;
61510 : 64;
61511 : 84;
61512 : 85;
61513 : 84;
61514 : 64;
61515 : 40;
61516 : 40;
61517 : 44;
61518 : 40;
61519 : 64;
61520 : 64;
61521 : 64;
61522 : 64;
61523 : 64;
61524 : 64;
61525 : 40;
61526 : 65;
61527 : 40;
61528 : 40;
61529 : 64;
61530 : 64;
61531 : 64;
61532 : 64;
61533 : 64;
61534 : 64;
61535 : 64;
61536 : 64;
61537 : 64;
61538 : 64;
61539 : 64;
61540 : 64;
61541 : 64;
61542 : 64;
61543 : 64;
61544 : 64;
61545 : 64;
61546 : 64;
61547 : 64;
61548 : 64;
61549 : 64;
61550 : 64;
61551 : 64;
61552 : 84;
61553 : 40;
61554 : 40;
61555 : 64;
61556 : 85;
61557 : 40;
61558 : A9;
61559 : 89;
61560 : A9;
61561 : A9;
61562 : A9;
61563 : 85;
61564 : 89;
61565 : 89;
61566 : 84;
61567 : 84;
61568 : 64;
61569 : 64;
61570 : 64;
61571 : 64;
61572 : 64;
61573 : 64;
61574 : 64;
61575 : 64;
61576 : 84;
61577 : 85;
61578 : 85;
61579 : 85;
61580 : 64;
61581 : 64;
61582 : 85;
61583 : 85;
61584 : 85;
61585 : 85;
61586 : 64;
61587 : 64;
61588 : 64;
61589 : 64;
61590 : 64;
61591 : 64;
61592 : 64;
61593 : 64;
61594 : 64;
61595 : 64;
61596 : 40;
61597 : 64;
61598 : 85;
61599 : 84;
61600 : 40;
61601 : 64;
61602 : 64;
61603 : 64;
61604 : 64;
61605 : 40;
61606 : 84;
61607 : 89;
61608 : 40;
61609 : 20;
61610 : 64;
61611 : 85;
61612 : 64;
61613 : 40;
61614 : 20;
61615 : 44;
61616 : 44;
61617 : 40;
61618 : 40;
61619 : 40;
61620 : 40;
61621 : 40;
61622 : 44;
61623 : 40;
61624 : 40;
61625 : 40;
61626 : 40;
61627 : 40;
61628 : 44;
61629 : 44;
61630 : 20;
61631 : 44;
61632 : 40;
61633 : 40;
61634 : 40;
61635 : 40;
61636 : 40;
61637 : 40;
61638 : 40;
61639 : 44;
61640 : 44;
61641 : 44;
61642 : 40;
61643 : 40;
61644 : 40;
61645 : 40;
61646 : 40;
61647 : 64;
61648 : 64;
61649 : 64;
61650 : 64;
61651 : 44;
61652 : 40;
61653 : 64;
61654 : 60;
61655 : 64;
61656 : 40;
61657 : 40;
61658 : 20;
61659 : 64;
61660 : 60;
61661 : 60;
61662 : 60;
61663 : 60;
61664 : 60;
61665 : 60;
61666 : 64;
61667 : 40;
61668 : 40;
61669 : 64;
61670 : 64;
61671 : 64;
61672 : 84;
61673 : 84;
61674 : 40;
61675 : 40;
61676 : 40;
61677 : 40;
61678 : 60;
61679 : 40;
61680 : 24;
61681 : 24;
61682 : 6D;
61683 : 49;
61684 : 24;
61685 : 49;
61686 : 49;
61687 : 49;
61688 : 49;
61689 : 49;
61690 : 49;
61691 : 49;
61692 : 49;
61693 : 49;
61694 : 49;
61695 : 49;
61696 : 49;
61697 : 49;
61698 : 49;
61699 : 49;
61700 : 49;
61701 : 49;
61702 : 49;
61703 : 49;
61704 : 49;
61705 : 49;
61706 : 49;
61707 : 49;
61708 : 49;
61709 : 49;
61710 : 49;
61711 : 49;
61712 : 49;
61713 : 49;
61714 : 49;
61715 : 49;
61716 : 49;
61717 : 49;
61718 : 49;
61719 : 49;
61720 : 49;
61721 : 49;
61722 : 49;
61723 : 49;
61724 : 49;
61725 : 49;
61726 : 49;
61727 : 49;
61728 : 49;
61729 : 49;
61730 : 49;
61731 : 49;
61732 : 49;
61733 : 49;
61734 : 49;
61735 : 49;
61736 : 49;
61737 : 49;
61738 : 49;
61739 : 49;
61740 : 49;
61741 : 49;
61742 : 49;
61743 : 49;
61744 : 44;
61745 : 24;
61746 : 24;
61747 : 24;
61748 : 24;
61749 : 24;
61750 : 24;
61751 : 24;
61752 : 24;
61753 : 49;
61754 : 00;
61755 : 24;
61756 : 49;
61757 : 24;
61758 : 24;
61759 : 24;
61760 : 40;
61761 : 40;
61762 : 40;
61763 : 40;
61764 : 40;
61765 : 40;
61766 : 20;
61767 : 40;
61768 : 64;
61769 : 64;
61770 : 20;
61771 : 64;
61772 : 60;
61773 : 60;
61774 : 60;
61775 : 60;
61776 : 60;
61777 : 64;
61778 : 64;
61779 : 64;
61780 : 64;
61781 : 64;
61782 : 64;
61783 : 64;
61784 : 40;
61785 : 60;
61786 : 40;
61787 : 40;
61788 : 40;
61789 : 40;
61790 : 60;
61791 : 64;
61792 : 64;
61793 : 64;
61794 : 64;
61795 : 64;
61796 : 64;
61797 : 64;
61798 : 64;
61799 : 64;
61800 : 64;
61801 : 60;
61802 : 60;
61803 : 60;
61804 : 60;
61805 : 60;
61806 : 64;
61807 : 64;
61808 : 64;
61809 : 64;
61810 : 20;
61811 : 40;
61812 : 40;
61813 : 40;
61814 : 40;
61815 : 44;
61816 : 40;
61817 : 40;
61818 : 40;
61819 : 40;
61820 : 40;
61821 : 44;
61822 : 44;
61823 : 40;
61824 : 40;
61825 : 20;
61826 : 64;
61827 : 64;
61828 : 64;
61829 : 64;
61830 : 84;
61831 : 85;
61832 : 84;
61833 : 64;
61834 : 40;
61835 : 40;
61836 : 64;
61837 : 64;
61838 : 64;
61839 : 64;
61840 : 64;
61841 : 64;
61842 : 64;
61843 : 64;
61844 : 44;
61845 : 64;
61846 : 40;
61847 : 64;
61848 : 64;
61849 : 64;
61850 : 64;
61851 : 64;
61852 : 64;
61853 : 64;
61854 : 64;
61855 : 64;
61856 : 64;
61857 : 64;
61858 : 64;
61859 : 64;
61860 : 64;
61861 : 64;
61862 : 64;
61863 : 64;
61864 : 64;
61865 : 64;
61866 : 84;
61867 : 84;
61868 : 85;
61869 : 85;
61870 : 85;
61871 : 85;
61872 : 85;
61873 : 85;
61874 : 89;
61875 : 89;
61876 : 40;
61877 : 65;
61878 : 40;
61879 : A9;
61880 : A9;
61881 : A9;
61882 : 85;
61883 : 89;
61884 : 89;
61885 : 85;
61886 : 84;
61887 : 84;
61888 : 64;
61889 : 64;
61890 : 64;
61891 : 64;
61892 : 64;
61893 : 64;
61894 : 64;
61895 : 64;
61896 : 85;
61897 : 85;
61898 : 85;
61899 : 85;
61900 : 85;
61901 : 85;
61902 : 85;
61903 : 85;
61904 : 85;
61905 : 85;
61906 : 64;
61907 : 64;
61908 : 64;
61909 : 64;
61910 : 64;
61911 : 64;
61912 : 64;
61913 : 64;
61914 : 64;
61915 : 64;
61916 : 44;
61917 : 64;
61918 : 89;
61919 : 64;
61920 : 40;
61921 : 64;
61922 : 64;
61923 : 64;
61924 : 40;
61925 : 40;
61926 : A9;
61927 : 84;
61928 : 40;
61929 : 64;
61930 : 85;
61931 : 40;
61932 : 40;
61933 : 40;
61934 : 44;
61935 : 40;
61936 : 44;
61937 : 44;
61938 : 44;
61939 : 40;
61940 : 60;
61941 : 40;
61942 : 40;
61943 : 40;
61944 : 40;
61945 : 40;
61946 : 40;
61947 : 40;
61948 : 40;
61949 : 40;
61950 : 64;
61951 : 40;
61952 : 40;
61953 : 40;
61954 : 40;
61955 : 40;
61956 : 40;
61957 : 40;
61958 : 40;
61959 : 44;
61960 : 40;
61961 : 40;
61962 : 40;
61963 : 40;
61964 : 40;
61965 : 40;
61966 : 64;
61967 : 64;
61968 : 64;
61969 : 64;
61970 : 44;
61971 : 40;
61972 : 64;
61973 : 40;
61974 : 60;
61975 : 40;
61976 : 40;
61977 : 40;
61978 : 64;
61979 : 60;
61980 : 60;
61981 : 60;
61982 : 60;
61983 : 60;
61984 : 60;
61985 : 60;
61986 : 40;
61987 : 40;
61988 : 40;
61989 : 60;
61990 : 64;
61991 : 84;
61992 : 84;
61993 : 60;
61994 : 40;
61995 : 40;
61996 : 40;
61997 : 40;
61998 : 40;
61999 : 40;
62000 : 29;
62001 : 24;
62002 : 6D;
62003 : 49;
62004 : 45;
62005 : 49;
62006 : 49;
62007 : 49;
62008 : 49;
62009 : 49;
62010 : 49;
62011 : 49;
62012 : 49;
62013 : 49;
62014 : 49;
62015 : 49;
62016 : 49;
62017 : 49;
62018 : 49;
62019 : 49;
62020 : 49;
62021 : 49;
62022 : 49;
62023 : 49;
62024 : 49;
62025 : 49;
62026 : 49;
62027 : 49;
62028 : 49;
62029 : 49;
62030 : 49;
62031 : 49;
62032 : 49;
62033 : 49;
62034 : 49;
62035 : 49;
62036 : 49;
62037 : 49;
62038 : 49;
62039 : 49;
62040 : 49;
62041 : 49;
62042 : 49;
62043 : 49;
62044 : 49;
62045 : 49;
62046 : 49;
62047 : 49;
62048 : 49;
62049 : 49;
62050 : 49;
62051 : 49;
62052 : 49;
62053 : 49;
62054 : 49;
62055 : 49;
62056 : 49;
62057 : 49;
62058 : 49;
62059 : 49;
62060 : 49;
62061 : 49;
62062 : 49;
62063 : 44;
62064 : 44;
62065 : 44;
62066 : 44;
62067 : 24;
62068 : 24;
62069 : 44;
62070 : 24;
62071 : 24;
62072 : 44;
62073 : 49;
62074 : 00;
62075 : 24;
62076 : 49;
62077 : 24;
62078 : 24;
62079 : 24;
62080 : 40;
62081 : 40;
62082 : 40;
62083 : 40;
62084 : 40;
62085 : 40;
62086 : 20;
62087 : 40;
62088 : 64;
62089 : 64;
62090 : 20;
62091 : 64;
62092 : 60;
62093 : 60;
62094 : 60;
62095 : 60;
62096 : 60;
62097 : 64;
62098 : 64;
62099 : 64;
62100 : 64;
62101 : 64;
62102 : 64;
62103 : 64;
62104 : 40;
62105 : 40;
62106 : 40;
62107 : 40;
62108 : 40;
62109 : 20;
62110 : 40;
62111 : 60;
62112 : 40;
62113 : 60;
62114 : 60;
62115 : 60;
62116 : 64;
62117 : 64;
62118 : 64;
62119 : 64;
62120 : 64;
62121 : 64;
62122 : 64;
62123 : 64;
62124 : 64;
62125 : 64;
62126 : 64;
62127 : 64;
62128 : 40;
62129 : 40;
62130 : 60;
62131 : 64;
62132 : 64;
62133 : 64;
62134 : 40;
62135 : 40;
62136 : 40;
62137 : 40;
62138 : 40;
62139 : 40;
62140 : 40;
62141 : 40;
62142 : 40;
62143 : 64;
62144 : 64;
62145 : 64;
62146 : 64;
62147 : 85;
62148 : 85;
62149 : 84;
62150 : 84;
62151 : 64;
62152 : 64;
62153 : 40;
62154 : 40;
62155 : 64;
62156 : 64;
62157 : 64;
62158 : 64;
62159 : 64;
62160 : 64;
62161 : 64;
62162 : 64;
62163 : 64;
62164 : 64;
62165 : 64;
62166 : 40;
62167 : 64;
62168 : 64;
62169 : 64;
62170 : 64;
62171 : 64;
62172 : 64;
62173 : 64;
62174 : 64;
62175 : 64;
62176 : 64;
62177 : 64;
62178 : 64;
62179 : 64;
62180 : 64;
62181 : 64;
62182 : 64;
62183 : 64;
62184 : 64;
62185 : 84;
62186 : 84;
62187 : 85;
62188 : 85;
62189 : 85;
62190 : 64;
62191 : 89;
62192 : 85;
62193 : 85;
62194 : 85;
62195 : 85;
62196 : 85;
62197 : 64;
62198 : 64;
62199 : 64;
62200 : 85;
62201 : A9;
62202 : 89;
62203 : 89;
62204 : 85;
62205 : 85;
62206 : 64;
62207 : 64;
62208 : 64;
62209 : 64;
62210 : 64;
62211 : 64;
62212 : 64;
62213 : 64;
62214 : 64;
62215 : 85;
62216 : 85;
62217 : 89;
62218 : 64;
62219 : 85;
62220 : 64;
62221 : 85;
62222 : 85;
62223 : 85;
62224 : 85;
62225 : 64;
62226 : 64;
62227 : 64;
62228 : 64;
62229 : 64;
62230 : 64;
62231 : 64;
62232 : 64;
62233 : 64;
62234 : 64;
62235 : 64;
62236 : 64;
62237 : 44;
62238 : A9;
62239 : 64;
62240 : 40;
62241 : 64;
62242 : 64;
62243 : 64;
62244 : 40;
62245 : 64;
62246 : A9;
62247 : 84;
62248 : 64;
62249 : 64;
62250 : 40;
62251 : 40;
62252 : 40;
62253 : 40;
62254 : 40;
62255 : 44;
62256 : 40;
62257 : 44;
62258 : 40;
62259 : 40;
62260 : 40;
62261 : 40;
62262 : 40;
62263 : 40;
62264 : 40;
62265 : 40;
62266 : 40;
62267 : 44;
62268 : 40;
62269 : 40;
62270 : 40;
62271 : 40;
62272 : 40;
62273 : 40;
62274 : 40;
62275 : 40;
62276 : 40;
62277 : 40;
62278 : 44;
62279 : 44;
62280 : 40;
62281 : 40;
62282 : 40;
62283 : 40;
62284 : 40;
62285 : 64;
62286 : 64;
62287 : 64;
62288 : 64;
62289 : 64;
62290 : 64;
62291 : 64;
62292 : 40;
62293 : 40;
62294 : 40;
62295 : 40;
62296 : 40;
62297 : 40;
62298 : 60;
62299 : 60;
62300 : 60;
62301 : 60;
62302 : 60;
62303 : 60;
62304 : 60;
62305 : 40;
62306 : 40;
62307 : 40;
62308 : 40;
62309 : 64;
62310 : 64;
62311 : 84;
62312 : 64;
62313 : 60;
62314 : 40;
62315 : 40;
62316 : 40;
62317 : 40;
62318 : 40;
62319 : 20;
62320 : 29;
62321 : 24;
62322 : 6D;
62323 : 49;
62324 : 49;
62325 : 49;
62326 : 49;
62327 : 49;
62328 : 49;
62329 : 49;
62330 : 49;
62331 : 49;
62332 : 49;
62333 : 49;
62334 : 49;
62335 : 49;
62336 : 49;
62337 : 49;
62338 : 49;
62339 : 49;
62340 : 49;
62341 : 49;
62342 : 49;
62343 : 49;
62344 : 49;
62345 : 49;
62346 : 49;
62347 : 49;
62348 : 49;
62349 : 49;
62350 : 49;
62351 : 49;
62352 : 49;
62353 : 49;
62354 : 49;
62355 : 49;
62356 : 49;
62357 : 49;
62358 : 49;
62359 : 49;
62360 : 49;
62361 : 49;
62362 : 49;
62363 : 49;
62364 : 49;
62365 : 49;
62366 : 49;
62367 : 49;
62368 : 49;
62369 : 49;
62370 : 49;
62371 : 49;
62372 : 49;
62373 : 49;
62374 : 49;
62375 : 49;
62376 : 49;
62377 : 49;
62378 : 49;
62379 : 49;
62380 : 49;
62381 : 49;
62382 : 49;
62383 : 44;
62384 : 24;
62385 : 24;
62386 : 24;
62387 : 24;
62388 : 24;
62389 : 24;
62390 : 24;
62391 : 24;
62392 : 24;
62393 : 49;
62394 : 00;
62395 : 24;
62396 : 49;
62397 : 24;
62398 : 24;
62399 : 24;
62400 : 40;
62401 : 40;
62402 : 40;
62403 : 40;
62404 : 40;
62405 : 60;
62406 : 20;
62407 : 20;
62408 : 64;
62409 : 64;
62410 : 20;
62411 : 64;
62412 : 60;
62413 : 60;
62414 : 60;
62415 : 60;
62416 : 60;
62417 : 40;
62418 : 64;
62419 : 64;
62420 : 64;
62421 : 64;
62422 : 84;
62423 : 60;
62424 : 64;
62425 : 64;
62426 : 60;
62427 : 40;
62428 : 40;
62429 : 40;
62430 : 40;
62431 : 40;
62432 : 20;
62433 : 40;
62434 : 60;
62435 : 60;
62436 : 40;
62437 : 64;
62438 : 64;
62439 : 64;
62440 : 64;
62441 : 64;
62442 : 64;
62443 : 64;
62444 : 64;
62445 : 64;
62446 : 64;
62447 : 64;
62448 : 64;
62449 : 64;
62450 : 64;
62451 : 64;
62452 : 64;
62453 : 85;
62454 : 84;
62455 : 84;
62456 : 64;
62457 : 64;
62458 : 64;
62459 : 64;
62460 : 64;
62461 : 64;
62462 : 64;
62463 : 84;
62464 : A5;
62465 : 85;
62466 : 89;
62467 : 64;
62468 : 84;
62469 : 64;
62470 : 64;
62471 : 64;
62472 : 40;
62473 : 40;
62474 : 40;
62475 : 64;
62476 : 64;
62477 : 64;
62478 : 64;
62479 : 64;
62480 : 64;
62481 : 64;
62482 : 64;
62483 : 64;
62484 : 40;
62485 : 40;
62486 : 64;
62487 : 64;
62488 : 64;
62489 : 64;
62490 : 64;
62491 : 64;
62492 : 64;
62493 : 64;
62494 : 64;
62495 : 64;
62496 : 64;
62497 : 64;
62498 : 84;
62499 : 84;
62500 : 64;
62501 : 84;
62502 : 85;
62503 : 85;
62504 : 85;
62505 : 85;
62506 : 85;
62507 : 89;
62508 : 64;
62509 : 64;
62510 : 40;
62511 : A9;
62512 : 85;
62513 : 89;
62514 : 85;
62515 : A9;
62516 : A9;
62517 : A9;
62518 : 64;
62519 : 40;
62520 : 64;
62521 : 64;
62522 : 89;
62523 : 85;
62524 : 85;
62525 : 64;
62526 : 64;
62527 : 64;
62528 : 44;
62529 : 40;
62530 : 64;
62531 : 64;
62532 : 64;
62533 : 64;
62534 : 64;
62535 : 85;
62536 : 85;
62537 : 64;
62538 : 85;
62539 : 40;
62540 : 84;
62541 : 85;
62542 : 85;
62543 : 85;
62544 : 64;
62545 : 64;
62546 : 64;
62547 : 64;
62548 : 64;
62549 : 64;
62550 : 64;
62551 : 64;
62552 : 64;
62553 : 64;
62554 : 64;
62555 : 64;
62556 : 44;
62557 : 64;
62558 : A9;
62559 : 64;
62560 : 40;
62561 : 64;
62562 : 64;
62563 : 64;
62564 : 40;
62565 : 85;
62566 : 84;
62567 : 64;
62568 : 40;
62569 : 40;
62570 : 40;
62571 : 44;
62572 : 44;
62573 : 44;
62574 : 40;
62575 : 40;
62576 : 44;
62577 : 44;
62578 : 20;
62579 : 64;
62580 : 40;
62581 : 40;
62582 : 40;
62583 : 40;
62584 : 40;
62585 : 40;
62586 : 44;
62587 : 40;
62588 : 40;
62589 : 40;
62590 : 40;
62591 : 40;
62592 : 40;
62593 : 40;
62594 : 40;
62595 : 40;
62596 : 40;
62597 : 44;
62598 : 44;
62599 : 40;
62600 : 40;
62601 : 40;
62602 : 40;
62603 : 40;
62604 : 40;
62605 : 64;
62606 : 64;
62607 : 64;
62608 : 64;
62609 : 64;
62610 : 64;
62611 : 40;
62612 : 40;
62613 : 40;
62614 : 40;
62615 : 40;
62616 : 40;
62617 : 40;
62618 : 60;
62619 : 60;
62620 : 60;
62621 : 60;
62622 : 60;
62623 : 60;
62624 : 60;
62625 : 40;
62626 : 40;
62627 : 40;
62628 : 60;
62629 : 64;
62630 : 64;
62631 : 64;
62632 : 64;
62633 : 40;
62634 : 40;
62635 : 40;
62636 : 40;
62637 : 40;
62638 : 40;
62639 : 20;
62640 : 24;
62641 : 24;
62642 : 6D;
62643 : 49;
62644 : 49;
62645 : 49;
62646 : 49;
62647 : 49;
62648 : 49;
62649 : 49;
62650 : 49;
62651 : 49;
62652 : 49;
62653 : 49;
62654 : 49;
62655 : 49;
62656 : 49;
62657 : 49;
62658 : 49;
62659 : 49;
62660 : 49;
62661 : 49;
62662 : 49;
62663 : 49;
62664 : 49;
62665 : 49;
62666 : 49;
62667 : 49;
62668 : 49;
62669 : 49;
62670 : 49;
62671 : 49;
62672 : 49;
62673 : 49;
62674 : 49;
62675 : 49;
62676 : 49;
62677 : 49;
62678 : 49;
62679 : 49;
62680 : 49;
62681 : 49;
62682 : 49;
62683 : 49;
62684 : 49;
62685 : 49;
62686 : 49;
62687 : 49;
62688 : 49;
62689 : 49;
62690 : 49;
62691 : 49;
62692 : 49;
62693 : 49;
62694 : 49;
62695 : 49;
62696 : 49;
62697 : 49;
62698 : 49;
62699 : 49;
62700 : 49;
62701 : 49;
62702 : 45;
62703 : 24;
62704 : 24;
62705 : 24;
62706 : 24;
62707 : 44;
62708 : 24;
62709 : 24;
62710 : 24;
62711 : 24;
62712 : 24;
62713 : 49;
62714 : 00;
62715 : 24;
62716 : 49;
62717 : 24;
62718 : 24;
62719 : 24;
62720 : 40;
62721 : 40;
62722 : 40;
62723 : 40;
62724 : 40;
62725 : 60;
62726 : 20;
62727 : 64;
62728 : 64;
62729 : 40;
62730 : 20;
62731 : 64;
62732 : 60;
62733 : 60;
62734 : 60;
62735 : 60;
62736 : 60;
62737 : 40;
62738 : 64;
62739 : 64;
62740 : 64;
62741 : 64;
62742 : 84;
62743 : 60;
62744 : 64;
62745 : 60;
62746 : 64;
62747 : 40;
62748 : 40;
62749 : 40;
62750 : 40;
62751 : 40;
62752 : 40;
62753 : 20;
62754 : 20;
62755 : 20;
62756 : 40;
62757 : 40;
62758 : 40;
62759 : 40;
62760 : 40;
62761 : 40;
62762 : 40;
62763 : 60;
62764 : 60;
62765 : 60;
62766 : 60;
62767 : 64;
62768 : 64;
62769 : 64;
62770 : 64;
62771 : 64;
62772 : 64;
62773 : 64;
62774 : 64;
62775 : 64;
62776 : 84;
62777 : 84;
62778 : 84;
62779 : 84;
62780 : 84;
62781 : 84;
62782 : 64;
62783 : 64;
62784 : 64;
62785 : 64;
62786 : 64;
62787 : 64;
62788 : 64;
62789 : 64;
62790 : 64;
62791 : 40;
62792 : 20;
62793 : 40;
62794 : 64;
62795 : 64;
62796 : 64;
62797 : 64;
62798 : 64;
62799 : 64;
62800 : 64;
62801 : 64;
62802 : 64;
62803 : 20;
62804 : 64;
62805 : 40;
62806 : 64;
62807 : 64;
62808 : 64;
62809 : 64;
62810 : 64;
62811 : 64;
62812 : 64;
62813 : 64;
62814 : 64;
62815 : 64;
62816 : 64;
62817 : 64;
62818 : 85;
62819 : 85;
62820 : 85;
62821 : 89;
62822 : 85;
62823 : 85;
62824 : 85;
62825 : 89;
62826 : A9;
62827 : A9;
62828 : A9;
62829 : 64;
62830 : A9;
62831 : 64;
62832 : A9;
62833 : A9;
62834 : A9;
62835 : A9;
62836 : A9;
62837 : A9;
62838 : 89;
62839 : 64;
62840 : 60;
62841 : 40;
62842 : 40;
62843 : 89;
62844 : 85;
62845 : 64;
62846 : 64;
62847 : 64;
62848 : 64;
62849 : 40;
62850 : 85;
62851 : 64;
62852 : 64;
62853 : 64;
62854 : 64;
62855 : 85;
62856 : 64;
62857 : 64;
62858 : 40;
62859 : 85;
62860 : 85;
62861 : 85;
62862 : 85;
62863 : 85;
62864 : 64;
62865 : 84;
62866 : 40;
62867 : 84;
62868 : 64;
62869 : 64;
62870 : 64;
62871 : 64;
62872 : 64;
62873 : 64;
62874 : 64;
62875 : 64;
62876 : 44;
62877 : 64;
62878 : A9;
62879 : 64;
62880 : 40;
62881 : 64;
62882 : 64;
62883 : 20;
62884 : 64;
62885 : 85;
62886 : 64;
62887 : 40;
62888 : 20;
62889 : 40;
62890 : 44;
62891 : 44;
62892 : 40;
62893 : 44;
62894 : 44;
62895 : 40;
62896 : 44;
62897 : 20;
62898 : 84;
62899 : 20;
62900 : 44;
62901 : 40;
62902 : 40;
62903 : 40;
62904 : 40;
62905 : 44;
62906 : 40;
62907 : 40;
62908 : 40;
62909 : 40;
62910 : 40;
62911 : 40;
62912 : 40;
62913 : 40;
62914 : 40;
62915 : 40;
62916 : 40;
62917 : 44;
62918 : 40;
62919 : 40;
62920 : 40;
62921 : 40;
62922 : 44;
62923 : 40;
62924 : 64;
62925 : 64;
62926 : 64;
62927 : 64;
62928 : 64;
62929 : 64;
62930 : 40;
62931 : 40;
62932 : 40;
62933 : 40;
62934 : 40;
62935 : 40;
62936 : 40;
62937 : 40;
62938 : 60;
62939 : 60;
62940 : 60;
62941 : 60;
62942 : 60;
62943 : 60;
62944 : 40;
62945 : 40;
62946 : 40;
62947 : 40;
62948 : 64;
62949 : 64;
62950 : 64;
62951 : 64;
62952 : 40;
62953 : 40;
62954 : 40;
62955 : 40;
62956 : 40;
62957 : 40;
62958 : 40;
62959 : 20;
62960 : 29;
62961 : 24;
62962 : 6D;
62963 : 49;
62964 : 49;
62965 : 49;
62966 : 49;
62967 : 49;
62968 : 49;
62969 : 49;
62970 : 49;
62971 : 49;
62972 : 49;
62973 : 49;
62974 : 49;
62975 : 49;
62976 : 49;
62977 : 49;
62978 : 49;
62979 : 49;
62980 : 49;
62981 : 49;
62982 : 49;
62983 : 49;
62984 : 49;
62985 : 49;
62986 : 49;
62987 : 49;
62988 : 49;
62989 : 49;
62990 : 49;
62991 : 49;
62992 : 49;
62993 : 49;
62994 : 49;
62995 : 49;
62996 : 49;
62997 : 49;
62998 : 49;
62999 : 49;
63000 : 49;
63001 : 49;
63002 : 49;
63003 : 49;
63004 : 49;
63005 : 49;
63006 : 49;
63007 : 49;
63008 : 49;
63009 : 49;
63010 : 49;
63011 : 49;
63012 : 49;
63013 : 49;
63014 : 49;
63015 : 49;
63016 : 49;
63017 : 49;
63018 : 49;
63019 : 49;
63020 : 49;
63021 : 49;
63022 : 44;
63023 : 24;
63024 : 24;
63025 : 24;
63026 : 24;
63027 : 24;
63028 : 24;
63029 : 24;
63030 : 24;
63031 : 24;
63032 : 24;
63033 : 49;
63034 : 00;
63035 : 24;
63036 : 49;
63037 : 24;
63038 : 24;
63039 : 24;
63040 : 40;
63041 : 40;
63042 : 40;
63043 : 40;
63044 : 40;
63045 : 40;
63046 : 40;
63047 : 60;
63048 : 60;
63049 : 40;
63050 : 20;
63051 : 60;
63052 : 60;
63053 : 60;
63054 : 60;
63055 : 60;
63056 : 60;
63057 : 60;
63058 : 40;
63059 : 64;
63060 : 64;
63061 : 84;
63062 : 85;
63063 : 60;
63064 : 64;
63065 : 64;
63066 : 60;
63067 : 60;
63068 : 60;
63069 : 40;
63070 : 40;
63071 : 40;
63072 : 40;
63073 : 40;
63074 : 40;
63075 : 40;
63076 : 40;
63077 : 20;
63078 : 20;
63079 : 20;
63080 : 20;
63081 : 20;
63082 : 40;
63083 : 20;
63084 : 40;
63085 : 40;
63086 : 40;
63087 : 40;
63088 : 40;
63089 : 40;
63090 : 40;
63091 : 40;
63092 : 40;
63093 : 40;
63094 : 40;
63095 : 64;
63096 : 64;
63097 : 64;
63098 : 64;
63099 : 64;
63100 : 64;
63101 : 64;
63102 : 64;
63103 : 64;
63104 : 64;
63105 : 64;
63106 : 64;
63107 : 64;
63108 : 64;
63109 : 64;
63110 : 64;
63111 : 64;
63112 : 40;
63113 : 40;
63114 : 40;
63115 : 64;
63116 : 64;
63117 : 64;
63118 : 64;
63119 : 64;
63120 : 64;
63121 : 64;
63122 : 40;
63123 : 64;
63124 : 40;
63125 : 64;
63126 : 64;
63127 : 64;
63128 : 64;
63129 : 64;
63130 : 64;
63131 : 64;
63132 : 64;
63133 : 64;
63134 : 64;
63135 : 64;
63136 : 64;
63137 : 85;
63138 : 85;
63139 : 85;
63140 : 89;
63141 : 89;
63142 : 85;
63143 : A9;
63144 : A9;
63145 : A9;
63146 : A9;
63147 : A9;
63148 : A9;
63149 : A9;
63150 : 60;
63151 : 85;
63152 : A9;
63153 : A9;
63154 : A9;
63155 : A9;
63156 : 85;
63157 : 89;
63158 : 89;
63159 : 89;
63160 : 64;
63161 : 64;
63162 : 64;
63163 : 40;
63164 : 40;
63165 : 64;
63166 : 64;
63167 : 64;
63168 : 64;
63169 : 40;
63170 : 84;
63171 : 64;
63172 : 64;
63173 : 64;
63174 : 64;
63175 : 65;
63176 : 60;
63177 : 40;
63178 : 84;
63179 : 85;
63180 : 85;
63181 : 85;
63182 : 85;
63183 : 64;
63184 : 64;
63185 : 40;
63186 : 64;
63187 : 64;
63188 : 64;
63189 : 64;
63190 : 64;
63191 : 64;
63192 : 64;
63193 : 64;
63194 : 64;
63195 : 64;
63196 : 44;
63197 : 84;
63198 : A9;
63199 : 64;
63200 : 40;
63201 : 64;
63202 : 20;
63203 : 64;
63204 : 84;
63205 : 64;
63206 : 64;
63207 : 20;
63208 : 40;
63209 : 44;
63210 : 44;
63211 : 44;
63212 : 44;
63213 : 40;
63214 : 40;
63215 : 40;
63216 : 40;
63217 : 64;
63218 : 40;
63219 : 40;
63220 : 40;
63221 : 40;
63222 : 40;
63223 : 40;
63224 : 40;
63225 : 40;
63226 : 40;
63227 : 64;
63228 : 40;
63229 : 40;
63230 : 40;
63231 : 40;
63232 : 40;
63233 : 40;
63234 : 40;
63235 : 40;
63236 : 44;
63237 : 44;
63238 : 40;
63239 : 40;
63240 : 40;
63241 : 40;
63242 : 40;
63243 : 64;
63244 : 64;
63245 : 64;
63246 : 64;
63247 : 40;
63248 : 64;
63249 : 40;
63250 : 40;
63251 : 40;
63252 : 60;
63253 : 40;
63254 : 40;
63255 : 40;
63256 : 40;
63257 : 40;
63258 : 40;
63259 : 40;
63260 : 40;
63261 : 60;
63262 : 60;
63263 : 60;
63264 : 40;
63265 : 40;
63266 : 40;
63267 : 64;
63268 : 64;
63269 : 64;
63270 : 84;
63271 : 40;
63272 : 40;
63273 : 40;
63274 : 40;
63275 : 40;
63276 : 40;
63277 : 40;
63278 : 40;
63279 : 20;
63280 : 49;
63281 : 25;
63282 : 6D;
63283 : 49;
63284 : 49;
63285 : 49;
63286 : 49;
63287 : 49;
63288 : 49;
63289 : 49;
63290 : 49;
63291 : 49;
63292 : 49;
63293 : 49;
63294 : 49;
63295 : 49;
63296 : 49;
63297 : 49;
63298 : 49;
63299 : 49;
63300 : 49;
63301 : 49;
63302 : 49;
63303 : 49;
63304 : 49;
63305 : 49;
63306 : 49;
63307 : 49;
63308 : 49;
63309 : 49;
63310 : 49;
63311 : 49;
63312 : 49;
63313 : 49;
63314 : 49;
63315 : 49;
63316 : 49;
63317 : 49;
63318 : 49;
63319 : 49;
63320 : 49;
63321 : 49;
63322 : 49;
63323 : 49;
63324 : 49;
63325 : 49;
63326 : 49;
63327 : 49;
63328 : 49;
63329 : 49;
63330 : 49;
63331 : 49;
63332 : 49;
63333 : 49;
63334 : 49;
63335 : 49;
63336 : 49;
63337 : 49;
63338 : 49;
63339 : 49;
63340 : 49;
63341 : 49;
63342 : 49;
63343 : 49;
63344 : 24;
63345 : 45;
63346 : 45;
63347 : 48;
63348 : 44;
63349 : 45;
63350 : 24;
63351 : 24;
63352 : 24;
63353 : 49;
63354 : 00;
63355 : 24;
63356 : 49;
63357 : 24;
63358 : 24;
63359 : 24;
63360 : 40;
63361 : 40;
63362 : 40;
63363 : 40;
63364 : 40;
63365 : 40;
63366 : 60;
63367 : 40;
63368 : 40;
63369 : 40;
63370 : 40;
63371 : 60;
63372 : 40;
63373 : 60;
63374 : 60;
63375 : 60;
63376 : 60;
63377 : 60;
63378 : 60;
63379 : 64;
63380 : 64;
63381 : 84;
63382 : 84;
63383 : 64;
63384 : 60;
63385 : 64;
63386 : 64;
63387 : 64;
63388 : 60;
63389 : 60;
63390 : 40;
63391 : 40;
63392 : 40;
63393 : 40;
63394 : 40;
63395 : 40;
63396 : 40;
63397 : 40;
63398 : 40;
63399 : 40;
63400 : 40;
63401 : 20;
63402 : 40;
63403 : 40;
63404 : 40;
63405 : 40;
63406 : 20;
63407 : 40;
63408 : 40;
63409 : 40;
63410 : 40;
63411 : 40;
63412 : 40;
63413 : 40;
63414 : 40;
63415 : 40;
63416 : 64;
63417 : 64;
63418 : 40;
63419 : 64;
63420 : 60;
63421 : 64;
63422 : 40;
63423 : 40;
63424 : 40;
63425 : 40;
63426 : 40;
63427 : 40;
63428 : 40;
63429 : 40;
63430 : 64;
63431 : 64;
63432 : 64;
63433 : 40;
63434 : 40;
63435 : 40;
63436 : 40;
63437 : 64;
63438 : 64;
63439 : 44;
63440 : 40;
63441 : 40;
63442 : 64;
63443 : 40;
63444 : 64;
63445 : 64;
63446 : 64;
63447 : 64;
63448 : 64;
63449 : 64;
63450 : 64;
63451 : 64;
63452 : 64;
63453 : 64;
63454 : 64;
63455 : 64;
63456 : 85;
63457 : 85;
63458 : 85;
63459 : 89;
63460 : 89;
63461 : A9;
63462 : A9;
63463 : A9;
63464 : A9;
63465 : A9;
63466 : A9;
63467 : A9;
63468 : A9;
63469 : A9;
63470 : 40;
63471 : 85;
63472 : 64;
63473 : 85;
63474 : 89;
63475 : 89;
63476 : 89;
63477 : 89;
63478 : 85;
63479 : 84;
63480 : 85;
63481 : 64;
63482 : 40;
63483 : 64;
63484 : 64;
63485 : 40;
63486 : 44;
63487 : 64;
63488 : 64;
63489 : 40;
63490 : 85;
63491 : 64;
63492 : 64;
63493 : 84;
63494 : 64;
63495 : 64;
63496 : 60;
63497 : 64;
63498 : 85;
63499 : 85;
63500 : 85;
63501 : 85;
63502 : 85;
63503 : 64;
63504 : 64;
63505 : 40;
63506 : 64;
63507 : 64;
63508 : 64;
63509 : 64;
63510 : 64;
63511 : 64;
63512 : 64;
63513 : 64;
63514 : 64;
63515 : 64;
63516 : 40;
63517 : 85;
63518 : 64;
63519 : 64;
63520 : 40;
63521 : 40;
63522 : 64;
63523 : 85;
63524 : 84;
63525 : 40;
63526 : 20;
63527 : 40;
63528 : 40;
63529 : 44;
63530 : 40;
63531 : 44;
63532 : 44;
63533 : 44;
63534 : 40;
63535 : 44;
63536 : 40;
63537 : 64;
63538 : 20;
63539 : 44;
63540 : 40;
63541 : 40;
63542 : 40;
63543 : 40;
63544 : 40;
63545 : 40;
63546 : 60;
63547 : 40;
63548 : 40;
63549 : 40;
63550 : 40;
63551 : 40;
63552 : 40;
63553 : 40;
63554 : 40;
63555 : 40;
63556 : 40;
63557 : 40;
63558 : 40;
63559 : 40;
63560 : 40;
63561 : 40;
63562 : 40;
63563 : 64;
63564 : 64;
63565 : 64;
63566 : 64;
63567 : 64;
63568 : 40;
63569 : 40;
63570 : 40;
63571 : 60;
63572 : 40;
63573 : 40;
63574 : 40;
63575 : 40;
63576 : 40;
63577 : 40;
63578 : 40;
63579 : 60;
63580 : 60;
63581 : 40;
63582 : 60;
63583 : 40;
63584 : 40;
63585 : 40;
63586 : 40;
63587 : 60;
63588 : 64;
63589 : 64;
63590 : 64;
63591 : 40;
63592 : 40;
63593 : 40;
63594 : 40;
63595 : 40;
63596 : 40;
63597 : 40;
63598 : 20;
63599 : 20;
63600 : 29;
63601 : 24;
63602 : 6D;
63603 : 49;
63604 : 49;
63605 : 49;
63606 : 49;
63607 : 49;
63608 : 49;
63609 : 49;
63610 : 49;
63611 : 49;
63612 : 49;
63613 : 49;
63614 : 49;
63615 : 49;
63616 : 49;
63617 : 49;
63618 : 49;
63619 : 49;
63620 : 49;
63621 : 49;
63622 : 49;
63623 : 49;
63624 : 49;
63625 : 49;
63626 : 49;
63627 : 49;
63628 : 49;
63629 : 49;
63630 : 49;
63631 : 49;
63632 : 49;
63633 : 49;
63634 : 49;
63635 : 49;
63636 : 49;
63637 : 49;
63638 : 49;
63639 : 49;
63640 : 49;
63641 : 49;
63642 : 49;
63643 : 49;
63644 : 49;
63645 : 49;
63646 : 49;
63647 : 49;
63648 : 49;
63649 : 49;
63650 : 49;
63651 : 49;
63652 : 49;
63653 : 49;
63654 : 49;
63655 : 49;
63656 : 49;
63657 : 49;
63658 : 49;
63659 : 49;
63660 : 49;
63661 : 49;
63662 : 49;
63663 : 24;
63664 : 24;
63665 : 24;
63666 : 24;
63667 : 44;
63668 : 24;
63669 : 24;
63670 : 24;
63671 : 24;
63672 : 24;
63673 : 49;
63674 : 00;
63675 : 24;
63676 : 49;
63677 : 24;
63678 : 24;
63679 : 24;
63680 : 40;
63681 : 40;
63682 : 40;
63683 : 40;
63684 : 40;
63685 : 40;
63686 : 60;
63687 : 40;
63688 : 40;
63689 : 20;
63690 : 40;
63691 : 40;
63692 : 40;
63693 : 60;
63694 : 60;
63695 : 60;
63696 : 60;
63697 : 60;
63698 : 40;
63699 : 64;
63700 : 64;
63701 : 84;
63702 : 84;
63703 : 84;
63704 : 64;
63705 : 64;
63706 : 64;
63707 : 64;
63708 : 64;
63709 : 64;
63710 : 60;
63711 : 60;
63712 : 40;
63713 : 60;
63714 : 40;
63715 : 60;
63716 : 40;
63717 : 40;
63718 : 40;
63719 : 40;
63720 : 40;
63721 : 40;
63722 : 40;
63723 : 40;
63724 : 40;
63725 : 40;
63726 : 40;
63727 : 40;
63728 : 40;
63729 : 40;
63730 : 40;
63731 : 40;
63732 : 40;
63733 : 40;
63734 : 40;
63735 : 40;
63736 : 20;
63737 : 20;
63738 : 64;
63739 : 64;
63740 : 64;
63741 : 40;
63742 : 40;
63743 : 40;
63744 : 40;
63745 : 40;
63746 : 40;
63747 : 40;
63748 : 40;
63749 : 40;
63750 : 20;
63751 : 64;
63752 : 60;
63753 : 60;
63754 : 60;
63755 : 64;
63756 : 40;
63757 : 40;
63758 : 40;
63759 : 64;
63760 : 40;
63761 : 40;
63762 : 40;
63763 : 64;
63764 : 64;
63765 : 64;
63766 : 64;
63767 : 64;
63768 : 64;
63769 : 64;
63770 : 64;
63771 : 64;
63772 : 64;
63773 : 64;
63774 : 64;
63775 : 85;
63776 : 85;
63777 : 85;
63778 : 85;
63779 : A9;
63780 : A9;
63781 : A9;
63782 : A9;
63783 : A9;
63784 : A9;
63785 : A9;
63786 : A9;
63787 : A9;
63788 : 85;
63789 : 89;
63790 : 40;
63791 : 89;
63792 : 64;
63793 : 89;
63794 : 89;
63795 : 89;
63796 : 85;
63797 : 85;
63798 : 84;
63799 : 85;
63800 : 85;
63801 : 64;
63802 : 64;
63803 : 40;
63804 : 40;
63805 : 64;
63806 : 64;
63807 : 40;
63808 : 64;
63809 : 40;
63810 : 85;
63811 : 64;
63812 : 85;
63813 : 40;
63814 : 64;
63815 : 40;
63816 : 64;
63817 : 64;
63818 : 85;
63819 : 85;
63820 : 85;
63821 : 85;
63822 : 64;
63823 : 64;
63824 : 64;
63825 : 40;
63826 : 64;
63827 : 64;
63828 : 64;
63829 : 64;
63830 : 64;
63831 : 64;
63832 : 64;
63833 : 64;
63834 : 64;
63835 : 64;
63836 : 40;
63837 : 85;
63838 : 64;
63839 : 40;
63840 : 20;
63841 : 40;
63842 : 85;
63843 : 85;
63844 : 64;
63845 : 40;
63846 : 40;
63847 : 40;
63848 : 44;
63849 : 44;
63850 : 44;
63851 : 44;
63852 : 40;
63853 : 40;
63854 : 44;
63855 : 44;
63856 : 40;
63857 : 40;
63858 : 40;
63859 : 40;
63860 : 40;
63861 : 40;
63862 : 40;
63863 : 40;
63864 : 40;
63865 : 40;
63866 : 20;
63867 : 20;
63868 : 40;
63869 : 64;
63870 : 40;
63871 : 40;
63872 : 40;
63873 : 40;
63874 : 44;
63875 : 40;
63876 : 40;
63877 : 40;
63878 : 40;
63879 : 40;
63880 : 40;
63881 : 44;
63882 : 64;
63883 : 64;
63884 : 64;
63885 : 64;
63886 : 64;
63887 : 64;
63888 : 40;
63889 : 40;
63890 : 40;
63891 : 60;
63892 : 40;
63893 : 40;
63894 : 40;
63895 : 40;
63896 : 40;
63897 : 40;
63898 : 40;
63899 : 40;
63900 : 40;
63901 : 40;
63902 : 40;
63903 : 60;
63904 : 40;
63905 : 40;
63906 : 40;
63907 : 64;
63908 : 64;
63909 : 84;
63910 : 40;
63911 : 40;
63912 : 40;
63913 : 40;
63914 : 40;
63915 : 40;
63916 : 40;
63917 : 40;
63918 : 20;
63919 : 20;
63920 : 29;
63921 : 24;
63922 : 6D;
63923 : 49;
63924 : 49;
63925 : 49;
63926 : 49;
63927 : 49;
63928 : 49;
63929 : 49;
63930 : 49;
63931 : 49;
63932 : 49;
63933 : 49;
63934 : 49;
63935 : 49;
63936 : 49;
63937 : 49;
63938 : 49;
63939 : 49;
63940 : 49;
63941 : 49;
63942 : 49;
63943 : 49;
63944 : 49;
63945 : 49;
63946 : 49;
63947 : 49;
63948 : 49;
63949 : 49;
63950 : 49;
63951 : 49;
63952 : 49;
63953 : 49;
63954 : 49;
63955 : 49;
63956 : 49;
63957 : 49;
63958 : 49;
63959 : 49;
63960 : 49;
63961 : 49;
63962 : 49;
63963 : 49;
63964 : 49;
63965 : 49;
63966 : 49;
63967 : 49;
63968 : 49;
63969 : 49;
63970 : 49;
63971 : 49;
63972 : 49;
63973 : 49;
63974 : 49;
63975 : 49;
63976 : 49;
63977 : 49;
63978 : 49;
63979 : 49;
63980 : 49;
63981 : 49;
63982 : 45;
63983 : 45;
63984 : 44;
63985 : 24;
63986 : 24;
63987 : 24;
63988 : 24;
63989 : 24;
63990 : 24;
63991 : 24;
63992 : 24;
63993 : 49;
63994 : 00;
63995 : 24;
63996 : 49;
63997 : 24;
63998 : 24;
63999 : 24;
64000 : 40;
64001 : 40;
64002 : 40;
64003 : 40;
64004 : 40;
64005 : 40;
64006 : 40;
64007 : 40;
64008 : 20;
64009 : 40;
64010 : 40;
64011 : 40;
64012 : 40;
64013 : 60;
64014 : 60;
64015 : 60;
64016 : 60;
64017 : 60;
64018 : 60;
64019 : 60;
64020 : 64;
64021 : 64;
64022 : 84;
64023 : 84;
64024 : 84;
64025 : 64;
64026 : 64;
64027 : 64;
64028 : 64;
64029 : 64;
64030 : 64;
64031 : 64;
64032 : 64;
64033 : 64;
64034 : 64;
64035 : 64;
64036 : 60;
64037 : 60;
64038 : 60;
64039 : 60;
64040 : 60;
64041 : 60;
64042 : 40;
64043 : 40;
64044 : 40;
64045 : 40;
64046 : 20;
64047 : 20;
64048 : 40;
64049 : 64;
64050 : 40;
64051 : 40;
64052 : 40;
64053 : 40;
64054 : 40;
64055 : 40;
64056 : 40;
64057 : 40;
64058 : 20;
64059 : 64;
64060 : 64;
64061 : 64;
64062 : 40;
64063 : 40;
64064 : 40;
64065 : 40;
64066 : 40;
64067 : 40;
64068 : 40;
64069 : 40;
64070 : 40;
64071 : 20;
64072 : 40;
64073 : 40;
64074 : 64;
64075 : 64;
64076 : 64;
64077 : 64;
64078 : 64;
64079 : 20;
64080 : 40;
64081 : 40;
64082 : 64;
64083 : 64;
64084 : 64;
64085 : 64;
64086 : 64;
64087 : 64;
64088 : 64;
64089 : 64;
64090 : 64;
64091 : 64;
64092 : 64;
64093 : 64;
64094 : 64;
64095 : 85;
64096 : 85;
64097 : 85;
64098 : A9;
64099 : A9;
64100 : A9;
64101 : 85;
64102 : 85;
64103 : 85;
64104 : 85;
64105 : 85;
64106 : 85;
64107 : 85;
64108 : 85;
64109 : 85;
64110 : 85;
64111 : 64;
64112 : 64;
64113 : 65;
64114 : 85;
64115 : 85;
64116 : 85;
64117 : 85;
64118 : 85;
64119 : 64;
64120 : 64;
64121 : 64;
64122 : 40;
64123 : 64;
64124 : 64;
64125 : 40;
64126 : 40;
64127 : 64;
64128 : 64;
64129 : 40;
64130 : 85;
64131 : 64;
64132 : 64;
64133 : 64;
64134 : 40;
64135 : 40;
64136 : 85;
64137 : 85;
64138 : 85;
64139 : 85;
64140 : 85;
64141 : 64;
64142 : 64;
64143 : 64;
64144 : 64;
64145 : 84;
64146 : 64;
64147 : 64;
64148 : 64;
64149 : 64;
64150 : 64;
64151 : 64;
64152 : 64;
64153 : 64;
64154 : 64;
64155 : 64;
64156 : 40;
64157 : 85;
64158 : 64;
64159 : 40;
64160 : 40;
64161 : 64;
64162 : 85;
64163 : 64;
64164 : 40;
64165 : 40;
64166 : 40;
64167 : 44;
64168 : 44;
64169 : 44;
64170 : 44;
64171 : 40;
64172 : 44;
64173 : 40;
64174 : 44;
64175 : 40;
64176 : 60;
64177 : 40;
64178 : 40;
64179 : 40;
64180 : 40;
64181 : 40;
64182 : 44;
64183 : 40;
64184 : 40;
64185 : 64;
64186 : 84;
64187 : 64;
64188 : 60;
64189 : 20;
64190 : 40;
64191 : 40;
64192 : 40;
64193 : 44;
64194 : 40;
64195 : 40;
64196 : 40;
64197 : 40;
64198 : 40;
64199 : 40;
64200 : 40;
64201 : 64;
64202 : 64;
64203 : 64;
64204 : 64;
64205 : 64;
64206 : 64;
64207 : 64;
64208 : 40;
64209 : 40;
64210 : 60;
64211 : 40;
64212 : 40;
64213 : 40;
64214 : 40;
64215 : 40;
64216 : 40;
64217 : 40;
64218 : 60;
64219 : 60;
64220 : 40;
64221 : 40;
64222 : 60;
64223 : 40;
64224 : 40;
64225 : 40;
64226 : 64;
64227 : 64;
64228 : 64;
64229 : 84;
64230 : 40;
64231 : 40;
64232 : 40;
64233 : 40;
64234 : 40;
64235 : 40;
64236 : 40;
64237 : 40;
64238 : 40;
64239 : 20;
64240 : 49;
64241 : 25;
64242 : 6D;
64243 : 49;
64244 : 49;
64245 : 49;
64246 : 49;
64247 : 49;
64248 : 49;
64249 : 49;
64250 : 49;
64251 : 49;
64252 : 49;
64253 : 49;
64254 : 49;
64255 : 49;
64256 : 49;
64257 : 49;
64258 : 49;
64259 : 49;
64260 : 49;
64261 : 49;
64262 : 49;
64263 : 49;
64264 : 49;
64265 : 49;
64266 : 49;
64267 : 49;
64268 : 49;
64269 : 49;
64270 : 49;
64271 : 49;
64272 : 49;
64273 : 49;
64274 : 49;
64275 : 49;
64276 : 49;
64277 : 49;
64278 : 49;
64279 : 49;
64280 : 49;
64281 : 49;
64282 : 49;
64283 : 49;
64284 : 49;
64285 : 49;
64286 : 49;
64287 : 49;
64288 : 49;
64289 : 49;
64290 : 49;
64291 : 49;
64292 : 49;
64293 : 49;
64294 : 49;
64295 : 49;
64296 : 49;
64297 : 49;
64298 : 49;
64299 : 49;
64300 : 49;
64301 : 49;
64302 : 45;
64303 : 44;
64304 : 44;
64305 : 24;
64306 : 24;
64307 : 24;
64308 : 24;
64309 : 24;
64310 : 24;
64311 : 24;
64312 : 24;
64313 : 45;
64314 : 00;
64315 : 24;
64316 : 49;
64317 : 24;
64318 : 24;
64319 : 24;
64320 : 40;
64321 : 40;
64322 : 40;
64323 : 40;
64324 : 40;
64325 : 40;
64326 : 40;
64327 : 40;
64328 : 20;
64329 : 40;
64330 : 40;
64331 : 40;
64332 : 40;
64333 : 40;
64334 : 60;
64335 : 60;
64336 : 60;
64337 : 60;
64338 : 60;
64339 : 60;
64340 : 64;
64341 : 64;
64342 : 60;
64343 : 84;
64344 : 84;
64345 : 84;
64346 : 64;
64347 : 64;
64348 : 64;
64349 : 60;
64350 : 64;
64351 : 60;
64352 : 64;
64353 : 64;
64354 : 64;
64355 : 64;
64356 : 64;
64357 : 60;
64358 : 60;
64359 : 60;
64360 : 60;
64361 : 60;
64362 : 60;
64363 : 40;
64364 : 40;
64365 : 40;
64366 : 40;
64367 : 40;
64368 : 40;
64369 : 20;
64370 : 40;
64371 : 40;
64372 : 40;
64373 : 40;
64374 : 40;
64375 : 40;
64376 : 40;
64377 : 40;
64378 : 64;
64379 : 20;
64380 : 40;
64381 : 40;
64382 : 64;
64383 : 40;
64384 : 40;
64385 : 40;
64386 : 40;
64387 : 40;
64388 : 40;
64389 : 40;
64390 : 40;
64391 : 40;
64392 : 40;
64393 : 20;
64394 : 40;
64395 : 40;
64396 : 40;
64397 : 40;
64398 : 40;
64399 : 64;
64400 : 64;
64401 : 64;
64402 : 40;
64403 : 40;
64404 : 64;
64405 : 64;
64406 : 64;
64407 : 64;
64408 : 64;
64409 : 64;
64410 : 64;
64411 : 64;
64412 : 64;
64413 : 64;
64414 : 85;
64415 : 85;
64416 : 85;
64417 : A9;
64418 : A9;
64419 : A9;
64420 : 89;
64421 : 85;
64422 : 85;
64423 : 85;
64424 : 85;
64425 : 85;
64426 : 85;
64427 : 85;
64428 : 85;
64429 : 85;
64430 : 89;
64431 : 40;
64432 : 64;
64433 : 64;
64434 : 84;
64435 : 85;
64436 : 84;
64437 : 64;
64438 : 64;
64439 : 64;
64440 : 64;
64441 : 64;
64442 : 64;
64443 : 64;
64444 : 64;
64445 : 85;
64446 : 40;
64447 : 64;
64448 : 64;
64449 : 40;
64450 : 64;
64451 : 64;
64452 : 40;
64453 : 64;
64454 : 40;
64455 : 85;
64456 : 64;
64457 : 85;
64458 : 85;
64459 : 85;
64460 : 85;
64461 : 64;
64462 : 64;
64463 : 64;
64464 : 64;
64465 : 64;
64466 : 40;
64467 : 64;
64468 : 64;
64469 : 64;
64470 : 44;
64471 : 64;
64472 : 64;
64473 : 64;
64474 : 64;
64475 : 64;
64476 : 60;
64477 : 85;
64478 : 64;
64479 : 40;
64480 : 64;
64481 : 85;
64482 : 64;
64483 : 40;
64484 : 40;
64485 : 40;
64486 : 44;
64487 : 44;
64488 : 44;
64489 : 44;
64490 : 44;
64491 : 44;
64492 : 44;
64493 : 40;
64494 : 44;
64495 : 40;
64496 : 64;
64497 : 40;
64498 : 40;
64499 : 40;
64500 : 40;
64501 : 40;
64502 : 20;
64503 : 64;
64504 : 64;
64505 : 40;
64506 : 20;
64507 : 40;
64508 : 40;
64509 : 44;
64510 : 40;
64511 : 40;
64512 : 40;
64513 : 40;
64514 : 64;
64515 : 40;
64516 : 40;
64517 : 40;
64518 : 40;
64519 : 40;
64520 : 44;
64521 : 64;
64522 : 64;
64523 : 64;
64524 : 64;
64525 : 44;
64526 : 40;
64527 : 40;
64528 : 40;
64529 : 40;
64530 : 40;
64531 : 40;
64532 : 40;
64533 : 40;
64534 : 40;
64535 : 40;
64536 : 40;
64537 : 40;
64538 : 60;
64539 : 60;
64540 : 60;
64541 : 60;
64542 : 40;
64543 : 40;
64544 : 40;
64545 : 40;
64546 : 64;
64547 : 64;
64548 : 64;
64549 : 40;
64550 : 40;
64551 : 40;
64552 : 40;
64553 : 40;
64554 : 40;
64555 : 40;
64556 : 40;
64557 : 40;
64558 : 40;
64559 : 40;
64560 : 49;
64561 : 25;
64562 : 6D;
64563 : 49;
64564 : 49;
64565 : 49;
64566 : 49;
64567 : 49;
64568 : 49;
64569 : 49;
64570 : 49;
64571 : 49;
64572 : 49;
64573 : 49;
64574 : 49;
64575 : 49;
64576 : 49;
64577 : 49;
64578 : 49;
64579 : 49;
64580 : 49;
64581 : 49;
64582 : 49;
64583 : 49;
64584 : 49;
64585 : 49;
64586 : 49;
64587 : 49;
64588 : 49;
64589 : 49;
64590 : 49;
64591 : 49;
64592 : 49;
64593 : 49;
64594 : 49;
64595 : 49;
64596 : 49;
64597 : 49;
64598 : 49;
64599 : 49;
64600 : 49;
64601 : 49;
64602 : 49;
64603 : 49;
64604 : 49;
64605 : 49;
64606 : 49;
64607 : 49;
64608 : 49;
64609 : 49;
64610 : 49;
64611 : 49;
64612 : 49;
64613 : 49;
64614 : 49;
64615 : 49;
64616 : 49;
64617 : 49;
64618 : 49;
64619 : 49;
64620 : 49;
64621 : 49;
64622 : 49;
64623 : 45;
64624 : 24;
64625 : 45;
64626 : 44;
64627 : 24;
64628 : 24;
64629 : 24;
64630 : 24;
64631 : 24;
64632 : 24;
64633 : 49;
64634 : 00;
64635 : 24;
64636 : 49;
64637 : 24;
64638 : 24;
64639 : 24;
64640 : 40;
64641 : 40;
64642 : 40;
64643 : 40;
64644 : 40;
64645 : 40;
64646 : 40;
64647 : 20;
64648 : 40;
64649 : 40;
64650 : 40;
64651 : 40;
64652 : 40;
64653 : 40;
64654 : 60;
64655 : 60;
64656 : 60;
64657 : 60;
64658 : 60;
64659 : 60;
64660 : 64;
64661 : 64;
64662 : 64;
64663 : 64;
64664 : 84;
64665 : 84;
64666 : 84;
64667 : 84;
64668 : 64;
64669 : 64;
64670 : 64;
64671 : 64;
64672 : 64;
64673 : 84;
64674 : 84;
64675 : 84;
64676 : 84;
64677 : 84;
64678 : 84;
64679 : 84;
64680 : 64;
64681 : 64;
64682 : 64;
64683 : 64;
64684 : 60;
64685 : 60;
64686 : 60;
64687 : 60;
64688 : 60;
64689 : 40;
64690 : 40;
64691 : 40;
64692 : 40;
64693 : 40;
64694 : 40;
64695 : 40;
64696 : 40;
64697 : 40;
64698 : 40;
64699 : 40;
64700 : 40;
64701 : 20;
64702 : 40;
64703 : 40;
64704 : 40;
64705 : 40;
64706 : 40;
64707 : 40;
64708 : 40;
64709 : 40;
64710 : 40;
64711 : 40;
64712 : 40;
64713 : 40;
64714 : 40;
64715 : 40;
64716 : 40;
64717 : 40;
64718 : 44;
64719 : 44;
64720 : 40;
64721 : 40;
64722 : 64;
64723 : 64;
64724 : 40;
64725 : 44;
64726 : 64;
64727 : 64;
64728 : 64;
64729 : 64;
64730 : 64;
64731 : 64;
64732 : 64;
64733 : 85;
64734 : 85;
64735 : 85;
64736 : 85;
64737 : A9;
64738 : 89;
64739 : 89;
64740 : 85;
64741 : 85;
64742 : 85;
64743 : 85;
64744 : 85;
64745 : 85;
64746 : 85;
64747 : 85;
64748 : 85;
64749 : 85;
64750 : 85;
64751 : 64;
64752 : 64;
64753 : 64;
64754 : 64;
64755 : 64;
64756 : 64;
64757 : 64;
64758 : 64;
64759 : 64;
64760 : 64;
64761 : 64;
64762 : 64;
64763 : 64;
64764 : 64;
64765 : 64;
64766 : 65;
64767 : 40;
64768 : 44;
64769 : 64;
64770 : 40;
64771 : 64;
64772 : 64;
64773 : 40;
64774 : 85;
64775 : 64;
64776 : 85;
64777 : 85;
64778 : 85;
64779 : 85;
64780 : 64;
64781 : 64;
64782 : 64;
64783 : 64;
64784 : 64;
64785 : 84;
64786 : 40;
64787 : 64;
64788 : 64;
64789 : 64;
64790 : 64;
64791 : 64;
64792 : 64;
64793 : 64;
64794 : 64;
64795 : 40;
64796 : 64;
64797 : A9;
64798 : 84;
64799 : 64;
64800 : 85;
64801 : 64;
64802 : 64;
64803 : 20;
64804 : 40;
64805 : 40;
64806 : 44;
64807 : 44;
64808 : 44;
64809 : 44;
64810 : 44;
64811 : 44;
64812 : 44;
64813 : 44;
64814 : 40;
64815 : 40;
64816 : 40;
64817 : 40;
64818 : 40;
64819 : 40;
64820 : 40;
64821 : 40;
64822 : 64;
64823 : 64;
64824 : 40;
64825 : 40;
64826 : 40;
64827 : 40;
64828 : 40;
64829 : 40;
64830 : 40;
64831 : 40;
64832 : 40;
64833 : 40;
64834 : 40;
64835 : 40;
64836 : 40;
64837 : 40;
64838 : 40;
64839 : 40;
64840 : 64;
64841 : 64;
64842 : 64;
64843 : 64;
64844 : 64;
64845 : 44;
64846 : 64;
64847 : 40;
64848 : 40;
64849 : 40;
64850 : 40;
64851 : 40;
64852 : 40;
64853 : 40;
64854 : 40;
64855 : 40;
64856 : 40;
64857 : 60;
64858 : 60;
64859 : 60;
64860 : 60;
64861 : 40;
64862 : 40;
64863 : 40;
64864 : 40;
64865 : 64;
64866 : 64;
64867 : 64;
64868 : 64;
64869 : 60;
64870 : 40;
64871 : 60;
64872 : 40;
64873 : 40;
64874 : 40;
64875 : 40;
64876 : 40;
64877 : 40;
64878 : 40;
64879 : 20;
64880 : 49;
64881 : 45;
64882 : 6D;
64883 : 49;
64884 : 49;
64885 : 49;
64886 : 49;
64887 : 49;
64888 : 49;
64889 : 49;
64890 : 49;
64891 : 49;
64892 : 49;
64893 : 49;
64894 : 49;
64895 : 49;
64896 : 49;
64897 : 49;
64898 : 49;
64899 : 49;
64900 : 49;
64901 : 49;
64902 : 49;
64903 : 49;
64904 : 49;
64905 : 49;
64906 : 49;
64907 : 49;
64908 : 49;
64909 : 49;
64910 : 49;
64911 : 49;
64912 : 49;
64913 : 49;
64914 : 49;
64915 : 49;
64916 : 49;
64917 : 49;
64918 : 49;
64919 : 49;
64920 : 49;
64921 : 49;
64922 : 49;
64923 : 49;
64924 : 49;
64925 : 49;
64926 : 49;
64927 : 49;
64928 : 49;
64929 : 49;
64930 : 49;
64931 : 49;
64932 : 49;
64933 : 49;
64934 : 49;
64935 : 49;
64936 : 49;
64937 : 49;
64938 : 49;
64939 : 49;
64940 : 49;
64941 : 48;
64942 : 45;
64943 : 24;
64944 : 24;
64945 : 24;
64946 : 24;
64947 : 24;
64948 : 24;
64949 : 24;
64950 : 24;
64951 : 24;
64952 : 24;
64953 : 49;
64954 : 00;
64955 : 24;
64956 : 49;
64957 : 24;
64958 : 24;
64959 : 24;
64960 : 40;
64961 : 40;
64962 : 40;
64963 : 40;
64964 : 40;
64965 : 40;
64966 : 40;
64967 : 20;
64968 : 40;
64969 : 40;
64970 : 40;
64971 : 40;
64972 : 40;
64973 : 40;
64974 : 60;
64975 : 60;
64976 : 60;
64977 : 60;
64978 : 60;
64979 : 60;
64980 : 60;
64981 : 64;
64982 : 64;
64983 : 64;
64984 : 64;
64985 : 84;
64986 : 84;
64987 : 84;
64988 : 84;
64989 : 84;
64990 : 84;
64991 : 84;
64992 : 64;
64993 : 64;
64994 : 64;
64995 : 64;
64996 : 84;
64997 : 84;
64998 : 60;
64999 : 84;
65000 : 84;
65001 : 64;
65002 : 64;
65003 : 64;
65004 : 64;
65005 : 60;
65006 : 64;
65007 : 64;
65008 : 60;
65009 : 60;
65010 : 40;
65011 : 40;
65012 : 40;
65013 : 40;
65014 : 44;
65015 : 40;
65016 : 40;
65017 : 40;
65018 : 40;
65019 : 40;
65020 : 40;
65021 : 40;
65022 : 40;
65023 : 44;
65024 : 40;
65025 : 44;
65026 : 64;
65027 : 40;
65028 : 40;
65029 : 64;
65030 : 40;
65031 : 40;
65032 : 64;
65033 : 64;
65034 : 64;
65035 : 64;
65036 : 64;
65037 : 64;
65038 : 64;
65039 : 64;
65040 : 64;
65041 : 64;
65042 : 40;
65043 : 40;
65044 : 40;
65045 : 64;
65046 : 40;
65047 : 40;
65048 : 64;
65049 : 64;
65050 : 64;
65051 : 64;
65052 : 64;
65053 : 85;
65054 : 85;
65055 : 85;
65056 : 85;
65057 : 89;
65058 : 85;
65059 : 85;
65060 : 85;
65061 : 85;
65062 : 85;
65063 : 85;
65064 : 85;
65065 : 84;
65066 : 84;
65067 : 85;
65068 : 85;
65069 : 65;
65070 : 85;
65071 : 64;
65072 : 64;
65073 : 40;
65074 : 64;
65075 : 64;
65076 : 64;
65077 : 64;
65078 : 64;
65079 : 64;
65080 : 64;
65081 : 64;
65082 : 64;
65083 : 64;
65084 : 64;
65085 : 64;
65086 : 64;
65087 : 64;
65088 : 40;
65089 : 64;
65090 : 64;
65091 : 40;
65092 : 84;
65093 : 40;
65094 : 64;
65095 : 64;
65096 : 64;
65097 : 85;
65098 : 85;
65099 : 64;
65100 : 64;
65101 : 64;
65102 : 64;
65103 : 64;
65104 : 64;
65105 : 40;
65106 : 64;
65107 : 64;
65108 : 64;
65109 : 64;
65110 : 64;
65111 : 64;
65112 : 64;
65113 : 64;
65114 : 64;
65115 : 40;
65116 : 84;
65117 : 89;
65118 : 84;
65119 : 85;
65120 : 84;
65121 : 64;
65122 : 20;
65123 : 40;
65124 : 40;
65125 : 44;
65126 : 44;
65127 : 44;
65128 : 44;
65129 : 44;
65130 : 44;
65131 : 44;
65132 : 44;
65133 : 44;
65134 : 20;
65135 : 64;
65136 : 40;
65137 : 40;
65138 : 40;
65139 : 40;
65140 : 40;
65141 : 64;
65142 : 40;
65143 : 40;
65144 : 40;
65145 : 40;
65146 : 40;
65147 : 40;
65148 : 40;
65149 : 40;
65150 : 44;
65151 : 40;
65152 : 64;
65153 : 40;
65154 : 40;
65155 : 40;
65156 : 40;
65157 : 40;
65158 : 40;
65159 : 64;
65160 : 64;
65161 : 64;
65162 : 64;
65163 : 64;
65164 : 44;
65165 : 64;
65166 : 40;
65167 : 40;
65168 : 40;
65169 : 40;
65170 : 40;
65171 : 40;
65172 : 40;
65173 : 40;
65174 : 60;
65175 : 40;
65176 : 40;
65177 : 60;
65178 : 60;
65179 : 40;
65180 : 60;
65181 : 40;
65182 : 40;
65183 : 40;
65184 : 40;
65185 : 64;
65186 : 64;
65187 : 64;
65188 : 40;
65189 : 40;
65190 : 40;
65191 : 40;
65192 : 40;
65193 : 40;
65194 : 40;
65195 : 40;
65196 : 20;
65197 : 40;
65198 : 40;
65199 : 40;
65200 : 49;
65201 : 24;
65202 : 6D;
65203 : 49;
65204 : 49;
65205 : 49;
65206 : 49;
65207 : 49;
65208 : 49;
65209 : 49;
65210 : 49;
65211 : 49;
65212 : 49;
65213 : 49;
65214 : 49;
65215 : 49;
65216 : 49;
65217 : 49;
65218 : 49;
65219 : 49;
65220 : 49;
65221 : 49;
65222 : 49;
65223 : 49;
65224 : 49;
65225 : 49;
65226 : 49;
65227 : 49;
65228 : 49;
65229 : 49;
65230 : 49;
65231 : 49;
65232 : 49;
65233 : 49;
65234 : 49;
65235 : 49;
65236 : 49;
65237 : 49;
65238 : 49;
65239 : 49;
65240 : 49;
65241 : 49;
65242 : 49;
65243 : 49;
65244 : 49;
65245 : 49;
65246 : 49;
65247 : 49;
65248 : 49;
65249 : 49;
65250 : 49;
65251 : 49;
65252 : 49;
65253 : 49;
65254 : 49;
65255 : 49;
65256 : 49;
65257 : 49;
65258 : 49;
65259 : 49;
65260 : 49;
65261 : 49;
65262 : 44;
65263 : 24;
65264 : 24;
65265 : 24;
65266 : 24;
65267 : 24;
65268 : 24;
65269 : 24;
65270 : 24;
65271 : 24;
65272 : 24;
65273 : 44;
65274 : 00;
65275 : 24;
65276 : 49;
65277 : 24;
65278 : 24;
65279 : 24;
65280 : 40;
65281 : 40;
65282 : 40;
65283 : 40;
65284 : 40;
65285 : 40;
65286 : 40;
65287 : 20;
65288 : 60;
65289 : 40;
65290 : 40;
65291 : 40;
65292 : 40;
65293 : 40;
65294 : 60;
65295 : 60;
65296 : 60;
65297 : 60;
65298 : 60;
65299 : 60;
65300 : 60;
65301 : 60;
65302 : 60;
65303 : 64;
65304 : 64;
65305 : 64;
65306 : 64;
65307 : 64;
65308 : 84;
65309 : 84;
65310 : 84;
65311 : 64;
65312 : 64;
65313 : 84;
65314 : 64;
65315 : 64;
65316 : 84;
65317 : 40;
65318 : 64;
65319 : 84;
65320 : 64;
65321 : 64;
65322 : 64;
65323 : 64;
65324 : 64;
65325 : 84;
65326 : 60;
65327 : 60;
65328 : 64;
65329 : 64;
65330 : 64;
65331 : 60;
65332 : 40;
65333 : 40;
65334 : 20;
65335 : 64;
65336 : 44;
65337 : 40;
65338 : 40;
65339 : 40;
65340 : 40;
65341 : 44;
65342 : 20;
65343 : 44;
65344 : 40;
65345 : 44;
65346 : 64;
65347 : 64;
65348 : 40;
65349 : 40;
65350 : 64;
65351 : 40;
65352 : 40;
65353 : 64;
65354 : 44;
65355 : 64;
65356 : 64;
65357 : 64;
65358 : 64;
65359 : 64;
65360 : 64;
65361 : 64;
65362 : 64;
65363 : 64;
65364 : 64;
65365 : 20;
65366 : 64;
65367 : 64;
65368 : 44;
65369 : 64;
65370 : 64;
65371 : 64;
65372 : 85;
65373 : 89;
65374 : 85;
65375 : 85;
65376 : 85;
65377 : 85;
65378 : 85;
65379 : 85;
65380 : 85;
65381 : 85;
65382 : 85;
65383 : 85;
65384 : 64;
65385 : 65;
65386 : 85;
65387 : 84;
65388 : 85;
65389 : 85;
65390 : 85;
65391 : 64;
65392 : 64;
65393 : 40;
65394 : 64;
65395 : 64;
65396 : 64;
65397 : 64;
65398 : 64;
65399 : 64;
65400 : 64;
65401 : 64;
65402 : 64;
65403 : 64;
65404 : 64;
65405 : 64;
65406 : 64;
65407 : 64;
65408 : 64;
65409 : 64;
65410 : 64;
65411 : 40;
65412 : 64;
65413 : 64;
65414 : 64;
65415 : 64;
65416 : 64;
65417 : 64;
65418 : 64;
65419 : 64;
65420 : 64;
65421 : 84;
65422 : 64;
65423 : 64;
65424 : 64;
65425 : 40;
65426 : 85;
65427 : 40;
65428 : 64;
65429 : 64;
65430 : 64;
65431 : 64;
65432 : 64;
65433 : 64;
65434 : 64;
65435 : 40;
65436 : 84;
65437 : 89;
65438 : 85;
65439 : 84;
65440 : 64;
65441 : 40;
65442 : 40;
65443 : 40;
65444 : 40;
65445 : 44;
65446 : 44;
65447 : 44;
65448 : 44;
65449 : 44;
65450 : 44;
65451 : 44;
65452 : 44;
65453 : 44;
65454 : 20;
65455 : 64;
65456 : 40;
65457 : 44;
65458 : 20;
65459 : 20;
65460 : 64;
65461 : 64;
65462 : 20;
65463 : 44;
65464 : 40;
65465 : 40;
65466 : 40;
65467 : 40;
65468 : 40;
65469 : 44;
65470 : 20;
65471 : 64;
65472 : 40;
65473 : 40;
65474 : 40;
65475 : 40;
65476 : 40;
65477 : 40;
65478 : 40;
65479 : 64;
65480 : 64;
65481 : 64;
65482 : 64;
65483 : 40;
65484 : 64;
65485 : 40;
65486 : 40;
65487 : 40;
65488 : 60;
65489 : 40;
65490 : 40;
65491 : 40;
65492 : 40;
65493 : 60;
65494 : 40;
65495 : 60;
65496 : 60;
65497 : 60;
65498 : 60;
65499 : 60;
65500 : 40;
65501 : 40;
65502 : 40;
65503 : 20;
65504 : 60;
65505 : 64;
65506 : 64;
65507 : 64;
65508 : 40;
65509 : 40;
65510 : 40;
65511 : 60;
65512 : 40;
65513 : 40;
65514 : 40;
65515 : 40;
65516 : 20;
65517 : 40;
65518 : 40;
65519 : 40;
65520 : 49;
65521 : 45;
65522 : 6D;
65523 : 49;
65524 : 49;
65525 : 49;
65526 : 49;
65527 : 49;
65528 : 49;
65529 : 49;
65530 : 49;
65531 : 49;
65532 : 49;
65533 : 49;
65534 : 49;
65535 : 49;
65536 : 49;
65537 : 49;
65538 : 49;
65539 : 49;
65540 : 49;
65541 : 49;
65542 : 49;
65543 : 49;
65544 : 49;
65545 : 49;
65546 : 49;
65547 : 49;
65548 : 49;
65549 : 49;
65550 : 49;
65551 : 49;
65552 : 49;
65553 : 49;
65554 : 49;
65555 : 49;
65556 : 49;
65557 : 49;
65558 : 49;
65559 : 49;
65560 : 49;
65561 : 49;
65562 : 49;
65563 : 49;
65564 : 49;
65565 : 49;
65566 : 49;
65567 : 49;
65568 : 49;
65569 : 49;
65570 : 49;
65571 : 49;
65572 : 49;
65573 : 49;
65574 : 49;
65575 : 49;
65576 : 49;
65577 : 49;
65578 : 49;
65579 : 49;
65580 : 49;
65581 : 49;
65582 : 44;
65583 : 24;
65584 : 24;
65585 : 24;
65586 : 24;
65587 : 24;
65588 : 24;
65589 : 24;
65590 : 24;
65591 : 24;
65592 : 24;
65593 : 45;
65594 : 00;
65595 : 24;
65596 : 49;
65597 : 24;
65598 : 24;
65599 : 24;
65600 : 40;
65601 : 40;
65602 : 40;
65603 : 40;
65604 : 40;
65605 : 40;
65606 : 40;
65607 : 40;
65608 : 40;
65609 : 40;
65610 : 40;
65611 : 40;
65612 : 40;
65613 : 40;
65614 : 40;
65615 : 60;
65616 : 60;
65617 : 60;
65618 : 60;
65619 : 60;
65620 : 60;
65621 : 60;
65622 : 60;
65623 : 40;
65624 : 64;
65625 : 64;
65626 : 64;
65627 : 64;
65628 : 64;
65629 : 64;
65630 : 64;
65631 : 84;
65632 : 64;
65633 : 64;
65634 : 64;
65635 : 84;
65636 : 64;
65637 : 64;
65638 : 64;
65639 : 84;
65640 : 64;
65641 : 64;
65642 : 64;
65643 : 64;
65644 : 64;
65645 : 64;
65646 : 84;
65647 : 84;
65648 : 64;
65649 : 64;
65650 : 64;
65651 : 64;
65652 : 60;
65653 : 40;
65654 : 40;
65655 : 20;
65656 : 40;
65657 : 40;
65658 : 40;
65659 : 40;
65660 : 40;
65661 : 40;
65662 : 64;
65663 : 20;
65664 : 40;
65665 : 40;
65666 : 64;
65667 : 64;
65668 : 64;
65669 : 64;
65670 : 40;
65671 : 40;
65672 : 64;
65673 : 64;
65674 : 64;
65675 : 64;
65676 : 64;
65677 : 64;
65678 : 64;
65679 : 64;
65680 : 64;
65681 : 64;
65682 : 64;
65683 : 64;
65684 : 64;
65685 : 65;
65686 : 40;
65687 : 40;
65688 : 64;
65689 : 64;
65690 : 64;
65691 : 64;
65692 : 64;
65693 : 40;
65694 : 89;
65695 : 85;
65696 : 85;
65697 : 85;
65698 : 85;
65699 : 85;
65700 : 85;
65701 : 85;
65702 : 85;
65703 : 85;
65704 : 85;
65705 : 65;
65706 : 84;
65707 : 64;
65708 : 64;
65709 : 64;
65710 : 64;
65711 : 64;
65712 : 44;
65713 : 40;
65714 : 64;
65715 : 64;
65716 : 64;
65717 : 64;
65718 : 64;
65719 : 64;
65720 : 64;
65721 : 64;
65722 : 64;
65723 : 64;
65724 : 64;
65725 : 64;
65726 : 64;
65727 : 64;
65728 : 64;
65729 : 44;
65730 : 64;
65731 : 40;
65732 : 64;
65733 : 64;
65734 : 64;
65735 : 64;
65736 : 64;
65737 : 64;
65738 : 64;
65739 : 64;
65740 : 64;
65741 : 64;
65742 : 64;
65743 : 64;
65744 : 64;
65745 : 40;
65746 : 85;
65747 : 40;
65748 : 44;
65749 : 64;
65750 : 64;
65751 : 64;
65752 : 64;
65753 : 64;
65754 : 40;
65755 : 40;
65756 : 85;
65757 : 85;
65758 : 84;
65759 : 64;
65760 : 64;
65761 : 20;
65762 : 40;
65763 : 40;
65764 : 44;
65765 : 44;
65766 : 44;
65767 : 44;
65768 : 44;
65769 : 44;
65770 : 44;
65771 : 44;
65772 : 44;
65773 : 40;
65774 : 40;
65775 : 64;
65776 : 40;
65777 : 20;
65778 : 84;
65779 : 84;
65780 : 40;
65781 : 20;
65782 : 44;
65783 : 40;
65784 : 40;
65785 : 40;
65786 : 40;
65787 : 40;
65788 : 40;
65789 : 40;
65790 : 64;
65791 : 20;
65792 : 40;
65793 : 40;
65794 : 40;
65795 : 40;
65796 : 40;
65797 : 40;
65798 : 64;
65799 : 64;
65800 : 64;
65801 : 64;
65802 : 40;
65803 : 44;
65804 : 40;
65805 : 20;
65806 : 40;
65807 : 60;
65808 : 40;
65809 : 60;
65810 : 40;
65811 : 40;
65812 : 40;
65813 : 40;
65814 : 40;
65815 : 60;
65816 : 60;
65817 : 60;
65818 : 60;
65819 : 40;
65820 : 40;
65821 : 40;
65822 : 20;
65823 : 40;
65824 : 64;
65825 : 64;
65826 : 64;
65827 : 40;
65828 : 40;
65829 : 40;
65830 : 40;
65831 : 40;
65832 : 40;
65833 : 40;
65834 : 40;
65835 : 20;
65836 : 40;
65837 : 40;
65838 : 40;
65839 : 40;
65840 : 49;
65841 : 49;
65842 : 6D;
65843 : 49;
65844 : 49;
65845 : 49;
65846 : 49;
65847 : 49;
65848 : 49;
65849 : 49;
65850 : 49;
65851 : 49;
65852 : 49;
65853 : 49;
65854 : 49;
65855 : 49;
65856 : 49;
65857 : 49;
65858 : 49;
65859 : 49;
65860 : 49;
65861 : 49;
65862 : 49;
65863 : 49;
65864 : 49;
65865 : 49;
65866 : 49;
65867 : 49;
65868 : 49;
65869 : 49;
65870 : 49;
65871 : 49;
65872 : 49;
65873 : 49;
65874 : 49;
65875 : 49;
65876 : 49;
65877 : 49;
65878 : 49;
65879 : 49;
65880 : 49;
65881 : 49;
65882 : 49;
65883 : 49;
65884 : 49;
65885 : 49;
65886 : 49;
65887 : 49;
65888 : 49;
65889 : 49;
65890 : 49;
65891 : 49;
65892 : 49;
65893 : 49;
65894 : 49;
65895 : 49;
65896 : 49;
65897 : 49;
65898 : 49;
65899 : 49;
65900 : 49;
65901 : 49;
65902 : 49;
65903 : 49;
65904 : 49;
65905 : 24;
65906 : 24;
65907 : 24;
65908 : 24;
65909 : 24;
65910 : 24;
65911 : 24;
65912 : 24;
65913 : 24;
65914 : 00;
65915 : 24;
65916 : 49;
65917 : 24;
65918 : 24;
65919 : 24;
65920 : 40;
65921 : 40;
65922 : 40;
65923 : 40;
65924 : 40;
65925 : 40;
65926 : 40;
65927 : 40;
65928 : 40;
65929 : 40;
65930 : 40;
65931 : 40;
65932 : 40;
65933 : 40;
65934 : 60;
65935 : 60;
65936 : 60;
65937 : 60;
65938 : 60;
65939 : 60;
65940 : 60;
65941 : 60;
65942 : 60;
65943 : 60;
65944 : 60;
65945 : 64;
65946 : 64;
65947 : 64;
65948 : 64;
65949 : 64;
65950 : 64;
65951 : 64;
65952 : 64;
65953 : 64;
65954 : 64;
65955 : 64;
65956 : 60;
65957 : 40;
65958 : 64;
65959 : 64;
65960 : 64;
65961 : 64;
65962 : 64;
65963 : 84;
65964 : 84;
65965 : 84;
65966 : 84;
65967 : 64;
65968 : 64;
65969 : 64;
65970 : 60;
65971 : 64;
65972 : 64;
65973 : 64;
65974 : 40;
65975 : 40;
65976 : 40;
65977 : 40;
65978 : 40;
65979 : 40;
65980 : 40;
65981 : 40;
65982 : 40;
65983 : 40;
65984 : 40;
65985 : 40;
65986 : 64;
65987 : 64;
65988 : 64;
65989 : 64;
65990 : 64;
65991 : 40;
65992 : 40;
65993 : 64;
65994 : 64;
65995 : 64;
65996 : 64;
65997 : 64;
65998 : 64;
65999 : 64;
66000 : 64;
66001 : 64;
66002 : 64;
66003 : 64;
66004 : 64;
66005 : 64;
66006 : 64;
66007 : 44;
66008 : 64;
66009 : 40;
66010 : 64;
66011 : 64;
66012 : 64;
66013 : 85;
66014 : 85;
66015 : 85;
66016 : 85;
66017 : 85;
66018 : 85;
66019 : 85;
66020 : 85;
66021 : 85;
66022 : 85;
66023 : 85;
66024 : 89;
66025 : 85;
66026 : 84;
66027 : 85;
66028 : 85;
66029 : 64;
66030 : 64;
66031 : 64;
66032 : 44;
66033 : 64;
66034 : 40;
66035 : 64;
66036 : 64;
66037 : 64;
66038 : 64;
66039 : 64;
66040 : 64;
66041 : 64;
66042 : 64;
66043 : 64;
66044 : 64;
66045 : 64;
66046 : 64;
66047 : 64;
66048 : 64;
66049 : 40;
66050 : 85;
66051 : 84;
66052 : 64;
66053 : 64;
66054 : 64;
66055 : 64;
66056 : 64;
66057 : 64;
66058 : 64;
66059 : 64;
66060 : 64;
66061 : 64;
66062 : 64;
66063 : 64;
66064 : 64;
66065 : 40;
66066 : 85;
66067 : 40;
66068 : 44;
66069 : 64;
66070 : 64;
66071 : 64;
66072 : 64;
66073 : 64;
66074 : 40;
66075 : 85;
66076 : 85;
66077 : 85;
66078 : 84;
66079 : 64;
66080 : 40;
66081 : 40;
66082 : 40;
66083 : 44;
66084 : 44;
66085 : 44;
66086 : 44;
66087 : 44;
66088 : 44;
66089 : 44;
66090 : 44;
66091 : 44;
66092 : 44;
66093 : 40;
66094 : 64;
66095 : 40;
66096 : 64;
66097 : 64;
66098 : 40;
66099 : 40;
66100 : 40;
66101 : 40;
66102 : 40;
66103 : 40;
66104 : 40;
66105 : 40;
66106 : 44;
66107 : 40;
66108 : 40;
66109 : 64;
66110 : 40;
66111 : 40;
66112 : 40;
66113 : 40;
66114 : 40;
66115 : 40;
66116 : 40;
66117 : 40;
66118 : 40;
66119 : 44;
66120 : 44;
66121 : 44;
66122 : 64;
66123 : 20;
66124 : 40;
66125 : 40;
66126 : 40;
66127 : 40;
66128 : 40;
66129 : 40;
66130 : 40;
66131 : 40;
66132 : 40;
66133 : 40;
66134 : 40;
66135 : 60;
66136 : 60;
66137 : 40;
66138 : 60;
66139 : 40;
66140 : 40;
66141 : 40;
66142 : 40;
66143 : 64;
66144 : 64;
66145 : 64;
66146 : 40;
66147 : 40;
66148 : 40;
66149 : 40;
66150 : 40;
66151 : 40;
66152 : 40;
66153 : 40;
66154 : 40;
66155 : 20;
66156 : 40;
66157 : 40;
66158 : 40;
66159 : 40;
66160 : 49;
66161 : 49;
66162 : 6D;
66163 : 49;
66164 : 49;
66165 : 49;
66166 : 49;
66167 : 49;
66168 : 49;
66169 : 49;
66170 : 49;
66171 : 49;
66172 : 49;
66173 : 49;
66174 : 49;
66175 : 49;
66176 : 49;
66177 : 49;
66178 : 49;
66179 : 49;
66180 : 49;
66181 : 49;
66182 : 49;
66183 : 49;
66184 : 49;
66185 : 49;
66186 : 49;
66187 : 49;
66188 : 49;
66189 : 49;
66190 : 49;
66191 : 49;
66192 : 49;
66193 : 49;
66194 : 49;
66195 : 49;
66196 : 49;
66197 : 49;
66198 : 49;
66199 : 49;
66200 : 49;
66201 : 49;
66202 : 49;
66203 : 49;
66204 : 49;
66205 : 49;
66206 : 49;
66207 : 49;
66208 : 49;
66209 : 49;
66210 : 49;
66211 : 49;
66212 : 49;
66213 : 49;
66214 : 49;
66215 : 49;
66216 : 49;
66217 : 49;
66218 : 49;
66219 : 49;
66220 : 49;
66221 : 49;
66222 : 49;
66223 : 44;
66224 : 24;
66225 : 24;
66226 : 24;
66227 : 24;
66228 : 24;
66229 : 24;
66230 : 24;
66231 : 24;
66232 : 24;
66233 : 45;
66234 : 00;
66235 : 24;
66236 : 49;
66237 : 24;
66238 : 24;
66239 : 24;
66240 : 40;
66241 : 40;
66242 : 40;
66243 : 40;
66244 : 40;
66245 : 40;
66246 : 40;
66247 : 40;
66248 : 40;
66249 : 40;
66250 : 40;
66251 : 40;
66252 : 40;
66253 : 40;
66254 : 60;
66255 : 60;
66256 : 40;
66257 : 60;
66258 : 60;
66259 : 60;
66260 : 60;
66261 : 60;
66262 : 60;
66263 : 60;
66264 : 60;
66265 : 60;
66266 : 40;
66267 : 60;
66268 : 64;
66269 : 64;
66270 : 64;
66271 : 64;
66272 : 64;
66273 : 64;
66274 : 64;
66275 : 40;
66276 : 40;
66277 : 40;
66278 : 64;
66279 : 64;
66280 : 64;
66281 : 64;
66282 : 64;
66283 : 64;
66284 : 64;
66285 : 84;
66286 : 84;
66287 : 84;
66288 : 64;
66289 : 64;
66290 : 64;
66291 : 84;
66292 : 64;
66293 : 64;
66294 : 64;
66295 : 60;
66296 : 40;
66297 : 40;
66298 : 40;
66299 : 40;
66300 : 40;
66301 : 40;
66302 : 40;
66303 : 40;
66304 : 40;
66305 : 40;
66306 : 20;
66307 : 64;
66308 : 64;
66309 : 64;
66310 : 64;
66311 : 64;
66312 : 64;
66313 : 64;
66314 : 64;
66315 : 64;
66316 : 64;
66317 : 64;
66318 : 64;
66319 : 64;
66320 : 64;
66321 : 64;
66322 : 64;
66323 : 64;
66324 : 64;
66325 : 64;
66326 : 64;
66327 : 64;
66328 : 64;
66329 : 40;
66330 : 85;
66331 : 64;
66332 : 64;
66333 : 85;
66334 : 85;
66335 : 85;
66336 : 85;
66337 : 85;
66338 : 85;
66339 : 89;
66340 : 85;
66341 : 85;
66342 : 85;
66343 : 85;
66344 : 85;
66345 : 85;
66346 : 85;
66347 : 64;
66348 : 84;
66349 : 85;
66350 : 85;
66351 : 64;
66352 : 64;
66353 : 40;
66354 : 64;
66355 : 40;
66356 : 64;
66357 : 64;
66358 : 64;
66359 : 64;
66360 : 64;
66361 : 64;
66362 : 64;
66363 : 64;
66364 : 64;
66365 : 64;
66366 : 64;
66367 : 64;
66368 : 64;
66369 : 64;
66370 : 40;
66371 : 64;
66372 : 64;
66373 : 64;
66374 : 64;
66375 : 64;
66376 : 64;
66377 : 64;
66378 : 64;
66379 : 64;
66380 : 64;
66381 : 64;
66382 : 64;
66383 : 64;
66384 : 64;
66385 : 40;
66386 : 85;
66387 : 40;
66388 : 64;
66389 : 64;
66390 : 64;
66391 : 64;
66392 : 64;
66393 : 40;
66394 : 20;
66395 : 85;
66396 : 85;
66397 : 84;
66398 : 64;
66399 : 64;
66400 : 40;
66401 : 40;
66402 : 44;
66403 : 44;
66404 : 44;
66405 : 44;
66406 : 44;
66407 : 44;
66408 : 40;
66409 : 44;
66410 : 44;
66411 : 44;
66412 : 40;
66413 : 40;
66414 : 64;
66415 : 64;
66416 : 40;
66417 : 40;
66418 : 40;
66419 : 40;
66420 : 40;
66421 : 40;
66422 : 40;
66423 : 40;
66424 : 40;
66425 : 44;
66426 : 40;
66427 : 40;
66428 : 64;
66429 : 40;
66430 : 40;
66431 : 40;
66432 : 40;
66433 : 44;
66434 : 40;
66435 : 64;
66436 : 40;
66437 : 40;
66438 : 40;
66439 : 40;
66440 : 40;
66441 : 40;
66442 : 40;
66443 : 40;
66444 : 40;
66445 : 40;
66446 : 40;
66447 : 40;
66448 : 40;
66449 : 40;
66450 : 40;
66451 : 40;
66452 : 40;
66453 : 40;
66454 : 60;
66455 : 60;
66456 : 60;
66457 : 60;
66458 : 40;
66459 : 40;
66460 : 40;
66461 : 40;
66462 : 40;
66463 : 64;
66464 : 64;
66465 : 64;
66466 : 40;
66467 : 40;
66468 : 40;
66469 : 40;
66470 : 40;
66471 : 40;
66472 : 40;
66473 : 40;
66474 : 20;
66475 : 40;
66476 : 40;
66477 : 40;
66478 : 40;
66479 : 40;
66480 : 49;
66481 : 45;
66482 : 6D;
66483 : 49;
66484 : 49;
66485 : 49;
66486 : 49;
66487 : 49;
66488 : 49;
66489 : 49;
66490 : 49;
66491 : 49;
66492 : 49;
66493 : 49;
66494 : 49;
66495 : 49;
66496 : 49;
66497 : 49;
66498 : 49;
66499 : 49;
66500 : 49;
66501 : 49;
66502 : 49;
66503 : 49;
66504 : 49;
66505 : 49;
66506 : 49;
66507 : 49;
66508 : 49;
66509 : 49;
66510 : 49;
66511 : 49;
66512 : 49;
66513 : 49;
66514 : 49;
66515 : 49;
66516 : 49;
66517 : 49;
66518 : 49;
66519 : 49;
66520 : 49;
66521 : 49;
66522 : 49;
66523 : 49;
66524 : 49;
66525 : 49;
66526 : 49;
66527 : 49;
66528 : 49;
66529 : 49;
66530 : 49;
66531 : 49;
66532 : 49;
66533 : 49;
66534 : 49;
66535 : 49;
66536 : 49;
66537 : 49;
66538 : 49;
66539 : 49;
66540 : 49;
66541 : 49;
66542 : 49;
66543 : 24;
66544 : 24;
66545 : 24;
66546 : 24;
66547 : 24;
66548 : 24;
66549 : 24;
66550 : 24;
66551 : 24;
66552 : 24;
66553 : 44;
66554 : 00;
66555 : 24;
66556 : 49;
66557 : 24;
66558 : 24;
66559 : 24;
66560 : 40;
66561 : 40;
66562 : 40;
66563 : 40;
66564 : 40;
66565 : 40;
66566 : 40;
66567 : 40;
66568 : 40;
66569 : 20;
66570 : 40;
66571 : 20;
66572 : 40;
66573 : 40;
66574 : 60;
66575 : 60;
66576 : 40;
66577 : 60;
66578 : 60;
66579 : 60;
66580 : 60;
66581 : 60;
66582 : 60;
66583 : 60;
66584 : 60;
66585 : 60;
66586 : 60;
66587 : 40;
66588 : 60;
66589 : 40;
66590 : 60;
66591 : 40;
66592 : 40;
66593 : 64;
66594 : 20;
66595 : 64;
66596 : 40;
66597 : 40;
66598 : 64;
66599 : 64;
66600 : 64;
66601 : 64;
66602 : 64;
66603 : 64;
66604 : 64;
66605 : 64;
66606 : 64;
66607 : 64;
66608 : 84;
66609 : 64;
66610 : 64;
66611 : 64;
66612 : 84;
66613 : 64;
66614 : 64;
66615 : 64;
66616 : 60;
66617 : 40;
66618 : 40;
66619 : 40;
66620 : 40;
66621 : 40;
66622 : 40;
66623 : 40;
66624 : 40;
66625 : 40;
66626 : 44;
66627 : 20;
66628 : 40;
66629 : 64;
66630 : 64;
66631 : 64;
66632 : 64;
66633 : 64;
66634 : 64;
66635 : 64;
66636 : 64;
66637 : 64;
66638 : 64;
66639 : 64;
66640 : 64;
66641 : 64;
66642 : 64;
66643 : 64;
66644 : 64;
66645 : 64;
66646 : 64;
66647 : 64;
66648 : 64;
66649 : 44;
66650 : 40;
66651 : 85;
66652 : 64;
66653 : 85;
66654 : 85;
66655 : 85;
66656 : 85;
66657 : 89;
66658 : A9;
66659 : A9;
66660 : 89;
66661 : 85;
66662 : 85;
66663 : 85;
66664 : 85;
66665 : 85;
66666 : 85;
66667 : 85;
66668 : 64;
66669 : 64;
66670 : 65;
66671 : 85;
66672 : 64;
66673 : 40;
66674 : 64;
66675 : 40;
66676 : 64;
66677 : 64;
66678 : 64;
66679 : 64;
66680 : 64;
66681 : 64;
66682 : 64;
66683 : 64;
66684 : 64;
66685 : 64;
66686 : 64;
66687 : 64;
66688 : 64;
66689 : 64;
66690 : 40;
66691 : 64;
66692 : 85;
66693 : 40;
66694 : 64;
66695 : 64;
66696 : 64;
66697 : 64;
66698 : 64;
66699 : 64;
66700 : 64;
66701 : 64;
66702 : 64;
66703 : 64;
66704 : 64;
66705 : 40;
66706 : 85;
66707 : 40;
66708 : 64;
66709 : 64;
66710 : 64;
66711 : 64;
66712 : 64;
66713 : 40;
66714 : 64;
66715 : 84;
66716 : 85;
66717 : 64;
66718 : 64;
66719 : 20;
66720 : 40;
66721 : 40;
66722 : 44;
66723 : 44;
66724 : 44;
66725 : 44;
66726 : 44;
66727 : 44;
66728 : 44;
66729 : 40;
66730 : 44;
66731 : 44;
66732 : 40;
66733 : 64;
66734 : 40;
66735 : 40;
66736 : 40;
66737 : 40;
66738 : 40;
66739 : 40;
66740 : 40;
66741 : 40;
66742 : 40;
66743 : 40;
66744 : 44;
66745 : 40;
66746 : 40;
66747 : 64;
66748 : 40;
66749 : 40;
66750 : 40;
66751 : 40;
66752 : 40;
66753 : 20;
66754 : 64;
66755 : 20;
66756 : 40;
66757 : 40;
66758 : 40;
66759 : 40;
66760 : 40;
66761 : 40;
66762 : 20;
66763 : 40;
66764 : 40;
66765 : 40;
66766 : 40;
66767 : 40;
66768 : 40;
66769 : 40;
66770 : 40;
66771 : 40;
66772 : 40;
66773 : 40;
66774 : 60;
66775 : 60;
66776 : 60;
66777 : 40;
66778 : 40;
66779 : 40;
66780 : 40;
66781 : 40;
66782 : 64;
66783 : 64;
66784 : 64;
66785 : 60;
66786 : 40;
66787 : 40;
66788 : 40;
66789 : 40;
66790 : 40;
66791 : 40;
66792 : 40;
66793 : 20;
66794 : 40;
66795 : 40;
66796 : 40;
66797 : 40;
66798 : 40;
66799 : 40;
66800 : 49;
66801 : 49;
66802 : 6D;
66803 : 49;
66804 : 49;
66805 : 49;
66806 : 49;
66807 : 49;
66808 : 49;
66809 : 49;
66810 : 49;
66811 : 49;
66812 : 49;
66813 : 49;
66814 : 49;
66815 : 49;
66816 : 49;
66817 : 49;
66818 : 49;
66819 : 49;
66820 : 49;
66821 : 49;
66822 : 49;
66823 : 49;
66824 : 49;
66825 : 49;
66826 : 49;
66827 : 49;
66828 : 49;
66829 : 49;
66830 : 49;
66831 : 49;
66832 : 49;
66833 : 49;
66834 : 49;
66835 : 49;
66836 : 49;
66837 : 49;
66838 : 49;
66839 : 49;
66840 : 49;
66841 : 49;
66842 : 49;
66843 : 49;
66844 : 49;
66845 : 49;
66846 : 49;
66847 : 49;
66848 : 49;
66849 : 49;
66850 : 49;
66851 : 49;
66852 : 49;
66853 : 49;
66854 : 49;
66855 : 49;
66856 : 49;
66857 : 49;
66858 : 49;
66859 : 49;
66860 : 49;
66861 : 49;
66862 : 49;
66863 : 49;
66864 : 44;
66865 : 44;
66866 : 44;
66867 : 24;
66868 : 24;
66869 : 24;
66870 : 24;
66871 : 24;
66872 : 24;
66873 : 45;
66874 : 00;
66875 : 24;
66876 : 49;
66877 : 24;
66878 : 24;
66879 : 24;
66880 : 40;
66881 : 40;
66882 : 40;
66883 : 40;
66884 : 40;
66885 : 40;
66886 : 40;
66887 : 40;
66888 : 40;
66889 : 40;
66890 : 20;
66891 : 40;
66892 : 40;
66893 : 40;
66894 : 60;
66895 : 60;
66896 : 40;
66897 : 40;
66898 : 60;
66899 : 60;
66900 : 60;
66901 : 60;
66902 : 60;
66903 : 60;
66904 : 60;
66905 : 60;
66906 : 60;
66907 : 60;
66908 : 40;
66909 : 60;
66910 : 40;
66911 : 60;
66912 : 60;
66913 : 20;
66914 : 64;
66915 : 20;
66916 : 40;
66917 : 60;
66918 : 40;
66919 : 40;
66920 : 60;
66921 : 64;
66922 : 64;
66923 : 64;
66924 : 64;
66925 : 64;
66926 : 64;
66927 : 64;
66928 : 64;
66929 : 64;
66930 : 64;
66931 : 64;
66932 : 64;
66933 : 84;
66934 : 64;
66935 : 64;
66936 : 60;
66937 : 60;
66938 : 60;
66939 : 40;
66940 : 40;
66941 : 40;
66942 : 40;
66943 : 40;
66944 : 40;
66945 : 40;
66946 : 20;
66947 : 44;
66948 : 40;
66949 : 44;
66950 : 64;
66951 : 64;
66952 : 64;
66953 : 64;
66954 : 64;
66955 : 64;
66956 : 64;
66957 : 64;
66958 : 64;
66959 : 64;
66960 : 64;
66961 : 64;
66962 : 64;
66963 : 64;
66964 : 64;
66965 : 64;
66966 : 64;
66967 : 64;
66968 : 64;
66969 : 40;
66970 : 84;
66971 : 40;
66972 : 85;
66973 : 85;
66974 : 85;
66975 : 85;
66976 : 85;
66977 : 85;
66978 : A9;
66979 : A9;
66980 : 89;
66981 : 85;
66982 : 85;
66983 : 85;
66984 : 89;
66985 : 85;
66986 : 85;
66987 : 85;
66988 : 85;
66989 : 65;
66990 : 64;
66991 : 64;
66992 : 85;
66993 : 64;
66994 : 40;
66995 : 85;
66996 : 40;
66997 : 64;
66998 : 64;
66999 : 64;
67000 : 64;
67001 : 64;
67002 : 64;
67003 : 64;
67004 : 64;
67005 : 64;
67006 : 64;
67007 : 64;
67008 : 64;
67009 : 64;
67010 : 40;
67011 : 64;
67012 : 85;
67013 : 40;
67014 : 64;
67015 : 64;
67016 : 64;
67017 : 64;
67018 : 64;
67019 : 64;
67020 : 64;
67021 : 64;
67022 : 64;
67023 : 64;
67024 : 40;
67025 : 64;
67026 : 40;
67027 : 64;
67028 : 64;
67029 : 64;
67030 : 64;
67031 : 64;
67032 : 40;
67033 : 40;
67034 : 64;
67035 : 85;
67036 : 85;
67037 : 64;
67038 : 60;
67039 : 40;
67040 : 40;
67041 : 44;
67042 : 44;
67043 : 44;
67044 : 44;
67045 : 44;
67046 : 44;
67047 : 44;
67048 : 40;
67049 : 44;
67050 : 44;
67051 : 40;
67052 : 84;
67053 : 40;
67054 : 40;
67055 : 40;
67056 : 44;
67057 : 40;
67058 : 40;
67059 : 40;
67060 : 40;
67061 : 40;
67062 : 40;
67063 : 40;
67064 : 40;
67065 : 64;
67066 : 44;
67067 : 20;
67068 : 40;
67069 : 40;
67070 : 40;
67071 : 40;
67072 : 40;
67073 : 64;
67074 : 40;
67075 : 40;
67076 : 40;
67077 : 40;
67078 : 40;
67079 : 40;
67080 : 40;
67081 : 40;
67082 : 40;
67083 : 40;
67084 : 40;
67085 : 40;
67086 : 40;
67087 : 40;
67088 : 40;
67089 : 40;
67090 : 40;
67091 : 40;
67092 : 40;
67093 : 60;
67094 : 60;
67095 : 60;
67096 : 40;
67097 : 40;
67098 : 40;
67099 : 40;
67100 : 40;
67101 : 64;
67102 : 64;
67103 : 64;
67104 : 60;
67105 : 40;
67106 : 40;
67107 : 40;
67108 : 40;
67109 : 40;
67110 : 40;
67111 : 40;
67112 : 40;
67113 : 40;
67114 : 40;
67115 : 40;
67116 : 40;
67117 : 40;
67118 : 40;
67119 : 40;
67120 : 49;
67121 : 49;
67122 : 6D;
67123 : 49;
67124 : 49;
67125 : 49;
67126 : 49;
67127 : 49;
67128 : 49;
67129 : 49;
67130 : 49;
67131 : 49;
67132 : 49;
67133 : 49;
67134 : 49;
67135 : 49;
67136 : 49;
67137 : 49;
67138 : 49;
67139 : 49;
67140 : 49;
67141 : 49;
67142 : 49;
67143 : 49;
67144 : 49;
67145 : 49;
67146 : 49;
67147 : 49;
67148 : 49;
67149 : 49;
67150 : 49;
67151 : 49;
67152 : 49;
67153 : 49;
67154 : 49;
67155 : 49;
67156 : 49;
67157 : 49;
67158 : 49;
67159 : 49;
67160 : 49;
67161 : 49;
67162 : 49;
67163 : 49;
67164 : 49;
67165 : 49;
67166 : 49;
67167 : 49;
67168 : 49;
67169 : 49;
67170 : 49;
67171 : 49;
67172 : 49;
67173 : 49;
67174 : 49;
67175 : 49;
67176 : 49;
67177 : 49;
67178 : 49;
67179 : 49;
67180 : 49;
67181 : 49;
67182 : 49;
67183 : 49;
67184 : 45;
67185 : 24;
67186 : 24;
67187 : 24;
67188 : 24;
67189 : 24;
67190 : 24;
67191 : 24;
67192 : 24;
67193 : 24;
67194 : 00;
67195 : 24;
67196 : 49;
67197 : 24;
67198 : 24;
67199 : 44;
67200 : 40;
67201 : 40;
67202 : 40;
67203 : 40;
67204 : 40;
67205 : 40;
67206 : 40;
67207 : 40;
67208 : 40;
67209 : 40;
67210 : 60;
67211 : 40;
67212 : 40;
67213 : 40;
67214 : 40;
67215 : 60;
67216 : 40;
67217 : 40;
67218 : 60;
67219 : 60;
67220 : 60;
67221 : 60;
67222 : 60;
67223 : 60;
67224 : 60;
67225 : 60;
67226 : 60;
67227 : 40;
67228 : 60;
67229 : 40;
67230 : 40;
67231 : 60;
67232 : 40;
67233 : 40;
67234 : 60;
67235 : 20;
67236 : 60;
67237 : 60;
67238 : 60;
67239 : 60;
67240 : 40;
67241 : 40;
67242 : 64;
67243 : 64;
67244 : 64;
67245 : 64;
67246 : 64;
67247 : 64;
67248 : 64;
67249 : 64;
67250 : 84;
67251 : 64;
67252 : 64;
67253 : 64;
67254 : 84;
67255 : 64;
67256 : 64;
67257 : 60;
67258 : 40;
67259 : 60;
67260 : 40;
67261 : 40;
67262 : 44;
67263 : 40;
67264 : 44;
67265 : 64;
67266 : 64;
67267 : 40;
67268 : 40;
67269 : 40;
67270 : 64;
67271 : 64;
67272 : 64;
67273 : 64;
67274 : 64;
67275 : 64;
67276 : 64;
67277 : 64;
67278 : 64;
67279 : 64;
67280 : 64;
67281 : 64;
67282 : 64;
67283 : 64;
67284 : 64;
67285 : 64;
67286 : 64;
67287 : 64;
67288 : 64;
67289 : 64;
67290 : 64;
67291 : 64;
67292 : 85;
67293 : 85;
67294 : 85;
67295 : 85;
67296 : 85;
67297 : 85;
67298 : 85;
67299 : A9;
67300 : 89;
67301 : 85;
67302 : 85;
67303 : 89;
67304 : 85;
67305 : 85;
67306 : 85;
67307 : 85;
67308 : 85;
67309 : 64;
67310 : 64;
67311 : 64;
67312 : 64;
67313 : 85;
67314 : 64;
67315 : 40;
67316 : 64;
67317 : 40;
67318 : 64;
67319 : 64;
67320 : 64;
67321 : 64;
67322 : 64;
67323 : 64;
67324 : 64;
67325 : 64;
67326 : 64;
67327 : 64;
67328 : 64;
67329 : 64;
67330 : 64;
67331 : 40;
67332 : 85;
67333 : 40;
67334 : 64;
67335 : 64;
67336 : 64;
67337 : 64;
67338 : 64;
67339 : 64;
67340 : 64;
67341 : 64;
67342 : 64;
67343 : 40;
67344 : 40;
67345 : 64;
67346 : 40;
67347 : 64;
67348 : 64;
67349 : 64;
67350 : 64;
67351 : 64;
67352 : 40;
67353 : 44;
67354 : 85;
67355 : 85;
67356 : 64;
67357 : 64;
67358 : 20;
67359 : 40;
67360 : 40;
67361 : 44;
67362 : 44;
67363 : 44;
67364 : 44;
67365 : 44;
67366 : 44;
67367 : 44;
67368 : 40;
67369 : 40;
67370 : 40;
67371 : 84;
67372 : 40;
67373 : 40;
67374 : 40;
67375 : 44;
67376 : 40;
67377 : 40;
67378 : 40;
67379 : 40;
67380 : 40;
67381 : 40;
67382 : 40;
67383 : 40;
67384 : 64;
67385 : 40;
67386 : 20;
67387 : 40;
67388 : 40;
67389 : 40;
67390 : 40;
67391 : 40;
67392 : 60;
67393 : 40;
67394 : 40;
67395 : 40;
67396 : 40;
67397 : 40;
67398 : 40;
67399 : 40;
67400 : 40;
67401 : 40;
67402 : 40;
67403 : 40;
67404 : 40;
67405 : 40;
67406 : 40;
67407 : 40;
67408 : 40;
67409 : 40;
67410 : 40;
67411 : 40;
67412 : 40;
67413 : 60;
67414 : 40;
67415 : 40;
67416 : 40;
67417 : 40;
67418 : 40;
67419 : 40;
67420 : 60;
67421 : 64;
67422 : 64;
67423 : 64;
67424 : 64;
67425 : 40;
67426 : 40;
67427 : 40;
67428 : 40;
67429 : 40;
67430 : 40;
67431 : 40;
67432 : 40;
67433 : 20;
67434 : 40;
67435 : 40;
67436 : 40;
67437 : 40;
67438 : 40;
67439 : 40;
67440 : 49;
67441 : 49;
67442 : 6D;
67443 : 49;
67444 : 49;
67445 : 49;
67446 : 49;
67447 : 49;
67448 : 49;
67449 : 49;
67450 : 49;
67451 : 49;
67452 : 49;
67453 : 49;
67454 : 49;
67455 : 49;
67456 : 49;
67457 : 49;
67458 : 49;
67459 : 49;
67460 : 49;
67461 : 49;
67462 : 49;
67463 : 49;
67464 : 49;
67465 : 49;
67466 : 49;
67467 : 49;
67468 : 49;
67469 : 49;
67470 : 49;
67471 : 49;
67472 : 49;
67473 : 49;
67474 : 49;
67475 : 49;
67476 : 49;
67477 : 49;
67478 : 49;
67479 : 49;
67480 : 49;
67481 : 49;
67482 : 49;
67483 : 49;
67484 : 49;
67485 : 49;
67486 : 49;
67487 : 49;
67488 : 49;
67489 : 49;
67490 : 49;
67491 : 49;
67492 : 49;
67493 : 49;
67494 : 49;
67495 : 49;
67496 : 49;
67497 : 49;
67498 : 49;
67499 : 49;
67500 : 49;
67501 : 49;
67502 : 49;
67503 : 44;
67504 : 44;
67505 : 24;
67506 : 24;
67507 : 24;
67508 : 24;
67509 : 24;
67510 : 24;
67511 : 24;
67512 : 24;
67513 : 49;
67514 : 00;
67515 : 24;
67516 : 49;
67517 : 24;
67518 : 24;
67519 : 44;
67520 : 40;
67521 : 40;
67522 : 40;
67523 : 40;
67524 : 40;
67525 : 40;
67526 : 40;
67527 : 40;
67528 : 40;
67529 : 40;
67530 : 40;
67531 : 40;
67532 : 40;
67533 : 40;
67534 : 40;
67535 : 60;
67536 : 60;
67537 : 40;
67538 : 40;
67539 : 64;
67540 : 40;
67541 : 60;
67542 : 40;
67543 : 60;
67544 : 40;
67545 : 60;
67546 : 40;
67547 : 60;
67548 : 60;
67549 : 60;
67550 : 60;
67551 : 60;
67552 : 40;
67553 : 64;
67554 : 20;
67555 : 40;
67556 : 60;
67557 : 60;
67558 : 60;
67559 : 60;
67560 : 60;
67561 : 60;
67562 : 60;
67563 : 60;
67564 : 60;
67565 : 64;
67566 : 64;
67567 : 64;
67568 : 64;
67569 : 64;
67570 : 64;
67571 : 84;
67572 : 64;
67573 : 64;
67574 : 64;
67575 : 64;
67576 : 64;
67577 : 60;
67578 : 60;
67579 : 60;
67580 : 60;
67581 : 40;
67582 : 40;
67583 : 64;
67584 : 40;
67585 : 40;
67586 : 64;
67587 : 64;
67588 : 40;
67589 : 64;
67590 : 40;
67591 : 64;
67592 : 64;
67593 : 64;
67594 : 64;
67595 : 64;
67596 : 64;
67597 : 64;
67598 : 64;
67599 : 64;
67600 : 64;
67601 : 64;
67602 : 64;
67603 : 64;
67604 : 64;
67605 : 64;
67606 : 64;
67607 : 64;
67608 : 44;
67609 : 84;
67610 : 40;
67611 : 85;
67612 : 85;
67613 : 85;
67614 : 85;
67615 : 85;
67616 : 85;
67617 : 85;
67618 : 85;
67619 : 89;
67620 : 89;
67621 : 85;
67622 : 85;
67623 : 89;
67624 : 85;
67625 : 85;
67626 : 85;
67627 : 85;
67628 : 85;
67629 : 84;
67630 : 64;
67631 : 64;
67632 : 64;
67633 : 64;
67634 : 64;
67635 : 64;
67636 : 40;
67637 : 64;
67638 : 40;
67639 : 40;
67640 : 64;
67641 : 64;
67642 : 64;
67643 : 64;
67644 : 64;
67645 : 64;
67646 : 64;
67647 : 64;
67648 : 64;
67649 : 64;
67650 : 64;
67651 : 40;
67652 : 84;
67653 : 64;
67654 : 40;
67655 : 64;
67656 : 64;
67657 : 64;
67658 : 64;
67659 : 64;
67660 : 64;
67661 : 64;
67662 : 40;
67663 : 40;
67664 : 64;
67665 : 40;
67666 : 64;
67667 : 64;
67668 : 64;
67669 : 64;
67670 : 64;
67671 : 64;
67672 : 40;
67673 : 64;
67674 : 85;
67675 : 84;
67676 : 64;
67677 : 40;
67678 : 40;
67679 : 40;
67680 : 44;
67681 : 44;
67682 : 44;
67683 : 44;
67684 : 44;
67685 : 44;
67686 : 40;
67687 : 44;
67688 : 40;
67689 : 64;
67690 : 64;
67691 : 40;
67692 : 40;
67693 : 40;
67694 : 40;
67695 : 40;
67696 : 40;
67697 : 40;
67698 : 40;
67699 : 40;
67700 : 20;
67701 : 64;
67702 : 64;
67703 : 60;
67704 : 40;
67705 : 40;
67706 : 40;
67707 : 40;
67708 : 40;
67709 : 64;
67710 : 40;
67711 : 40;
67712 : 40;
67713 : 40;
67714 : 40;
67715 : 40;
67716 : 40;
67717 : 40;
67718 : 40;
67719 : 40;
67720 : 40;
67721 : 40;
67722 : 40;
67723 : 40;
67724 : 40;
67725 : 40;
67726 : 40;
67727 : 40;
67728 : 40;
67729 : 40;
67730 : 40;
67731 : 40;
67732 : 40;
67733 : 40;
67734 : 40;
67735 : 40;
67736 : 40;
67737 : 40;
67738 : 64;
67739 : 64;
67740 : 64;
67741 : 64;
67742 : 64;
67743 : 40;
67744 : 40;
67745 : 40;
67746 : 40;
67747 : 40;
67748 : 40;
67749 : 40;
67750 : 40;
67751 : 40;
67752 : 20;
67753 : 40;
67754 : 40;
67755 : 40;
67756 : 40;
67757 : 40;
67758 : 40;
67759 : 40;
67760 : 49;
67761 : 49;
67762 : 6D;
67763 : 49;
67764 : 49;
67765 : 49;
67766 : 49;
67767 : 49;
67768 : 49;
67769 : 49;
67770 : 49;
67771 : 49;
67772 : 49;
67773 : 49;
67774 : 49;
67775 : 49;
67776 : 49;
67777 : 49;
67778 : 49;
67779 : 49;
67780 : 49;
67781 : 49;
67782 : 49;
67783 : 49;
67784 : 49;
67785 : 49;
67786 : 49;
67787 : 49;
67788 : 49;
67789 : 49;
67790 : 49;
67791 : 49;
67792 : 49;
67793 : 49;
67794 : 49;
67795 : 49;
67796 : 49;
67797 : 49;
67798 : 49;
67799 : 49;
67800 : 49;
67801 : 49;
67802 : 49;
67803 : 49;
67804 : 49;
67805 : 49;
67806 : 49;
67807 : 49;
67808 : 49;
67809 : 49;
67810 : 49;
67811 : 49;
67812 : 49;
67813 : 49;
67814 : 49;
67815 : 49;
67816 : 49;
67817 : 49;
67818 : 49;
67819 : 49;
67820 : 49;
67821 : 49;
67822 : 49;
67823 : 49;
67824 : 44;
67825 : 24;
67826 : 44;
67827 : 24;
67828 : 24;
67829 : 24;
67830 : 24;
67831 : 24;
67832 : 24;
67833 : 49;
67834 : 00;
67835 : 24;
67836 : 49;
67837 : 24;
67838 : 44;
67839 : 44;
67840 : 40;
67841 : 40;
67842 : 40;
67843 : 40;
67844 : 40;
67845 : 40;
67846 : 40;
67847 : 40;
67848 : 40;
67849 : 40;
67850 : 20;
67851 : 20;
67852 : 40;
67853 : 40;
67854 : 40;
67855 : 60;
67856 : 60;
67857 : 60;
67858 : 40;
67859 : 40;
67860 : 64;
67861 : 60;
67862 : 60;
67863 : 60;
67864 : 60;
67865 : 60;
67866 : 40;
67867 : 60;
67868 : 60;
67869 : 40;
67870 : 40;
67871 : 40;
67872 : 40;
67873 : 60;
67874 : 20;
67875 : 64;
67876 : 60;
67877 : 40;
67878 : 60;
67879 : 60;
67880 : 60;
67881 : 60;
67882 : 60;
67883 : 60;
67884 : 60;
67885 : 40;
67886 : 64;
67887 : 64;
67888 : 64;
67889 : 64;
67890 : 64;
67891 : 64;
67892 : 84;
67893 : 64;
67894 : 64;
67895 : 64;
67896 : 64;
67897 : 64;
67898 : 60;
67899 : 60;
67900 : 60;
67901 : 64;
67902 : 40;
67903 : 40;
67904 : 40;
67905 : 40;
67906 : 40;
67907 : 64;
67908 : 44;
67909 : 40;
67910 : 40;
67911 : 40;
67912 : 64;
67913 : 64;
67914 : 64;
67915 : 64;
67916 : 64;
67917 : 64;
67918 : 64;
67919 : 64;
67920 : 64;
67921 : 64;
67922 : 64;
67923 : 64;
67924 : 64;
67925 : 64;
67926 : 64;
67927 : 64;
67928 : 64;
67929 : 40;
67930 : 40;
67931 : 85;
67932 : 84;
67933 : 85;
67934 : 85;
67935 : 85;
67936 : 85;
67937 : 85;
67938 : 85;
67939 : 85;
67940 : 85;
67941 : 85;
67942 : 85;
67943 : 85;
67944 : 89;
67945 : 85;
67946 : 85;
67947 : 85;
67948 : 85;
67949 : 85;
67950 : 64;
67951 : 64;
67952 : 64;
67953 : 64;
67954 : 64;
67955 : 64;
67956 : 64;
67957 : 40;
67958 : 85;
67959 : 64;
67960 : 44;
67961 : 64;
67962 : 64;
67963 : 64;
67964 : 64;
67965 : 64;
67966 : 64;
67967 : 64;
67968 : 64;
67969 : 64;
67970 : 64;
67971 : 20;
67972 : 64;
67973 : 64;
67974 : 20;
67975 : 64;
67976 : 64;
67977 : 64;
67978 : 64;
67979 : 64;
67980 : 64;
67981 : 44;
67982 : 20;
67983 : 64;
67984 : 40;
67985 : 64;
67986 : 64;
67987 : 64;
67988 : 64;
67989 : 64;
67990 : 64;
67991 : 64;
67992 : 40;
67993 : 85;
67994 : 85;
67995 : 84;
67996 : 64;
67997 : 40;
67998 : 40;
67999 : 40;
68000 : 44;
68001 : 44;
68002 : 44;
68003 : 40;
68004 : 44;
68005 : 44;
68006 : 64;
68007 : 20;
68008 : 64;
68009 : 64;
68010 : 64;
68011 : 20;
68012 : 40;
68013 : 40;
68014 : 40;
68015 : 40;
68016 : 40;
68017 : 40;
68018 : 44;
68019 : 20;
68020 : 84;
68021 : 60;
68022 : 40;
68023 : 20;
68024 : 40;
68025 : 40;
68026 : 20;
68027 : 40;
68028 : 64;
68029 : 40;
68030 : 20;
68031 : 40;
68032 : 40;
68033 : 40;
68034 : 40;
68035 : 40;
68036 : 40;
68037 : 40;
68038 : 40;
68039 : 40;
68040 : 40;
68041 : 40;
68042 : 40;
68043 : 40;
68044 : 40;
68045 : 40;
68046 : 40;
68047 : 40;
68048 : 40;
68049 : 40;
68050 : 40;
68051 : 40;
68052 : 40;
68053 : 40;
68054 : 40;
68055 : 40;
68056 : 40;
68057 : 64;
68058 : 64;
68059 : 64;
68060 : 64;
68061 : 64;
68062 : 64;
68063 : 40;
68064 : 40;
68065 : 40;
68066 : 40;
68067 : 40;
68068 : 40;
68069 : 40;
68070 : 40;
68071 : 20;
68072 : 20;
68073 : 40;
68074 : 40;
68075 : 40;
68076 : 40;
68077 : 40;
68078 : 40;
68079 : 40;
68080 : 49;
68081 : 48;
68082 : 6D;
68083 : 49;
68084 : 49;
68085 : 49;
68086 : 49;
68087 : 49;
68088 : 49;
68089 : 49;
68090 : 49;
68091 : 49;
68092 : 49;
68093 : 49;
68094 : 49;
68095 : 49;
68096 : 49;
68097 : 49;
68098 : 49;
68099 : 49;
68100 : 49;
68101 : 49;
68102 : 49;
68103 : 49;
68104 : 49;
68105 : 49;
68106 : 49;
68107 : 49;
68108 : 49;
68109 : 49;
68110 : 49;
68111 : 49;
68112 : 49;
68113 : 49;
68114 : 49;
68115 : 49;
68116 : 49;
68117 : 49;
68118 : 49;
68119 : 49;
68120 : 49;
68121 : 49;
68122 : 49;
68123 : 49;
68124 : 49;
68125 : 49;
68126 : 49;
68127 : 49;
68128 : 49;
68129 : 49;
68130 : 49;
68131 : 49;
68132 : 49;
68133 : 49;
68134 : 49;
68135 : 49;
68136 : 49;
68137 : 49;
68138 : 49;
68139 : 49;
68140 : 49;
68141 : 49;
68142 : 49;
68143 : 49;
68144 : 45;
68145 : 44;
68146 : 24;
68147 : 24;
68148 : 24;
68149 : 24;
68150 : 24;
68151 : 24;
68152 : 24;
68153 : 44;
68154 : 00;
68155 : 24;
68156 : 49;
68157 : 24;
68158 : 48;
68159 : 49;
68160 : 40;
68161 : 40;
68162 : 40;
68163 : 40;
68164 : 40;
68165 : 40;
68166 : 40;
68167 : 40;
68168 : 40;
68169 : 40;
68170 : 40;
68171 : 20;
68172 : 40;
68173 : 40;
68174 : 40;
68175 : 40;
68176 : 40;
68177 : 60;
68178 : 64;
68179 : 20;
68180 : 40;
68181 : 60;
68182 : 40;
68183 : 60;
68184 : 40;
68185 : 60;
68186 : 60;
68187 : 40;
68188 : 60;
68189 : 40;
68190 : 60;
68191 : 40;
68192 : 40;
68193 : 40;
68194 : 20;
68195 : 64;
68196 : 60;
68197 : 40;
68198 : 60;
68199 : 60;
68200 : 60;
68201 : 60;
68202 : 60;
68203 : 60;
68204 : 60;
68205 : 60;
68206 : 40;
68207 : 64;
68208 : 64;
68209 : 64;
68210 : 64;
68211 : 64;
68212 : 64;
68213 : 64;
68214 : 64;
68215 : 64;
68216 : 64;
68217 : 84;
68218 : 84;
68219 : 40;
68220 : 60;
68221 : 60;
68222 : 64;
68223 : 40;
68224 : 64;
68225 : 40;
68226 : 40;
68227 : 44;
68228 : 64;
68229 : 64;
68230 : 40;
68231 : 40;
68232 : 64;
68233 : 64;
68234 : 64;
68235 : 64;
68236 : 64;
68237 : 64;
68238 : 64;
68239 : 64;
68240 : 64;
68241 : 64;
68242 : 64;
68243 : 64;
68244 : 64;
68245 : 64;
68246 : 64;
68247 : 64;
68248 : 44;
68249 : 40;
68250 : 40;
68251 : 85;
68252 : 85;
68253 : 85;
68254 : 85;
68255 : 85;
68256 : 85;
68257 : 85;
68258 : 85;
68259 : 85;
68260 : 85;
68261 : 85;
68262 : 85;
68263 : 85;
68264 : 85;
68265 : 85;
68266 : 85;
68267 : 85;
68268 : 85;
68269 : 85;
68270 : 85;
68271 : 64;
68272 : 64;
68273 : 64;
68274 : 64;
68275 : 64;
68276 : 64;
68277 : 64;
68278 : 40;
68279 : 64;
68280 : 40;
68281 : 64;
68282 : 64;
68283 : 64;
68284 : 64;
68285 : 64;
68286 : 64;
68287 : 64;
68288 : 64;
68289 : 64;
68290 : 64;
68291 : 64;
68292 : 64;
68293 : 84;
68294 : 40;
68295 : 64;
68296 : 64;
68297 : 64;
68298 : 64;
68299 : 64;
68300 : 40;
68301 : 40;
68302 : 64;
68303 : 60;
68304 : 40;
68305 : 64;
68306 : 64;
68307 : 64;
68308 : 64;
68309 : 64;
68310 : 64;
68311 : 20;
68312 : 64;
68313 : 85;
68314 : 84;
68315 : 84;
68316 : 40;
68317 : 40;
68318 : 40;
68319 : 44;
68320 : 44;
68321 : 44;
68322 : 44;
68323 : 40;
68324 : 44;
68325 : 40;
68326 : 20;
68327 : 85;
68328 : 84;
68329 : 64;
68330 : 20;
68331 : 40;
68332 : 40;
68333 : 40;
68334 : 40;
68335 : 40;
68336 : 40;
68337 : 44;
68338 : 20;
68339 : 64;
68340 : 40;
68341 : 20;
68342 : 40;
68343 : 40;
68344 : 40;
68345 : 40;
68346 : 84;
68347 : 64;
68348 : 40;
68349 : 40;
68350 : 40;
68351 : 40;
68352 : 40;
68353 : 40;
68354 : 40;
68355 : 40;
68356 : 40;
68357 : 40;
68358 : 40;
68359 : 40;
68360 : 40;
68361 : 40;
68362 : 40;
68363 : 40;
68364 : 40;
68365 : 40;
68366 : 40;
68367 : 40;
68368 : 40;
68369 : 40;
68370 : 40;
68371 : 40;
68372 : 40;
68373 : 20;
68374 : 40;
68375 : 40;
68376 : 60;
68377 : 64;
68378 : 64;
68379 : 64;
68380 : 64;
68381 : 64;
68382 : 40;
68383 : 40;
68384 : 40;
68385 : 40;
68386 : 40;
68387 : 40;
68388 : 40;
68389 : 40;
68390 : 20;
68391 : 20;
68392 : 40;
68393 : 40;
68394 : 40;
68395 : 40;
68396 : 40;
68397 : 40;
68398 : 40;
68399 : 40;
68400 : 49;
68401 : 45;
68402 : 6D;
68403 : 49;
68404 : 49;
68405 : 49;
68406 : 49;
68407 : 49;
68408 : 49;
68409 : 49;
68410 : 49;
68411 : 49;
68412 : 49;
68413 : 49;
68414 : 49;
68415 : 49;
68416 : 49;
68417 : 49;
68418 : 49;
68419 : 49;
68420 : 49;
68421 : 49;
68422 : 49;
68423 : 49;
68424 : 49;
68425 : 49;
68426 : 49;
68427 : 49;
68428 : 49;
68429 : 49;
68430 : 49;
68431 : 49;
68432 : 49;
68433 : 49;
68434 : 49;
68435 : 49;
68436 : 49;
68437 : 49;
68438 : 49;
68439 : 49;
68440 : 49;
68441 : 49;
68442 : 49;
68443 : 49;
68444 : 49;
68445 : 49;
68446 : 49;
68447 : 49;
68448 : 49;
68449 : 49;
68450 : 49;
68451 : 49;
68452 : 49;
68453 : 49;
68454 : 49;
68455 : 49;
68456 : 49;
68457 : 49;
68458 : 49;
68459 : 49;
68460 : 49;
68461 : 49;
68462 : 49;
68463 : 44;
68464 : 44;
68465 : 24;
68466 : 44;
68467 : 24;
68468 : 24;
68469 : 24;
68470 : 24;
68471 : 24;
68472 : 24;
68473 : 49;
68474 : 00;
68475 : 24;
68476 : 49;
68477 : 44;
68478 : 48;
68479 : 49;
68480 : 40;
68481 : 40;
68482 : 40;
68483 : 40;
68484 : 40;
68485 : 40;
68486 : 40;
68487 : 40;
68488 : 40;
68489 : 40;
68490 : 40;
68491 : 40;
68492 : 40;
68493 : 40;
68494 : 40;
68495 : 40;
68496 : 40;
68497 : 60;
68498 : 20;
68499 : 64;
68500 : 40;
68501 : 60;
68502 : 60;
68503 : 60;
68504 : 60;
68505 : 60;
68506 : 60;
68507 : 60;
68508 : 40;
68509 : 40;
68510 : 60;
68511 : 40;
68512 : 40;
68513 : 40;
68514 : 40;
68515 : 60;
68516 : 60;
68517 : 60;
68518 : 60;
68519 : 60;
68520 : 60;
68521 : 60;
68522 : 60;
68523 : 60;
68524 : 60;
68525 : 60;
68526 : 60;
68527 : 60;
68528 : 64;
68529 : 64;
68530 : 64;
68531 : 64;
68532 : 64;
68533 : 64;
68534 : 64;
68535 : 64;
68536 : 64;
68537 : 64;
68538 : 84;
68539 : 60;
68540 : 40;
68541 : 60;
68542 : 64;
68543 : 40;
68544 : 40;
68545 : 40;
68546 : 44;
68547 : 60;
68548 : 64;
68549 : 64;
68550 : 64;
68551 : 40;
68552 : 64;
68553 : 64;
68554 : 64;
68555 : 64;
68556 : 64;
68557 : 64;
68558 : 64;
68559 : 64;
68560 : 64;
68561 : 64;
68562 : 64;
68563 : 64;
68564 : 64;
68565 : 64;
68566 : 64;
68567 : 64;
68568 : 44;
68569 : 40;
68570 : 40;
68571 : 85;
68572 : 85;
68573 : 85;
68574 : 85;
68575 : 84;
68576 : 85;
68577 : 85;
68578 : 85;
68579 : 85;
68580 : 85;
68581 : 85;
68582 : 85;
68583 : 85;
68584 : 85;
68585 : 85;
68586 : 85;
68587 : 85;
68588 : 85;
68589 : 85;
68590 : 85;
68591 : 64;
68592 : 64;
68593 : 64;
68594 : 64;
68595 : 64;
68596 : 64;
68597 : 64;
68598 : 64;
68599 : 40;
68600 : 84;
68601 : 64;
68602 : 40;
68603 : 64;
68604 : 64;
68605 : 64;
68606 : 64;
68607 : 64;
68608 : 64;
68609 : 64;
68610 : 64;
68611 : 64;
68612 : 64;
68613 : 84;
68614 : 64;
68615 : 40;
68616 : 64;
68617 : 64;
68618 : 64;
68619 : 64;
68620 : 40;
68621 : 64;
68622 : 60;
68623 : 40;
68624 : 64;
68625 : 64;
68626 : 64;
68627 : 64;
68628 : 64;
68629 : 64;
68630 : 64;
68631 : 40;
68632 : 64;
68633 : 85;
68634 : 84;
68635 : 64;
68636 : 40;
68637 : 40;
68638 : 40;
68639 : 44;
68640 : 40;
68641 : 44;
68642 : 40;
68643 : 40;
68644 : 40;
68645 : 64;
68646 : 85;
68647 : 64;
68648 : 40;
68649 : 40;
68650 : 40;
68651 : 40;
68652 : 40;
68653 : 40;
68654 : 40;
68655 : 40;
68656 : 40;
68657 : 40;
68658 : 64;
68659 : 40;
68660 : 20;
68661 : 40;
68662 : 40;
68663 : 40;
68664 : 64;
68665 : 64;
68666 : 40;
68667 : 20;
68668 : 40;
68669 : 40;
68670 : 40;
68671 : 40;
68672 : 40;
68673 : 40;
68674 : 40;
68675 : 40;
68676 : 40;
68677 : 40;
68678 : 40;
68679 : 40;
68680 : 40;
68681 : 40;
68682 : 40;
68683 : 40;
68684 : 40;
68685 : 40;
68686 : 40;
68687 : 40;
68688 : 40;
68689 : 40;
68690 : 40;
68691 : 40;
68692 : 40;
68693 : 40;
68694 : 60;
68695 : 60;
68696 : 64;
68697 : 64;
68698 : 64;
68699 : 64;
68700 : 64;
68701 : 40;
68702 : 40;
68703 : 40;
68704 : 40;
68705 : 40;
68706 : 40;
68707 : 40;
68708 : 40;
68709 : 40;
68710 : 20;
68711 : 40;
68712 : 40;
68713 : 40;
68714 : 40;
68715 : 40;
68716 : 40;
68717 : 40;
68718 : 40;
68719 : 40;
68720 : 49;
68721 : 49;
68722 : 6D;
68723 : 49;
68724 : 49;
68725 : 49;
68726 : 49;
68727 : 49;
68728 : 49;
68729 : 49;
68730 : 49;
68731 : 49;
68732 : 49;
68733 : 49;
68734 : 49;
68735 : 49;
68736 : 49;
68737 : 49;
68738 : 49;
68739 : 49;
68740 : 49;
68741 : 49;
68742 : 49;
68743 : 49;
68744 : 49;
68745 : 49;
68746 : 49;
68747 : 49;
68748 : 49;
68749 : 49;
68750 : 49;
68751 : 49;
68752 : 49;
68753 : 49;
68754 : 49;
68755 : 49;
68756 : 49;
68757 : 49;
68758 : 49;
68759 : 49;
68760 : 49;
68761 : 49;
68762 : 49;
68763 : 49;
68764 : 49;
68765 : 49;
68766 : 49;
68767 : 49;
68768 : 49;
68769 : 49;
68770 : 49;
68771 : 49;
68772 : 49;
68773 : 49;
68774 : 49;
68775 : 49;
68776 : 49;
68777 : 49;
68778 : 49;
68779 : 49;
68780 : 44;
68781 : 24;
68782 : 24;
68783 : 24;
68784 : 24;
68785 : 24;
68786 : 24;
68787 : 24;
68788 : 24;
68789 : 24;
68790 : 24;
68791 : 24;
68792 : 24;
68793 : 49;
68794 : 00;
68795 : 24;
68796 : 49;
68797 : 44;
68798 : 49;
68799 : 49;
68800 : 40;
68801 : 40;
68802 : 40;
68803 : 40;
68804 : 40;
68805 : 40;
68806 : 40;
68807 : 40;
68808 : 40;
68809 : 40;
68810 : 40;
68811 : 40;
68812 : 40;
68813 : 20;
68814 : 40;
68815 : 40;
68816 : 40;
68817 : 40;
68818 : 40;
68819 : 40;
68820 : 40;
68821 : 40;
68822 : 60;
68823 : 60;
68824 : 60;
68825 : 60;
68826 : 60;
68827 : 60;
68828 : 60;
68829 : 60;
68830 : 60;
68831 : 40;
68832 : 40;
68833 : 40;
68834 : 60;
68835 : 60;
68836 : 60;
68837 : 60;
68838 : 60;
68839 : 40;
68840 : 60;
68841 : 60;
68842 : 60;
68843 : 60;
68844 : 60;
68845 : 60;
68846 : 60;
68847 : 60;
68848 : 60;
68849 : 64;
68850 : 64;
68851 : 64;
68852 : 64;
68853 : 64;
68854 : 64;
68855 : 64;
68856 : 64;
68857 : 64;
68858 : 64;
68859 : 64;
68860 : 60;
68861 : 60;
68862 : 60;
68863 : 60;
68864 : 40;
68865 : 40;
68866 : 40;
68867 : 64;
68868 : 64;
68869 : 64;
68870 : 64;
68871 : 64;
68872 : 64;
68873 : 64;
68874 : 64;
68875 : 64;
68876 : 64;
68877 : 64;
68878 : 64;
68879 : 64;
68880 : 64;
68881 : 64;
68882 : 64;
68883 : 64;
68884 : 64;
68885 : 64;
68886 : 64;
68887 : 64;
68888 : 40;
68889 : 64;
68890 : 20;
68891 : 85;
68892 : 85;
68893 : 85;
68894 : 85;
68895 : 85;
68896 : 64;
68897 : 85;
68898 : 85;
68899 : 85;
68900 : 85;
68901 : 85;
68902 : 85;
68903 : 85;
68904 : 85;
68905 : 85;
68906 : 85;
68907 : 85;
68908 : 85;
68909 : 85;
68910 : 65;
68911 : 64;
68912 : 64;
68913 : 85;
68914 : 40;
68915 : 40;
68916 : 44;
68917 : 64;
68918 : 64;
68919 : 64;
68920 : 84;
68921 : 85;
68922 : 84;
68923 : 64;
68924 : 40;
68925 : 40;
68926 : 40;
68927 : 64;
68928 : 64;
68929 : 64;
68930 : 64;
68931 : 64;
68932 : 40;
68933 : 85;
68934 : 64;
68935 : 20;
68936 : 64;
68937 : 64;
68938 : 64;
68939 : 64;
68940 : 40;
68941 : 64;
68942 : 40;
68943 : 44;
68944 : 44;
68945 : 64;
68946 : 64;
68947 : 64;
68948 : 64;
68949 : 64;
68950 : 40;
68951 : 40;
68952 : 84;
68953 : 84;
68954 : 84;
68955 : 64;
68956 : 40;
68957 : 40;
68958 : 44;
68959 : 44;
68960 : 20;
68961 : 20;
68962 : 64;
68963 : 64;
68964 : 84;
68965 : 64;
68966 : 64;
68967 : 40;
68968 : 40;
68969 : 40;
68970 : 40;
68971 : 40;
68972 : 40;
68973 : 40;
68974 : 44;
68975 : 40;
68976 : 64;
68977 : 40;
68978 : 20;
68979 : 40;
68980 : 64;
68981 : 64;
68982 : 64;
68983 : 64;
68984 : 40;
68985 : 40;
68986 : 40;
68987 : 40;
68988 : 40;
68989 : 40;
68990 : 40;
68991 : 40;
68992 : 40;
68993 : 40;
68994 : 40;
68995 : 40;
68996 : 40;
68997 : 40;
68998 : 40;
68999 : 40;
69000 : 40;
69001 : 40;
69002 : 40;
69003 : 40;
69004 : 40;
69005 : 40;
69006 : 40;
69007 : 40;
69008 : 40;
69009 : 40;
69010 : 40;
69011 : 40;
69012 : 40;
69013 : 60;
69014 : 64;
69015 : 64;
69016 : 64;
69017 : 64;
69018 : 60;
69019 : 60;
69020 : 40;
69021 : 40;
69022 : 40;
69023 : 40;
69024 : 40;
69025 : 40;
69026 : 40;
69027 : 40;
69028 : 40;
69029 : 40;
69030 : 40;
69031 : 40;
69032 : 40;
69033 : 40;
69034 : 40;
69035 : 40;
69036 : 40;
69037 : 40;
69038 : 40;
69039 : 40;
69040 : 49;
69041 : 49;
69042 : 6D;
69043 : 49;
69044 : 49;
69045 : 25;
69046 : 49;
69047 : 49;
69048 : 49;
69049 : 49;
69050 : 49;
69051 : 49;
69052 : 49;
69053 : 49;
69054 : 49;
69055 : 49;
69056 : 49;
69057 : 49;
69058 : 49;
69059 : 49;
69060 : 49;
69061 : 49;
69062 : 49;
69063 : 49;
69064 : 49;
69065 : 49;
69066 : 49;
69067 : 49;
69068 : 49;
69069 : 49;
69070 : 49;
69071 : 49;
69072 : 49;
69073 : 49;
69074 : 49;
69075 : 49;
69076 : 49;
69077 : 49;
69078 : 49;
69079 : 49;
69080 : 49;
69081 : 49;
69082 : 49;
69083 : 49;
69084 : 49;
69085 : 49;
69086 : 49;
69087 : 49;
69088 : 49;
69089 : 49;
69090 : 49;
69091 : 49;
69092 : 49;
69093 : 49;
69094 : 49;
69095 : 49;
69096 : 49;
69097 : 49;
69098 : 49;
69099 : 24;
69100 : 24;
69101 : 44;
69102 : 24;
69103 : 44;
69104 : 44;
69105 : 44;
69106 : 44;
69107 : 44;
69108 : 44;
69109 : 24;
69110 : 24;
69111 : 24;
69112 : 24;
69113 : 45;
69114 : 00;
69115 : 24;
69116 : 49;
69117 : 48;
69118 : 49;
69119 : 49;
69120 : 40;
69121 : 40;
69122 : 40;
69123 : 40;
69124 : 40;
69125 : 40;
69126 : 40;
69127 : 40;
69128 : 40;
69129 : 40;
69130 : 40;
69131 : 40;
69132 : 40;
69133 : 40;
69134 : 20;
69135 : 40;
69136 : 40;
69137 : 40;
69138 : 60;
69139 : 20;
69140 : 40;
69141 : 40;
69142 : 60;
69143 : 60;
69144 : 60;
69145 : 60;
69146 : 60;
69147 : 60;
69148 : 60;
69149 : 64;
69150 : 20;
69151 : 40;
69152 : 40;
69153 : 20;
69154 : 60;
69155 : 60;
69156 : 60;
69157 : 60;
69158 : 60;
69159 : 60;
69160 : 60;
69161 : 60;
69162 : 60;
69163 : 60;
69164 : 60;
69165 : 60;
69166 : 60;
69167 : 60;
69168 : 60;
69169 : 40;
69170 : 64;
69171 : 64;
69172 : 64;
69173 : 64;
69174 : 64;
69175 : 64;
69176 : 64;
69177 : 64;
69178 : 84;
69179 : 64;
69180 : 64;
69181 : 60;
69182 : 60;
69183 : 60;
69184 : 60;
69185 : 40;
69186 : 20;
69187 : 40;
69188 : 40;
69189 : 64;
69190 : 64;
69191 : 64;
69192 : 64;
69193 : 64;
69194 : 64;
69195 : 64;
69196 : 64;
69197 : 64;
69198 : 64;
69199 : 64;
69200 : 64;
69201 : 64;
69202 : 64;
69203 : 64;
69204 : 64;
69205 : 64;
69206 : 64;
69207 : 64;
69208 : 40;
69209 : 64;
69210 : 20;
69211 : 85;
69212 : 65;
69213 : 85;
69214 : 40;
69215 : 85;
69216 : 44;
69217 : 85;
69218 : 85;
69219 : 85;
69220 : 65;
69221 : 65;
69222 : 85;
69223 : 65;
69224 : 85;
69225 : 85;
69226 : 85;
69227 : 85;
69228 : 85;
69229 : 85;
69230 : 64;
69231 : 64;
69232 : 64;
69233 : 40;
69234 : 64;
69235 : 64;
69236 : 64;
69237 : 40;
69238 : 40;
69239 : 40;
69240 : 40;
69241 : 40;
69242 : 64;
69243 : 85;
69244 : 85;
69245 : 85;
69246 : 85;
69247 : 20;
69248 : 20;
69249 : 40;
69250 : 40;
69251 : 20;
69252 : 40;
69253 : 84;
69254 : 64;
69255 : 40;
69256 : 40;
69257 : 64;
69258 : 64;
69259 : 64;
69260 : 40;
69261 : 84;
69262 : 20;
69263 : 64;
69264 : 64;
69265 : 64;
69266 : 64;
69267 : 64;
69268 : 64;
69269 : 64;
69270 : 20;
69271 : 64;
69272 : 84;
69273 : 84;
69274 : 84;
69275 : 40;
69276 : 20;
69277 : 40;
69278 : 20;
69279 : 20;
69280 : 64;
69281 : 84;
69282 : 84;
69283 : 64;
69284 : 40;
69285 : 40;
69286 : 40;
69287 : 40;
69288 : 40;
69289 : 40;
69290 : 40;
69291 : 40;
69292 : 40;
69293 : 44;
69294 : 20;
69295 : 64;
69296 : 40;
69297 : 40;
69298 : 64;
69299 : 64;
69300 : 64;
69301 : 40;
69302 : 20;
69303 : 20;
69304 : 40;
69305 : 40;
69306 : 40;
69307 : 40;
69308 : 40;
69309 : 40;
69310 : 40;
69311 : 40;
69312 : 40;
69313 : 40;
69314 : 40;
69315 : 40;
69316 : 40;
69317 : 40;
69318 : 40;
69319 : 40;
69320 : 40;
69321 : 40;
69322 : 40;
69323 : 40;
69324 : 40;
69325 : 40;
69326 : 40;
69327 : 40;
69328 : 20;
69329 : 40;
69330 : 40;
69331 : 40;
69332 : 60;
69333 : 64;
69334 : 64;
69335 : 64;
69336 : 64;
69337 : 60;
69338 : 40;
69339 : 40;
69340 : 40;
69341 : 40;
69342 : 40;
69343 : 40;
69344 : 40;
69345 : 40;
69346 : 40;
69347 : 40;
69348 : 20;
69349 : 40;
69350 : 40;
69351 : 40;
69352 : 40;
69353 : 40;
69354 : 40;
69355 : 40;
69356 : 40;
69357 : 40;
69358 : 40;
69359 : 40;
69360 : 29;
69361 : 45;
69362 : 6D;
69363 : 49;
69364 : 49;
69365 : 24;
69366 : 49;
69367 : 49;
69368 : 49;
69369 : 49;
69370 : 49;
69371 : 49;
69372 : 49;
69373 : 49;
69374 : 49;
69375 : 49;
69376 : 49;
69377 : 49;
69378 : 49;
69379 : 49;
69380 : 49;
69381 : 49;
69382 : 49;
69383 : 49;
69384 : 49;
69385 : 49;
69386 : 49;
69387 : 49;
69388 : 49;
69389 : 49;
69390 : 49;
69391 : 49;
69392 : 49;
69393 : 49;
69394 : 49;
69395 : 49;
69396 : 49;
69397 : 49;
69398 : 49;
69399 : 49;
69400 : 49;
69401 : 49;
69402 : 49;
69403 : 49;
69404 : 49;
69405 : 49;
69406 : 49;
69407 : 49;
69408 : 49;
69409 : 49;
69410 : 49;
69411 : 49;
69412 : 49;
69413 : 49;
69414 : 49;
69415 : 49;
69416 : 49;
69417 : 49;
69418 : 49;
69419 : 49;
69420 : 49;
69421 : 45;
69422 : 45;
69423 : 48;
69424 : 44;
69425 : 44;
69426 : 44;
69427 : 24;
69428 : 24;
69429 : 24;
69430 : 24;
69431 : 24;
69432 : 24;
69433 : 45;
69434 : 00;
69435 : 24;
69436 : 49;
69437 : 49;
69438 : 49;
69439 : 49;
69440 : 40;
69441 : 40;
69442 : 40;
69443 : 40;
69444 : 40;
69445 : 40;
69446 : 40;
69447 : 40;
69448 : 40;
69449 : 40;
69450 : 40;
69451 : 40;
69452 : 40;
69453 : 40;
69454 : 20;
69455 : 40;
69456 : 40;
69457 : 40;
69458 : 40;
69459 : 20;
69460 : 40;
69461 : 40;
69462 : 60;
69463 : 60;
69464 : 60;
69465 : 60;
69466 : 60;
69467 : 60;
69468 : 60;
69469 : 40;
69470 : 40;
69471 : 64;
69472 : 40;
69473 : 40;
69474 : 60;
69475 : 60;
69476 : 60;
69477 : 60;
69478 : 60;
69479 : 60;
69480 : 60;
69481 : 60;
69482 : 60;
69483 : 60;
69484 : 60;
69485 : 60;
69486 : 60;
69487 : 60;
69488 : 60;
69489 : 60;
69490 : 40;
69491 : 64;
69492 : 64;
69493 : 64;
69494 : 64;
69495 : 64;
69496 : 64;
69497 : 64;
69498 : 60;
69499 : 84;
69500 : 64;
69501 : 64;
69502 : 60;
69503 : 60;
69504 : 60;
69505 : 60;
69506 : 64;
69507 : 20;
69508 : 40;
69509 : 44;
69510 : 64;
69511 : 64;
69512 : 64;
69513 : 64;
69514 : 64;
69515 : 64;
69516 : 64;
69517 : 64;
69518 : 64;
69519 : 64;
69520 : 64;
69521 : 64;
69522 : 64;
69523 : 64;
69524 : 64;
69525 : 64;
69526 : 64;
69527 : 64;
69528 : 40;
69529 : 64;
69530 : 40;
69531 : 85;
69532 : 65;
69533 : 40;
69534 : 89;
69535 : 20;
69536 : 64;
69537 : 84;
69538 : 65;
69539 : 65;
69540 : 85;
69541 : 65;
69542 : 85;
69543 : 85;
69544 : 65;
69545 : 64;
69546 : 85;
69547 : 85;
69548 : 65;
69549 : 65;
69550 : 65;
69551 : 64;
69552 : 40;
69553 : 64;
69554 : 40;
69555 : 40;
69556 : 40;
69557 : 64;
69558 : 64;
69559 : 64;
69560 : 64;
69561 : 64;
69562 : 40;
69563 : 40;
69564 : 44;
69565 : 64;
69566 : 64;
69567 : 85;
69568 : 85;
69569 : 85;
69570 : 85;
69571 : 85;
69572 : 64;
69573 : 84;
69574 : 64;
69575 : 44;
69576 : 40;
69577 : 64;
69578 : 64;
69579 : 64;
69580 : 40;
69581 : 64;
69582 : 40;
69583 : 64;
69584 : 64;
69585 : 64;
69586 : 64;
69587 : 64;
69588 : 64;
69589 : 64;
69590 : 40;
69591 : 84;
69592 : 84;
69593 : 84;
69594 : 64;
69595 : 40;
69596 : 20;
69597 : 20;
69598 : 85;
69599 : 84;
69600 : 64;
69601 : 64;
69602 : 40;
69603 : 20;
69604 : 20;
69605 : 40;
69606 : 44;
69607 : 44;
69608 : 40;
69609 : 40;
69610 : 40;
69611 : 40;
69612 : 40;
69613 : 40;
69614 : 64;
69615 : 60;
69616 : 64;
69617 : 64;
69618 : 40;
69619 : 40;
69620 : 20;
69621 : 20;
69622 : 40;
69623 : 40;
69624 : 40;
69625 : 40;
69626 : 40;
69627 : 40;
69628 : 40;
69629 : 40;
69630 : 40;
69631 : 40;
69632 : 40;
69633 : 40;
69634 : 40;
69635 : 40;
69636 : 40;
69637 : 40;
69638 : 40;
69639 : 40;
69640 : 40;
69641 : 40;
69642 : 40;
69643 : 40;
69644 : 40;
69645 : 20;
69646 : 20;
69647 : 20;
69648 : 40;
69649 : 40;
69650 : 60;
69651 : 64;
69652 : 64;
69653 : 64;
69654 : 64;
69655 : 64;
69656 : 40;
69657 : 40;
69658 : 40;
69659 : 40;
69660 : 40;
69661 : 40;
69662 : 40;
69663 : 40;
69664 : 40;
69665 : 20;
69666 : 40;
69667 : 20;
69668 : 40;
69669 : 40;
69670 : 40;
69671 : 40;
69672 : 40;
69673 : 40;
69674 : 40;
69675 : 40;
69676 : 40;
69677 : 40;
69678 : 40;
69679 : 40;
69680 : 49;
69681 : 45;
69682 : 6D;
69683 : 49;
69684 : 49;
69685 : 24;
69686 : 49;
69687 : 49;
69688 : 49;
69689 : 49;
69690 : 49;
69691 : 49;
69692 : 49;
69693 : 49;
69694 : 49;
69695 : 49;
69696 : 49;
69697 : 49;
69698 : 49;
69699 : 49;
69700 : 49;
69701 : 49;
69702 : 49;
69703 : 49;
69704 : 49;
69705 : 49;
69706 : 49;
69707 : 49;
69708 : 49;
69709 : 49;
69710 : 49;
69711 : 49;
69712 : 49;
69713 : 49;
69714 : 49;
69715 : 49;
69716 : 49;
69717 : 49;
69718 : 49;
69719 : 49;
69720 : 49;
69721 : 49;
69722 : 49;
69723 : 49;
69724 : 49;
69725 : 49;
69726 : 49;
69727 : 49;
69728 : 49;
69729 : 49;
69730 : 49;
69731 : 49;
69732 : 49;
69733 : 49;
69734 : 49;
69735 : 49;
69736 : 49;
69737 : 49;
69738 : 49;
69739 : 45;
69740 : 44;
69741 : 44;
69742 : 24;
69743 : 24;
69744 : 24;
69745 : 24;
69746 : 24;
69747 : 24;
69748 : 24;
69749 : 24;
69750 : 24;
69751 : 24;
69752 : 24;
69753 : 44;
69754 : 00;
69755 : 24;
69756 : 49;
69757 : 49;
69758 : 49;
69759 : 49;
69760 : 40;
69761 : 40;
69762 : 40;
69763 : 40;
69764 : 40;
69765 : 40;
69766 : 40;
69767 : 40;
69768 : 40;
69769 : 40;
69770 : 40;
69771 : 40;
69772 : 40;
69773 : 40;
69774 : 40;
69775 : 20;
69776 : 40;
69777 : 40;
69778 : 40;
69779 : 40;
69780 : 40;
69781 : 40;
69782 : 40;
69783 : 60;
69784 : 60;
69785 : 60;
69786 : 60;
69787 : 60;
69788 : 40;
69789 : 40;
69790 : 40;
69791 : 40;
69792 : 40;
69793 : 60;
69794 : 60;
69795 : 60;
69796 : 60;
69797 : 60;
69798 : 60;
69799 : 60;
69800 : 60;
69801 : 60;
69802 : 60;
69803 : 60;
69804 : 60;
69805 : 60;
69806 : 60;
69807 : 60;
69808 : 60;
69809 : 60;
69810 : 60;
69811 : 40;
69812 : 64;
69813 : 64;
69814 : 64;
69815 : 64;
69816 : 64;
69817 : 64;
69818 : 64;
69819 : 64;
69820 : 84;
69821 : 64;
69822 : 60;
69823 : 60;
69824 : 40;
69825 : 40;
69826 : 64;
69827 : 64;
69828 : 40;
69829 : 40;
69830 : 44;
69831 : 64;
69832 : 64;
69833 : 64;
69834 : 64;
69835 : 64;
69836 : 64;
69837 : 64;
69838 : 64;
69839 : 64;
69840 : 64;
69841 : 64;
69842 : 64;
69843 : 64;
69844 : 64;
69845 : 64;
69846 : 64;
69847 : 64;
69848 : 40;
69849 : 64;
69850 : 40;
69851 : 40;
69852 : 40;
69853 : 64;
69854 : 40;
69855 : 64;
69856 : 64;
69857 : 64;
69858 : 64;
69859 : 64;
69860 : 65;
69861 : 65;
69862 : 65;
69863 : 65;
69864 : 65;
69865 : 65;
69866 : 65;
69867 : 85;
69868 : 64;
69869 : 40;
69870 : 40;
69871 : 40;
69872 : 64;
69873 : 44;
69874 : 44;
69875 : 64;
69876 : 64;
69877 : 64;
69878 : 64;
69879 : 64;
69880 : 64;
69881 : 64;
69882 : 64;
69883 : 64;
69884 : 40;
69885 : 40;
69886 : 40;
69887 : 40;
69888 : 40;
69889 : 64;
69890 : 64;
69891 : 84;
69892 : 84;
69893 : 84;
69894 : 64;
69895 : 40;
69896 : 40;
69897 : 64;
69898 : 64;
69899 : 64;
69900 : 60;
69901 : 64;
69902 : 20;
69903 : 64;
69904 : 64;
69905 : 64;
69906 : 64;
69907 : 64;
69908 : 64;
69909 : 40;
69910 : 64;
69911 : 84;
69912 : 85;
69913 : 84;
69914 : 60;
69915 : 40;
69916 : 64;
69917 : 64;
69918 : 64;
69919 : 60;
69920 : 40;
69921 : 40;
69922 : 40;
69923 : 40;
69924 : 44;
69925 : 40;
69926 : 40;
69927 : 40;
69928 : 40;
69929 : 40;
69930 : 40;
69931 : 40;
69932 : 40;
69933 : 64;
69934 : 64;
69935 : 64;
69936 : 40;
69937 : 40;
69938 : 40;
69939 : 40;
69940 : 40;
69941 : 40;
69942 : 40;
69943 : 40;
69944 : 40;
69945 : 40;
69946 : 40;
69947 : 40;
69948 : 40;
69949 : 40;
69950 : 40;
69951 : 40;
69952 : 40;
69953 : 40;
69954 : 40;
69955 : 40;
69956 : 40;
69957 : 40;
69958 : 40;
69959 : 40;
69960 : 40;
69961 : 40;
69962 : 40;
69963 : 40;
69964 : 20;
69965 : 20;
69966 : 20;
69967 : 40;
69968 : 60;
69969 : 60;
69970 : 64;
69971 : 64;
69972 : 64;
69973 : 64;
69974 : 40;
69975 : 40;
69976 : 40;
69977 : 40;
69978 : 60;
69979 : 40;
69980 : 40;
69981 : 40;
69982 : 40;
69983 : 40;
69984 : 40;
69985 : 40;
69986 : 40;
69987 : 20;
69988 : 40;
69989 : 40;
69990 : 40;
69991 : 40;
69992 : 40;
69993 : 40;
69994 : 40;
69995 : 40;
69996 : 40;
69997 : 40;
69998 : 40;
69999 : 40;
70000 : 29;
70001 : 44;
70002 : 6D;
70003 : 49;
70004 : 49;
70005 : 24;
70006 : 49;
70007 : 49;
70008 : 49;
70009 : 49;
70010 : 49;
70011 : 49;
70012 : 49;
70013 : 49;
70014 : 49;
70015 : 49;
70016 : 49;
70017 : 49;
70018 : 49;
70019 : 49;
70020 : 49;
70021 : 49;
70022 : 49;
70023 : 49;
70024 : 49;
70025 : 49;
70026 : 49;
70027 : 49;
70028 : 49;
70029 : 49;
70030 : 49;
70031 : 49;
70032 : 49;
70033 : 49;
70034 : 49;
70035 : 49;
70036 : 49;
70037 : 49;
70038 : 49;
70039 : 49;
70040 : 49;
70041 : 49;
70042 : 49;
70043 : 49;
70044 : 49;
70045 : 49;
70046 : 49;
70047 : 49;
70048 : 49;
70049 : 49;
70050 : 49;
70051 : 49;
70052 : 49;
70053 : 49;
70054 : 49;
70055 : 49;
70056 : 49;
70057 : 49;
70058 : 49;
70059 : 49;
70060 : 45;
70061 : 24;
70062 : 24;
70063 : 24;
70064 : 24;
70065 : 24;
70066 : 24;
70067 : 24;
70068 : 24;
70069 : 24;
70070 : 24;
70071 : 24;
70072 : 24;
70073 : 45;
70074 : 00;
70075 : 24;
70076 : 49;
70077 : 49;
70078 : 49;
70079 : 49;
70080 : 40;
70081 : 40;
70082 : 40;
70083 : 40;
70084 : 40;
70085 : 40;
70086 : 40;
70087 : 40;
70088 : 40;
70089 : 40;
70090 : 40;
70091 : 40;
70092 : 40;
70093 : 40;
70094 : 40;
70095 : 40;
70096 : 40;
70097 : 20;
70098 : 40;
70099 : 40;
70100 : 40;
70101 : 40;
70102 : 20;
70103 : 40;
70104 : 60;
70105 : 64;
70106 : 40;
70107 : 40;
70108 : 40;
70109 : 60;
70110 : 20;
70111 : 40;
70112 : 60;
70113 : 60;
70114 : 60;
70115 : 60;
70116 : 60;
70117 : 60;
70118 : 60;
70119 : 60;
70120 : 60;
70121 : 60;
70122 : 60;
70123 : 60;
70124 : 60;
70125 : 60;
70126 : 60;
70127 : 60;
70128 : 60;
70129 : 60;
70130 : 60;
70131 : 60;
70132 : 40;
70133 : 60;
70134 : 64;
70135 : 64;
70136 : 64;
70137 : 64;
70138 : 64;
70139 : 64;
70140 : 84;
70141 : 60;
70142 : 60;
70143 : 60;
70144 : 40;
70145 : 40;
70146 : 60;
70147 : 64;
70148 : 64;
70149 : 40;
70150 : 20;
70151 : 40;
70152 : 64;
70153 : 64;
70154 : 64;
70155 : 64;
70156 : 64;
70157 : 64;
70158 : 64;
70159 : 64;
70160 : 64;
70161 : 64;
70162 : 64;
70163 : 64;
70164 : 64;
70165 : 64;
70166 : 64;
70167 : 64;
70168 : 40;
70169 : 64;
70170 : 64;
70171 : 84;
70172 : 64;
70173 : 40;
70174 : 64;
70175 : 64;
70176 : 64;
70177 : 64;
70178 : 64;
70179 : 64;
70180 : 64;
70181 : 65;
70182 : 65;
70183 : 64;
70184 : 65;
70185 : 65;
70186 : 64;
70187 : 40;
70188 : 64;
70189 : 64;
70190 : 64;
70191 : 40;
70192 : 64;
70193 : 64;
70194 : 65;
70195 : 64;
70196 : 64;
70197 : 64;
70198 : 64;
70199 : 64;
70200 : 64;
70201 : 64;
70202 : 64;
70203 : 64;
70204 : 64;
70205 : 64;
70206 : 64;
70207 : 64;
70208 : 44;
70209 : 40;
70210 : 40;
70211 : 64;
70212 : 64;
70213 : 64;
70214 : 85;
70215 : 64;
70216 : 40;
70217 : 44;
70218 : 64;
70219 : 20;
70220 : 64;
70221 : 40;
70222 : 40;
70223 : 64;
70224 : 64;
70225 : 64;
70226 : 64;
70227 : 64;
70228 : 64;
70229 : 40;
70230 : 64;
70231 : 85;
70232 : 84;
70233 : 84;
70234 : 40;
70235 : 64;
70236 : 64;
70237 : 64;
70238 : 40;
70239 : 40;
70240 : 40;
70241 : 40;
70242 : 40;
70243 : 40;
70244 : 40;
70245 : 40;
70246 : 40;
70247 : 40;
70248 : 40;
70249 : 40;
70250 : 40;
70251 : 64;
70252 : 64;
70253 : 64;
70254 : 40;
70255 : 40;
70256 : 40;
70257 : 40;
70258 : 40;
70259 : 40;
70260 : 40;
70261 : 40;
70262 : 40;
70263 : 40;
70264 : 40;
70265 : 40;
70266 : 40;
70267 : 40;
70268 : 40;
70269 : 40;
70270 : 40;
70271 : 40;
70272 : 40;
70273 : 40;
70274 : 40;
70275 : 40;
70276 : 40;
70277 : 40;
70278 : 40;
70279 : 40;
70280 : 40;
70281 : 40;
70282 : 20;
70283 : 20;
70284 : 40;
70285 : 40;
70286 : 40;
70287 : 60;
70288 : 64;
70289 : 64;
70290 : 64;
70291 : 64;
70292 : 60;
70293 : 60;
70294 : 40;
70295 : 40;
70296 : 60;
70297 : 40;
70298 : 40;
70299 : 40;
70300 : 40;
70301 : 40;
70302 : 40;
70303 : 40;
70304 : 40;
70305 : 40;
70306 : 40;
70307 : 40;
70308 : 40;
70309 : 40;
70310 : 40;
70311 : 40;
70312 : 40;
70313 : 40;
70314 : 40;
70315 : 40;
70316 : 40;
70317 : 40;
70318 : 40;
70319 : 40;
70320 : 49;
70321 : 24;
70322 : 6D;
70323 : 49;
70324 : 49;
70325 : 24;
70326 : 49;
70327 : 49;
70328 : 49;
70329 : 49;
70330 : 49;
70331 : 49;
70332 : 49;
70333 : 49;
70334 : 49;
70335 : 49;
70336 : 49;
70337 : 49;
70338 : 49;
70339 : 49;
70340 : 49;
70341 : 49;
70342 : 49;
70343 : 49;
70344 : 49;
70345 : 49;
70346 : 49;
70347 : 49;
70348 : 49;
70349 : 49;
70350 : 49;
70351 : 49;
70352 : 49;
70353 : 49;
70354 : 49;
70355 : 49;
70356 : 49;
70357 : 49;
70358 : 49;
70359 : 49;
70360 : 49;
70361 : 49;
70362 : 49;
70363 : 49;
70364 : 49;
70365 : 49;
70366 : 49;
70367 : 49;
70368 : 49;
70369 : 49;
70370 : 49;
70371 : 49;
70372 : 49;
70373 : 49;
70374 : 49;
70375 : 49;
70376 : 49;
70377 : 49;
70378 : 49;
70379 : 49;
70380 : 44;
70381 : 24;
70382 : 44;
70383 : 24;
70384 : 44;
70385 : 24;
70386 : 24;
70387 : 24;
70388 : 24;
70389 : 24;
70390 : 24;
70391 : 24;
70392 : 24;
70393 : 44;
70394 : 00;
70395 : 24;
70396 : 49;
70397 : 49;
70398 : 49;
70399 : 49;
70400 : 40;
70401 : 40;
70402 : 40;
70403 : 40;
70404 : 40;
70405 : 40;
70406 : 40;
70407 : 40;
70408 : 40;
70409 : 40;
70410 : 40;
70411 : 40;
70412 : 40;
70413 : 40;
70414 : 40;
70415 : 40;
70416 : 40;
70417 : 40;
70418 : 20;
70419 : 40;
70420 : 40;
70421 : 40;
70422 : 64;
70423 : 40;
70424 : 20;
70425 : 20;
70426 : 60;
70427 : 60;
70428 : 40;
70429 : 20;
70430 : 64;
70431 : 60;
70432 : 60;
70433 : 60;
70434 : 60;
70435 : 60;
70436 : 60;
70437 : 60;
70438 : 60;
70439 : 60;
70440 : 60;
70441 : 60;
70442 : 60;
70443 : 60;
70444 : 60;
70445 : 60;
70446 : 60;
70447 : 60;
70448 : 60;
70449 : 60;
70450 : 60;
70451 : 60;
70452 : 60;
70453 : 60;
70454 : 40;
70455 : 64;
70456 : 64;
70457 : 64;
70458 : 64;
70459 : 64;
70460 : 84;
70461 : 84;
70462 : 40;
70463 : 60;
70464 : 60;
70465 : 40;
70466 : 60;
70467 : 60;
70468 : 84;
70469 : 64;
70470 : 40;
70471 : 20;
70472 : 40;
70473 : 64;
70474 : 64;
70475 : 64;
70476 : 64;
70477 : 64;
70478 : 64;
70479 : 64;
70480 : 64;
70481 : 64;
70482 : 64;
70483 : 64;
70484 : 64;
70485 : 64;
70486 : 85;
70487 : 40;
70488 : 64;
70489 : 64;
70490 : 84;
70491 : 40;
70492 : 44;
70493 : 64;
70494 : 64;
70495 : 64;
70496 : 64;
70497 : 64;
70498 : 64;
70499 : 64;
70500 : 64;
70501 : 64;
70502 : 64;
70503 : 64;
70504 : 64;
70505 : 89;
70506 : 40;
70507 : 64;
70508 : 40;
70509 : 64;
70510 : 85;
70511 : 85;
70512 : 64;
70513 : 84;
70514 : 65;
70515 : 64;
70516 : 64;
70517 : 64;
70518 : 64;
70519 : 64;
70520 : 64;
70521 : 64;
70522 : 64;
70523 : 64;
70524 : 64;
70525 : 64;
70526 : 64;
70527 : 64;
70528 : 64;
70529 : 64;
70530 : 64;
70531 : 20;
70532 : 40;
70533 : 64;
70534 : 84;
70535 : 85;
70536 : 64;
70537 : 40;
70538 : 64;
70539 : 40;
70540 : 64;
70541 : 40;
70542 : 64;
70543 : 64;
70544 : 64;
70545 : 64;
70546 : 64;
70547 : 64;
70548 : 40;
70549 : 64;
70550 : 85;
70551 : 85;
70552 : 84;
70553 : 84;
70554 : 84;
70555 : 84;
70556 : 64;
70557 : 40;
70558 : 20;
70559 : 40;
70560 : 40;
70561 : 40;
70562 : 40;
70563 : 40;
70564 : 40;
70565 : 44;
70566 : 40;
70567 : 20;
70568 : 40;
70569 : 64;
70570 : 64;
70571 : 64;
70572 : 40;
70573 : 40;
70574 : 44;
70575 : 40;
70576 : 40;
70577 : 40;
70578 : 40;
70579 : 40;
70580 : 40;
70581 : 40;
70582 : 40;
70583 : 20;
70584 : 40;
70585 : 40;
70586 : 40;
70587 : 40;
70588 : 40;
70589 : 40;
70590 : 40;
70591 : 40;
70592 : 40;
70593 : 40;
70594 : 40;
70595 : 40;
70596 : 40;
70597 : 40;
70598 : 40;
70599 : 40;
70600 : 20;
70601 : 20;
70602 : 20;
70603 : 40;
70604 : 40;
70605 : 64;
70606 : 64;
70607 : 64;
70608 : 64;
70609 : 64;
70610 : 64;
70611 : 40;
70612 : 40;
70613 : 40;
70614 : 40;
70615 : 60;
70616 : 40;
70617 : 40;
70618 : 40;
70619 : 40;
70620 : 40;
70621 : 40;
70622 : 40;
70623 : 40;
70624 : 40;
70625 : 40;
70626 : 40;
70627 : 40;
70628 : 40;
70629 : 40;
70630 : 40;
70631 : 40;
70632 : 40;
70633 : 40;
70634 : 40;
70635 : 40;
70636 : 40;
70637 : 40;
70638 : 40;
70639 : 40;
70640 : 29;
70641 : 24;
70642 : 6D;
70643 : 49;
70644 : 49;
70645 : 24;
70646 : 49;
70647 : 49;
70648 : 49;
70649 : 49;
70650 : 49;
70651 : 49;
70652 : 49;
70653 : 49;
70654 : 49;
70655 : 49;
70656 : 49;
70657 : 49;
70658 : 49;
70659 : 49;
70660 : 49;
70661 : 49;
70662 : 49;
70663 : 49;
70664 : 49;
70665 : 49;
70666 : 49;
70667 : 49;
70668 : 49;
70669 : 49;
70670 : 49;
70671 : 49;
70672 : 49;
70673 : 49;
70674 : 49;
70675 : 49;
70676 : 49;
70677 : 49;
70678 : 49;
70679 : 49;
70680 : 49;
70681 : 49;
70682 : 49;
70683 : 49;
70684 : 49;
70685 : 49;
70686 : 49;
70687 : 49;
70688 : 49;
70689 : 49;
70690 : 49;
70691 : 49;
70692 : 49;
70693 : 49;
70694 : 49;
70695 : 48;
70696 : 44;
70697 : 44;
70698 : 49;
70699 : 49;
70700 : 49;
70701 : 24;
70702 : 24;
70703 : 24;
70704 : 24;
70705 : 24;
70706 : 24;
70707 : 24;
70708 : 24;
70709 : 24;
70710 : 24;
70711 : 24;
70712 : 24;
70713 : 24;
70714 : 00;
70715 : 24;
70716 : 49;
70717 : 49;
70718 : 49;
70719 : 49;
70720 : 40;
70721 : 40;
70722 : 40;
70723 : 40;
70724 : 40;
70725 : 40;
70726 : 40;
70727 : 40;
70728 : 40;
70729 : 40;
70730 : 40;
70731 : 40;
70732 : 40;
70733 : 40;
70734 : 40;
70735 : 40;
70736 : 40;
70737 : 40;
70738 : 40;
70739 : 20;
70740 : 40;
70741 : 40;
70742 : 20;
70743 : 64;
70744 : 60;
70745 : 40;
70746 : 40;
70747 : 40;
70748 : 40;
70749 : 40;
70750 : 60;
70751 : 64;
70752 : 60;
70753 : 60;
70754 : 60;
70755 : 40;
70756 : 60;
70757 : 60;
70758 : 60;
70759 : 60;
70760 : 60;
70761 : 60;
70762 : 60;
70763 : 60;
70764 : 60;
70765 : 60;
70766 : 60;
70767 : 60;
70768 : 64;
70769 : 60;
70770 : 60;
70771 : 60;
70772 : 60;
70773 : 60;
70774 : 60;
70775 : 60;
70776 : 64;
70777 : 64;
70778 : 64;
70779 : 64;
70780 : 64;
70781 : 84;
70782 : 60;
70783 : 60;
70784 : 60;
70785 : 60;
70786 : 60;
70787 : 60;
70788 : 64;
70789 : 84;
70790 : 64;
70791 : 64;
70792 : 40;
70793 : 64;
70794 : 64;
70795 : 64;
70796 : 64;
70797 : 64;
70798 : 64;
70799 : 64;
70800 : 64;
70801 : 64;
70802 : 64;
70803 : 64;
70804 : 64;
70805 : 65;
70806 : 20;
70807 : 64;
70808 : 64;
70809 : 64;
70810 : 40;
70811 : 40;
70812 : 84;
70813 : 64;
70814 : 64;
70815 : 64;
70816 : 64;
70817 : 64;
70818 : 64;
70819 : 64;
70820 : 64;
70821 : 64;
70822 : 64;
70823 : 64;
70824 : 84;
70825 : 40;
70826 : 89;
70827 : 40;
70828 : 85;
70829 : 85;
70830 : 65;
70831 : 65;
70832 : 65;
70833 : 65;
70834 : 64;
70835 : 64;
70836 : 64;
70837 : 64;
70838 : 64;
70839 : 64;
70840 : 64;
70841 : 64;
70842 : 64;
70843 : 64;
70844 : 64;
70845 : 64;
70846 : 64;
70847 : 64;
70848 : 64;
70849 : 64;
70850 : 64;
70851 : 64;
70852 : 40;
70853 : 40;
70854 : 64;
70855 : 85;
70856 : 84;
70857 : 64;
70858 : 20;
70859 : 40;
70860 : 64;
70861 : 40;
70862 : 64;
70863 : 64;
70864 : 64;
70865 : 64;
70866 : 64;
70867 : 64;
70868 : 40;
70869 : 64;
70870 : 84;
70871 : 84;
70872 : 85;
70873 : 84;
70874 : 84;
70875 : 64;
70876 : 40;
70877 : 20;
70878 : 44;
70879 : 40;
70880 : 40;
70881 : 40;
70882 : 40;
70883 : 40;
70884 : 40;
70885 : 20;
70886 : 40;
70887 : 64;
70888 : 84;
70889 : 64;
70890 : 40;
70891 : 40;
70892 : 20;
70893 : 40;
70894 : 20;
70895 : 40;
70896 : 40;
70897 : 40;
70898 : 40;
70899 : 40;
70900 : 40;
70901 : 40;
70902 : 20;
70903 : 64;
70904 : 40;
70905 : 40;
70906 : 40;
70907 : 40;
70908 : 40;
70909 : 40;
70910 : 40;
70911 : 40;
70912 : 40;
70913 : 40;
70914 : 40;
70915 : 40;
70916 : 40;
70917 : 40;
70918 : 20;
70919 : 20;
70920 : 20;
70921 : 40;
70922 : 40;
70923 : 64;
70924 : 64;
70925 : 64;
70926 : 64;
70927 : 64;
70928 : 64;
70929 : 40;
70930 : 40;
70931 : 40;
70932 : 40;
70933 : 40;
70934 : 64;
70935 : 40;
70936 : 40;
70937 : 40;
70938 : 40;
70939 : 40;
70940 : 40;
70941 : 40;
70942 : 40;
70943 : 40;
70944 : 40;
70945 : 40;
70946 : 40;
70947 : 40;
70948 : 40;
70949 : 40;
70950 : 40;
70951 : 40;
70952 : 40;
70953 : 40;
70954 : 40;
70955 : 40;
70956 : 40;
70957 : 40;
70958 : 40;
70959 : 40;
70960 : 29;
70961 : 44;
70962 : 6D;
70963 : 49;
70964 : 49;
70965 : 24;
70966 : 49;
70967 : 49;
70968 : 49;
70969 : 49;
70970 : 49;
70971 : 49;
70972 : 49;
70973 : 49;
70974 : 49;
70975 : 49;
70976 : 49;
70977 : 49;
70978 : 49;
70979 : 49;
70980 : 49;
70981 : 49;
70982 : 49;
70983 : 49;
70984 : 49;
70985 : 49;
70986 : 49;
70987 : 49;
70988 : 49;
70989 : 49;
70990 : 49;
70991 : 49;
70992 : 49;
70993 : 49;
70994 : 49;
70995 : 49;
70996 : 49;
70997 : 49;
70998 : 49;
70999 : 49;
71000 : 49;
71001 : 49;
71002 : 49;
71003 : 49;
71004 : 45;
71005 : 49;
71006 : 44;
71007 : 49;
71008 : 48;
71009 : 49;
71010 : 49;
71011 : 49;
71012 : 49;
71013 : 49;
71014 : 49;
71015 : 49;
71016 : 49;
71017 : 49;
71018 : 49;
71019 : 49;
71020 : 44;
71021 : 24;
71022 : 24;
71023 : 24;
71024 : 24;
71025 : 24;
71026 : 24;
71027 : 24;
71028 : 24;
71029 : 24;
71030 : 24;
71031 : 24;
71032 : 24;
71033 : 44;
71034 : 00;
71035 : 24;
71036 : 49;
71037 : 49;
71038 : 49;
71039 : 49;
71040 : 40;
71041 : 40;
71042 : 40;
71043 : 40;
71044 : 40;
71045 : 40;
71046 : 40;
71047 : 40;
71048 : 40;
71049 : 40;
71050 : 40;
71051 : 40;
71052 : 40;
71053 : 40;
71054 : 40;
71055 : 40;
71056 : 40;
71057 : 40;
71058 : 40;
71059 : 40;
71060 : 40;
71061 : 40;
71062 : 20;
71063 : 20;
71064 : 40;
71065 : 40;
71066 : 40;
71067 : 20;
71068 : 40;
71069 : 40;
71070 : 60;
71071 : 60;
71072 : 60;
71073 : 60;
71074 : 60;
71075 : 60;
71076 : 60;
71077 : 60;
71078 : 60;
71079 : 60;
71080 : 60;
71081 : 60;
71082 : 60;
71083 : 60;
71084 : 60;
71085 : 60;
71086 : 60;
71087 : 60;
71088 : 60;
71089 : 60;
71090 : 40;
71091 : 60;
71092 : 60;
71093 : 60;
71094 : 60;
71095 : 60;
71096 : 64;
71097 : 64;
71098 : 64;
71099 : 64;
71100 : 64;
71101 : 84;
71102 : 60;
71103 : 60;
71104 : 60;
71105 : 60;
71106 : 60;
71107 : 60;
71108 : 64;
71109 : 64;
71110 : 85;
71111 : 64;
71112 : 44;
71113 : 40;
71114 : 64;
71115 : 64;
71116 : 64;
71117 : 64;
71118 : 64;
71119 : 64;
71120 : 64;
71121 : 64;
71122 : 64;
71123 : 64;
71124 : 64;
71125 : 40;
71126 : 64;
71127 : 64;
71128 : 64;
71129 : 40;
71130 : 40;
71131 : 64;
71132 : 64;
71133 : 64;
71134 : 64;
71135 : 64;
71136 : 64;
71137 : 64;
71138 : 64;
71139 : 64;
71140 : 64;
71141 : 64;
71142 : 64;
71143 : 64;
71144 : 85;
71145 : 64;
71146 : 85;
71147 : 85;
71148 : 65;
71149 : 85;
71150 : 85;
71151 : 65;
71152 : 85;
71153 : 65;
71154 : 65;
71155 : 64;
71156 : 64;
71157 : 64;
71158 : 64;
71159 : 64;
71160 : 64;
71161 : 64;
71162 : 64;
71163 : 64;
71164 : 64;
71165 : 64;
71166 : 64;
71167 : 64;
71168 : 64;
71169 : 64;
71170 : 64;
71171 : 64;
71172 : 64;
71173 : 40;
71174 : 40;
71175 : 84;
71176 : 84;
71177 : 64;
71178 : 64;
71179 : 40;
71180 : 64;
71181 : 40;
71182 : 64;
71183 : 64;
71184 : 64;
71185 : 64;
71186 : 64;
71187 : 64;
71188 : 40;
71189 : 64;
71190 : 84;
71191 : 84;
71192 : 84;
71193 : 85;
71194 : 64;
71195 : 40;
71196 : 40;
71197 : 40;
71198 : 40;
71199 : 40;
71200 : 40;
71201 : 20;
71202 : 40;
71203 : 40;
71204 : 40;
71205 : 64;
71206 : 84;
71207 : 64;
71208 : 40;
71209 : 44;
71210 : 64;
71211 : 64;
71212 : 64;
71213 : 64;
71214 : 60;
71215 : 40;
71216 : 40;
71217 : 40;
71218 : 40;
71219 : 40;
71220 : 40;
71221 : 40;
71222 : 40;
71223 : 40;
71224 : 40;
71225 : 40;
71226 : 40;
71227 : 40;
71228 : 40;
71229 : 40;
71230 : 40;
71231 : 40;
71232 : 40;
71233 : 40;
71234 : 40;
71235 : 20;
71236 : 40;
71237 : 20;
71238 : 20;
71239 : 40;
71240 : 40;
71241 : 40;
71242 : 60;
71243 : 64;
71244 : 64;
71245 : 64;
71246 : 64;
71247 : 40;
71248 : 40;
71249 : 40;
71250 : 40;
71251 : 40;
71252 : 40;
71253 : 40;
71254 : 40;
71255 : 40;
71256 : 40;
71257 : 40;
71258 : 40;
71259 : 40;
71260 : 40;
71261 : 40;
71262 : 40;
71263 : 40;
71264 : 40;
71265 : 40;
71266 : 40;
71267 : 40;
71268 : 40;
71269 : 40;
71270 : 40;
71271 : 40;
71272 : 40;
71273 : 40;
71274 : 40;
71275 : 40;
71276 : 40;
71277 : 40;
71278 : 40;
71279 : 40;
71280 : 29;
71281 : 24;
71282 : 69;
71283 : 49;
71284 : 49;
71285 : 24;
71286 : 49;
71287 : 49;
71288 : 49;
71289 : 49;
71290 : 49;
71291 : 49;
71292 : 49;
71293 : 49;
71294 : 49;
71295 : 49;
71296 : 49;
71297 : 49;
71298 : 49;
71299 : 49;
71300 : 49;
71301 : 49;
71302 : 49;
71303 : 49;
71304 : 49;
71305 : 49;
71306 : 49;
71307 : 49;
71308 : 49;
71309 : 49;
71310 : 49;
71311 : 49;
71312 : 49;
71313 : 49;
71314 : 49;
71315 : 49;
71316 : 49;
71317 : 49;
71318 : 49;
71319 : 49;
71320 : 49;
71321 : 49;
71322 : 49;
71323 : 49;
71324 : 49;
71325 : 49;
71326 : 49;
71327 : 49;
71328 : 49;
71329 : 49;
71330 : 49;
71331 : 49;
71332 : 49;
71333 : 49;
71334 : 49;
71335 : 49;
71336 : 45;
71337 : 48;
71338 : 48;
71339 : 44;
71340 : 24;
71341 : 24;
71342 : 24;
71343 : 24;
71344 : 24;
71345 : 24;
71346 : 24;
71347 : 24;
71348 : 24;
71349 : 24;
71350 : 24;
71351 : 24;
71352 : 24;
71353 : 24;
71354 : 00;
71355 : 24;
71356 : 49;
71357 : 49;
71358 : 49;
71359 : 49;
71360 : 40;
71361 : 40;
71362 : 40;
71363 : 40;
71364 : 40;
71365 : 40;
71366 : 40;
71367 : 40;
71368 : 40;
71369 : 40;
71370 : 40;
71371 : 40;
71372 : 40;
71373 : 40;
71374 : 40;
71375 : 40;
71376 : 40;
71377 : 40;
71378 : 40;
71379 : 40;
71380 : 40;
71381 : 40;
71382 : 40;
71383 : 20;
71384 : 20;
71385 : 20;
71386 : 40;
71387 : 40;
71388 : 40;
71389 : 40;
71390 : 40;
71391 : 60;
71392 : 60;
71393 : 60;
71394 : 60;
71395 : 60;
71396 : 60;
71397 : 60;
71398 : 60;
71399 : 60;
71400 : 60;
71401 : 60;
71402 : 60;
71403 : 60;
71404 : 60;
71405 : 60;
71406 : 64;
71407 : 60;
71408 : 60;
71409 : 60;
71410 : 40;
71411 : 40;
71412 : 40;
71413 : 60;
71414 : 60;
71415 : 60;
71416 : 60;
71417 : 64;
71418 : 64;
71419 : 64;
71420 : 64;
71421 : 84;
71422 : 64;
71423 : 60;
71424 : 60;
71425 : 60;
71426 : 60;
71427 : 60;
71428 : 64;
71429 : 64;
71430 : 64;
71431 : 84;
71432 : 64;
71433 : 40;
71434 : 40;
71435 : 64;
71436 : 64;
71437 : 64;
71438 : 64;
71439 : 64;
71440 : 64;
71441 : 64;
71442 : 64;
71443 : 40;
71444 : 44;
71445 : 64;
71446 : 64;
71447 : 64;
71448 : 64;
71449 : 64;
71450 : 64;
71451 : 64;
71452 : 44;
71453 : 40;
71454 : 64;
71455 : 64;
71456 : 64;
71457 : 64;
71458 : 64;
71459 : 64;
71460 : 64;
71461 : 64;
71462 : 64;
71463 : 85;
71464 : 65;
71465 : 85;
71466 : 85;
71467 : 85;
71468 : 65;
71469 : 65;
71470 : 65;
71471 : 65;
71472 : 64;
71473 : 85;
71474 : 64;
71475 : 64;
71476 : 64;
71477 : 64;
71478 : 64;
71479 : 64;
71480 : 64;
71481 : 64;
71482 : 64;
71483 : 64;
71484 : 64;
71485 : 64;
71486 : 64;
71487 : 64;
71488 : 64;
71489 : 64;
71490 : 64;
71491 : 64;
71492 : 64;
71493 : 64;
71494 : 20;
71495 : 64;
71496 : 64;
71497 : 84;
71498 : 64;
71499 : 64;
71500 : 64;
71501 : 40;
71502 : 64;
71503 : 64;
71504 : 64;
71505 : 64;
71506 : 64;
71507 : 64;
71508 : 40;
71509 : 64;
71510 : 84;
71511 : 84;
71512 : 84;
71513 : 64;
71514 : 40;
71515 : 40;
71516 : 40;
71517 : 40;
71518 : 40;
71519 : 40;
71520 : 40;
71521 : 44;
71522 : 64;
71523 : 64;
71524 : 64;
71525 : 64;
71526 : 40;
71527 : 40;
71528 : 40;
71529 : 40;
71530 : 40;
71531 : 40;
71532 : 40;
71533 : 40;
71534 : 40;
71535 : 40;
71536 : 40;
71537 : 40;
71538 : 40;
71539 : 40;
71540 : 40;
71541 : 40;
71542 : 40;
71543 : 40;
71544 : 40;
71545 : 40;
71546 : 40;
71547 : 40;
71548 : 40;
71549 : 40;
71550 : 40;
71551 : 40;
71552 : 40;
71553 : 40;
71554 : 40;
71555 : 40;
71556 : 20;
71557 : 20;
71558 : 40;
71559 : 40;
71560 : 40;
71561 : 40;
71562 : 60;
71563 : 60;
71564 : 40;
71565 : 40;
71566 : 40;
71567 : 60;
71568 : 60;
71569 : 64;
71570 : 40;
71571 : 40;
71572 : 40;
71573 : 40;
71574 : 40;
71575 : 40;
71576 : 40;
71577 : 40;
71578 : 40;
71579 : 40;
71580 : 40;
71581 : 40;
71582 : 40;
71583 : 40;
71584 : 40;
71585 : 40;
71586 : 40;
71587 : 40;
71588 : 40;
71589 : 40;
71590 : 40;
71591 : 40;
71592 : 40;
71593 : 40;
71594 : 40;
71595 : 40;
71596 : 40;
71597 : 40;
71598 : 40;
71599 : 40;
71600 : 29;
71601 : 24;
71602 : 69;
71603 : 49;
71604 : 49;
71605 : 24;
71606 : 49;
71607 : 49;
71608 : 49;
71609 : 49;
71610 : 49;
71611 : 49;
71612 : 49;
71613 : 49;
71614 : 49;
71615 : 49;
71616 : 49;
71617 : 49;
71618 : 49;
71619 : 49;
71620 : 49;
71621 : 49;
71622 : 49;
71623 : 49;
71624 : 49;
71625 : 49;
71626 : 49;
71627 : 49;
71628 : 49;
71629 : 49;
71630 : 49;
71631 : 49;
71632 : 49;
71633 : 49;
71634 : 49;
71635 : 49;
71636 : 49;
71637 : 49;
71638 : 49;
71639 : 49;
71640 : 49;
71641 : 49;
71642 : 49;
71643 : 49;
71644 : 49;
71645 : 49;
71646 : 49;
71647 : 49;
71648 : 49;
71649 : 49;
71650 : 49;
71651 : 48;
71652 : 49;
71653 : 48;
71654 : 45;
71655 : 48;
71656 : 48;
71657 : 45;
71658 : 24;
71659 : 24;
71660 : 24;
71661 : 24;
71662 : 24;
71663 : 24;
71664 : 24;
71665 : 24;
71666 : 24;
71667 : 24;
71668 : 24;
71669 : 24;
71670 : 24;
71671 : 24;
71672 : 24;
71673 : 24;
71674 : 00;
71675 : 24;
71676 : 49;
71677 : 49;
71678 : 49;
71679 : 49;
71680 : 40;
71681 : 40;
71682 : 40;
71683 : 40;
71684 : 40;
71685 : 40;
71686 : 40;
71687 : 40;
71688 : 40;
71689 : 40;
71690 : 40;
71691 : 40;
71692 : 40;
71693 : 40;
71694 : 40;
71695 : 40;
71696 : 40;
71697 : 40;
71698 : 40;
71699 : 40;
71700 : 40;
71701 : 40;
71702 : 40;
71703 : 40;
71704 : 40;
71705 : 20;
71706 : 40;
71707 : 40;
71708 : 40;
71709 : 40;
71710 : 40;
71711 : 60;
71712 : 60;
71713 : 60;
71714 : 60;
71715 : 60;
71716 : 60;
71717 : 60;
71718 : 60;
71719 : 60;
71720 : 60;
71721 : 64;
71722 : 60;
71723 : 60;
71724 : 60;
71725 : 60;
71726 : 60;
71727 : 60;
71728 : 60;
71729 : 60;
71730 : 40;
71731 : 40;
71732 : 40;
71733 : 40;
71734 : 60;
71735 : 60;
71736 : 60;
71737 : 64;
71738 : 64;
71739 : 64;
71740 : 64;
71741 : 84;
71742 : 84;
71743 : 40;
71744 : 60;
71745 : 60;
71746 : 60;
71747 : 60;
71748 : 64;
71749 : 64;
71750 : 64;
71751 : 64;
71752 : 84;
71753 : 60;
71754 : 40;
71755 : 20;
71756 : 44;
71757 : 64;
71758 : 64;
71759 : 64;
71760 : 44;
71761 : 20;
71762 : 20;
71763 : 64;
71764 : 64;
71765 : 64;
71766 : 64;
71767 : 20;
71768 : 40;
71769 : 40;
71770 : 20;
71771 : 64;
71772 : 64;
71773 : 64;
71774 : 40;
71775 : 40;
71776 : 85;
71777 : 85;
71778 : 85;
71779 : 85;
71780 : 85;
71781 : 85;
71782 : 85;
71783 : 85;
71784 : 85;
71785 : 85;
71786 : 85;
71787 : 85;
71788 : 65;
71789 : 65;
71790 : 64;
71791 : 65;
71792 : 65;
71793 : 64;
71794 : 64;
71795 : 64;
71796 : 64;
71797 : 64;
71798 : 64;
71799 : 64;
71800 : 64;
71801 : 64;
71802 : 64;
71803 : 64;
71804 : 64;
71805 : 64;
71806 : 64;
71807 : 64;
71808 : 64;
71809 : 64;
71810 : 44;
71811 : 44;
71812 : 44;
71813 : 64;
71814 : 64;
71815 : 20;
71816 : 64;
71817 : 84;
71818 : 84;
71819 : 84;
71820 : 64;
71821 : 40;
71822 : 64;
71823 : 64;
71824 : 64;
71825 : 64;
71826 : 64;
71827 : 20;
71828 : 64;
71829 : 84;
71830 : 84;
71831 : 64;
71832 : 40;
71833 : 40;
71834 : 40;
71835 : 40;
71836 : 64;
71837 : 64;
71838 : 84;
71839 : 84;
71840 : 84;
71841 : 64;
71842 : 64;
71843 : 60;
71844 : 40;
71845 : 20;
71846 : 20;
71847 : 44;
71848 : 40;
71849 : 40;
71850 : 40;
71851 : 40;
71852 : 40;
71853 : 40;
71854 : 40;
71855 : 40;
71856 : 40;
71857 : 40;
71858 : 40;
71859 : 40;
71860 : 40;
71861 : 40;
71862 : 40;
71863 : 40;
71864 : 40;
71865 : 40;
71866 : 40;
71867 : 40;
71868 : 40;
71869 : 40;
71870 : 40;
71871 : 40;
71872 : 40;
71873 : 40;
71874 : 40;
71875 : 20;
71876 : 40;
71877 : 40;
71878 : 40;
71879 : 40;
71880 : 40;
71881 : 40;
71882 : 40;
71883 : 40;
71884 : 40;
71885 : 40;
71886 : 40;
71887 : 40;
71888 : 40;
71889 : 40;
71890 : 20;
71891 : 40;
71892 : 40;
71893 : 40;
71894 : 40;
71895 : 40;
71896 : 40;
71897 : 40;
71898 : 40;
71899 : 40;
71900 : 40;
71901 : 40;
71902 : 40;
71903 : 40;
71904 : 40;
71905 : 40;
71906 : 40;
71907 : 40;
71908 : 40;
71909 : 40;
71910 : 40;
71911 : 40;
71912 : 40;
71913 : 40;
71914 : 40;
71915 : 40;
71916 : 40;
71917 : 40;
71918 : 40;
71919 : 40;
71920 : 29;
71921 : 24;
71922 : 49;
71923 : 49;
71924 : 49;
71925 : 24;
71926 : 49;
71927 : 49;
71928 : 49;
71929 : 49;
71930 : 49;
71931 : 49;
71932 : 49;
71933 : 49;
71934 : 49;
71935 : 49;
71936 : 49;
71937 : 49;
71938 : 49;
71939 : 49;
71940 : 49;
71941 : 49;
71942 : 49;
71943 : 49;
71944 : 49;
71945 : 49;
71946 : 49;
71947 : 49;
71948 : 49;
71949 : 49;
71950 : 49;
71951 : 49;
71952 : 49;
71953 : 49;
71954 : 49;
71955 : 49;
71956 : 49;
71957 : 49;
71958 : 49;
71959 : 49;
71960 : 49;
71961 : 49;
71962 : 49;
71963 : 49;
71964 : 49;
71965 : 49;
71966 : 49;
71967 : 49;
71968 : 49;
71969 : 49;
71970 : 49;
71971 : 49;
71972 : 49;
71973 : 48;
71974 : 49;
71975 : 48;
71976 : 44;
71977 : 44;
71978 : 44;
71979 : 24;
71980 : 24;
71981 : 24;
71982 : 24;
71983 : 24;
71984 : 24;
71985 : 24;
71986 : 24;
71987 : 24;
71988 : 24;
71989 : 24;
71990 : 24;
71991 : 24;
71992 : 24;
71993 : 24;
71994 : 00;
71995 : 24;
71996 : 49;
71997 : 49;
71998 : 49;
71999 : 49;
72000 : 40;
72001 : 40;
72002 : 40;
72003 : 40;
72004 : 40;
72005 : 40;
72006 : 40;
72007 : 40;
72008 : 40;
72009 : 40;
72010 : 40;
72011 : 40;
72012 : 40;
72013 : 40;
72014 : 40;
72015 : 40;
72016 : 40;
72017 : 40;
72018 : 40;
72019 : 40;
72020 : 40;
72021 : 40;
72022 : 40;
72023 : 40;
72024 : 40;
72025 : 40;
72026 : 20;
72027 : 40;
72028 : 40;
72029 : 20;
72030 : 40;
72031 : 60;
72032 : 60;
72033 : 60;
72034 : 60;
72035 : 60;
72036 : 60;
72037 : 60;
72038 : 60;
72039 : 60;
72040 : 60;
72041 : 60;
72042 : 60;
72043 : 60;
72044 : 60;
72045 : 60;
72046 : 60;
72047 : 60;
72048 : 64;
72049 : 60;
72050 : 64;
72051 : 40;
72052 : 40;
72053 : 40;
72054 : 40;
72055 : 60;
72056 : 60;
72057 : 40;
72058 : 64;
72059 : 64;
72060 : 64;
72061 : 84;
72062 : 85;
72063 : 60;
72064 : 60;
72065 : 60;
72066 : 60;
72067 : 60;
72068 : 64;
72069 : 64;
72070 : 64;
72071 : 64;
72072 : 84;
72073 : 64;
72074 : 40;
72075 : 40;
72076 : 20;
72077 : 20;
72078 : 20;
72079 : 20;
72080 : 40;
72081 : 64;
72082 : 64;
72083 : 64;
72084 : 44;
72085 : 40;
72086 : 20;
72087 : 85;
72088 : 64;
72089 : 64;
72090 : 85;
72091 : 20;
72092 : 40;
72093 : 64;
72094 : 64;
72095 : 64;
72096 : 20;
72097 : 64;
72098 : 85;
72099 : 64;
72100 : 40;
72101 : 40;
72102 : 40;
72103 : 40;
72104 : 85;
72105 : 65;
72106 : 85;
72107 : 65;
72108 : 65;
72109 : 64;
72110 : 65;
72111 : 65;
72112 : 64;
72113 : 64;
72114 : 64;
72115 : 64;
72116 : 64;
72117 : 64;
72118 : 64;
72119 : 64;
72120 : 64;
72121 : 64;
72122 : 64;
72123 : 64;
72124 : 64;
72125 : 64;
72126 : 64;
72127 : 64;
72128 : 64;
72129 : 44;
72130 : 44;
72131 : 44;
72132 : 64;
72133 : 64;
72134 : 64;
72135 : 64;
72136 : 40;
72137 : 64;
72138 : 84;
72139 : 84;
72140 : 84;
72141 : 20;
72142 : 64;
72143 : 64;
72144 : 64;
72145 : 64;
72146 : 20;
72147 : 64;
72148 : 64;
72149 : 84;
72150 : 84;
72151 : 84;
72152 : 84;
72153 : 84;
72154 : 84;
72155 : 84;
72156 : 84;
72157 : 84;
72158 : 84;
72159 : 64;
72160 : 64;
72161 : 40;
72162 : 20;
72163 : 20;
72164 : 40;
72165 : 44;
72166 : 44;
72167 : 40;
72168 : 40;
72169 : 40;
72170 : 40;
72171 : 40;
72172 : 40;
72173 : 40;
72174 : 40;
72175 : 40;
72176 : 40;
72177 : 40;
72178 : 40;
72179 : 40;
72180 : 40;
72181 : 40;
72182 : 40;
72183 : 40;
72184 : 40;
72185 : 40;
72186 : 40;
72187 : 40;
72188 : 40;
72189 : 40;
72190 : 40;
72191 : 40;
72192 : 40;
72193 : 40;
72194 : 20;
72195 : 40;
72196 : 40;
72197 : 40;
72198 : 40;
72199 : 40;
72200 : 40;
72201 : 60;
72202 : 40;
72203 : 40;
72204 : 40;
72205 : 40;
72206 : 60;
72207 : 40;
72208 : 20;
72209 : 20;
72210 : 40;
72211 : 40;
72212 : 40;
72213 : 40;
72214 : 40;
72215 : 40;
72216 : 40;
72217 : 40;
72218 : 40;
72219 : 40;
72220 : 40;
72221 : 40;
72222 : 40;
72223 : 40;
72224 : 40;
72225 : 40;
72226 : 40;
72227 : 40;
72228 : 40;
72229 : 40;
72230 : 40;
72231 : 40;
72232 : 40;
72233 : 40;
72234 : 40;
72235 : 40;
72236 : 40;
72237 : 40;
72238 : 40;
72239 : 40;
72240 : 29;
72241 : 24;
72242 : 49;
72243 : 49;
72244 : 49;
72245 : 24;
72246 : 49;
72247 : 49;
72248 : 49;
72249 : 49;
72250 : 49;
72251 : 49;
72252 : 49;
72253 : 49;
72254 : 49;
72255 : 49;
72256 : 49;
72257 : 49;
72258 : 49;
72259 : 49;
72260 : 49;
72261 : 49;
72262 : 49;
72263 : 49;
72264 : 49;
72265 : 49;
72266 : 49;
72267 : 49;
72268 : 49;
72269 : 49;
72270 : 49;
72271 : 49;
72272 : 49;
72273 : 49;
72274 : 49;
72275 : 49;
72276 : 49;
72277 : 49;
72278 : 49;
72279 : 49;
72280 : 49;
72281 : 49;
72282 : 49;
72283 : 49;
72284 : 49;
72285 : 49;
72286 : 49;
72287 : 49;
72288 : 49;
72289 : 48;
72290 : 24;
72291 : 44;
72292 : 44;
72293 : 44;
72294 : 48;
72295 : 24;
72296 : 44;
72297 : 24;
72298 : 24;
72299 : 24;
72300 : 24;
72301 : 24;
72302 : 24;
72303 : 24;
72304 : 24;
72305 : 24;
72306 : 24;
72307 : 24;
72308 : 24;
72309 : 24;
72310 : 24;
72311 : 24;
72312 : 24;
72313 : 24;
72314 : 00;
72315 : 24;
72316 : 49;
72317 : 49;
72318 : 49;
72319 : 49;
72320 : 40;
72321 : 40;
72322 : 40;
72323 : 40;
72324 : 40;
72325 : 40;
72326 : 40;
72327 : 40;
72328 : 40;
72329 : 40;
72330 : 40;
72331 : 40;
72332 : 40;
72333 : 40;
72334 : 40;
72335 : 40;
72336 : 40;
72337 : 40;
72338 : 40;
72339 : 40;
72340 : 40;
72341 : 40;
72342 : 40;
72343 : 40;
72344 : 40;
72345 : 40;
72346 : 40;
72347 : 40;
72348 : 40;
72349 : 40;
72350 : 40;
72351 : 40;
72352 : 40;
72353 : 60;
72354 : 60;
72355 : 60;
72356 : 60;
72357 : 60;
72358 : 60;
72359 : 60;
72360 : 60;
72361 : 60;
72362 : 64;
72363 : 60;
72364 : 60;
72365 : 64;
72366 : 60;
72367 : 60;
72368 : 60;
72369 : 64;
72370 : 60;
72371 : 64;
72372 : 40;
72373 : 40;
72374 : 40;
72375 : 40;
72376 : 60;
72377 : 40;
72378 : 64;
72379 : 64;
72380 : 64;
72381 : 64;
72382 : 84;
72383 : 64;
72384 : 60;
72385 : 60;
72386 : 60;
72387 : 60;
72388 : 60;
72389 : 64;
72390 : 64;
72391 : 64;
72392 : 64;
72393 : 84;
72394 : 64;
72395 : 40;
72396 : 40;
72397 : 20;
72398 : 64;
72399 : 64;
72400 : 64;
72401 : 64;
72402 : 40;
72403 : 40;
72404 : 64;
72405 : 64;
72406 : 64;
72407 : 64;
72408 : 64;
72409 : 64;
72410 : 64;
72411 : 64;
72412 : 64;
72413 : 44;
72414 : 44;
72415 : 64;
72416 : 64;
72417 : 44;
72418 : 40;
72419 : 40;
72420 : 64;
72421 : 64;
72422 : 64;
72423 : 64;
72424 : 44;
72425 : 64;
72426 : 64;
72427 : 64;
72428 : 64;
72429 : 65;
72430 : 64;
72431 : 64;
72432 : 64;
72433 : 64;
72434 : 64;
72435 : 64;
72436 : 64;
72437 : 64;
72438 : 64;
72439 : 64;
72440 : 64;
72441 : 64;
72442 : 64;
72443 : 64;
72444 : 64;
72445 : 64;
72446 : 44;
72447 : 40;
72448 : 40;
72449 : 44;
72450 : 64;
72451 : 64;
72452 : 64;
72453 : 64;
72454 : 64;
72455 : 44;
72456 : 40;
72457 : 40;
72458 : 84;
72459 : 84;
72460 : 84;
72461 : 64;
72462 : 20;
72463 : 64;
72464 : 64;
72465 : 40;
72466 : 64;
72467 : 64;
72468 : 84;
72469 : 84;
72470 : 84;
72471 : 84;
72472 : 84;
72473 : 84;
72474 : 64;
72475 : 64;
72476 : 64;
72477 : 40;
72478 : 40;
72479 : 40;
72480 : 20;
72481 : 40;
72482 : 40;
72483 : 44;
72484 : 40;
72485 : 40;
72486 : 40;
72487 : 40;
72488 : 40;
72489 : 40;
72490 : 40;
72491 : 40;
72492 : 40;
72493 : 40;
72494 : 40;
72495 : 40;
72496 : 40;
72497 : 40;
72498 : 40;
72499 : 40;
72500 : 40;
72501 : 40;
72502 : 40;
72503 : 40;
72504 : 40;
72505 : 40;
72506 : 40;
72507 : 40;
72508 : 40;
72509 : 40;
72510 : 40;
72511 : 40;
72512 : 40;
72513 : 40;
72514 : 40;
72515 : 64;
72516 : 60;
72517 : 60;
72518 : 40;
72519 : 40;
72520 : 64;
72521 : 64;
72522 : 60;
72523 : 40;
72524 : 40;
72525 : 40;
72526 : 60;
72527 : 40;
72528 : 20;
72529 : 40;
72530 : 40;
72531 : 40;
72532 : 40;
72533 : 40;
72534 : 40;
72535 : 40;
72536 : 40;
72537 : 40;
72538 : 40;
72539 : 40;
72540 : 40;
72541 : 40;
72542 : 40;
72543 : 40;
72544 : 40;
72545 : 40;
72546 : 40;
72547 : 40;
72548 : 40;
72549 : 40;
72550 : 40;
72551 : 40;
72552 : 40;
72553 : 40;
72554 : 40;
72555 : 40;
72556 : 40;
72557 : 40;
72558 : 40;
72559 : 40;
72560 : 29;
72561 : 24;
72562 : 69;
72563 : 49;
72564 : 49;
72565 : 24;
72566 : 49;
72567 : 49;
72568 : 49;
72569 : 49;
72570 : 49;
72571 : 49;
72572 : 49;
72573 : 49;
72574 : 49;
72575 : 49;
72576 : 49;
72577 : 49;
72578 : 49;
72579 : 49;
72580 : 49;
72581 : 49;
72582 : 49;
72583 : 49;
72584 : 49;
72585 : 49;
72586 : 49;
72587 : 49;
72588 : 49;
72589 : 49;
72590 : 49;
72591 : 49;
72592 : 49;
72593 : 49;
72594 : 49;
72595 : 49;
72596 : 49;
72597 : 49;
72598 : 49;
72599 : 49;
72600 : 49;
72601 : 49;
72602 : 49;
72603 : 49;
72604 : 49;
72605 : 49;
72606 : 49;
72607 : 49;
72608 : 49;
72609 : 48;
72610 : 48;
72611 : 48;
72612 : 44;
72613 : 48;
72614 : 48;
72615 : 45;
72616 : 44;
72617 : 44;
72618 : 24;
72619 : 24;
72620 : 24;
72621 : 24;
72622 : 24;
72623 : 24;
72624 : 24;
72625 : 24;
72626 : 24;
72627 : 24;
72628 : 24;
72629 : 24;
72630 : 24;
72631 : 24;
72632 : 24;
72633 : 24;
72634 : 00;
72635 : 24;
72636 : 49;
72637 : 49;
72638 : 49;
72639 : 49;
72640 : 40;
72641 : 40;
72642 : 40;
72643 : 40;
72644 : 40;
72645 : 40;
72646 : 40;
72647 : 40;
72648 : 40;
72649 : 40;
72650 : 40;
72651 : 40;
72652 : 40;
72653 : 40;
72654 : 40;
72655 : 40;
72656 : 40;
72657 : 40;
72658 : 40;
72659 : 40;
72660 : 40;
72661 : 40;
72662 : 40;
72663 : 40;
72664 : 40;
72665 : 40;
72666 : 40;
72667 : 40;
72668 : 40;
72669 : 40;
72670 : 20;
72671 : 40;
72672 : 40;
72673 : 40;
72674 : 60;
72675 : 60;
72676 : 60;
72677 : 60;
72678 : 60;
72679 : 60;
72680 : 60;
72681 : 60;
72682 : 60;
72683 : 60;
72684 : 60;
72685 : 60;
72686 : 60;
72687 : 60;
72688 : 64;
72689 : 64;
72690 : 64;
72691 : 64;
72692 : 40;
72693 : 40;
72694 : 40;
72695 : 40;
72696 : 40;
72697 : 40;
72698 : 60;
72699 : 64;
72700 : 64;
72701 : 60;
72702 : 84;
72703 : 84;
72704 : 60;
72705 : 60;
72706 : 60;
72707 : 60;
72708 : 60;
72709 : 64;
72710 : 64;
72711 : 64;
72712 : 64;
72713 : 84;
72714 : 84;
72715 : 64;
72716 : 40;
72717 : 40;
72718 : 40;
72719 : 40;
72720 : 40;
72721 : 44;
72722 : 44;
72723 : 64;
72724 : 64;
72725 : 64;
72726 : 64;
72727 : 64;
72728 : 64;
72729 : 64;
72730 : 64;
72731 : 64;
72732 : 64;
72733 : 64;
72734 : 64;
72735 : 64;
72736 : 64;
72737 : 44;
72738 : 44;
72739 : 40;
72740 : 64;
72741 : 64;
72742 : 64;
72743 : 40;
72744 : 64;
72745 : 44;
72746 : 40;
72747 : 65;
72748 : 64;
72749 : 64;
72750 : 64;
72751 : 64;
72752 : 64;
72753 : 64;
72754 : 64;
72755 : 64;
72756 : 64;
72757 : 64;
72758 : 64;
72759 : 64;
72760 : 64;
72761 : 64;
72762 : 64;
72763 : 44;
72764 : 44;
72765 : 44;
72766 : 44;
72767 : 44;
72768 : 44;
72769 : 44;
72770 : 44;
72771 : 44;
72772 : 44;
72773 : 44;
72774 : 44;
72775 : 44;
72776 : 40;
72777 : 40;
72778 : 64;
72779 : 84;
72780 : 85;
72781 : 64;
72782 : 40;
72783 : 40;
72784 : 40;
72785 : 64;
72786 : 64;
72787 : 84;
72788 : 84;
72789 : 84;
72790 : 84;
72791 : 64;
72792 : 64;
72793 : 40;
72794 : 40;
72795 : 40;
72796 : 40;
72797 : 40;
72798 : 40;
72799 : 40;
72800 : 40;
72801 : 40;
72802 : 40;
72803 : 40;
72804 : 40;
72805 : 40;
72806 : 40;
72807 : 40;
72808 : 40;
72809 : 40;
72810 : 40;
72811 : 40;
72812 : 40;
72813 : 40;
72814 : 40;
72815 : 40;
72816 : 40;
72817 : 40;
72818 : 40;
72819 : 40;
72820 : 40;
72821 : 40;
72822 : 40;
72823 : 40;
72824 : 40;
72825 : 40;
72826 : 40;
72827 : 40;
72828 : 40;
72829 : 40;
72830 : 40;
72831 : 40;
72832 : 40;
72833 : 40;
72834 : 40;
72835 : 60;
72836 : 40;
72837 : 40;
72838 : 64;
72839 : 64;
72840 : 64;
72841 : 64;
72842 : 64;
72843 : 40;
72844 : 60;
72845 : 60;
72846 : 40;
72847 : 20;
72848 : 20;
72849 : 40;
72850 : 40;
72851 : 40;
72852 : 40;
72853 : 40;
72854 : 40;
72855 : 40;
72856 : 40;
72857 : 40;
72858 : 40;
72859 : 40;
72860 : 40;
72861 : 40;
72862 : 40;
72863 : 40;
72864 : 40;
72865 : 40;
72866 : 40;
72867 : 40;
72868 : 40;
72869 : 40;
72870 : 40;
72871 : 40;
72872 : 40;
72873 : 40;
72874 : 40;
72875 : 40;
72876 : 40;
72877 : 40;
72878 : 40;
72879 : 40;
72880 : 29;
72881 : 24;
72882 : 49;
72883 : 49;
72884 : 49;
72885 : 24;
72886 : 49;
72887 : 49;
72888 : 49;
72889 : 49;
72890 : 49;
72891 : 49;
72892 : 49;
72893 : 49;
72894 : 49;
72895 : 49;
72896 : 49;
72897 : 49;
72898 : 49;
72899 : 49;
72900 : 49;
72901 : 49;
72902 : 49;
72903 : 49;
72904 : 49;
72905 : 49;
72906 : 49;
72907 : 49;
72908 : 49;
72909 : 49;
72910 : 49;
72911 : 49;
72912 : 49;
72913 : 49;
72914 : 49;
72915 : 49;
72916 : 49;
72917 : 49;
72918 : 49;
72919 : 49;
72920 : 49;
72921 : 49;
72922 : 49;
72923 : 49;
72924 : 49;
72925 : 49;
72926 : 49;
72927 : 49;
72928 : 44;
72929 : 44;
72930 : 24;
72931 : 24;
72932 : 24;
72933 : 24;
72934 : 24;
72935 : 24;
72936 : 24;
72937 : 44;
72938 : 24;
72939 : 24;
72940 : 24;
72941 : 24;
72942 : 24;
72943 : 24;
72944 : 24;
72945 : 24;
72946 : 24;
72947 : 24;
72948 : 24;
72949 : 24;
72950 : 24;
72951 : 24;
72952 : 24;
72953 : 24;
72954 : 00;
72955 : 24;
72956 : 49;
72957 : 49;
72958 : 49;
72959 : 49;
72960 : 40;
72961 : 40;
72962 : 40;
72963 : 40;
72964 : 40;
72965 : 40;
72966 : 40;
72967 : 40;
72968 : 40;
72969 : 40;
72970 : 40;
72971 : 40;
72972 : 40;
72973 : 40;
72974 : 40;
72975 : 40;
72976 : 40;
72977 : 40;
72978 : 40;
72979 : 40;
72980 : 40;
72981 : 40;
72982 : 40;
72983 : 40;
72984 : 40;
72985 : 40;
72986 : 40;
72987 : 40;
72988 : 40;
72989 : 40;
72990 : 20;
72991 : 40;
72992 : 40;
72993 : 40;
72994 : 40;
72995 : 60;
72996 : 60;
72997 : 60;
72998 : 60;
72999 : 64;
73000 : 60;
73001 : 60;
73002 : 60;
73003 : 60;
73004 : 64;
73005 : 60;
73006 : 60;
73007 : 64;
73008 : 60;
73009 : 64;
73010 : 64;
73011 : 64;
73012 : 60;
73013 : 40;
73014 : 40;
73015 : 40;
73016 : 40;
73017 : 40;
73018 : 40;
73019 : 64;
73020 : 64;
73021 : 60;
73022 : 84;
73023 : 84;
73024 : 60;
73025 : 64;
73026 : 60;
73027 : 64;
73028 : 60;
73029 : 60;
73030 : 64;
73031 : 64;
73032 : 64;
73033 : 64;
73034 : 85;
73035 : 84;
73036 : 64;
73037 : 40;
73038 : 40;
73039 : 40;
73040 : 40;
73041 : 64;
73042 : 64;
73043 : 64;
73044 : 64;
73045 : 64;
73046 : 64;
73047 : 64;
73048 : 64;
73049 : 64;
73050 : 64;
73051 : 64;
73052 : 64;
73053 : 64;
73054 : 64;
73055 : 64;
73056 : 64;
73057 : 64;
73058 : 64;
73059 : 65;
73060 : 64;
73061 : 64;
73062 : 64;
73063 : 64;
73064 : 40;
73065 : 64;
73066 : 64;
73067 : 40;
73068 : 64;
73069 : 64;
73070 : 64;
73071 : 64;
73072 : 64;
73073 : 64;
73074 : 64;
73075 : 64;
73076 : 64;
73077 : 64;
73078 : 64;
73079 : 64;
73080 : 64;
73081 : 64;
73082 : 40;
73083 : 44;
73084 : 40;
73085 : 40;
73086 : 64;
73087 : 40;
73088 : 40;
73089 : 44;
73090 : 40;
73091 : 44;
73092 : 44;
73093 : 44;
73094 : 44;
73095 : 44;
73096 : 64;
73097 : 40;
73098 : 40;
73099 : 84;
73100 : 85;
73101 : 84;
73102 : 64;
73103 : 60;
73104 : 64;
73105 : 84;
73106 : 84;
73107 : 85;
73108 : 84;
73109 : 85;
73110 : 64;
73111 : 40;
73112 : 20;
73113 : 20;
73114 : 20;
73115 : 40;
73116 : 40;
73117 : 40;
73118 : 40;
73119 : 40;
73120 : 40;
73121 : 40;
73122 : 40;
73123 : 40;
73124 : 40;
73125 : 40;
73126 : 40;
73127 : 40;
73128 : 40;
73129 : 40;
73130 : 40;
73131 : 40;
73132 : 40;
73133 : 40;
73134 : 40;
73135 : 40;
73136 : 40;
73137 : 40;
73138 : 40;
73139 : 40;
73140 : 40;
73141 : 40;
73142 : 40;
73143 : 40;
73144 : 40;
73145 : 40;
73146 : 40;
73147 : 40;
73148 : 40;
73149 : 20;
73150 : 40;
73151 : 40;
73152 : 60;
73153 : 60;
73154 : 60;
73155 : 60;
73156 : 60;
73157 : 64;
73158 : 64;
73159 : 64;
73160 : 64;
73161 : 64;
73162 : 40;
73163 : 60;
73164 : 40;
73165 : 60;
73166 : 40;
73167 : 20;
73168 : 40;
73169 : 40;
73170 : 40;
73171 : 40;
73172 : 40;
73173 : 40;
73174 : 40;
73175 : 40;
73176 : 40;
73177 : 40;
73178 : 40;
73179 : 40;
73180 : 40;
73181 : 40;
73182 : 40;
73183 : 40;
73184 : 40;
73185 : 40;
73186 : 40;
73187 : 40;
73188 : 40;
73189 : 40;
73190 : 40;
73191 : 40;
73192 : 40;
73193 : 40;
73194 : 40;
73195 : 40;
73196 : 40;
73197 : 40;
73198 : 40;
73199 : 40;
73200 : 24;
73201 : 24;
73202 : 49;
73203 : 49;
73204 : 49;
73205 : 24;
73206 : 49;
73207 : 49;
73208 : 49;
73209 : 49;
73210 : 49;
73211 : 49;
73212 : 49;
73213 : 49;
73214 : 49;
73215 : 49;
73216 : 49;
73217 : 49;
73218 : 49;
73219 : 49;
73220 : 49;
73221 : 49;
73222 : 49;
73223 : 49;
73224 : 49;
73225 : 49;
73226 : 49;
73227 : 49;
73228 : 49;
73229 : 49;
73230 : 49;
73231 : 49;
73232 : 49;
73233 : 49;
73234 : 49;
73235 : 49;
73236 : 49;
73237 : 49;
73238 : 49;
73239 : 49;
73240 : 49;
73241 : 49;
73242 : 49;
73243 : 49;
73244 : 45;
73245 : 44;
73246 : 49;
73247 : 49;
73248 : 48;
73249 : 48;
73250 : 24;
73251 : 44;
73252 : 44;
73253 : 24;
73254 : 24;
73255 : 24;
73256 : 24;
73257 : 24;
73258 : 24;
73259 : 24;
73260 : 24;
73261 : 24;
73262 : 24;
73263 : 24;
73264 : 24;
73265 : 24;
73266 : 24;
73267 : 24;
73268 : 24;
73269 : 24;
73270 : 24;
73271 : 24;
73272 : 24;
73273 : 24;
73274 : 00;
73275 : 24;
73276 : 49;
73277 : 49;
73278 : 49;
73279 : 49;
73280 : 40;
73281 : 40;
73282 : 40;
73283 : 40;
73284 : 40;
73285 : 40;
73286 : 40;
73287 : 40;
73288 : 40;
73289 : 40;
73290 : 40;
73291 : 40;
73292 : 40;
73293 : 40;
73294 : 40;
73295 : 40;
73296 : 40;
73297 : 40;
73298 : 40;
73299 : 40;
73300 : 40;
73301 : 40;
73302 : 40;
73303 : 40;
73304 : 40;
73305 : 40;
73306 : 40;
73307 : 40;
73308 : 40;
73309 : 40;
73310 : 40;
73311 : 20;
73312 : 40;
73313 : 40;
73314 : 40;
73315 : 40;
73316 : 60;
73317 : 60;
73318 : 60;
73319 : 60;
73320 : 60;
73321 : 60;
73322 : 64;
73323 : 64;
73324 : 60;
73325 : 60;
73326 : 60;
73327 : 60;
73328 : 64;
73329 : 64;
73330 : 64;
73331 : 64;
73332 : 60;
73333 : 40;
73334 : 40;
73335 : 40;
73336 : 40;
73337 : 40;
73338 : 40;
73339 : 64;
73340 : 64;
73341 : 64;
73342 : 60;
73343 : 64;
73344 : 60;
73345 : 64;
73346 : 64;
73347 : 64;
73348 : 64;
73349 : 60;
73350 : 64;
73351 : 64;
73352 : 64;
73353 : 64;
73354 : 60;
73355 : 84;
73356 : 64;
73357 : 60;
73358 : 40;
73359 : 40;
73360 : 40;
73361 : 40;
73362 : 64;
73363 : 64;
73364 : 64;
73365 : 64;
73366 : 64;
73367 : 64;
73368 : 64;
73369 : 64;
73370 : 64;
73371 : 64;
73372 : 64;
73373 : 64;
73374 : 64;
73375 : 64;
73376 : 64;
73377 : 64;
73378 : 64;
73379 : 64;
73380 : 64;
73381 : 64;
73382 : 64;
73383 : 64;
73384 : 84;
73385 : 40;
73386 : 40;
73387 : 64;
73388 : 40;
73389 : 64;
73390 : 64;
73391 : 64;
73392 : 64;
73393 : 64;
73394 : 64;
73395 : 64;
73396 : 64;
73397 : 64;
73398 : 64;
73399 : 64;
73400 : 44;
73401 : 44;
73402 : 44;
73403 : 44;
73404 : 44;
73405 : 44;
73406 : 40;
73407 : 40;
73408 : 40;
73409 : 40;
73410 : 44;
73411 : 44;
73412 : 44;
73413 : 44;
73414 : 44;
73415 : 44;
73416 : 44;
73417 : 44;
73418 : 20;
73419 : 64;
73420 : 64;
73421 : 64;
73422 : 64;
73423 : 84;
73424 : 64;
73425 : 84;
73426 : 85;
73427 : 84;
73428 : 84;
73429 : 64;
73430 : 40;
73431 : 20;
73432 : 40;
73433 : 40;
73434 : 44;
73435 : 40;
73436 : 40;
73437 : 40;
73438 : 40;
73439 : 40;
73440 : 40;
73441 : 40;
73442 : 40;
73443 : 40;
73444 : 40;
73445 : 40;
73446 : 40;
73447 : 40;
73448 : 40;
73449 : 40;
73450 : 40;
73451 : 40;
73452 : 40;
73453 : 40;
73454 : 40;
73455 : 40;
73456 : 40;
73457 : 40;
73458 : 40;
73459 : 40;
73460 : 40;
73461 : 40;
73462 : 40;
73463 : 40;
73464 : 40;
73465 : 40;
73466 : 40;
73467 : 40;
73468 : 40;
73469 : 40;
73470 : 64;
73471 : 64;
73472 : 60;
73473 : 60;
73474 : 40;
73475 : 40;
73476 : 64;
73477 : 64;
73478 : 64;
73479 : 64;
73480 : 64;
73481 : 60;
73482 : 40;
73483 : 40;
73484 : 60;
73485 : 60;
73486 : 20;
73487 : 20;
73488 : 40;
73489 : 40;
73490 : 40;
73491 : 40;
73492 : 40;
73493 : 40;
73494 : 40;
73495 : 40;
73496 : 40;
73497 : 40;
73498 : 40;
73499 : 40;
73500 : 40;
73501 : 40;
73502 : 40;
73503 : 40;
73504 : 40;
73505 : 40;
73506 : 40;
73507 : 40;
73508 : 40;
73509 : 40;
73510 : 40;
73511 : 40;
73512 : 40;
73513 : 40;
73514 : 40;
73515 : 40;
73516 : 40;
73517 : 40;
73518 : 40;
73519 : 40;
73520 : 24;
73521 : 24;
73522 : 49;
73523 : 49;
73524 : 49;
73525 : 24;
73526 : 49;
73527 : 49;
73528 : 49;
73529 : 49;
73530 : 49;
73531 : 49;
73532 : 49;
73533 : 49;
73534 : 49;
73535 : 49;
73536 : 49;
73537 : 49;
73538 : 49;
73539 : 49;
73540 : 49;
73541 : 49;
73542 : 49;
73543 : 49;
73544 : 49;
73545 : 49;
73546 : 49;
73547 : 49;
73548 : 49;
73549 : 49;
73550 : 49;
73551 : 49;
73552 : 49;
73553 : 49;
73554 : 49;
73555 : 49;
73556 : 49;
73557 : 49;
73558 : 49;
73559 : 49;
73560 : 49;
73561 : 49;
73562 : 49;
73563 : 49;
73564 : 49;
73565 : 49;
73566 : 49;
73567 : 44;
73568 : 48;
73569 : 44;
73570 : 48;
73571 : 44;
73572 : 24;
73573 : 24;
73574 : 24;
73575 : 24;
73576 : 24;
73577 : 24;
73578 : 24;
73579 : 24;
73580 : 24;
73581 : 24;
73582 : 24;
73583 : 24;
73584 : 24;
73585 : 24;
73586 : 24;
73587 : 24;
73588 : 24;
73589 : 24;
73590 : 24;
73591 : 24;
73592 : 24;
73593 : 24;
73594 : 00;
73595 : 24;
73596 : 49;
73597 : 49;
73598 : 49;
73599 : 49;
73600 : 40;
73601 : 40;
73602 : 40;
73603 : 40;
73604 : 40;
73605 : 40;
73606 : 40;
73607 : 40;
73608 : 40;
73609 : 40;
73610 : 40;
73611 : 40;
73612 : 40;
73613 : 40;
73614 : 40;
73615 : 40;
73616 : 40;
73617 : 40;
73618 : 40;
73619 : 40;
73620 : 40;
73621 : 40;
73622 : 40;
73623 : 40;
73624 : 40;
73625 : 40;
73626 : 40;
73627 : 40;
73628 : 40;
73629 : 40;
73630 : 40;
73631 : 20;
73632 : 40;
73633 : 40;
73634 : 40;
73635 : 40;
73636 : 60;
73637 : 60;
73638 : 60;
73639 : 60;
73640 : 60;
73641 : 60;
73642 : 60;
73643 : 64;
73644 : 60;
73645 : 64;
73646 : 64;
73647 : 60;
73648 : 64;
73649 : 64;
73650 : 64;
73651 : 64;
73652 : 60;
73653 : 40;
73654 : 40;
73655 : 40;
73656 : 40;
73657 : 40;
73658 : 40;
73659 : 40;
73660 : 64;
73661 : 64;
73662 : 64;
73663 : 60;
73664 : 64;
73665 : 60;
73666 : 64;
73667 : 64;
73668 : 60;
73669 : 64;
73670 : 60;
73671 : 64;
73672 : 64;
73673 : 64;
73674 : 64;
73675 : 64;
73676 : 64;
73677 : 64;
73678 : 40;
73679 : 40;
73680 : 40;
73681 : 40;
73682 : 44;
73683 : 64;
73684 : 64;
73685 : 64;
73686 : 64;
73687 : 64;
73688 : 64;
73689 : 64;
73690 : 64;
73691 : 64;
73692 : 64;
73693 : 64;
73694 : 64;
73695 : 64;
73696 : 64;
73697 : 64;
73698 : 64;
73699 : 64;
73700 : 64;
73701 : 64;
73702 : 64;
73703 : 64;
73704 : 64;
73705 : 64;
73706 : 85;
73707 : 40;
73708 : 64;
73709 : 64;
73710 : 64;
73711 : 64;
73712 : 64;
73713 : 64;
73714 : 64;
73715 : 64;
73716 : 64;
73717 : 64;
73718 : 64;
73719 : 44;
73720 : 44;
73721 : 44;
73722 : 40;
73723 : 44;
73724 : 40;
73725 : 40;
73726 : 40;
73727 : 40;
73728 : 40;
73729 : 40;
73730 : 40;
73731 : 44;
73732 : 44;
73733 : 44;
73734 : 44;
73735 : 44;
73736 : 44;
73737 : 64;
73738 : 40;
73739 : 40;
73740 : 64;
73741 : 64;
73742 : 64;
73743 : 64;
73744 : 64;
73745 : 84;
73746 : 84;
73747 : 84;
73748 : 64;
73749 : 40;
73750 : 20;
73751 : 44;
73752 : 40;
73753 : 40;
73754 : 40;
73755 : 40;
73756 : 40;
73757 : 40;
73758 : 40;
73759 : 40;
73760 : 40;
73761 : 40;
73762 : 40;
73763 : 40;
73764 : 40;
73765 : 40;
73766 : 40;
73767 : 40;
73768 : 40;
73769 : 40;
73770 : 40;
73771 : 40;
73772 : 40;
73773 : 40;
73774 : 40;
73775 : 40;
73776 : 40;
73777 : 40;
73778 : 40;
73779 : 40;
73780 : 40;
73781 : 40;
73782 : 40;
73783 : 40;
73784 : 40;
73785 : 40;
73786 : 40;
73787 : 40;
73788 : 40;
73789 : 64;
73790 : 64;
73791 : 60;
73792 : 60;
73793 : 60;
73794 : 60;
73795 : 64;
73796 : 64;
73797 : 64;
73798 : 64;
73799 : 64;
73800 : 60;
73801 : 40;
73802 : 40;
73803 : 60;
73804 : 40;
73805 : 40;
73806 : 20;
73807 : 20;
73808 : 40;
73809 : 40;
73810 : 40;
73811 : 40;
73812 : 40;
73813 : 40;
73814 : 40;
73815 : 40;
73816 : 40;
73817 : 40;
73818 : 40;
73819 : 40;
73820 : 40;
73821 : 40;
73822 : 40;
73823 : 40;
73824 : 40;
73825 : 40;
73826 : 40;
73827 : 40;
73828 : 40;
73829 : 40;
73830 : 40;
73831 : 40;
73832 : 40;
73833 : 40;
73834 : 40;
73835 : 40;
73836 : 40;
73837 : 40;
73838 : 40;
73839 : 40;
73840 : 24;
73841 : 24;
73842 : 49;
73843 : 49;
73844 : 49;
73845 : 24;
73846 : 49;
73847 : 49;
73848 : 49;
73849 : 49;
73850 : 49;
73851 : 49;
73852 : 49;
73853 : 49;
73854 : 49;
73855 : 49;
73856 : 49;
73857 : 49;
73858 : 49;
73859 : 49;
73860 : 49;
73861 : 49;
73862 : 49;
73863 : 49;
73864 : 49;
73865 : 49;
73866 : 49;
73867 : 49;
73868 : 49;
73869 : 49;
73870 : 49;
73871 : 49;
73872 : 49;
73873 : 49;
73874 : 49;
73875 : 49;
73876 : 49;
73877 : 49;
73878 : 49;
73879 : 49;
73880 : 49;
73881 : 49;
73882 : 49;
73883 : 49;
73884 : 49;
73885 : 48;
73886 : 49;
73887 : 49;
73888 : 49;
73889 : 44;
73890 : 48;
73891 : 44;
73892 : 44;
73893 : 44;
73894 : 44;
73895 : 24;
73896 : 24;
73897 : 24;
73898 : 24;
73899 : 24;
73900 : 24;
73901 : 24;
73902 : 24;
73903 : 24;
73904 : 24;
73905 : 24;
73906 : 24;
73907 : 24;
73908 : 24;
73909 : 24;
73910 : 24;
73911 : 24;
73912 : 24;
73913 : 24;
73914 : 00;
73915 : 24;
73916 : 49;
73917 : 49;
73918 : 49;
73919 : 49;
73920 : 40;
73921 : 40;
73922 : 40;
73923 : 40;
73924 : 40;
73925 : 40;
73926 : 40;
73927 : 40;
73928 : 40;
73929 : 40;
73930 : 40;
73931 : 40;
73932 : 40;
73933 : 40;
73934 : 40;
73935 : 40;
73936 : 40;
73937 : 40;
73938 : 40;
73939 : 40;
73940 : 40;
73941 : 40;
73942 : 40;
73943 : 40;
73944 : 40;
73945 : 40;
73946 : 40;
73947 : 40;
73948 : 40;
73949 : 40;
73950 : 40;
73951 : 40;
73952 : 40;
73953 : 40;
73954 : 40;
73955 : 40;
73956 : 40;
73957 : 40;
73958 : 60;
73959 : 60;
73960 : 60;
73961 : 60;
73962 : 64;
73963 : 60;
73964 : 60;
73965 : 60;
73966 : 64;
73967 : 60;
73968 : 60;
73969 : 64;
73970 : 64;
73971 : 60;
73972 : 40;
73973 : 40;
73974 : 40;
73975 : 40;
73976 : 40;
73977 : 40;
73978 : 40;
73979 : 60;
73980 : 64;
73981 : 64;
73982 : 64;
73983 : 64;
73984 : 64;
73985 : 64;
73986 : 64;
73987 : 64;
73988 : 64;
73989 : 60;
73990 : 60;
73991 : 60;
73992 : 64;
73993 : 64;
73994 : 64;
73995 : 64;
73996 : 64;
73997 : 64;
73998 : 64;
73999 : 40;
74000 : 40;
74001 : 44;
74002 : 40;
74003 : 44;
74004 : 64;
74005 : 64;
74006 : 64;
74007 : 64;
74008 : 64;
74009 : 64;
74010 : 64;
74011 : 64;
74012 : 64;
74013 : 64;
74014 : 64;
74015 : 64;
74016 : 64;
74017 : 64;
74018 : 64;
74019 : 64;
74020 : 64;
74021 : 64;
74022 : 64;
74023 : 64;
74024 : 64;
74025 : 64;
74026 : 64;
74027 : 64;
74028 : 64;
74029 : 64;
74030 : 64;
74031 : 64;
74032 : 64;
74033 : 64;
74034 : 64;
74035 : 64;
74036 : 64;
74037 : 64;
74038 : 64;
74039 : 44;
74040 : 44;
74041 : 44;
74042 : 44;
74043 : 44;
74044 : 40;
74045 : 40;
74046 : 40;
74047 : 40;
74048 : 40;
74049 : 40;
74050 : 40;
74051 : 40;
74052 : 44;
74053 : 44;
74054 : 44;
74055 : 44;
74056 : 44;
74057 : 44;
74058 : 64;
74059 : 20;
74060 : 64;
74061 : 64;
74062 : 64;
74063 : 64;
74064 : 64;
74065 : 64;
74066 : 84;
74067 : 64;
74068 : 40;
74069 : 40;
74070 : 40;
74071 : 40;
74072 : 40;
74073 : 40;
74074 : 40;
74075 : 40;
74076 : 40;
74077 : 40;
74078 : 40;
74079 : 40;
74080 : 40;
74081 : 40;
74082 : 40;
74083 : 40;
74084 : 40;
74085 : 40;
74086 : 40;
74087 : 40;
74088 : 40;
74089 : 40;
74090 : 40;
74091 : 40;
74092 : 40;
74093 : 40;
74094 : 40;
74095 : 40;
74096 : 40;
74097 : 40;
74098 : 40;
74099 : 40;
74100 : 40;
74101 : 40;
74102 : 40;
74103 : 40;
74104 : 40;
74105 : 40;
74106 : 40;
74107 : 64;
74108 : 64;
74109 : 60;
74110 : 60;
74111 : 60;
74112 : 64;
74113 : 64;
74114 : 64;
74115 : 64;
74116 : 64;
74117 : 64;
74118 : 64;
74119 : 64;
74120 : 40;
74121 : 60;
74122 : 60;
74123 : 40;
74124 : 40;
74125 : 20;
74126 : 20;
74127 : 40;
74128 : 40;
74129 : 40;
74130 : 40;
74131 : 40;
74132 : 40;
74133 : 40;
74134 : 40;
74135 : 40;
74136 : 40;
74137 : 40;
74138 : 40;
74139 : 40;
74140 : 40;
74141 : 40;
74142 : 40;
74143 : 40;
74144 : 40;
74145 : 40;
74146 : 40;
74147 : 40;
74148 : 40;
74149 : 40;
74150 : 40;
74151 : 40;
74152 : 40;
74153 : 40;
74154 : 40;
74155 : 40;
74156 : 40;
74157 : 40;
74158 : 40;
74159 : 40;
74160 : 24;
74161 : 24;
74162 : 49;
74163 : 49;
74164 : 49;
74165 : 24;
74166 : 49;
74167 : 49;
74168 : 49;
74169 : 49;
74170 : 49;
74171 : 49;
74172 : 49;
74173 : 49;
74174 : 49;
74175 : 49;
74176 : 49;
74177 : 49;
74178 : 49;
74179 : 49;
74180 : 49;
74181 : 49;
74182 : 49;
74183 : 49;
74184 : 49;
74185 : 49;
74186 : 49;
74187 : 49;
74188 : 49;
74189 : 49;
74190 : 49;
74191 : 49;
74192 : 49;
74193 : 49;
74194 : 49;
74195 : 49;
74196 : 49;
74197 : 49;
74198 : 49;
74199 : 49;
74200 : 49;
74201 : 49;
74202 : 45;
74203 : 49;
74204 : 44;
74205 : 45;
74206 : 48;
74207 : 44;
74208 : 24;
74209 : 44;
74210 : 44;
74211 : 24;
74212 : 24;
74213 : 24;
74214 : 24;
74215 : 24;
74216 : 24;
74217 : 24;
74218 : 24;
74219 : 24;
74220 : 24;
74221 : 24;
74222 : 24;
74223 : 24;
74224 : 24;
74225 : 24;
74226 : 24;
74227 : 24;
74228 : 24;
74229 : 24;
74230 : 24;
74231 : 24;
74232 : 24;
74233 : 24;
74234 : 00;
74235 : 24;
74236 : 49;
74237 : 49;
74238 : 49;
74239 : 49;
74240 : 40;
74241 : 40;
74242 : 40;
74243 : 40;
74244 : 40;
74245 : 40;
74246 : 40;
74247 : 40;
74248 : 40;
74249 : 40;
74250 : 40;
74251 : 40;
74252 : 40;
74253 : 40;
74254 : 40;
74255 : 40;
74256 : 40;
74257 : 40;
74258 : 40;
74259 : 40;
74260 : 40;
74261 : 40;
74262 : 40;
74263 : 40;
74264 : 40;
74265 : 40;
74266 : 40;
74267 : 40;
74268 : 40;
74269 : 40;
74270 : 40;
74271 : 40;
74272 : 40;
74273 : 40;
74274 : 40;
74275 : 40;
74276 : 40;
74277 : 40;
74278 : 40;
74279 : 40;
74280 : 60;
74281 : 64;
74282 : 60;
74283 : 60;
74284 : 60;
74285 : 60;
74286 : 64;
74287 : 64;
74288 : 64;
74289 : 64;
74290 : 64;
74291 : 40;
74292 : 40;
74293 : 40;
74294 : 40;
74295 : 40;
74296 : 40;
74297 : 40;
74298 : 40;
74299 : 40;
74300 : 64;
74301 : 64;
74302 : 64;
74303 : 64;
74304 : 64;
74305 : 64;
74306 : 64;
74307 : 64;
74308 : 64;
74309 : 64;
74310 : 64;
74311 : 64;
74312 : 60;
74313 : 64;
74314 : 64;
74315 : 64;
74316 : 64;
74317 : 64;
74318 : 64;
74319 : 64;
74320 : 44;
74321 : 40;
74322 : 40;
74323 : 44;
74324 : 44;
74325 : 44;
74326 : 64;
74327 : 64;
74328 : 64;
74329 : 64;
74330 : 64;
74331 : 64;
74332 : 64;
74333 : 64;
74334 : 64;
74335 : 64;
74336 : 64;
74337 : 64;
74338 : 64;
74339 : 64;
74340 : 64;
74341 : 64;
74342 : 64;
74343 : 64;
74344 : 64;
74345 : 64;
74346 : 64;
74347 : 64;
74348 : 64;
74349 : 64;
74350 : 64;
74351 : 64;
74352 : 64;
74353 : 64;
74354 : 64;
74355 : 64;
74356 : 64;
74357 : 64;
74358 : 40;
74359 : 44;
74360 : 44;
74361 : 44;
74362 : 44;
74363 : 44;
74364 : 40;
74365 : 40;
74366 : 40;
74367 : 40;
74368 : 40;
74369 : 40;
74370 : 40;
74371 : 40;
74372 : 44;
74373 : 44;
74374 : 44;
74375 : 44;
74376 : 44;
74377 : 44;
74378 : 44;
74379 : 44;
74380 : 40;
74381 : 64;
74382 : 64;
74383 : 64;
74384 : 64;
74385 : 64;
74386 : 84;
74387 : 40;
74388 : 40;
74389 : 40;
74390 : 40;
74391 : 40;
74392 : 40;
74393 : 40;
74394 : 40;
74395 : 40;
74396 : 40;
74397 : 40;
74398 : 40;
74399 : 40;
74400 : 40;
74401 : 40;
74402 : 40;
74403 : 40;
74404 : 40;
74405 : 40;
74406 : 40;
74407 : 40;
74408 : 40;
74409 : 40;
74410 : 40;
74411 : 40;
74412 : 40;
74413 : 40;
74414 : 40;
74415 : 40;
74416 : 40;
74417 : 40;
74418 : 40;
74419 : 40;
74420 : 40;
74421 : 40;
74422 : 40;
74423 : 40;
74424 : 64;
74425 : 64;
74426 : 64;
74427 : 60;
74428 : 60;
74429 : 60;
74430 : 40;
74431 : 64;
74432 : 64;
74433 : 64;
74434 : 64;
74435 : 64;
74436 : 64;
74437 : 60;
74438 : 60;
74439 : 40;
74440 : 60;
74441 : 60;
74442 : 60;
74443 : 40;
74444 : 40;
74445 : 20;
74446 : 40;
74447 : 40;
74448 : 40;
74449 : 40;
74450 : 40;
74451 : 40;
74452 : 40;
74453 : 40;
74454 : 40;
74455 : 40;
74456 : 40;
74457 : 40;
74458 : 40;
74459 : 40;
74460 : 40;
74461 : 40;
74462 : 40;
74463 : 40;
74464 : 40;
74465 : 40;
74466 : 40;
74467 : 40;
74468 : 40;
74469 : 40;
74470 : 40;
74471 : 40;
74472 : 40;
74473 : 40;
74474 : 40;
74475 : 40;
74476 : 40;
74477 : 40;
74478 : 40;
74479 : 40;
74480 : 24;
74481 : 24;
74482 : 49;
74483 : 49;
74484 : 49;
74485 : 00;
74486 : 49;
74487 : 49;
74488 : 49;
74489 : 49;
74490 : 49;
74491 : 49;
74492 : 49;
74493 : 49;
74494 : 49;
74495 : 49;
74496 : 49;
74497 : 49;
74498 : 49;
74499 : 49;
74500 : 49;
74501 : 49;
74502 : 49;
74503 : 49;
74504 : 49;
74505 : 49;
74506 : 49;
74507 : 49;
74508 : 49;
74509 : 49;
74510 : 49;
74511 : 49;
74512 : 49;
74513 : 49;
74514 : 49;
74515 : 49;
74516 : 49;
74517 : 49;
74518 : 49;
74519 : 49;
74520 : 49;
74521 : 49;
74522 : 49;
74523 : 45;
74524 : 45;
74525 : 48;
74526 : 45;
74527 : 49;
74528 : 44;
74529 : 24;
74530 : 24;
74531 : 24;
74532 : 24;
74533 : 24;
74534 : 24;
74535 : 24;
74536 : 24;
74537 : 24;
74538 : 24;
74539 : 24;
74540 : 24;
74541 : 24;
74542 : 24;
74543 : 24;
74544 : 24;
74545 : 24;
74546 : 24;
74547 : 24;
74548 : 24;
74549 : 24;
74550 : 24;
74551 : 24;
74552 : 24;
74553 : 44;
74554 : 00;
74555 : 24;
74556 : 49;
74557 : 49;
74558 : 49;
74559 : 49;
74560 : 40;
74561 : 40;
74562 : 40;
74563 : 40;
74564 : 40;
74565 : 40;
74566 : 40;
74567 : 40;
74568 : 40;
74569 : 40;
74570 : 40;
74571 : 40;
74572 : 40;
74573 : 40;
74574 : 40;
74575 : 40;
74576 : 40;
74577 : 40;
74578 : 40;
74579 : 40;
74580 : 40;
74581 : 40;
74582 : 40;
74583 : 40;
74584 : 40;
74585 : 40;
74586 : 40;
74587 : 40;
74588 : 40;
74589 : 40;
74590 : 40;
74591 : 40;
74592 : 40;
74593 : 20;
74594 : 40;
74595 : 40;
74596 : 40;
74597 : 40;
74598 : 40;
74599 : 40;
74600 : 40;
74601 : 40;
74602 : 64;
74603 : 64;
74604 : 64;
74605 : 64;
74606 : 60;
74607 : 64;
74608 : 64;
74609 : 64;
74610 : 40;
74611 : 40;
74612 : 40;
74613 : 40;
74614 : 40;
74615 : 40;
74616 : 40;
74617 : 40;
74618 : 40;
74619 : 60;
74620 : 60;
74621 : 64;
74622 : 64;
74623 : 64;
74624 : 64;
74625 : 64;
74626 : 64;
74627 : 64;
74628 : 64;
74629 : 64;
74630 : 60;
74631 : 64;
74632 : 64;
74633 : 40;
74634 : 64;
74635 : 64;
74636 : 64;
74637 : 64;
74638 : 64;
74639 : 64;
74640 : 60;
74641 : 44;
74642 : 40;
74643 : 40;
74644 : 44;
74645 : 44;
74646 : 40;
74647 : 44;
74648 : 64;
74649 : 64;
74650 : 64;
74651 : 64;
74652 : 64;
74653 : 64;
74654 : 64;
74655 : 64;
74656 : 64;
74657 : 64;
74658 : 64;
74659 : 64;
74660 : 64;
74661 : 64;
74662 : 64;
74663 : 64;
74664 : 64;
74665 : 64;
74666 : 64;
74667 : 64;
74668 : 64;
74669 : 64;
74670 : 64;
74671 : 64;
74672 : 64;
74673 : 64;
74674 : 44;
74675 : 64;
74676 : 44;
74677 : 40;
74678 : 40;
74679 : 40;
74680 : 44;
74681 : 40;
74682 : 40;
74683 : 40;
74684 : 40;
74685 : 40;
74686 : 40;
74687 : 40;
74688 : 40;
74689 : 40;
74690 : 40;
74691 : 40;
74692 : 44;
74693 : 44;
74694 : 44;
74695 : 44;
74696 : 44;
74697 : 44;
74698 : 44;
74699 : 44;
74700 : 40;
74701 : 64;
74702 : 64;
74703 : 64;
74704 : 64;
74705 : 84;
74706 : 64;
74707 : 40;
74708 : 40;
74709 : 40;
74710 : 40;
74711 : 40;
74712 : 40;
74713 : 40;
74714 : 40;
74715 : 40;
74716 : 40;
74717 : 40;
74718 : 40;
74719 : 40;
74720 : 40;
74721 : 40;
74722 : 40;
74723 : 40;
74724 : 40;
74725 : 40;
74726 : 40;
74727 : 40;
74728 : 40;
74729 : 40;
74730 : 40;
74731 : 40;
74732 : 40;
74733 : 40;
74734 : 40;
74735 : 40;
74736 : 20;
74737 : 40;
74738 : 40;
74739 : 40;
74740 : 40;
74741 : 60;
74742 : 60;
74743 : 64;
74744 : 60;
74745 : 60;
74746 : 40;
74747 : 40;
74748 : 40;
74749 : 40;
74750 : 64;
74751 : 64;
74752 : 64;
74753 : 64;
74754 : 64;
74755 : 64;
74756 : 40;
74757 : 40;
74758 : 60;
74759 : 60;
74760 : 60;
74761 : 40;
74762 : 40;
74763 : 40;
74764 : 20;
74765 : 40;
74766 : 40;
74767 : 40;
74768 : 40;
74769 : 40;
74770 : 40;
74771 : 40;
74772 : 40;
74773 : 40;
74774 : 40;
74775 : 40;
74776 : 40;
74777 : 40;
74778 : 40;
74779 : 40;
74780 : 40;
74781 : 40;
74782 : 40;
74783 : 40;
74784 : 40;
74785 : 40;
74786 : 40;
74787 : 40;
74788 : 40;
74789 : 40;
74790 : 40;
74791 : 40;
74792 : 40;
74793 : 40;
74794 : 40;
74795 : 40;
74796 : 40;
74797 : 40;
74798 : 40;
74799 : 40;
74800 : 24;
74801 : 24;
74802 : 49;
74803 : 49;
74804 : 49;
74805 : 24;
74806 : 24;
74807 : 49;
74808 : 49;
74809 : 49;
74810 : 49;
74811 : 49;
74812 : 49;
74813 : 49;
74814 : 49;
74815 : 49;
74816 : 49;
74817 : 49;
74818 : 49;
74819 : 49;
74820 : 49;
74821 : 49;
74822 : 49;
74823 : 49;
74824 : 49;
74825 : 49;
74826 : 49;
74827 : 49;
74828 : 49;
74829 : 49;
74830 : 49;
74831 : 49;
74832 : 49;
74833 : 49;
74834 : 49;
74835 : 49;
74836 : 49;
74837 : 49;
74838 : 49;
74839 : 49;
74840 : 49;
74841 : 49;
74842 : 49;
74843 : 49;
74844 : 49;
74845 : 49;
74846 : 49;
74847 : 48;
74848 : 44;
74849 : 24;
74850 : 24;
74851 : 24;
74852 : 24;
74853 : 24;
74854 : 24;
74855 : 24;
74856 : 24;
74857 : 24;
74858 : 24;
74859 : 24;
74860 : 24;
74861 : 24;
74862 : 24;
74863 : 24;
74864 : 24;
74865 : 24;
74866 : 24;
74867 : 24;
74868 : 24;
74869 : 24;
74870 : 24;
74871 : 24;
74872 : 44;
74873 : 00;
74874 : 92;
74875 : 24;
74876 : 49;
74877 : 49;
74878 : 49;
74879 : 49;
74880 : 40;
74881 : 40;
74882 : 40;
74883 : 40;
74884 : 40;
74885 : 40;
74886 : 40;
74887 : 40;
74888 : 40;
74889 : 40;
74890 : 40;
74891 : 40;
74892 : 40;
74893 : 40;
74894 : 40;
74895 : 40;
74896 : 40;
74897 : 40;
74898 : 40;
74899 : 40;
74900 : 40;
74901 : 40;
74902 : 40;
74903 : 40;
74904 : 40;
74905 : 40;
74906 : 40;
74907 : 40;
74908 : 40;
74909 : 40;
74910 : 40;
74911 : 40;
74912 : 40;
74913 : 40;
74914 : 40;
74915 : 40;
74916 : 40;
74917 : 40;
74918 : 40;
74919 : 40;
74920 : 60;
74921 : 40;
74922 : 40;
74923 : 40;
74924 : 64;
74925 : 60;
74926 : 64;
74927 : 64;
74928 : 40;
74929 : 40;
74930 : 40;
74931 : 60;
74932 : 40;
74933 : 40;
74934 : 40;
74935 : 40;
74936 : 40;
74937 : 40;
74938 : 40;
74939 : 40;
74940 : 60;
74941 : 64;
74942 : 64;
74943 : 64;
74944 : 64;
74945 : 64;
74946 : 64;
74947 : 64;
74948 : 64;
74949 : 64;
74950 : 64;
74951 : 64;
74952 : 64;
74953 : 60;
74954 : 60;
74955 : 60;
74956 : 64;
74957 : 64;
74958 : 64;
74959 : 64;
74960 : 64;
74961 : 60;
74962 : 64;
74963 : 44;
74964 : 44;
74965 : 44;
74966 : 44;
74967 : 44;
74968 : 40;
74969 : 64;
74970 : 64;
74971 : 64;
74972 : 64;
74973 : 64;
74974 : 64;
74975 : 64;
74976 : 64;
74977 : 64;
74978 : 64;
74979 : 64;
74980 : 64;
74981 : 64;
74982 : 64;
74983 : 64;
74984 : 64;
74985 : 64;
74986 : 64;
74987 : 64;
74988 : 64;
74989 : 64;
74990 : 64;
74991 : 64;
74992 : 44;
74993 : 64;
74994 : 44;
74995 : 40;
74996 : 44;
74997 : 40;
74998 : 40;
74999 : 40;
75000 : 40;
75001 : 40;
75002 : 40;
75003 : 40;
75004 : 40;
75005 : 40;
75006 : 40;
75007 : 40;
75008 : 40;
75009 : 40;
75010 : 40;
75011 : 40;
75012 : 40;
75013 : 44;
75014 : 44;
75015 : 44;
75016 : 44;
75017 : 44;
75018 : 44;
75019 : 40;
75020 : 40;
75021 : 64;
75022 : 64;
75023 : 64;
75024 : 84;
75025 : 84;
75026 : 40;
75027 : 40;
75028 : 40;
75029 : 40;
75030 : 40;
75031 : 40;
75032 : 40;
75033 : 40;
75034 : 40;
75035 : 40;
75036 : 40;
75037 : 40;
75038 : 40;
75039 : 40;
75040 : 40;
75041 : 40;
75042 : 40;
75043 : 40;
75044 : 40;
75045 : 40;
75046 : 40;
75047 : 40;
75048 : 40;
75049 : 40;
75050 : 40;
75051 : 40;
75052 : 40;
75053 : 40;
75054 : 40;
75055 : 40;
75056 : 40;
75057 : 40;
75058 : 40;
75059 : 64;
75060 : 64;
75061 : 60;
75062 : 60;
75063 : 60;
75064 : 60;
75065 : 60;
75066 : 60;
75067 : 40;
75068 : 64;
75069 : 64;
75070 : 64;
75071 : 64;
75072 : 64;
75073 : 64;
75074 : 40;
75075 : 60;
75076 : 40;
75077 : 60;
75078 : 40;
75079 : 40;
75080 : 40;
75081 : 40;
75082 : 40;
75083 : 20;
75084 : 20;
75085 : 40;
75086 : 40;
75087 : 40;
75088 : 40;
75089 : 40;
75090 : 40;
75091 : 40;
75092 : 40;
75093 : 40;
75094 : 40;
75095 : 40;
75096 : 40;
75097 : 40;
75098 : 40;
75099 : 40;
75100 : 40;
75101 : 40;
75102 : 40;
75103 : 40;
75104 : 40;
75105 : 40;
75106 : 40;
75107 : 40;
75108 : 40;
75109 : 40;
75110 : 40;
75111 : 40;
75112 : 40;
75113 : 40;
75114 : 40;
75115 : 40;
75116 : 40;
75117 : 40;
75118 : 40;
75119 : 40;
75120 : 24;
75121 : 24;
75122 : 49;
75123 : 49;
75124 : 49;
75125 : 49;
75126 : 24;
75127 : 00;
75128 : 24;
75129 : 24;
75130 : 24;
75131 : 24;
75132 : 24;
75133 : 24;
75134 : 24;
75135 : 24;
75136 : 24;
75137 : 24;
75138 : 24;
75139 : 24;
75140 : 24;
75141 : 24;
75142 : 24;
75143 : 24;
75144 : 24;
75145 : 24;
75146 : 24;
75147 : 24;
75148 : 24;
75149 : 24;
75150 : 24;
75151 : 24;
75152 : 24;
75153 : 24;
75154 : 24;
75155 : 24;
75156 : 24;
75157 : 24;
75158 : 24;
75159 : 24;
75160 : 24;
75161 : 24;
75162 : 24;
75163 : 24;
75164 : 24;
75165 : 24;
75166 : 24;
75167 : 24;
75168 : 24;
75169 : 24;
75170 : 24;
75171 : 24;
75172 : 24;
75173 : 24;
75174 : 24;
75175 : 24;
75176 : 24;
75177 : 24;
75178 : 24;
75179 : 24;
75180 : 24;
75181 : 24;
75182 : 24;
75183 : 24;
75184 : 24;
75185 : 24;
75186 : 24;
75187 : 24;
75188 : 24;
75189 : 24;
75190 : 24;
75191 : 24;
75192 : 00;
75193 : B6;
75194 : 00;
75195 : 24;
75196 : 49;
75197 : 24;
75198 : 24;
75199 : 44;
75200 : 40;
75201 : 40;
75202 : 40;
75203 : 40;
75204 : 40;
75205 : 40;
75206 : 40;
75207 : 40;
75208 : 40;
75209 : 40;
75210 : 40;
75211 : 40;
75212 : 40;
75213 : 40;
75214 : 40;
75215 : 40;
75216 : 40;
75217 : 40;
75218 : 40;
75219 : 40;
75220 : 40;
75221 : 40;
75222 : 40;
75223 : 40;
75224 : 40;
75225 : 40;
75226 : 40;
75227 : 40;
75228 : 40;
75229 : 40;
75230 : 40;
75231 : 40;
75232 : 40;
75233 : 40;
75234 : 40;
75235 : 40;
75236 : 40;
75237 : 40;
75238 : 40;
75239 : 40;
75240 : 40;
75241 : 40;
75242 : 60;
75243 : 40;
75244 : 40;
75245 : 60;
75246 : 40;
75247 : 40;
75248 : 40;
75249 : 40;
75250 : 40;
75251 : 40;
75252 : 40;
75253 : 40;
75254 : 40;
75255 : 40;
75256 : 40;
75257 : 40;
75258 : 40;
75259 : 40;
75260 : 40;
75261 : 64;
75262 : 64;
75263 : 64;
75264 : 64;
75265 : 64;
75266 : 64;
75267 : 64;
75268 : 64;
75269 : 64;
75270 : 64;
75271 : 60;
75272 : 64;
75273 : 64;
75274 : 64;
75275 : 64;
75276 : 64;
75277 : 64;
75278 : 64;
75279 : 64;
75280 : 64;
75281 : 64;
75282 : 44;
75283 : 40;
75284 : 64;
75285 : 64;
75286 : 44;
75287 : 44;
75288 : 44;
75289 : 44;
75290 : 44;
75291 : 64;
75292 : 64;
75293 : 64;
75294 : 64;
75295 : 64;
75296 : 64;
75297 : 64;
75298 : 64;
75299 : 64;
75300 : 64;
75301 : 64;
75302 : 64;
75303 : 64;
75304 : 64;
75305 : 64;
75306 : 64;
75307 : 64;
75308 : 64;
75309 : 64;
75310 : 64;
75311 : 64;
75312 : 44;
75313 : 40;
75314 : 40;
75315 : 40;
75316 : 40;
75317 : 40;
75318 : 40;
75319 : 40;
75320 : 40;
75321 : 40;
75322 : 40;
75323 : 40;
75324 : 40;
75325 : 40;
75326 : 40;
75327 : 40;
75328 : 40;
75329 : 40;
75330 : 40;
75331 : 40;
75332 : 40;
75333 : 44;
75334 : 44;
75335 : 44;
75336 : 44;
75337 : 44;
75338 : 64;
75339 : 20;
75340 : 64;
75341 : 64;
75342 : 64;
75343 : 64;
75344 : 84;
75345 : 64;
75346 : 40;
75347 : 20;
75348 : 40;
75349 : 40;
75350 : 40;
75351 : 40;
75352 : 40;
75353 : 40;
75354 : 40;
75355 : 40;
75356 : 40;
75357 : 40;
75358 : 40;
75359 : 40;
75360 : 40;
75361 : 40;
75362 : 40;
75363 : 40;
75364 : 40;
75365 : 40;
75366 : 40;
75367 : 40;
75368 : 40;
75369 : 40;
75370 : 40;
75371 : 40;
75372 : 40;
75373 : 40;
75374 : 40;
75375 : 40;
75376 : 40;
75377 : 60;
75378 : 60;
75379 : 40;
75380 : 60;
75381 : 40;
75382 : 60;
75383 : 60;
75384 : 40;
75385 : 60;
75386 : 40;
75387 : 64;
75388 : 64;
75389 : 64;
75390 : 64;
75391 : 60;
75392 : 60;
75393 : 60;
75394 : 60;
75395 : 40;
75396 : 40;
75397 : 40;
75398 : 40;
75399 : 40;
75400 : 40;
75401 : 40;
75402 : 20;
75403 : 20;
75404 : 40;
75405 : 40;
75406 : 40;
75407 : 40;
75408 : 40;
75409 : 40;
75410 : 40;
75411 : 40;
75412 : 40;
75413 : 40;
75414 : 40;
75415 : 40;
75416 : 40;
75417 : 40;
75418 : 40;
75419 : 40;
75420 : 40;
75421 : 40;
75422 : 40;
75423 : 40;
75424 : 40;
75425 : 40;
75426 : 40;
75427 : 40;
75428 : 40;
75429 : 40;
75430 : 40;
75431 : 40;
75432 : 40;
75433 : 40;
75434 : 40;
75435 : 40;
75436 : 40;
75437 : 40;
75438 : 40;
75439 : 40;
75440 : 24;
75441 : 24;
75442 : 24;
75443 : 49;
75444 : 49;
75445 : 49;
75446 : 49;
75447 : 92;
75448 : 92;
75449 : 92;
75450 : 92;
75451 : 92;
75452 : 92;
75453 : 92;
75454 : 92;
75455 : 92;
75456 : 92;
75457 : 92;
75458 : 92;
75459 : 92;
75460 : 92;
75461 : 92;
75462 : 92;
75463 : 92;
75464 : 92;
75465 : 92;
75466 : 92;
75467 : 6D;
75468 : 6D;
75469 : 6D;
75470 : 6D;
75471 : 6D;
75472 : 49;
75473 : 49;
75474 : 49;
75475 : 49;
75476 : 49;
75477 : 49;
75478 : 49;
75479 : 49;
75480 : 49;
75481 : 49;
75482 : 49;
75483 : 49;
75484 : 49;
75485 : 49;
75486 : 49;
75487 : 49;
75488 : 49;
75489 : 49;
75490 : 49;
75491 : 49;
75492 : 49;
75493 : 49;
75494 : 49;
75495 : 49;
75496 : 49;
75497 : 49;
75498 : 49;
75499 : 49;
75500 : 49;
75501 : 49;
75502 : 49;
75503 : 49;
75504 : 49;
75505 : 69;
75506 : 69;
75507 : 6D;
75508 : 6D;
75509 : 6D;
75510 : 6D;
75511 : 6D;
75512 : 92;
75513 : 00;
75514 : 44;
75515 : 24;
75516 : 49;
75517 : 24;
75518 : 24;
75519 : 24;
75520 : 40;
75521 : 40;
75522 : 40;
75523 : 40;
75524 : 40;
75525 : 40;
75526 : 40;
75527 : 40;
75528 : 40;
75529 : 40;
75530 : 40;
75531 : 40;
75532 : 40;
75533 : 40;
75534 : 40;
75535 : 40;
75536 : 40;
75537 : 40;
75538 : 40;
75539 : 40;
75540 : 40;
75541 : 40;
75542 : 40;
75543 : 40;
75544 : 40;
75545 : 40;
75546 : 40;
75547 : 40;
75548 : 40;
75549 : 40;
75550 : 40;
75551 : 40;
75552 : 40;
75553 : 40;
75554 : 40;
75555 : 40;
75556 : 40;
75557 : 40;
75558 : 40;
75559 : 40;
75560 : 40;
75561 : 40;
75562 : 40;
75563 : 40;
75564 : 40;
75565 : 60;
75566 : 64;
75567 : 60;
75568 : 40;
75569 : 40;
75570 : 40;
75571 : 40;
75572 : 40;
75573 : 40;
75574 : 40;
75575 : 40;
75576 : 40;
75577 : 40;
75578 : 20;
75579 : 60;
75580 : 40;
75581 : 40;
75582 : 64;
75583 : 64;
75584 : 64;
75585 : 64;
75586 : 64;
75587 : 64;
75588 : 64;
75589 : 64;
75590 : 64;
75591 : 64;
75592 : 64;
75593 : 64;
75594 : 64;
75595 : 64;
75596 : 60;
75597 : 60;
75598 : 64;
75599 : 64;
75600 : 64;
75601 : 64;
75602 : 64;
75603 : 40;
75604 : 44;
75605 : 60;
75606 : 40;
75607 : 64;
75608 : 64;
75609 : 64;
75610 : 44;
75611 : 44;
75612 : 64;
75613 : 44;
75614 : 64;
75615 : 64;
75616 : 44;
75617 : 44;
75618 : 64;
75619 : 64;
75620 : 64;
75621 : 64;
75622 : 64;
75623 : 64;
75624 : 64;
75625 : 64;
75626 : 64;
75627 : 64;
75628 : 64;
75629 : 44;
75630 : 40;
75631 : 40;
75632 : 40;
75633 : 40;
75634 : 40;
75635 : 40;
75636 : 40;
75637 : 40;
75638 : 40;
75639 : 40;
75640 : 40;
75641 : 40;
75642 : 40;
75643 : 40;
75644 : 40;
75645 : 40;
75646 : 40;
75647 : 40;
75648 : 40;
75649 : 40;
75650 : 40;
75651 : 40;
75652 : 40;
75653 : 40;
75654 : 44;
75655 : 64;
75656 : 44;
75657 : 64;
75658 : 20;
75659 : 64;
75660 : 64;
75661 : 64;
75662 : 64;
75663 : 64;
75664 : 64;
75665 : 40;
75666 : 20;
75667 : 40;
75668 : 40;
75669 : 40;
75670 : 40;
75671 : 40;
75672 : 40;
75673 : 40;
75674 : 40;
75675 : 40;
75676 : 40;
75677 : 40;
75678 : 40;
75679 : 40;
75680 : 40;
75681 : 40;
75682 : 40;
75683 : 40;
75684 : 40;
75685 : 40;
75686 : 40;
75687 : 40;
75688 : 40;
75689 : 40;
75690 : 40;
75691 : 40;
75692 : 40;
75693 : 60;
75694 : 60;
75695 : 60;
75696 : 60;
75697 : 60;
75698 : 60;
75699 : 60;
75700 : 60;
75701 : 60;
75702 : 60;
75703 : 60;
75704 : 60;
75705 : 40;
75706 : 64;
75707 : 40;
75708 : 60;
75709 : 60;
75710 : 60;
75711 : 60;
75712 : 40;
75713 : 40;
75714 : 40;
75715 : 40;
75716 : 40;
75717 : 40;
75718 : 40;
75719 : 40;
75720 : 40;
75721 : 20;
75722 : 20;
75723 : 20;
75724 : 40;
75725 : 40;
75726 : 40;
75727 : 40;
75728 : 40;
75729 : 40;
75730 : 40;
75731 : 40;
75732 : 40;
75733 : 40;
75734 : 40;
75735 : 40;
75736 : 40;
75737 : 40;
75738 : 40;
75739 : 40;
75740 : 40;
75741 : 40;
75742 : 40;
75743 : 40;
75744 : 40;
75745 : 40;
75746 : 40;
75747 : 40;
75748 : 40;
75749 : 40;
75750 : 40;
75751 : 40;
75752 : 40;
75753 : 40;
75754 : 40;
75755 : 40;
75756 : 40;
75757 : 40;
75758 : 40;
75759 : 40;
75760 : 24;
75761 : 24;
75762 : 24;
75763 : 24;
75764 : 49;
75765 : 49;
75766 : 49;
75767 : 49;
75768 : 49;
75769 : 49;
75770 : 49;
75771 : 49;
75772 : 49;
75773 : 49;
75774 : 49;
75775 : 49;
75776 : 49;
75777 : 49;
75778 : 49;
75779 : 49;
75780 : 49;
75781 : 49;
75782 : 49;
75783 : 49;
75784 : 49;
75785 : 49;
75786 : 49;
75787 : 49;
75788 : 49;
75789 : 49;
75790 : 49;
75791 : 49;
75792 : 49;
75793 : 49;
75794 : 49;
75795 : 49;
75796 : 49;
75797 : 49;
75798 : 49;
75799 : 49;
75800 : 49;
75801 : 49;
75802 : 49;
75803 : 49;
75804 : 49;
75805 : 49;
75806 : 49;
75807 : 49;
75808 : 49;
75809 : 49;
75810 : 49;
75811 : 49;
75812 : 48;
75813 : 44;
75814 : 44;
75815 : 44;
75816 : 24;
75817 : 24;
75818 : 24;
75819 : 24;
75820 : 24;
75821 : 24;
75822 : 24;
75823 : 24;
75824 : 24;
75825 : 44;
75826 : 44;
75827 : 44;
75828 : 44;
75829 : 44;
75830 : 44;
75831 : 44;
75832 : 44;
75833 : 44;
75834 : 24;
75835 : 49;
75836 : 24;
75837 : 24;
75838 : 24;
75839 : 24;
75840 : 40;
75841 : 40;
75842 : 40;
75843 : 40;
75844 : 40;
75845 : 40;
75846 : 40;
75847 : 40;
75848 : 40;
75849 : 40;
75850 : 40;
75851 : 40;
75852 : 40;
75853 : 40;
75854 : 40;
75855 : 40;
75856 : 40;
75857 : 40;
75858 : 40;
75859 : 40;
75860 : 40;
75861 : 40;
75862 : 40;
75863 : 40;
75864 : 40;
75865 : 40;
75866 : 40;
75867 : 40;
75868 : 40;
75869 : 40;
75870 : 40;
75871 : 40;
75872 : 40;
75873 : 40;
75874 : 40;
75875 : 40;
75876 : 40;
75877 : 20;
75878 : 40;
75879 : 40;
75880 : 40;
75881 : 40;
75882 : 40;
75883 : 40;
75884 : 40;
75885 : 40;
75886 : 40;
75887 : 40;
75888 : 40;
75889 : 40;
75890 : 40;
75891 : 40;
75892 : 40;
75893 : 40;
75894 : 40;
75895 : 40;
75896 : 40;
75897 : 40;
75898 : 40;
75899 : 20;
75900 : 40;
75901 : 40;
75902 : 64;
75903 : 64;
75904 : 64;
75905 : 64;
75906 : 64;
75907 : 64;
75908 : 64;
75909 : 64;
75910 : 64;
75911 : 64;
75912 : 64;
75913 : 64;
75914 : 60;
75915 : 64;
75916 : 64;
75917 : 60;
75918 : 60;
75919 : 60;
75920 : 64;
75921 : 64;
75922 : 64;
75923 : 64;
75924 : 60;
75925 : 60;
75926 : 60;
75927 : 40;
75928 : 40;
75929 : 40;
75930 : 64;
75931 : 64;
75932 : 40;
75933 : 40;
75934 : 64;
75935 : 64;
75936 : 64;
75937 : 64;
75938 : 64;
75939 : 64;
75940 : 64;
75941 : 44;
75942 : 44;
75943 : 44;
75944 : 64;
75945 : 44;
75946 : 44;
75947 : 44;
75948 : 40;
75949 : 40;
75950 : 40;
75951 : 40;
75952 : 40;
75953 : 40;
75954 : 40;
75955 : 40;
75956 : 40;
75957 : 40;
75958 : 40;
75959 : 40;
75960 : 40;
75961 : 40;
75962 : 40;
75963 : 40;
75964 : 40;
75965 : 40;
75966 : 40;
75967 : 40;
75968 : 40;
75969 : 40;
75970 : 40;
75971 : 40;
75972 : 40;
75973 : 40;
75974 : 44;
75975 : 44;
75976 : 44;
75977 : 20;
75978 : 40;
75979 : 64;
75980 : 64;
75981 : 64;
75982 : 64;
75983 : 64;
75984 : 64;
75985 : 40;
75986 : 20;
75987 : 40;
75988 : 40;
75989 : 40;
75990 : 40;
75991 : 40;
75992 : 40;
75993 : 40;
75994 : 40;
75995 : 40;
75996 : 40;
75997 : 40;
75998 : 40;
75999 : 40;
76000 : 40;
76001 : 40;
76002 : 40;
76003 : 40;
76004 : 40;
76005 : 40;
76006 : 40;
76007 : 40;
76008 : 64;
76009 : 60;
76010 : 60;
76011 : 60;
76012 : 60;
76013 : 60;
76014 : 40;
76015 : 60;
76016 : 40;
76017 : 60;
76018 : 60;
76019 : 60;
76020 : 60;
76021 : 60;
76022 : 60;
76023 : 60;
76024 : 60;
76025 : 60;
76026 : 40;
76027 : 60;
76028 : 60;
76029 : 60;
76030 : 40;
76031 : 40;
76032 : 40;
76033 : 40;
76034 : 40;
76035 : 40;
76036 : 40;
76037 : 40;
76038 : 40;
76039 : 20;
76040 : 20;
76041 : 20;
76042 : 20;
76043 : 40;
76044 : 40;
76045 : 40;
76046 : 40;
76047 : 40;
76048 : 40;
76049 : 40;
76050 : 40;
76051 : 40;
76052 : 40;
76053 : 40;
76054 : 40;
76055 : 40;
76056 : 40;
76057 : 40;
76058 : 40;
76059 : 40;
76060 : 40;
76061 : 40;
76062 : 40;
76063 : 40;
76064 : 40;
76065 : 40;
76066 : 40;
76067 : 40;
76068 : 40;
76069 : 40;
76070 : 40;
76071 : 40;
76072 : 40;
76073 : 40;
76074 : 40;
76075 : 40;
76076 : 40;
76077 : 40;
76078 : 40;
76079 : 40;
76080 : 24;
76081 : 24;
76082 : 24;
76083 : 24;
76084 : 24;
76085 : 49;
76086 : 49;
76087 : 49;
76088 : 49;
76089 : 49;
76090 : 49;
76091 : 49;
76092 : 49;
76093 : 49;
76094 : 49;
76095 : 49;
76096 : 49;
76097 : 49;
76098 : 49;
76099 : 49;
76100 : 49;
76101 : 49;
76102 : 49;
76103 : 49;
76104 : 49;
76105 : 49;
76106 : 49;
76107 : 49;
76108 : 49;
76109 : 49;
76110 : 49;
76111 : 49;
76112 : 49;
76113 : 49;
76114 : 49;
76115 : 49;
76116 : 49;
76117 : 49;
76118 : 49;
76119 : 49;
76120 : 69;
76121 : 69;
76122 : 69;
76123 : 49;
76124 : 49;
76125 : 49;
76126 : 49;
76127 : 49;
76128 : 49;
76129 : 49;
76130 : 49;
76131 : 49;
76132 : 49;
76133 : 49;
76134 : 49;
76135 : 49;
76136 : 49;
76137 : 49;
76138 : 49;
76139 : 49;
76140 : 49;
76141 : 49;
76142 : 49;
76143 : 49;
76144 : 49;
76145 : 49;
76146 : 49;
76147 : 49;
76148 : 49;
76149 : 49;
76150 : 49;
76151 : 49;
76152 : 44;
76153 : 24;
76154 : 24;
76155 : 24;
76156 : 24;
76157 : 24;
76158 : 24;
76159 : 24;
76160 : 40;
76161 : 40;
76162 : 40;
76163 : 40;
76164 : 40;
76165 : 40;
76166 : 40;
76167 : 40;
76168 : 40;
76169 : 40;
76170 : 40;
76171 : 40;
76172 : 40;
76173 : 40;
76174 : 40;
76175 : 40;
76176 : 40;
76177 : 40;
76178 : 40;
76179 : 40;
76180 : 40;
76181 : 40;
76182 : 40;
76183 : 40;
76184 : 40;
76185 : 40;
76186 : 40;
76187 : 40;
76188 : 40;
76189 : 40;
76190 : 40;
76191 : 40;
76192 : 40;
76193 : 40;
76194 : 40;
76195 : 40;
76196 : 40;
76197 : 40;
76198 : 20;
76199 : 40;
76200 : 40;
76201 : 40;
76202 : 40;
76203 : 40;
76204 : 40;
76205 : 40;
76206 : 40;
76207 : 40;
76208 : 40;
76209 : 40;
76210 : 40;
76211 : 40;
76212 : 40;
76213 : 40;
76214 : 40;
76215 : 40;
76216 : 40;
76217 : 40;
76218 : 40;
76219 : 40;
76220 : 40;
76221 : 40;
76222 : 40;
76223 : 64;
76224 : 64;
76225 : 64;
76226 : 64;
76227 : 64;
76228 : 64;
76229 : 64;
76230 : 64;
76231 : 64;
76232 : 64;
76233 : 64;
76234 : 64;
76235 : 64;
76236 : 64;
76237 : 60;
76238 : 60;
76239 : 60;
76240 : 64;
76241 : 64;
76242 : 64;
76243 : 64;
76244 : 64;
76245 : 64;
76246 : 60;
76247 : 60;
76248 : 60;
76249 : 60;
76250 : 60;
76251 : 40;
76252 : 40;
76253 : 40;
76254 : 40;
76255 : 40;
76256 : 40;
76257 : 40;
76258 : 40;
76259 : 40;
76260 : 40;
76261 : 40;
76262 : 40;
76263 : 40;
76264 : 40;
76265 : 40;
76266 : 40;
76267 : 40;
76268 : 40;
76269 : 40;
76270 : 40;
76271 : 40;
76272 : 40;
76273 : 40;
76274 : 40;
76275 : 40;
76276 : 40;
76277 : 40;
76278 : 40;
76279 : 40;
76280 : 40;
76281 : 40;
76282 : 40;
76283 : 40;
76284 : 40;
76285 : 40;
76286 : 40;
76287 : 40;
76288 : 40;
76289 : 40;
76290 : 40;
76291 : 40;
76292 : 40;
76293 : 40;
76294 : 44;
76295 : 44;
76296 : 44;
76297 : 40;
76298 : 64;
76299 : 64;
76300 : 64;
76301 : 64;
76302 : 64;
76303 : 85;
76304 : 64;
76305 : 40;
76306 : 20;
76307 : 40;
76308 : 40;
76309 : 40;
76310 : 40;
76311 : 40;
76312 : 40;
76313 : 40;
76314 : 40;
76315 : 40;
76316 : 40;
76317 : 40;
76318 : 40;
76319 : 40;
76320 : 40;
76321 : 40;
76322 : 40;
76323 : 40;
76324 : 40;
76325 : 40;
76326 : 64;
76327 : 60;
76328 : 60;
76329 : 60;
76330 : 60;
76331 : 60;
76332 : 60;
76333 : 60;
76334 : 60;
76335 : 60;
76336 : 60;
76337 : 60;
76338 : 60;
76339 : 60;
76340 : 60;
76341 : 60;
76342 : 40;
76343 : 60;
76344 : 60;
76345 : 60;
76346 : 60;
76347 : 40;
76348 : 40;
76349 : 40;
76350 : 40;
76351 : 40;
76352 : 40;
76353 : 40;
76354 : 40;
76355 : 40;
76356 : 40;
76357 : 40;
76358 : 20;
76359 : 20;
76360 : 20;
76361 : 20;
76362 : 40;
76363 : 40;
76364 : 40;
76365 : 40;
76366 : 40;
76367 : 40;
76368 : 40;
76369 : 40;
76370 : 40;
76371 : 40;
76372 : 40;
76373 : 40;
76374 : 40;
76375 : 40;
76376 : 40;
76377 : 40;
76378 : 40;
76379 : 40;
76380 : 40;
76381 : 40;
76382 : 40;
76383 : 40;
76384 : 40;
76385 : 40;
76386 : 40;
76387 : 40;
76388 : 40;
76389 : 40;
76390 : 40;
76391 : 40;
76392 : 40;
76393 : 40;
76394 : 40;
76395 : 40;
76396 : 40;
76397 : 40;
76398 : 40;
76399 : 40;
76400 : 00;
76401 : 24;
76402 : 24;
76403 : 24;
76404 : 00;
76405 : 00;
76406 : 00;
76407 : 00;
76408 : 00;
76409 : 00;
76410 : 00;
76411 : 00;
76412 : 00;
76413 : 20;
76414 : 00;
76415 : 20;
76416 : 00;
76417 : 20;
76418 : 20;
76419 : 00;
76420 : 20;
76421 : 20;
76422 : 00;
76423 : 04;
76424 : 00;
76425 : 20;
76426 : 20;
76427 : 20;
76428 : 20;
76429 : 20;
76430 : 20;
76431 : 00;
76432 : 20;
76433 : 20;
76434 : 24;
76435 : 20;
76436 : 24;
76437 : 20;
76438 : 24;
76439 : 20;
76440 : 20;
76441 : 20;
76442 : 20;
76443 : 20;
76444 : 20;
76445 : 20;
76446 : 24;
76447 : 20;
76448 : 24;
76449 : 24;
76450 : 24;
76451 : 24;
76452 : 24;
76453 : 24;
76454 : 24;
76455 : 24;
76456 : 24;
76457 : 24;
76458 : 24;
76459 : 24;
76460 : 24;
76461 : 24;
76462 : 24;
76463 : 24;
76464 : 24;
76465 : 20;
76466 : 24;
76467 : 24;
76468 : 24;
76469 : 24;
76470 : 24;
76471 : 24;
76472 : 24;
76473 : 24;
76474 : 24;
76475 : 24;
76476 : 24;
76477 : 24;
76478 : 24;
76479 : 00;
76480 : 40;
76481 : 40;
76482 : 40;
76483 : 40;
76484 : 40;
76485 : 40;
76486 : 40;
76487 : 40;
76488 : 40;
76489 : 40;
76490 : 40;
76491 : 40;
76492 : 40;
76493 : 40;
76494 : 40;
76495 : 40;
76496 : 40;
76497 : 40;
76498 : 40;
76499 : 40;
76500 : 40;
76501 : 40;
76502 : 40;
76503 : 40;
76504 : 40;
76505 : 40;
76506 : 40;
76507 : 40;
76508 : 40;
76509 : 40;
76510 : 40;
76511 : 40;
76512 : 40;
76513 : 40;
76514 : 40;
76515 : 40;
76516 : 40;
76517 : 40;
76518 : 40;
76519 : 40;
76520 : 40;
76521 : 40;
76522 : 40;
76523 : 40;
76524 : 40;
76525 : 40;
76526 : 40;
76527 : 40;
76528 : 40;
76529 : 40;
76530 : 40;
76531 : 40;
76532 : 40;
76533 : 40;
76534 : 40;
76535 : 40;
76536 : 40;
76537 : 40;
76538 : 40;
76539 : 40;
76540 : 40;
76541 : 40;
76542 : 40;
76543 : 40;
76544 : 64;
76545 : 64;
76546 : 64;
76547 : 64;
76548 : 64;
76549 : 64;
76550 : 64;
76551 : 64;
76552 : 64;
76553 : 64;
76554 : 64;
76555 : 64;
76556 : 64;
76557 : 64;
76558 : 64;
76559 : 60;
76560 : 60;
76561 : 64;
76562 : 64;
76563 : 64;
76564 : 64;
76565 : 64;
76566 : 64;
76567 : 60;
76568 : 60;
76569 : 60;
76570 : 60;
76571 : 60;
76572 : 64;
76573 : 40;
76574 : 40;
76575 : 40;
76576 : 40;
76577 : 40;
76578 : 40;
76579 : 40;
76580 : 40;
76581 : 40;
76582 : 40;
76583 : 40;
76584 : 40;
76585 : 40;
76586 : 40;
76587 : 40;
76588 : 40;
76589 : 40;
76590 : 40;
76591 : 40;
76592 : 40;
76593 : 40;
76594 : 40;
76595 : 40;
76596 : 40;
76597 : 40;
76598 : 40;
76599 : 40;
76600 : 40;
76601 : 40;
76602 : 40;
76603 : 40;
76604 : 40;
76605 : 40;
76606 : 40;
76607 : 40;
76608 : 40;
76609 : 40;
76610 : 40;
76611 : 40;
76612 : 40;
76613 : 40;
76614 : 40;
76615 : 64;
76616 : 40;
76617 : 64;
76618 : 64;
76619 : 64;
76620 : 64;
76621 : 64;
76622 : 84;
76623 : 84;
76624 : 40;
76625 : 20;
76626 : 44;
76627 : 40;
76628 : 40;
76629 : 40;
76630 : 40;
76631 : 40;
76632 : 40;
76633 : 40;
76634 : 40;
76635 : 40;
76636 : 40;
76637 : 40;
76638 : 40;
76639 : 40;
76640 : 40;
76641 : 40;
76642 : 40;
76643 : 40;
76644 : 60;
76645 : 60;
76646 : 60;
76647 : 60;
76648 : 60;
76649 : 60;
76650 : 60;
76651 : 60;
76652 : 60;
76653 : 60;
76654 : 64;
76655 : 64;
76656 : 60;
76657 : 64;
76658 : 60;
76659 : 60;
76660 : 60;
76661 : 60;
76662 : 60;
76663 : 60;
76664 : 60;
76665 : 60;
76666 : 60;
76667 : 40;
76668 : 40;
76669 : 40;
76670 : 40;
76671 : 40;
76672 : 40;
76673 : 40;
76674 : 40;
76675 : 40;
76676 : 40;
76677 : 20;
76678 : 20;
76679 : 20;
76680 : 20;
76681 : 40;
76682 : 40;
76683 : 40;
76684 : 40;
76685 : 40;
76686 : 40;
76687 : 40;
76688 : 40;
76689 : 40;
76690 : 40;
76691 : 40;
76692 : 40;
76693 : 40;
76694 : 40;
76695 : 40;
76696 : 40;
76697 : 40;
76698 : 40;
76699 : 40;
76700 : 40;
76701 : 40;
76702 : 40;
76703 : 40;
76704 : 40;
76705 : 40;
76706 : 40;
76707 : 40;
76708 : 40;
76709 : 40;
76710 : 40;
76711 : 40;
76712 : 40;
76713 : 40;
76714 : 40;
76715 : 40;
76716 : 40;
76717 : 40;
76718 : 40;
76719 : 40;
76720 : 40;
76721 : 20;
76722 : 20;
76723 : 00;
76724 : 00;
76725 : 00;
76726 : 00;
76727 : 00;
76728 : 00;
76729 : 00;
76730 : 00;
76731 : 00;
76732 : 00;
76733 : 00;
76734 : 00;
76735 : 00;
76736 : 00;
76737 : 00;
76738 : 00;
76739 : 00;
76740 : 00;
76741 : 00;
76742 : 00;
76743 : 00;
76744 : 00;
76745 : 00;
76746 : 00;
76747 : 20;
76748 : 00;
76749 : 00;
76750 : 00;
76751 : 20;
76752 : 00;
76753 : 00;
76754 : 00;
76755 : 00;
76756 : 00;
76757 : 20;
76758 : 00;
76759 : 00;
76760 : 00;
76761 : 20;
76762 : 00;
76763 : 20;
76764 : 00;
76765 : 00;
76766 : 00;
76767 : 00;
76768 : 00;
76769 : 20;
76770 : 20;
76771 : 20;
76772 : 20;
76773 : 20;
76774 : 20;
76775 : 20;
76776 : 20;
76777 : 20;
76778 : 20;
76779 : 20;
76780 : 20;
76781 : 20;
76782 : 00;
76783 : 20;
76784 : 20;
76785 : 20;
76786 : 20;
76787 : 20;
76788 : 20;
76789 : 20;
76790 : 20;
76791 : 20;
76792 : 20;
76793 : 20;
76794 : 24;
76795 : 24;
76796 : 24;
76797 : 24;
76798 : 24;
76799 : 00;
END;
