DEPTH = 28644;
WIDTH = 8;
ADDRESS_RADIX = DEC;
DATA_RADIX = HEX;
CONTENT
BEGIN
0 : FF;
1 : FF;
2 : FF;
3 : FF;
4 : FF;
5 : FF;
6 : FF;
7 : FF;
8 : FF;
9 : FF;
10 : FF;
11 : FF;
12 : FF;
13 : FF;
14 : FF;
15 : FF;
16 : FF;
17 : FF;
18 : FF;
19 : FF;
20 : FF;
21 : FF;
22 : FF;
23 : FF;
24 : FF;
25 : FF;
26 : FF;
27 : FF;
28 : FF;
29 : FF;
30 : FF;
31 : FF;
32 : FF;
33 : FF;
34 : FF;
35 : FF;
36 : FF;
37 : FF;
38 : FF;
39 : FF;
40 : FF;
41 : FF;
42 : FF;
43 : FF;
44 : FF;
45 : FF;
46 : FF;
47 : FF;
48 : FF;
49 : FF;
50 : FF;
51 : FF;
52 : FF;
53 : FF;
54 : FF;
55 : FF;
56 : FF;
57 : FF;
58 : FF;
59 : FF;
60 : FF;
61 : FF;
62 : FF;
63 : FF;
64 : FF;
65 : FF;
66 : FF;
67 : FF;
68 : FF;
69 : FF;
70 : FF;
71 : FF;
72 : FF;
73 : FF;
74 : FF;
75 : FF;
76 : FF;
77 : FF;
78 : FF;
79 : FF;
80 : FF;
81 : FF;
82 : FF;
83 : FF;
84 : FF;
85 : FF;
86 : FF;
87 : FF;
88 : FF;
89 : FF;
90 : FF;
91 : FF;
92 : FF;
93 : FF;
94 : FF;
95 : FF;
96 : FF;
97 : FF;
98 : FF;
99 : FF;
100 : FF;
101 : FF;
102 : FF;
103 : FF;
104 : FF;
105 : FF;
106 : FF;
107 : FF;
108 : FF;
109 : FF;
110 : FF;
111 : FF;
112 : FF;
113 : FF;
114 : FF;
115 : FF;
116 : FF;
117 : FF;
118 : FF;
119 : FF;
120 : FF;
121 : FF;
122 : FF;
123 : FF;
124 : FF;
125 : FF;
126 : FF;
127 : FF;
128 : FF;
129 : FF;
130 : FF;
131 : FF;
132 : FF;
133 : FF;
134 : FF;
135 : FF;
136 : FF;
137 : FF;
138 : FF;
139 : FF;
140 : FF;
141 : FF;
142 : FF;
143 : FF;
144 : FF;
145 : FF;
146 : FF;
147 : FF;
148 : FF;
149 : FF;
150 : FF;
151 : FF;
152 : FF;
153 : FF;
154 : FF;
155 : FF;
156 : FF;
157 : FF;
158 : FF;
159 : FF;
160 : FF;
161 : FF;
162 : FF;
163 : FF;
164 : FF;
165 : FF;
166 : FF;
167 : FF;
168 : FF;
169 : FF;
170 : FF;
171 : FF;
172 : FF;
173 : FF;
174 : FF;
175 : FF;
176 : FF;
177 : FF;
178 : FF;
179 : FF;
180 : FF;
181 : FF;
182 : FF;
183 : FF;
184 : FF;
185 : FF;
186 : FF;
187 : FF;
188 : FF;
189 : FF;
190 : FF;
191 : FF;
192 : FF;
193 : FF;
194 : FF;
195 : FF;
196 : FF;
197 : FF;
198 : FF;
199 : FF;
200 : FF;
201 : FF;
202 : FF;
203 : FF;
204 : FF;
205 : FF;
206 : FF;
207 : FF;
208 : FF;
209 : FF;
210 : FF;
211 : FF;
212 : FF;
213 : FF;
214 : FF;
215 : FF;
216 : FF;
217 : FF;
218 : FF;
219 : FF;
220 : FF;
221 : FF;
222 : FF;
223 : FF;
224 : FF;
225 : FF;
226 : FF;
227 : FF;
228 : FF;
229 : FF;
230 : FF;
231 : FF;
232 : FF;
233 : FF;
234 : FF;
235 : FF;
236 : FF;
237 : FF;
238 : FF;
239 : FF;
240 : FF;
241 : FF;
242 : FF;
243 : FF;
244 : FF;
245 : FF;
246 : FF;
247 : FF;
248 : FF;
249 : FF;
250 : FF;
251 : FF;
252 : FF;
253 : FF;
254 : FF;
255 : FF;
256 : FF;
257 : FF;
258 : FF;
259 : FF;
260 : FF;
261 : FF;
262 : FF;
263 : FF;
264 : FF;
265 : FF;
266 : FF;
267 : FF;
268 : FF;
269 : FF;
270 : FF;
271 : FF;
272 : FF;
273 : FF;
274 : FF;
275 : FF;
276 : FF;
277 : FF;
278 : FF;
279 : FF;
280 : FF;
281 : FF;
282 : FF;
283 : FF;
284 : FF;
285 : FF;
286 : FF;
287 : FF;
288 : FF;
289 : FF;
290 : FF;
291 : FF;
292 : FF;
293 : FF;
294 : FF;
295 : FF;
296 : FF;
297 : FF;
298 : FF;
299 : FF;
300 : FF;
301 : FF;
302 : FF;
303 : FF;
304 : FF;
305 : FF;
306 : FF;
307 : FF;
308 : FF;
309 : FF;
310 : FF;
311 : FF;
312 : FF;
313 : FF;
314 : FF;
315 : FF;
316 : FF;
317 : FF;
318 : FF;
319 : FF;
320 : FF;
321 : FF;
322 : FF;
323 : FF;
324 : FF;
325 : FF;
326 : FF;
327 : FF;
328 : FF;
329 : FF;
330 : FF;
331 : FF;
332 : FF;
333 : FF;
334 : FF;
335 : FF;
336 : FF;
337 : FF;
338 : FF;
339 : FF;
340 : FF;
341 : FF;
342 : FF;
343 : FF;
344 : FF;
345 : FF;
346 : FF;
347 : FF;
348 : FF;
349 : FF;
350 : FF;
351 : FF;
352 : FF;
353 : FF;
354 : FF;
355 : FF;
356 : FF;
357 : FF;
358 : FF;
359 : FF;
360 : FF;
361 : FF;
362 : FF;
363 : FF;
364 : FF;
365 : FF;
366 : FF;
367 : FF;
368 : FF;
369 : FF;
370 : FF;
371 : FF;
372 : FF;
373 : FF;
374 : FF;
375 : FF;
376 : FF;
377 : FF;
378 : FF;
379 : FF;
380 : FF;
381 : FF;
382 : FF;
383 : FF;
384 : FF;
385 : FF;
386 : FF;
387 : FF;
388 : FF;
389 : FF;
390 : FF;
391 : FF;
392 : FF;
393 : FF;
394 : FF;
395 : FF;
396 : FF;
397 : FF;
398 : FF;
399 : FF;
400 : FF;
401 : FF;
402 : FF;
403 : FF;
404 : FF;
405 : FF;
406 : FF;
407 : FF;
408 : FF;
409 : FF;
410 : FF;
411 : FF;
412 : FF;
413 : FF;
414 : FF;
415 : FF;
416 : FF;
417 : FF;
418 : FF;
419 : FF;
420 : FF;
421 : FF;
422 : FF;
423 : FF;
424 : FF;
425 : FF;
426 : FF;
427 : FF;
428 : FF;
429 : FF;
430 : FF;
431 : FF;
432 : FF;
433 : FF;
434 : FF;
435 : FF;
436 : FF;
437 : FF;
438 : FF;
439 : FF;
440 : FF;
441 : FF;
442 : FF;
443 : FF;
444 : FF;
445 : FF;
446 : FF;
447 : FF;
448 : FF;
449 : FF;
450 : FF;
451 : FF;
452 : FF;
453 : FF;
454 : FF;
455 : FF;
456 : FF;
457 : FF;
458 : FF;
459 : FF;
460 : FF;
461 : FF;
462 : FF;
463 : FF;
464 : FF;
465 : FF;
466 : FF;
467 : FF;
468 : FF;
469 : FF;
470 : FF;
471 : FF;
472 : FF;
473 : FF;
474 : FF;
475 : FF;
476 : FF;
477 : FF;
478 : FF;
479 : FF;
480 : FF;
481 : FF;
482 : FF;
483 : FF;
484 : FF;
485 : FF;
486 : FF;
487 : FF;
488 : FF;
489 : FF;
490 : FF;
491 : FF;
492 : FF;
493 : FF;
494 : FF;
495 : FF;
496 : FF;
497 : FF;
498 : FF;
499 : FF;
500 : FF;
501 : FF;
502 : FF;
503 : FF;
504 : FF;
505 : FF;
506 : FF;
507 : FF;
508 : FF;
509 : FF;
510 : FF;
511 : FF;
512 : FF;
513 : FF;
514 : FF;
515 : FF;
516 : FF;
517 : FF;
518 : FF;
519 : FF;
520 : FF;
521 : FF;
522 : FF;
523 : FF;
524 : FF;
525 : FF;
526 : FF;
527 : FF;
528 : FF;
529 : FF;
530 : FF;
531 : FF;
532 : FF;
533 : FF;
534 : FF;
535 : FF;
536 : FF;
537 : FF;
538 : FF;
539 : FF;
540 : FF;
541 : FF;
542 : FF;
543 : FF;
544 : FF;
545 : FF;
546 : FF;
547 : FF;
548 : FF;
549 : FF;
550 : FF;
551 : FF;
552 : FF;
553 : FF;
554 : FF;
555 : FF;
556 : FF;
557 : FF;
558 : FF;
559 : FF;
560 : FF;
561 : FF;
562 : FF;
563 : FF;
564 : FF;
565 : FF;
566 : FF;
567 : FF;
568 : FF;
569 : FF;
570 : FF;
571 : FF;
572 : FF;
573 : FF;
574 : FF;
575 : FF;
576 : FF;
577 : FF;
578 : FF;
579 : FF;
580 : FF;
581 : FF;
582 : FF;
583 : FF;
584 : FF;
585 : FF;
586 : FF;
587 : FF;
588 : FF;
589 : FF;
590 : FF;
591 : FF;
592 : FF;
593 : FF;
594 : FF;
595 : FF;
596 : FF;
597 : FF;
598 : FF;
599 : FF;
600 : FF;
601 : FF;
602 : FF;
603 : FF;
604 : FF;
605 : FF;
606 : FF;
607 : FF;
608 : FF;
609 : FF;
610 : FF;
611 : FF;
612 : FF;
613 : FF;
614 : FF;
615 : FF;
616 : FF;
617 : FF;
618 : FF;
619 : FF;
620 : FF;
621 : FF;
622 : FF;
623 : FF;
624 : FF;
625 : FF;
626 : FF;
627 : FF;
628 : FF;
629 : FF;
630 : FF;
631 : FF;
632 : FF;
633 : FF;
634 : FF;
635 : FF;
636 : FF;
637 : FF;
638 : FF;
639 : FF;
640 : FF;
641 : FF;
642 : FF;
643 : FF;
644 : FF;
645 : FF;
646 : FF;
647 : FF;
648 : FF;
649 : FF;
650 : FF;
651 : FF;
652 : FF;
653 : FF;
654 : FF;
655 : FF;
656 : FF;
657 : FF;
658 : FF;
659 : FF;
660 : FF;
661 : FF;
662 : FF;
663 : FF;
664 : FF;
665 : FF;
666 : FF;
667 : FF;
668 : FF;
669 : FF;
670 : FF;
671 : FF;
672 : FF;
673 : FF;
674 : FF;
675 : FF;
676 : FF;
677 : FF;
678 : FF;
679 : FF;
680 : FF;
681 : FF;
682 : FF;
683 : FF;
684 : FF;
685 : FF;
686 : FF;
687 : FF;
688 : FF;
689 : FF;
690 : FF;
691 : FF;
692 : FF;
693 : FF;
694 : FF;
695 : FF;
696 : FF;
697 : FF;
698 : FF;
699 : FF;
700 : FF;
701 : FF;
702 : FF;
703 : FF;
704 : FF;
705 : FF;
706 : FF;
707 : FF;
708 : FF;
709 : FF;
710 : FF;
711 : FF;
712 : FF;
713 : FF;
714 : FF;
715 : FF;
716 : FF;
717 : FF;
718 : FF;
719 : FF;
720 : FF;
721 : FF;
722 : FF;
723 : FF;
724 : FF;
725 : FF;
726 : FF;
727 : FF;
728 : FF;
729 : FF;
730 : FF;
731 : FF;
732 : FF;
733 : FF;
734 : FF;
735 : FF;
736 : FF;
737 : FF;
738 : FF;
739 : FF;
740 : FF;
741 : FF;
742 : FF;
743 : FF;
744 : FF;
745 : FF;
746 : FF;
747 : FF;
748 : FF;
749 : FF;
750 : FF;
751 : FF;
752 : FF;
753 : 92;
754 : 24;
755 : 00;
756 : 00;
757 : 00;
758 : 24;
759 : 92;
760 : 24;
761 : 00;
762 : 6D;
763 : FF;
764 : 6D;
765 : 00;
766 : 00;
767 : 00;
768 : 00;
769 : 00;
770 : 00;
771 : 24;
772 : 92;
773 : 6D;
774 : 00;
775 : 00;
776 : 00;
777 : 00;
778 : 00;
779 : 00;
780 : 6D;
781 : 49;
782 : 00;
783 : 00;
784 : 00;
785 : 00;
786 : 00;
787 : 00;
788 : 00;
789 : 00;
790 : 00;
791 : 00;
792 : 00;
793 : 6D;
794 : FF;
795 : FF;
796 : FF;
797 : FF;
798 : 6D;
799 : 00;
800 : 00;
801 : 00;
802 : 00;
803 : 00;
804 : 00;
805 : 00;
806 : 00;
807 : 00;
808 : 00;
809 : 00;
810 : 6D;
811 : DB;
812 : FF;
813 : FF;
814 : FF;
815 : 6D;
816 : 00;
817 : 00;
818 : 00;
819 : 00;
820 : 00;
821 : 00;
822 : 00;
823 : 00;
824 : 00;
825 : 00;
826 : 00;
827 : 00;
828 : 6D;
829 : FF;
830 : FF;
831 : 6D;
832 : 00;
833 : 00;
834 : 00;
835 : 00;
836 : 00;
837 : 00;
838 : 6D;
839 : B6;
840 : 49;
841 : 00;
842 : 00;
843 : 00;
844 : 00;
845 : 00;
846 : 6D;
847 : FF;
848 : 6D;
849 : 00;
850 : 00;
851 : 00;
852 : 00;
853 : 00;
854 : 00;
855 : 00;
856 : 00;
857 : 00;
858 : 00;
859 : 00;
860 : 49;
861 : B6;
862 : FF;
863 : FF;
864 : FF;
865 : FF;
866 : FF;
867 : FF;
868 : FF;
869 : FF;
870 : FF;
871 : FF;
872 : FF;
873 : FF;
874 : FF;
875 : 6D;
876 : 00;
877 : 70;
878 : B8;
879 : D8;
880 : D8;
881 : D8;
882 : B8;
883 : 70;
884 : B8;
885 : D8;
886 : 00;
887 : 92;
888 : 6C;
889 : D8;
890 : D8;
891 : D8;
892 : D8;
893 : D8;
894 : D8;
895 : B8;
896 : 24;
897 : 24;
898 : D8;
899 : D8;
900 : D8;
901 : D8;
902 : D8;
903 : D8;
904 : 24;
905 : B4;
906 : D8;
907 : D8;
908 : D8;
909 : D8;
910 : D8;
911 : D8;
912 : D8;
913 : D8;
914 : D8;
915 : D8;
916 : B8;
917 : 70;
918 : 00;
919 : 6D;
920 : FF;
921 : 92;
922 : 70;
923 : D8;
924 : D8;
925 : D8;
926 : D8;
927 : D8;
928 : D8;
929 : D8;
930 : D8;
931 : D8;
932 : D8;
933 : D8;
934 : 90;
935 : 48;
936 : 6D;
937 : FF;
938 : 92;
939 : 6C;
940 : D8;
941 : D8;
942 : D8;
943 : D8;
944 : D8;
945 : D8;
946 : D8;
947 : D8;
948 : D8;
949 : D8;
950 : D8;
951 : D8;
952 : 6C;
953 : B6;
954 : 92;
955 : 6C;
956 : D8;
957 : D8;
958 : D8;
959 : D8;
960 : D8;
961 : B8;
962 : 00;
963 : 49;
964 : B4;
965 : D8;
966 : D8;
967 : D8;
968 : D8;
969 : D8;
970 : 70;
971 : 92;
972 : 6C;
973 : D8;
974 : D8;
975 : D8;
976 : D8;
977 : D8;
978 : D8;
979 : D8;
980 : D8;
981 : D8;
982 : D8;
983 : D8;
984 : B4;
985 : 49;
986 : FF;
987 : FF;
988 : FF;
989 : FF;
990 : FF;
991 : FF;
992 : FF;
993 : FF;
994 : FF;
995 : FF;
996 : FF;
997 : FF;
998 : 6D;
999 : 6C;
1000 : D8;
1001 : D8;
1002 : D8;
1003 : D8;
1004 : D8;
1005 : D8;
1006 : D8;
1007 : D8;
1008 : D8;
1009 : D8;
1010 : 6C;
1011 : 92;
1012 : 6C;
1013 : D8;
1014 : D8;
1015 : D8;
1016 : D8;
1017 : D8;
1018 : D8;
1019 : B8;
1020 : 24;
1021 : 24;
1022 : D8;
1023 : D8;
1024 : D8;
1025 : D8;
1026 : D8;
1027 : D8;
1028 : 24;
1029 : B4;
1030 : D8;
1031 : D8;
1032 : D8;
1033 : D8;
1034 : D8;
1035 : D8;
1036 : D8;
1037 : D8;
1038 : D8;
1039 : D8;
1040 : D8;
1041 : D8;
1042 : B8;
1043 : 48;
1044 : B6;
1045 : 92;
1046 : 70;
1047 : D8;
1048 : D8;
1049 : D8;
1050 : D8;
1051 : D8;
1052 : D8;
1053 : D8;
1054 : D8;
1055 : D8;
1056 : D8;
1057 : D8;
1058 : D8;
1059 : D8;
1060 : 6C;
1061 : 6D;
1062 : 92;
1063 : 6C;
1064 : D8;
1065 : D8;
1066 : D8;
1067 : D8;
1068 : D8;
1069 : D8;
1070 : D8;
1071 : D8;
1072 : D8;
1073 : D8;
1074 : D8;
1075 : D8;
1076 : 94;
1077 : 49;
1078 : 92;
1079 : 6C;
1080 : D8;
1081 : D8;
1082 : D8;
1083 : D8;
1084 : D8;
1085 : D8;
1086 : 70;
1087 : 49;
1088 : B4;
1089 : D8;
1090 : D8;
1091 : D8;
1092 : D8;
1093 : D8;
1094 : 70;
1095 : 49;
1096 : B4;
1097 : D8;
1098 : D8;
1099 : D8;
1100 : D8;
1101 : D8;
1102 : D8;
1103 : D8;
1104 : D8;
1105 : D8;
1106 : D8;
1107 : D8;
1108 : D8;
1109 : 24;
1110 : DB;
1111 : FF;
1112 : FF;
1113 : FF;
1114 : FF;
1115 : FF;
1116 : FF;
1117 : FF;
1118 : FF;
1119 : FF;
1120 : FF;
1121 : 6D;
1122 : 70;
1123 : D8;
1124 : D8;
1125 : D8;
1126 : B8;
1127 : 6C;
1128 : 00;
1129 : 00;
1130 : 70;
1131 : D8;
1132 : D8;
1133 : D8;
1134 : 90;
1135 : 6D;
1136 : 6D;
1137 : 00;
1138 : 90;
1139 : D8;
1140 : D8;
1141 : D8;
1142 : 48;
1143 : 24;
1144 : 92;
1145 : 6D;
1146 : 00;
1147 : 6C;
1148 : D8;
1149 : D8;
1150 : 70;
1151 : 00;
1152 : 6D;
1153 : 49;
1154 : 00;
1155 : B8;
1156 : D8;
1157 : D8;
1158 : B4;
1159 : 00;
1160 : 00;
1161 : 00;
1162 : 00;
1163 : 90;
1164 : D8;
1165 : D8;
1166 : D8;
1167 : B4;
1168 : 49;
1169 : FF;
1170 : 6D;
1171 : 00;
1172 : 94;
1173 : D8;
1174 : D8;
1175 : D8;
1176 : 00;
1177 : 00;
1178 : 00;
1179 : 00;
1180 : 6C;
1181 : D8;
1182 : D8;
1183 : D8;
1184 : B8;
1185 : 00;
1186 : FF;
1187 : 6D;
1188 : 00;
1189 : 94;
1190 : D8;
1191 : D8;
1192 : D8;
1193 : 00;
1194 : 00;
1195 : 00;
1196 : 00;
1197 : 6C;
1198 : B8;
1199 : D8;
1200 : D8;
1201 : 00;
1202 : FF;
1203 : 6D;
1204 : 00;
1205 : B4;
1206 : D8;
1207 : D8;
1208 : D8;
1209 : D8;
1210 : B8;
1211 : 00;
1212 : 49;
1213 : 00;
1214 : D8;
1215 : D8;
1216 : B4;
1217 : 00;
1218 : 6D;
1219 : 24;
1220 : D8;
1221 : D8;
1222 : B8;
1223 : 48;
1224 : 24;
1225 : D8;
1226 : D8;
1227 : D8;
1228 : 70;
1229 : 00;
1230 : 94;
1231 : D8;
1232 : D8;
1233 : 70;
1234 : 92;
1235 : FF;
1236 : FF;
1237 : FF;
1238 : FF;
1239 : FF;
1240 : FF;
1241 : FF;
1242 : FF;
1243 : FF;
1244 : B6;
1245 : 48;
1246 : D8;
1247 : D8;
1248 : D8;
1249 : B8;
1250 : 00;
1251 : 92;
1252 : FF;
1253 : FF;
1254 : 6D;
1255 : 48;
1256 : D8;
1257 : D8;
1258 : B4;
1259 : 24;
1260 : FF;
1261 : 92;
1262 : 70;
1263 : D8;
1264 : D8;
1265 : D8;
1266 : 24;
1267 : DB;
1268 : FF;
1269 : FF;
1270 : B6;
1271 : 48;
1272 : D8;
1273 : D8;
1274 : 48;
1275 : B6;
1276 : FF;
1277 : FF;
1278 : 24;
1279 : B8;
1280 : D8;
1281 : D8;
1282 : B4;
1283 : 49;
1284 : FF;
1285 : FF;
1286 : FF;
1287 : 24;
1288 : B4;
1289 : D8;
1290 : D8;
1291 : D8;
1292 : 48;
1293 : DB;
1294 : FF;
1295 : 6D;
1296 : 90;
1297 : D8;
1298 : D8;
1299 : D8;
1300 : 00;
1301 : FF;
1302 : FF;
1303 : FF;
1304 : 6D;
1305 : 90;
1306 : D8;
1307 : D8;
1308 : D8;
1309 : 70;
1310 : 92;
1311 : FF;
1312 : 6D;
1313 : 90;
1314 : D8;
1315 : D8;
1316 : D8;
1317 : 00;
1318 : FF;
1319 : 6D;
1320 : 00;
1321 : 6D;
1322 : 24;
1323 : B8;
1324 : D8;
1325 : 70;
1326 : 92;
1327 : FF;
1328 : 6D;
1329 : 90;
1330 : D8;
1331 : D8;
1332 : D8;
1333 : D8;
1334 : D8;
1335 : 70;
1336 : 6D;
1337 : 00;
1338 : D8;
1339 : D8;
1340 : 90;
1341 : 6D;
1342 : 6D;
1343 : 70;
1344 : D8;
1345 : B8;
1346 : 24;
1347 : 92;
1348 : 24;
1349 : D8;
1350 : D8;
1351 : D8;
1352 : 70;
1353 : 92;
1354 : 49;
1355 : 94;
1356 : D8;
1357 : B8;
1358 : 24;
1359 : FF;
1360 : FF;
1361 : FF;
1362 : FF;
1363 : FF;
1364 : FF;
1365 : FF;
1366 : FF;
1367 : FF;
1368 : 49;
1369 : 94;
1370 : D8;
1371 : D8;
1372 : D8;
1373 : 70;
1374 : 92;
1375 : FF;
1376 : FF;
1377 : FF;
1378 : FF;
1379 : 6D;
1380 : 70;
1381 : D8;
1382 : D8;
1383 : 24;
1384 : DB;
1385 : 92;
1386 : 70;
1387 : D8;
1388 : D8;
1389 : D8;
1390 : 24;
1391 : DB;
1392 : FF;
1393 : FF;
1394 : B6;
1395 : 48;
1396 : D8;
1397 : D8;
1398 : 48;
1399 : B6;
1400 : FF;
1401 : FF;
1402 : 24;
1403 : B8;
1404 : D8;
1405 : D8;
1406 : B4;
1407 : 49;
1408 : FF;
1409 : FF;
1410 : FF;
1411 : 49;
1412 : 94;
1413 : D8;
1414 : D8;
1415 : D8;
1416 : 48;
1417 : B6;
1418 : FF;
1419 : 6D;
1420 : 90;
1421 : D8;
1422 : D8;
1423 : D8;
1424 : 00;
1425 : FF;
1426 : FF;
1427 : FF;
1428 : 92;
1429 : 70;
1430 : D8;
1431 : D8;
1432 : D8;
1433 : 70;
1434 : 92;
1435 : FF;
1436 : 6D;
1437 : 90;
1438 : D8;
1439 : D8;
1440 : D8;
1441 : 00;
1442 : 92;
1443 : 70;
1444 : D8;
1445 : 70;
1446 : 6D;
1447 : 70;
1448 : D8;
1449 : 94;
1450 : 49;
1451 : FF;
1452 : 6D;
1453 : 90;
1454 : D8;
1455 : D8;
1456 : B4;
1457 : D8;
1458 : D8;
1459 : B8;
1460 : 00;
1461 : 00;
1462 : D8;
1463 : D8;
1464 : 90;
1465 : 6D;
1466 : 00;
1467 : B8;
1468 : D8;
1469 : 6C;
1470 : 6D;
1471 : DB;
1472 : 24;
1473 : D8;
1474 : D8;
1475 : D8;
1476 : 70;
1477 : 92;
1478 : B6;
1479 : 24;
1480 : B8;
1481 : D8;
1482 : 6C;
1483 : B6;
1484 : FF;
1485 : FF;
1486 : FF;
1487 : FF;
1488 : FF;
1489 : FF;
1490 : FF;
1491 : FF;
1492 : 00;
1493 : D8;
1494 : D8;
1495 : D8;
1496 : D8;
1497 : 00;
1498 : FF;
1499 : FF;
1500 : FF;
1501 : FF;
1502 : FF;
1503 : FF;
1504 : 24;
1505 : B8;
1506 : 90;
1507 : 48;
1508 : DB;
1509 : 92;
1510 : 70;
1511 : D8;
1512 : D8;
1513 : D8;
1514 : 24;
1515 : DB;
1516 : FF;
1517 : FF;
1518 : B6;
1519 : 48;
1520 : D8;
1521 : D8;
1522 : 48;
1523 : B6;
1524 : FF;
1525 : FF;
1526 : 24;
1527 : B8;
1528 : D8;
1529 : D8;
1530 : B4;
1531 : 49;
1532 : FF;
1533 : FF;
1534 : B6;
1535 : 24;
1536 : B8;
1537 : D8;
1538 : D8;
1539 : D8;
1540 : 00;
1541 : FF;
1542 : FF;
1543 : 6D;
1544 : 90;
1545 : D8;
1546 : D8;
1547 : D8;
1548 : 00;
1549 : FF;
1550 : FF;
1551 : FF;
1552 : 6D;
1553 : 90;
1554 : D8;
1555 : D8;
1556 : D8;
1557 : 6C;
1558 : B6;
1559 : FF;
1560 : 6D;
1561 : 90;
1562 : D8;
1563 : D8;
1564 : D8;
1565 : 00;
1566 : 00;
1567 : 94;
1568 : D8;
1569 : 70;
1570 : 92;
1571 : 00;
1572 : 00;
1573 : 49;
1574 : B6;
1575 : FF;
1576 : 6D;
1577 : 90;
1578 : D8;
1579 : D8;
1580 : 48;
1581 : D8;
1582 : D8;
1583 : D8;
1584 : 70;
1585 : 00;
1586 : D8;
1587 : D8;
1588 : 90;
1589 : 6D;
1590 : 6D;
1591 : 00;
1592 : 48;
1593 : 6D;
1594 : FF;
1595 : DB;
1596 : 24;
1597 : D8;
1598 : D8;
1599 : D8;
1600 : 70;
1601 : 92;
1602 : FF;
1603 : 6D;
1604 : 48;
1605 : 00;
1606 : 6D;
1607 : FF;
1608 : FF;
1609 : FF;
1610 : FF;
1611 : FF;
1612 : FF;
1613 : FF;
1614 : FF;
1615 : DB;
1616 : 48;
1617 : D8;
1618 : D8;
1619 : D8;
1620 : D8;
1621 : 00;
1622 : FF;
1623 : FF;
1624 : FF;
1625 : FF;
1626 : FF;
1627 : FF;
1628 : 92;
1629 : 24;
1630 : 6D;
1631 : DB;
1632 : FF;
1633 : 92;
1634 : 70;
1635 : D8;
1636 : D8;
1637 : D8;
1638 : 24;
1639 : DB;
1640 : FF;
1641 : FF;
1642 : B6;
1643 : 48;
1644 : D8;
1645 : D8;
1646 : 48;
1647 : B6;
1648 : FF;
1649 : FF;
1650 : 24;
1651 : B8;
1652 : D8;
1653 : D8;
1654 : B4;
1655 : 00;
1656 : 00;
1657 : 00;
1658 : 00;
1659 : 94;
1660 : D8;
1661 : D8;
1662 : D8;
1663 : 94;
1664 : 49;
1665 : FF;
1666 : FF;
1667 : 6D;
1668 : 90;
1669 : D8;
1670 : D8;
1671 : D8;
1672 : 00;
1673 : 00;
1674 : 00;
1675 : 00;
1676 : 70;
1677 : D8;
1678 : D8;
1679 : D8;
1680 : B8;
1681 : 00;
1682 : FF;
1683 : FF;
1684 : 6D;
1685 : 90;
1686 : D8;
1687 : D8;
1688 : D8;
1689 : D8;
1690 : D8;
1691 : D8;
1692 : D8;
1693 : 70;
1694 : 92;
1695 : FF;
1696 : FF;
1697 : FF;
1698 : FF;
1699 : FF;
1700 : 6D;
1701 : 90;
1702 : D8;
1703 : D8;
1704 : 00;
1705 : B4;
1706 : D8;
1707 : D8;
1708 : B8;
1709 : 00;
1710 : D8;
1711 : D8;
1712 : 90;
1713 : 6D;
1714 : FF;
1715 : FF;
1716 : DB;
1717 : FF;
1718 : FF;
1719 : DB;
1720 : 24;
1721 : D8;
1722 : D8;
1723 : D8;
1724 : 70;
1725 : 92;
1726 : FF;
1727 : FF;
1728 : DB;
1729 : FF;
1730 : FF;
1731 : FF;
1732 : FF;
1733 : FF;
1734 : FF;
1735 : FF;
1736 : FF;
1737 : FF;
1738 : FF;
1739 : B6;
1740 : 48;
1741 : D8;
1742 : D8;
1743 : D8;
1744 : D8;
1745 : 00;
1746 : FF;
1747 : FF;
1748 : FF;
1749 : FF;
1750 : FF;
1751 : FF;
1752 : FF;
1753 : FF;
1754 : FF;
1755 : FF;
1756 : FF;
1757 : 92;
1758 : 70;
1759 : D8;
1760 : D8;
1761 : D8;
1762 : 24;
1763 : DB;
1764 : FF;
1765 : FF;
1766 : B6;
1767 : 48;
1768 : D8;
1769 : D8;
1770 : 48;
1771 : B6;
1772 : FF;
1773 : FF;
1774 : 24;
1775 : B8;
1776 : D8;
1777 : D8;
1778 : D8;
1779 : D8;
1780 : D8;
1781 : D8;
1782 : D8;
1783 : D8;
1784 : D8;
1785 : D8;
1786 : B4;
1787 : 00;
1788 : B6;
1789 : FF;
1790 : FF;
1791 : 6D;
1792 : 90;
1793 : D8;
1794 : D8;
1795 : D8;
1796 : D8;
1797 : D8;
1798 : D8;
1799 : D8;
1800 : D8;
1801 : D8;
1802 : D8;
1803 : B8;
1804 : 48;
1805 : 92;
1806 : FF;
1807 : FF;
1808 : 6D;
1809 : 90;
1810 : D8;
1811 : D8;
1812 : D8;
1813 : D8;
1814 : D8;
1815 : D8;
1816 : D8;
1817 : 70;
1818 : 92;
1819 : FF;
1820 : FF;
1821 : FF;
1822 : FF;
1823 : FF;
1824 : 6D;
1825 : 90;
1826 : D8;
1827 : D8;
1828 : 00;
1829 : 48;
1830 : D8;
1831 : D8;
1832 : D8;
1833 : 70;
1834 : D8;
1835 : D8;
1836 : 90;
1837 : 6D;
1838 : FF;
1839 : FF;
1840 : FF;
1841 : FF;
1842 : FF;
1843 : DB;
1844 : 24;
1845 : D8;
1846 : D8;
1847 : D8;
1848 : 70;
1849 : 92;
1850 : FF;
1851 : FF;
1852 : FF;
1853 : FF;
1854 : FF;
1855 : FF;
1856 : FF;
1857 : FF;
1858 : FF;
1859 : FF;
1860 : FF;
1861 : FF;
1862 : FF;
1863 : DB;
1864 : 48;
1865 : D8;
1866 : D8;
1867 : D8;
1868 : D8;
1869 : 00;
1870 : FF;
1871 : FF;
1872 : FF;
1873 : FF;
1874 : FF;
1875 : FF;
1876 : FF;
1877 : FF;
1878 : FF;
1879 : FF;
1880 : FF;
1881 : 92;
1882 : 70;
1883 : D8;
1884 : D8;
1885 : D8;
1886 : 24;
1887 : DB;
1888 : FF;
1889 : FF;
1890 : B6;
1891 : 48;
1892 : D8;
1893 : D8;
1894 : 48;
1895 : B6;
1896 : FF;
1897 : FF;
1898 : 24;
1899 : B8;
1900 : D8;
1901 : D8;
1902 : D8;
1903 : D8;
1904 : D8;
1905 : D8;
1906 : D8;
1907 : D8;
1908 : 90;
1909 : 6C;
1910 : 49;
1911 : B6;
1912 : FF;
1913 : FF;
1914 : FF;
1915 : 6D;
1916 : 90;
1917 : D8;
1918 : D8;
1919 : D8;
1920 : D8;
1921 : D8;
1922 : D8;
1923 : D8;
1924 : D8;
1925 : B4;
1926 : 70;
1927 : 24;
1928 : 92;
1929 : FF;
1930 : FF;
1931 : FF;
1932 : 6D;
1933 : 90;
1934 : D8;
1935 : D8;
1936 : D8;
1937 : 00;
1938 : 00;
1939 : 94;
1940 : D8;
1941 : 70;
1942 : 92;
1943 : B6;
1944 : 00;
1945 : 00;
1946 : 6D;
1947 : FF;
1948 : 6D;
1949 : 90;
1950 : D8;
1951 : D8;
1952 : 00;
1953 : 49;
1954 : B4;
1955 : D8;
1956 : D8;
1957 : B8;
1958 : D8;
1959 : D8;
1960 : 90;
1961 : 6D;
1962 : FF;
1963 : FF;
1964 : FF;
1965 : FF;
1966 : FF;
1967 : DB;
1968 : 24;
1969 : D8;
1970 : D8;
1971 : D8;
1972 : 70;
1973 : 92;
1974 : FF;
1975 : FF;
1976 : FF;
1977 : FF;
1978 : FF;
1979 : FF;
1980 : FF;
1981 : FF;
1982 : FF;
1983 : FF;
1984 : FF;
1985 : FF;
1986 : FF;
1987 : FF;
1988 : 00;
1989 : B8;
1990 : D8;
1991 : D8;
1992 : D8;
1993 : 6C;
1994 : B6;
1995 : FF;
1996 : FF;
1997 : FF;
1998 : FF;
1999 : FF;
2000 : FF;
2001 : 6D;
2002 : 00;
2003 : 6D;
2004 : FF;
2005 : 92;
2006 : 70;
2007 : D8;
2008 : D8;
2009 : D8;
2010 : 24;
2011 : DB;
2012 : FF;
2013 : FF;
2014 : B6;
2015 : 48;
2016 : D8;
2017 : D8;
2018 : 48;
2019 : B6;
2020 : FF;
2021 : FF;
2022 : 24;
2023 : B8;
2024 : D8;
2025 : D8;
2026 : B4;
2027 : 00;
2028 : 90;
2029 : D8;
2030 : D8;
2031 : D8;
2032 : B4;
2033 : 49;
2034 : B6;
2035 : FF;
2036 : FF;
2037 : FF;
2038 : FF;
2039 : 6D;
2040 : 90;
2041 : D8;
2042 : D8;
2043 : D8;
2044 : 00;
2045 : 6C;
2046 : D8;
2047 : D8;
2048 : D8;
2049 : B8;
2050 : 24;
2051 : 92;
2052 : FF;
2053 : FF;
2054 : FF;
2055 : FF;
2056 : 6D;
2057 : 90;
2058 : D8;
2059 : D8;
2060 : D8;
2061 : 00;
2062 : 92;
2063 : 70;
2064 : D8;
2065 : 70;
2066 : 92;
2067 : 49;
2068 : B4;
2069 : D8;
2070 : 6C;
2071 : B6;
2072 : 6D;
2073 : 90;
2074 : D8;
2075 : D8;
2076 : 00;
2077 : B6;
2078 : 48;
2079 : D8;
2080 : D8;
2081 : D8;
2082 : D8;
2083 : D8;
2084 : 90;
2085 : 6D;
2086 : FF;
2087 : FF;
2088 : FF;
2089 : FF;
2090 : FF;
2091 : DB;
2092 : 24;
2093 : D8;
2094 : D8;
2095 : D8;
2096 : 70;
2097 : 92;
2098 : FF;
2099 : FF;
2100 : FF;
2101 : FF;
2102 : FF;
2103 : FF;
2104 : FF;
2105 : FF;
2106 : FF;
2107 : FF;
2108 : FF;
2109 : FF;
2110 : FF;
2111 : FF;
2112 : 6D;
2113 : 90;
2114 : D8;
2115 : D8;
2116 : D8;
2117 : B4;
2118 : 49;
2119 : FF;
2120 : FF;
2121 : FF;
2122 : FF;
2123 : FF;
2124 : 6D;
2125 : 6C;
2126 : D8;
2127 : 6C;
2128 : 92;
2129 : 92;
2130 : 70;
2131 : D8;
2132 : D8;
2133 : D8;
2134 : 48;
2135 : DB;
2136 : FF;
2137 : FF;
2138 : 92;
2139 : 6C;
2140 : D8;
2141 : D8;
2142 : 48;
2143 : DB;
2144 : FF;
2145 : FF;
2146 : 24;
2147 : B8;
2148 : D8;
2149 : D8;
2150 : B4;
2151 : 49;
2152 : 24;
2153 : B4;
2154 : D8;
2155 : D8;
2156 : D8;
2157 : 94;
2158 : 49;
2159 : DB;
2160 : FF;
2161 : FF;
2162 : FF;
2163 : 6D;
2164 : 90;
2165 : D8;
2166 : D8;
2167 : D8;
2168 : 00;
2169 : 6D;
2170 : 90;
2171 : D8;
2172 : D8;
2173 : D8;
2174 : B8;
2175 : 00;
2176 : 92;
2177 : FF;
2178 : FF;
2179 : FF;
2180 : 6D;
2181 : 90;
2182 : D8;
2183 : D8;
2184 : D8;
2185 : 00;
2186 : FF;
2187 : 6D;
2188 : 00;
2189 : 6D;
2190 : 92;
2191 : 48;
2192 : D8;
2193 : D8;
2194 : 48;
2195 : DB;
2196 : 6D;
2197 : 90;
2198 : D8;
2199 : D8;
2200 : 00;
2201 : FF;
2202 : 49;
2203 : B4;
2204 : D8;
2205 : D8;
2206 : D8;
2207 : D8;
2208 : 90;
2209 : 6D;
2210 : FF;
2211 : FF;
2212 : FF;
2213 : FF;
2214 : FF;
2215 : DB;
2216 : 24;
2217 : D8;
2218 : D8;
2219 : D8;
2220 : 70;
2221 : 92;
2222 : FF;
2223 : FF;
2224 : FF;
2225 : FF;
2226 : FF;
2227 : FF;
2228 : FF;
2229 : FF;
2230 : FF;
2231 : FF;
2232 : FF;
2233 : FF;
2234 : FF;
2235 : FF;
2236 : DB;
2237 : 24;
2238 : B8;
2239 : D8;
2240 : D8;
2241 : D8;
2242 : 6C;
2243 : 6D;
2244 : FF;
2245 : FF;
2246 : DB;
2247 : 6D;
2248 : 48;
2249 : D8;
2250 : D8;
2251 : 70;
2252 : 92;
2253 : B6;
2254 : 6C;
2255 : D8;
2256 : D8;
2257 : D8;
2258 : 70;
2259 : 6D;
2260 : FF;
2261 : FF;
2262 : 6D;
2263 : 90;
2264 : D8;
2265 : B8;
2266 : 00;
2267 : FF;
2268 : FF;
2269 : FF;
2270 : 24;
2271 : B8;
2272 : D8;
2273 : D8;
2274 : B4;
2275 : 49;
2276 : 92;
2277 : 24;
2278 : B8;
2279 : D8;
2280 : D8;
2281 : D8;
2282 : 90;
2283 : 49;
2284 : B6;
2285 : FF;
2286 : FF;
2287 : 6D;
2288 : 90;
2289 : D8;
2290 : D8;
2291 : D8;
2292 : 00;
2293 : FF;
2294 : 49;
2295 : B4;
2296 : D8;
2297 : D8;
2298 : D8;
2299 : B4;
2300 : 00;
2301 : 92;
2302 : FF;
2303 : FF;
2304 : 6D;
2305 : 90;
2306 : D8;
2307 : D8;
2308 : D8;
2309 : 00;
2310 : FF;
2311 : FF;
2312 : FF;
2313 : 6D;
2314 : 24;
2315 : B8;
2316 : D8;
2317 : B4;
2318 : 24;
2319 : FF;
2320 : 6D;
2321 : 90;
2322 : D8;
2323 : D8;
2324 : 00;
2325 : FF;
2326 : B6;
2327 : 48;
2328 : D8;
2329 : D8;
2330 : D8;
2331 : D8;
2332 : 90;
2333 : 6D;
2334 : FF;
2335 : FF;
2336 : FF;
2337 : FF;
2338 : FF;
2339 : DB;
2340 : 24;
2341 : D8;
2342 : D8;
2343 : D8;
2344 : 70;
2345 : 92;
2346 : FF;
2347 : FF;
2348 : FF;
2349 : FF;
2350 : FF;
2351 : FF;
2352 : FF;
2353 : FF;
2354 : FF;
2355 : FF;
2356 : FF;
2357 : FF;
2358 : FF;
2359 : FF;
2360 : FF;
2361 : 6D;
2362 : 6C;
2363 : D8;
2364 : D8;
2365 : D8;
2366 : D8;
2367 : 90;
2368 : 00;
2369 : 00;
2370 : 24;
2371 : 90;
2372 : D8;
2373 : D8;
2374 : 70;
2375 : 6D;
2376 : FF;
2377 : FF;
2378 : 24;
2379 : B4;
2380 : D8;
2381 : D8;
2382 : B8;
2383 : 6C;
2384 : 00;
2385 : 00;
2386 : 90;
2387 : D8;
2388 : D8;
2389 : 70;
2390 : 6D;
2391 : FF;
2392 : B6;
2393 : 49;
2394 : 00;
2395 : B8;
2396 : D8;
2397 : D8;
2398 : B4;
2399 : 00;
2400 : 6D;
2401 : 92;
2402 : 48;
2403 : D8;
2404 : D8;
2405 : D8;
2406 : D8;
2407 : 94;
2408 : 00;
2409 : 6D;
2410 : 6D;
2411 : 00;
2412 : B4;
2413 : D8;
2414 : D8;
2415 : D8;
2416 : 00;
2417 : 49;
2418 : B6;
2419 : 00;
2420 : B8;
2421 : D8;
2422 : D8;
2423 : D8;
2424 : B4;
2425 : 24;
2426 : 24;
2427 : 6D;
2428 : 00;
2429 : 94;
2430 : D8;
2431 : D8;
2432 : D8;
2433 : 00;
2434 : 00;
2435 : 00;
2436 : 00;
2437 : 70;
2438 : B8;
2439 : D8;
2440 : D8;
2441 : 70;
2442 : 92;
2443 : 6D;
2444 : 00;
2445 : B4;
2446 : D8;
2447 : D8;
2448 : 00;
2449 : 24;
2450 : 92;
2451 : 49;
2452 : B4;
2453 : D8;
2454 : D8;
2455 : D8;
2456 : 90;
2457 : 6D;
2458 : FF;
2459 : FF;
2460 : FF;
2461 : FF;
2462 : 6D;
2463 : 00;
2464 : 48;
2465 : D8;
2466 : D8;
2467 : D8;
2468 : 90;
2469 : 00;
2470 : 6D;
2471 : FF;
2472 : FF;
2473 : FF;
2474 : FF;
2475 : FF;
2476 : FF;
2477 : FF;
2478 : FF;
2479 : FF;
2480 : FF;
2481 : FF;
2482 : FF;
2483 : FF;
2484 : FF;
2485 : FF;
2486 : 6D;
2487 : 6C;
2488 : B8;
2489 : D8;
2490 : D8;
2491 : D8;
2492 : D8;
2493 : D8;
2494 : D8;
2495 : D8;
2496 : D8;
2497 : 6C;
2498 : 6D;
2499 : FF;
2500 : FF;
2501 : FF;
2502 : 92;
2503 : 24;
2504 : B4;
2505 : D8;
2506 : D8;
2507 : D8;
2508 : D8;
2509 : D8;
2510 : D8;
2511 : D8;
2512 : 90;
2513 : 6D;
2514 : FF;
2515 : FF;
2516 : 49;
2517 : B4;
2518 : D8;
2519 : D8;
2520 : D8;
2521 : D8;
2522 : D8;
2523 : D8;
2524 : 70;
2525 : 92;
2526 : 6D;
2527 : 6C;
2528 : D8;
2529 : D8;
2530 : D8;
2531 : D8;
2532 : D8;
2533 : 90;
2534 : 70;
2535 : D8;
2536 : D8;
2537 : D8;
2538 : D8;
2539 : D8;
2540 : D8;
2541 : B4;
2542 : 49;
2543 : 92;
2544 : 48;
2545 : B8;
2546 : D8;
2547 : D8;
2548 : D8;
2549 : D8;
2550 : B8;
2551 : 6C;
2552 : D8;
2553 : D8;
2554 : D8;
2555 : D8;
2556 : D8;
2557 : D8;
2558 : D8;
2559 : D8;
2560 : D8;
2561 : D8;
2562 : D8;
2563 : D8;
2564 : D8;
2565 : 24;
2566 : 92;
2567 : 6C;
2568 : D8;
2569 : D8;
2570 : D8;
2571 : D8;
2572 : D8;
2573 : B8;
2574 : 24;
2575 : B6;
2576 : 48;
2577 : D8;
2578 : D8;
2579 : D8;
2580 : 90;
2581 : 6D;
2582 : FF;
2583 : FF;
2584 : FF;
2585 : FF;
2586 : 00;
2587 : D8;
2588 : D8;
2589 : D8;
2590 : D8;
2591 : D8;
2592 : D8;
2593 : D8;
2594 : 6C;
2595 : 92;
2596 : FF;
2597 : FF;
2598 : FF;
2599 : FF;
2600 : FF;
2601 : FF;
2602 : FF;
2603 : FF;
2604 : FF;
2605 : FF;
2606 : FF;
2607 : FF;
2608 : FF;
2609 : FF;
2610 : FF;
2611 : 6D;
2612 : 00;
2613 : 70;
2614 : B8;
2615 : D8;
2616 : D8;
2617 : D8;
2618 : B4;
2619 : 70;
2620 : 00;
2621 : 6D;
2622 : FF;
2623 : FF;
2624 : FF;
2625 : FF;
2626 : FF;
2627 : 92;
2628 : 24;
2629 : 70;
2630 : B4;
2631 : D8;
2632 : D8;
2633 : D8;
2634 : 94;
2635 : 6C;
2636 : 6D;
2637 : DB;
2638 : FF;
2639 : FF;
2640 : 49;
2641 : B4;
2642 : D8;
2643 : D8;
2644 : D8;
2645 : D8;
2646 : D8;
2647 : D8;
2648 : 70;
2649 : 92;
2650 : FF;
2651 : 6D;
2652 : 90;
2653 : D8;
2654 : D8;
2655 : D8;
2656 : D8;
2657 : 90;
2658 : 70;
2659 : D8;
2660 : D8;
2661 : D8;
2662 : D8;
2663 : D8;
2664 : D8;
2665 : B4;
2666 : 49;
2667 : FF;
2668 : 6D;
2669 : 6C;
2670 : D8;
2671 : D8;
2672 : D8;
2673 : D8;
2674 : B8;
2675 : 6C;
2676 : D8;
2677 : D8;
2678 : D8;
2679 : D8;
2680 : D8;
2681 : D8;
2682 : D8;
2683 : D8;
2684 : D8;
2685 : D8;
2686 : D8;
2687 : D8;
2688 : B4;
2689 : 24;
2690 : 92;
2691 : 6C;
2692 : D8;
2693 : D8;
2694 : D8;
2695 : D8;
2696 : D8;
2697 : B8;
2698 : 24;
2699 : FF;
2700 : 49;
2701 : B4;
2702 : D8;
2703 : D8;
2704 : 90;
2705 : 6D;
2706 : FF;
2707 : FF;
2708 : FF;
2709 : FF;
2710 : 00;
2711 : D8;
2712 : D8;
2713 : D8;
2714 : D8;
2715 : D8;
2716 : D8;
2717 : D8;
2718 : 6C;
2719 : 92;
2720 : FF;
2721 : FF;
2722 : FF;
2723 : FF;
2724 : FF;
2725 : FF;
2726 : FF;
2727 : FF;
2728 : FF;
2729 : FF;
2730 : FF;
2731 : FF;
2732 : FF;
2733 : FF;
2734 : FF;
2735 : FF;
2736 : FF;
2737 : 92;
2738 : 24;
2739 : 00;
2740 : 00;
2741 : 00;
2742 : 49;
2743 : 92;
2744 : FF;
2745 : FF;
2746 : FF;
2747 : FF;
2748 : FF;
2749 : FF;
2750 : FF;
2751 : FF;
2752 : FF;
2753 : 92;
2754 : 24;
2755 : 00;
2756 : 00;
2757 : 00;
2758 : 49;
2759 : B6;
2760 : FF;
2761 : FF;
2762 : FF;
2763 : FF;
2764 : B6;
2765 : 49;
2766 : 00;
2767 : 00;
2768 : 00;
2769 : 00;
2770 : 00;
2771 : 00;
2772 : 6D;
2773 : FF;
2774 : FF;
2775 : FF;
2776 : 6D;
2777 : 00;
2778 : 00;
2779 : 00;
2780 : 00;
2781 : 6D;
2782 : 6D;
2783 : 00;
2784 : 00;
2785 : 00;
2786 : 00;
2787 : 00;
2788 : 00;
2789 : 49;
2790 : B6;
2791 : FF;
2792 : FF;
2793 : 6D;
2794 : 00;
2795 : 00;
2796 : 00;
2797 : 00;
2798 : 24;
2799 : 6D;
2800 : 00;
2801 : 00;
2802 : 00;
2803 : 00;
2804 : 00;
2805 : 00;
2806 : 00;
2807 : 00;
2808 : 00;
2809 : 00;
2810 : 00;
2811 : 00;
2812 : 24;
2813 : 92;
2814 : FF;
2815 : 6D;
2816 : 00;
2817 : 00;
2818 : 00;
2819 : 00;
2820 : 00;
2821 : 24;
2822 : 92;
2823 : FF;
2824 : B6;
2825 : 49;
2826 : 00;
2827 : 00;
2828 : 6D;
2829 : DB;
2830 : FF;
2831 : FF;
2832 : FF;
2833 : FF;
2834 : 6D;
2835 : 00;
2836 : 00;
2837 : 00;
2838 : 00;
2839 : 00;
2840 : 00;
2841 : 00;
2842 : 6D;
2843 : FF;
2844 : FF;
2845 : FF;
2846 : FF;
2847 : FF;
2848 : FF;
2849 : FF;
2850 : FF;
2851 : FF;
2852 : FF;
2853 : FF;
2854 : FF;
2855 : FF;
2856 : FF;
2857 : FF;
2858 : FF;
2859 : FF;
2860 : FF;
2861 : FF;
2862 : FF;
2863 : FF;
2864 : FF;
2865 : FF;
2866 : FF;
2867 : FF;
2868 : FF;
2869 : FF;
2870 : FF;
2871 : FF;
2872 : FF;
2873 : FF;
2874 : FF;
2875 : FF;
2876 : FF;
2877 : FF;
2878 : FF;
2879 : FF;
2880 : FF;
2881 : FF;
2882 : FF;
2883 : FF;
2884 : FF;
2885 : FF;
2886 : FF;
2887 : FF;
2888 : FF;
2889 : FF;
2890 : FF;
2891 : FF;
2892 : FF;
2893 : FF;
2894 : FF;
2895 : FF;
2896 : FF;
2897 : FF;
2898 : FF;
2899 : FF;
2900 : FF;
2901 : FF;
2902 : FF;
2903 : FF;
2904 : FF;
2905 : FF;
2906 : FF;
2907 : FF;
2908 : FF;
2909 : FF;
2910 : FF;
2911 : FF;
2912 : FF;
2913 : FF;
2914 : FF;
2915 : FF;
2916 : FF;
2917 : FF;
2918 : FF;
2919 : FF;
2920 : FF;
2921 : FF;
2922 : FF;
2923 : FF;
2924 : FF;
2925 : FF;
2926 : FF;
2927 : FF;
2928 : FF;
2929 : FF;
2930 : FF;
2931 : FF;
2932 : FF;
2933 : FF;
2934 : FF;
2935 : FF;
2936 : FF;
2937 : FF;
2938 : FF;
2939 : FF;
2940 : FF;
2941 : FF;
2942 : FF;
2943 : FF;
2944 : FF;
2945 : FF;
2946 : FF;
2947 : FF;
2948 : FF;
2949 : FF;
2950 : FF;
2951 : FF;
2952 : FF;
2953 : FF;
2954 : FF;
2955 : FF;
2956 : FF;
2957 : FF;
2958 : FF;
2959 : FF;
2960 : FF;
2961 : FF;
2962 : FF;
2963 : FF;
2964 : FF;
2965 : FF;
2966 : FF;
2967 : FF;
2968 : FF;
2969 : FF;
2970 : FF;
2971 : FF;
2972 : FF;
2973 : FF;
2974 : FF;
2975 : FF;
2976 : FF;
2977 : FF;
2978 : FF;
2979 : FF;
2980 : FF;
2981 : FF;
2982 : FF;
2983 : FF;
2984 : FF;
2985 : FF;
2986 : FF;
2987 : FF;
2988 : FF;
2989 : FF;
2990 : FF;
2991 : FF;
2992 : FF;
2993 : FF;
2994 : FF;
2995 : FF;
2996 : FF;
2997 : FF;
2998 : FF;
2999 : FF;
3000 : FF;
3001 : FF;
3002 : FF;
3003 : FF;
3004 : FF;
3005 : FF;
3006 : FF;
3007 : FF;
3008 : FF;
3009 : FF;
3010 : FF;
3011 : FF;
3012 : FF;
3013 : FF;
3014 : FF;
3015 : FF;
3016 : FF;
3017 : FF;
3018 : FF;
3019 : FF;
3020 : FF;
3021 : FF;
3022 : FF;
3023 : FF;
3024 : FF;
3025 : FF;
3026 : FF;
3027 : FF;
3028 : FF;
3029 : FF;
3030 : FF;
3031 : FF;
3032 : FF;
3033 : FF;
3034 : FF;
3035 : FF;
3036 : FF;
3037 : FF;
3038 : FF;
3039 : FF;
3040 : FF;
3041 : FF;
3042 : FF;
3043 : FF;
3044 : FF;
3045 : FF;
3046 : FF;
3047 : FF;
3048 : FF;
3049 : FF;
3050 : FF;
3051 : FF;
3052 : FF;
3053 : FF;
3054 : FF;
3055 : FF;
3056 : FF;
3057 : FF;
3058 : FF;
3059 : FF;
3060 : FF;
3061 : FF;
3062 : FF;
3063 : FF;
3064 : FF;
3065 : FF;
3066 : FF;
3067 : FF;
3068 : FF;
3069 : FF;
3070 : FF;
3071 : FF;
3072 : FF;
3073 : FF;
3074 : FF;
3075 : FF;
3076 : FF;
3077 : FF;
3078 : FF;
3079 : FF;
3080 : FF;
3081 : FF;
3082 : FF;
3083 : FF;
3084 : FF;
3085 : FF;
3086 : FF;
3087 : FF;
3088 : FF;
3089 : FF;
3090 : FF;
3091 : FF;
3092 : FF;
3093 : FF;
3094 : FF;
3095 : FF;
3096 : FF;
3097 : FF;
3098 : FF;
3099 : FF;
3100 : FF;
3101 : FF;
3102 : FF;
3103 : FF;
3104 : FF;
3105 : FF;
3106 : FF;
3107 : FF;
3108 : FF;
3109 : FF;
3110 : FF;
3111 : FF;
3112 : FF;
3113 : FF;
3114 : FF;
3115 : FF;
3116 : FF;
3117 : FF;
3118 : FF;
3119 : FF;
3120 : FF;
3121 : FF;
3122 : FF;
3123 : FF;
3124 : FF;
3125 : FF;
3126 : FF;
3127 : FF;
3128 : FF;
3129 : FF;
3130 : FF;
3131 : FF;
3132 : FF;
3133 : FF;
3134 : FF;
3135 : FF;
3136 : FF;
3137 : FF;
3138 : FF;
3139 : FF;
3140 : FF;
3141 : FF;
3142 : FF;
3143 : FF;
3144 : FF;
3145 : FF;
3146 : FF;
3147 : FF;
3148 : FF;
3149 : FF;
3150 : FF;
3151 : FF;
3152 : FF;
3153 : FF;
3154 : FF;
3155 : FF;
3156 : FF;
3157 : FF;
3158 : FF;
3159 : FF;
3160 : FF;
3161 : FF;
3162 : FF;
3163 : FF;
3164 : FF;
3165 : FF;
3166 : FF;
3167 : FF;
3168 : FF;
3169 : FF;
3170 : FF;
3171 : FF;
3172 : FF;
3173 : FF;
3174 : FF;
3175 : FF;
3176 : FF;
3177 : FF;
3178 : FF;
3179 : FF;
3180 : FF;
3181 : FF;
3182 : FF;
3183 : FF;
3184 : FF;
3185 : FF;
3186 : FF;
3187 : FF;
3188 : FF;
3189 : FF;
3190 : FF;
3191 : FF;
3192 : FF;
3193 : FF;
3194 : FF;
3195 : FF;
3196 : FF;
3197 : FF;
3198 : FF;
3199 : FF;
3200 : FF;
3201 : FF;
3202 : FF;
3203 : FF;
3204 : FF;
3205 : FF;
3206 : FF;
3207 : FF;
3208 : FF;
3209 : FF;
3210 : FF;
3211 : FF;
3212 : FF;
3213 : FF;
3214 : FF;
3215 : FF;
3216 : FF;
3217 : FF;
3218 : FF;
3219 : FF;
3220 : FF;
3221 : FF;
3222 : FF;
3223 : FF;
3224 : FF;
3225 : FF;
3226 : FF;
3227 : FF;
3228 : FF;
3229 : FF;
3230 : FF;
3231 : FF;
3232 : FF;
3233 : FF;
3234 : FF;
3235 : FF;
3236 : FF;
3237 : FF;
3238 : FF;
3239 : FF;
3240 : FF;
3241 : FF;
3242 : FF;
3243 : FF;
3244 : FF;
3245 : FF;
3246 : FF;
3247 : FF;
3248 : FF;
3249 : FF;
3250 : FF;
3251 : FF;
3252 : FF;
3253 : FF;
3254 : FF;
3255 : FF;
3256 : FF;
3257 : FF;
3258 : FF;
3259 : FF;
3260 : FF;
3261 : FF;
3262 : FF;
3263 : FF;
3264 : FF;
3265 : FF;
3266 : FF;
3267 : FF;
3268 : FF;
3269 : FF;
3270 : FF;
3271 : FF;
3272 : FF;
3273 : FF;
3274 : FF;
3275 : FF;
3276 : FF;
3277 : FF;
3278 : FF;
3279 : FF;
3280 : FF;
3281 : FF;
3282 : FF;
3283 : FF;
3284 : FF;
3285 : FF;
3286 : FF;
3287 : FF;
3288 : FF;
3289 : FF;
3290 : FF;
3291 : FF;
3292 : FF;
3293 : FF;
3294 : FF;
3295 : FF;
3296 : FF;
3297 : FF;
3298 : FF;
3299 : FF;
3300 : FF;
3301 : FF;
3302 : FF;
3303 : FF;
3304 : FF;
3305 : FF;
3306 : FF;
3307 : FF;
3308 : FF;
3309 : FF;
3310 : FF;
3311 : FF;
3312 : FF;
3313 : FF;
3314 : FF;
3315 : FF;
3316 : FF;
3317 : FF;
3318 : FF;
3319 : FF;
3320 : FF;
3321 : FF;
3322 : FF;
3323 : FF;
3324 : FF;
3325 : FF;
3326 : FF;
3327 : FF;
3328 : FF;
3329 : FF;
3330 : FF;
3331 : FF;
3332 : FF;
3333 : FF;
3334 : FF;
3335 : FF;
3336 : FF;
3337 : FF;
3338 : FF;
3339 : FF;
3340 : FF;
3341 : FF;
3342 : FF;
3343 : FF;
3344 : FF;
3345 : FF;
3346 : FF;
3347 : FF;
3348 : FF;
3349 : FF;
3350 : FF;
3351 : FF;
3352 : FF;
3353 : FF;
3354 : FF;
3355 : FF;
3356 : FF;
3357 : FF;
3358 : FF;
3359 : FF;
3360 : FF;
3361 : FF;
3362 : FF;
3363 : FF;
3364 : FF;
3365 : FF;
3366 : FF;
3367 : FF;
3368 : FF;
3369 : FF;
3370 : FF;
3371 : FF;
3372 : FF;
3373 : FF;
3374 : FF;
3375 : FF;
3376 : FF;
3377 : FF;
3378 : FF;
3379 : FF;
3380 : FF;
3381 : FF;
3382 : FF;
3383 : FF;
3384 : FF;
3385 : FF;
3386 : FF;
3387 : FF;
3388 : FF;
3389 : FF;
3390 : FF;
3391 : FF;
3392 : FF;
3393 : FF;
3394 : FF;
3395 : FF;
3396 : FF;
3397 : FF;
3398 : FF;
3399 : FF;
3400 : FF;
3401 : FF;
3402 : FF;
3403 : FF;
3404 : FF;
3405 : FF;
3406 : FF;
3407 : FF;
3408 : FF;
3409 : FF;
3410 : FF;
3411 : FF;
3412 : FF;
3413 : FF;
3414 : FF;
3415 : FF;
3416 : FF;
3417 : FF;
3418 : FF;
3419 : FF;
3420 : FF;
3421 : FF;
3422 : FF;
3423 : FF;
3424 : FF;
3425 : FF;
3426 : FF;
3427 : FF;
3428 : FF;
3429 : FF;
3430 : FF;
3431 : FF;
3432 : FF;
3433 : FF;
3434 : FF;
3435 : FF;
3436 : FF;
3437 : FF;
3438 : FF;
3439 : FF;
3440 : FF;
3441 : FF;
3442 : FF;
3443 : FF;
3444 : FF;
3445 : FF;
3446 : FF;
3447 : FF;
3448 : FF;
3449 : FF;
3450 : FF;
3451 : FF;
3452 : FF;
3453 : FF;
3454 : FF;
3455 : FF;
3456 : FF;
3457 : FF;
3458 : FF;
3459 : FF;
3460 : FF;
3461 : FF;
3462 : FF;
3463 : FF;
3464 : FF;
3465 : FF;
3466 : FF;
3467 : FF;
3468 : FF;
3469 : FF;
3470 : FF;
3471 : FF;
3472 : FF;
3473 : FF;
3474 : FF;
3475 : FF;
3476 : FF;
3477 : FF;
3478 : FF;
3479 : FF;
3480 : FF;
3481 : FF;
3482 : FF;
3483 : FF;
3484 : FF;
3485 : FF;
3486 : FF;
3487 : FF;
3488 : FF;
3489 : FF;
3490 : FF;
3491 : FF;
3492 : FF;
3493 : FF;
3494 : FF;
3495 : FF;
3496 : FF;
3497 : FF;
3498 : FF;
3499 : FF;
3500 : FF;
3501 : FF;
3502 : FF;
3503 : FF;
3504 : FF;
3505 : FF;
3506 : FF;
3507 : FF;
3508 : FF;
3509 : FF;
3510 : FF;
3511 : FF;
3512 : FF;
3513 : FF;
3514 : FF;
3515 : FF;
3516 : FF;
3517 : FF;
3518 : FF;
3519 : FF;
3520 : FF;
3521 : FF;
3522 : FF;
3523 : FF;
3524 : FF;
3525 : FF;
3526 : FF;
3527 : FF;
3528 : FF;
3529 : FF;
3530 : FF;
3531 : FF;
3532 : FF;
3533 : FF;
3534 : FF;
3535 : FF;
3536 : FF;
3537 : FF;
3538 : FF;
3539 : FF;
3540 : FF;
3541 : FF;
3542 : FF;
3543 : FF;
3544 : FF;
3545 : FF;
3546 : FF;
3547 : FF;
3548 : FF;
3549 : FF;
3550 : FF;
3551 : FF;
3552 : FF;
3553 : FF;
3554 : FF;
3555 : FF;
3556 : FF;
3557 : FF;
3558 : FF;
3559 : FF;
3560 : FF;
3561 : FF;
3562 : FF;
3563 : FF;
3564 : FF;
3565 : FF;
3566 : FF;
3567 : FF;
3568 : FF;
3569 : FF;
3570 : FF;
3571 : FF;
3572 : FF;
3573 : FF;
3574 : FF;
3575 : FF;
3576 : FF;
3577 : FF;
3578 : FF;
3579 : FF;
3580 : FF;
3581 : FF;
3582 : FF;
3583 : FF;
3584 : FF;
3585 : FF;
3586 : FF;
3587 : FF;
3588 : FF;
3589 : FF;
3590 : FF;
3591 : FF;
3592 : FF;
3593 : FF;
3594 : FF;
3595 : FF;
3596 : FF;
3597 : FF;
3598 : FF;
3599 : FF;
3600 : FF;
3601 : FF;
3602 : FF;
3603 : FF;
3604 : FF;
3605 : FF;
3606 : FF;
3607 : FF;
3608 : FF;
3609 : FF;
3610 : FF;
3611 : FF;
3612 : FF;
3613 : FF;
3614 : FF;
3615 : FF;
3616 : FF;
3617 : FF;
3618 : FF;
3619 : FF;
3620 : FF;
3621 : FF;
3622 : FF;
3623 : FF;
3624 : FF;
3625 : FF;
3626 : FF;
3627 : FF;
3628 : FF;
3629 : FF;
3630 : FF;
3631 : FF;
3632 : FF;
3633 : FF;
3634 : FF;
3635 : FF;
3636 : FF;
3637 : FF;
3638 : FF;
3639 : FF;
3640 : FF;
3641 : FF;
3642 : FF;
3643 : FF;
3644 : FF;
3645 : FF;
3646 : FF;
3647 : FF;
3648 : FF;
3649 : FF;
3650 : FF;
3651 : FF;
3652 : FF;
3653 : FF;
3654 : FF;
3655 : FF;
3656 : FF;
3657 : FF;
3658 : FF;
3659 : FF;
3660 : FF;
3661 : FF;
3662 : FF;
3663 : FF;
3664 : FF;
3665 : FF;
3666 : FF;
3667 : FF;
3668 : FF;
3669 : FF;
3670 : FF;
3671 : FF;
3672 : FF;
3673 : FF;
3674 : FF;
3675 : FF;
3676 : FF;
3677 : FF;
3678 : FF;
3679 : FF;
3680 : FF;
3681 : FF;
3682 : FF;
3683 : FF;
3684 : FF;
3685 : FF;
3686 : FF;
3687 : FF;
3688 : FF;
3689 : FF;
3690 : FF;
3691 : FF;
3692 : FF;
3693 : FF;
3694 : FF;
3695 : FF;
3696 : FF;
3697 : FF;
3698 : FF;
3699 : FF;
3700 : FF;
3701 : FF;
3702 : FF;
3703 : FF;
3704 : FF;
3705 : FF;
3706 : FF;
3707 : FF;
3708 : FF;
3709 : FF;
3710 : FF;
3711 : FF;
3712 : FF;
3713 : FF;
3714 : FF;
3715 : FF;
3716 : FF;
3717 : FF;
3718 : FF;
3719 : FF;
3720 : FF;
3721 : FF;
3722 : FF;
3723 : FF;
3724 : FF;
3725 : FF;
3726 : FF;
3727 : FF;
3728 : FF;
3729 : FF;
3730 : FF;
3731 : FF;
3732 : FF;
3733 : FF;
3734 : FF;
3735 : FF;
3736 : FF;
3737 : FF;
3738 : FF;
3739 : FF;
3740 : FF;
3741 : FF;
3742 : FF;
3743 : FF;
3744 : FF;
3745 : FF;
3746 : FF;
3747 : FF;
3748 : FF;
3749 : FF;
3750 : FF;
3751 : FF;
3752 : FF;
3753 : FF;
3754 : FF;
3755 : FF;
3756 : FF;
3757 : FF;
3758 : FF;
3759 : FF;
3760 : FF;
3761 : FF;
3762 : FF;
3763 : FF;
3764 : FF;
3765 : FF;
3766 : FF;
3767 : FF;
3768 : FF;
3769 : FF;
3770 : FF;
3771 : FF;
3772 : FF;
3773 : FF;
3774 : FF;
3775 : FF;
3776 : FF;
3777 : FF;
3778 : FF;
3779 : FF;
3780 : FF;
3781 : FF;
3782 : FF;
3783 : FF;
3784 : FF;
3785 : FF;
3786 : FF;
3787 : FF;
3788 : FF;
3789 : FF;
3790 : FF;
3791 : FF;
3792 : FF;
3793 : FF;
3794 : FF;
3795 : FF;
3796 : FF;
3797 : FF;
3798 : FF;
3799 : FF;
3800 : FF;
3801 : FF;
3802 : FF;
3803 : FF;
3804 : FF;
3805 : FF;
3806 : FF;
3807 : FF;
3808 : FF;
3809 : FF;
3810 : FF;
3811 : FF;
3812 : FF;
3813 : FF;
3814 : FF;
3815 : FF;
3816 : FF;
3817 : FF;
3818 : FF;
3819 : FF;
3820 : FF;
3821 : FF;
3822 : FF;
3823 : FF;
3824 : FF;
3825 : FF;
3826 : FF;
3827 : FF;
3828 : FF;
3829 : FF;
3830 : FF;
3831 : FF;
3832 : FF;
3833 : FF;
3834 : FF;
3835 : FF;
3836 : FF;
3837 : FF;
3838 : FF;
3839 : FF;
3840 : FF;
3841 : FF;
3842 : FF;
3843 : FF;
3844 : FF;
3845 : FF;
3846 : FF;
3847 : FF;
3848 : FF;
3849 : FF;
3850 : FF;
3851 : FF;
3852 : FF;
3853 : FF;
3854 : FF;
3855 : FF;
3856 : FF;
3857 : FF;
3858 : FF;
3859 : FF;
3860 : FF;
3861 : FF;
3862 : FF;
3863 : FF;
3864 : FF;
3865 : FF;
3866 : FF;
3867 : FF;
3868 : FF;
3869 : FF;
3870 : FF;
3871 : FF;
3872 : FF;
3873 : FF;
3874 : FF;
3875 : FF;
3876 : FF;
3877 : FF;
3878 : FF;
3879 : FF;
3880 : FF;
3881 : FF;
3882 : FF;
3883 : FF;
3884 : FF;
3885 : FF;
3886 : FF;
3887 : FF;
3888 : FF;
3889 : FF;
3890 : FF;
3891 : FF;
3892 : FF;
3893 : FF;
3894 : FF;
3895 : FF;
3896 : FF;
3897 : FF;
3898 : FF;
3899 : FF;
3900 : FF;
3901 : FF;
3902 : FF;
3903 : FF;
3904 : FF;
3905 : FF;
3906 : FF;
3907 : FF;
3908 : FF;
3909 : FF;
3910 : FF;
3911 : FF;
3912 : FF;
3913 : FF;
3914 : FF;
3915 : FF;
3916 : FF;
3917 : FF;
3918 : FF;
3919 : FF;
3920 : FF;
3921 : FF;
3922 : FF;
3923 : FF;
3924 : FF;
3925 : FF;
3926 : FF;
3927 : FF;
3928 : FF;
3929 : FF;
3930 : FF;
3931 : FF;
3932 : FF;
3933 : FF;
3934 : FF;
3935 : FF;
3936 : FF;
3937 : FF;
3938 : FF;
3939 : FF;
3940 : FF;
3941 : FF;
3942 : FF;
3943 : FF;
3944 : FF;
3945 : FF;
3946 : FF;
3947 : FF;
3948 : FF;
3949 : FF;
3950 : FF;
3951 : FF;
3952 : FF;
3953 : FF;
3954 : FF;
3955 : FF;
3956 : FF;
3957 : FF;
3958 : FF;
3959 : FF;
3960 : FF;
3961 : FF;
3962 : FF;
3963 : FF;
3964 : FF;
3965 : FF;
3966 : FF;
3967 : FF;
3968 : FF;
3969 : FF;
3970 : FF;
3971 : FF;
3972 : FF;
3973 : FF;
3974 : FF;
3975 : FF;
3976 : FF;
3977 : FF;
3978 : FF;
3979 : FF;
3980 : FF;
3981 : FF;
3982 : FF;
3983 : FF;
3984 : FF;
3985 : FF;
3986 : FF;
3987 : FF;
3988 : FF;
3989 : FF;
3990 : FF;
3991 : FF;
3992 : FF;
3993 : FF;
3994 : FF;
3995 : FF;
3996 : FF;
3997 : FF;
3998 : FF;
3999 : FF;
4000 : FF;
4001 : FF;
4002 : FF;
4003 : FF;
4004 : FF;
4005 : FF;
4006 : FF;
4007 : FF;
4008 : FF;
4009 : FF;
4010 : FF;
4011 : FF;
4012 : FF;
4013 : FF;
4014 : FF;
4015 : FF;
4016 : FF;
4017 : FF;
4018 : FF;
4019 : FF;
4020 : FF;
4021 : FF;
4022 : FF;
4023 : FF;
4024 : FF;
4025 : FF;
4026 : FF;
4027 : FF;
4028 : FF;
4029 : FF;
4030 : FF;
4031 : FF;
4032 : FF;
4033 : FF;
4034 : FF;
4035 : FF;
4036 : FF;
4037 : FF;
4038 : FF;
4039 : FF;
4040 : FF;
4041 : FF;
4042 : FF;
4043 : FF;
4044 : FF;
4045 : FF;
4046 : FF;
4047 : FF;
4048 : FF;
4049 : FF;
4050 : FF;
4051 : FF;
4052 : FF;
4053 : FF;
4054 : FF;
4055 : FF;
4056 : FF;
4057 : FF;
4058 : FF;
4059 : FF;
4060 : FF;
4061 : FF;
4062 : FF;
4063 : FF;
4064 : FF;
4065 : FF;
4066 : FF;
4067 : FF;
4068 : FF;
4069 : FF;
4070 : FF;
4071 : FF;
4072 : FF;
4073 : FF;
4074 : FF;
4075 : FF;
4076 : FF;
4077 : FF;
4078 : FF;
4079 : FF;
4080 : FF;
4081 : FF;
4082 : FF;
4083 : FF;
4084 : FF;
4085 : FF;
4086 : FF;
4087 : FF;
4088 : FF;
4089 : FF;
4090 : FF;
4091 : FF;
4092 : FF;
4093 : FF;
4094 : FF;
4095 : FF;
4096 : FF;
4097 : FF;
4098 : FF;
4099 : FF;
4100 : FF;
4101 : FF;
4102 : FF;
4103 : FF;
4104 : FF;
4105 : FF;
4106 : FF;
4107 : FF;
4108 : FF;
4109 : FF;
4110 : FF;
4111 : FF;
4112 : FF;
4113 : FF;
4114 : FF;
4115 : FF;
4116 : FF;
4117 : FF;
4118 : FF;
4119 : FF;
4120 : FF;
4121 : FF;
4122 : FF;
4123 : FF;
4124 : FF;
4125 : FF;
4126 : FF;
4127 : FF;
4128 : FF;
4129 : FF;
4130 : FF;
4131 : FF;
4132 : FF;
4133 : FF;
4134 : FF;
4135 : FF;
4136 : FF;
4137 : FF;
4138 : FF;
4139 : FF;
4140 : FF;
4141 : FF;
4142 : FF;
4143 : FF;
4144 : FF;
4145 : FF;
4146 : FF;
4147 : FF;
4148 : FF;
4149 : FF;
4150 : FF;
4151 : FF;
4152 : FF;
4153 : FF;
4154 : FF;
4155 : FF;
4156 : FF;
4157 : FF;
4158 : FF;
4159 : FF;
4160 : FF;
4161 : FF;
4162 : FF;
4163 : FF;
4164 : FF;
4165 : FF;
4166 : FF;
4167 : FF;
4168 : FF;
4169 : FF;
4170 : FF;
4171 : FF;
4172 : FF;
4173 : FF;
4174 : FF;
4175 : FF;
4176 : FF;
4177 : FF;
4178 : FF;
4179 : FF;
4180 : FF;
4181 : FF;
4182 : FF;
4183 : FF;
4184 : FF;
4185 : FF;
4186 : FF;
4187 : FF;
4188 : FF;
4189 : FF;
4190 : FF;
4191 : FF;
4192 : FF;
4193 : FF;
4194 : FF;
4195 : FF;
4196 : FF;
4197 : FF;
4198 : FF;
4199 : FF;
4200 : FF;
4201 : FF;
4202 : FF;
4203 : FF;
4204 : FF;
4205 : FF;
4206 : FF;
4207 : FF;
4208 : FF;
4209 : FF;
4210 : FF;
4211 : FF;
4212 : FF;
4213 : FF;
4214 : FF;
4215 : FF;
4216 : FF;
4217 : FF;
4218 : FF;
4219 : FF;
4220 : FF;
4221 : FF;
4222 : FF;
4223 : FF;
4224 : FF;
4225 : FF;
4226 : FF;
4227 : FF;
4228 : FF;
4229 : FF;
4230 : FF;
4231 : FF;
4232 : FF;
4233 : FF;
4234 : FF;
4235 : FF;
4236 : FF;
4237 : FF;
4238 : FF;
4239 : FF;
4240 : FF;
4241 : FF;
4242 : FF;
4243 : FF;
4244 : FF;
4245 : FF;
4246 : FF;
4247 : FF;
4248 : FF;
4249 : FF;
4250 : FF;
4251 : FF;
4252 : FF;
4253 : FF;
4254 : FF;
4255 : FF;
4256 : FF;
4257 : FF;
4258 : FF;
4259 : FF;
4260 : FF;
4261 : FF;
4262 : FF;
4263 : FF;
4264 : FF;
4265 : FF;
4266 : FF;
4267 : FF;
4268 : FF;
4269 : FF;
4270 : FF;
4271 : FF;
4272 : FF;
4273 : FF;
4274 : FF;
4275 : FF;
4276 : FF;
4277 : FF;
4278 : FF;
4279 : FF;
4280 : FF;
4281 : FF;
4282 : FF;
4283 : FF;
4284 : FF;
4285 : FF;
4286 : FF;
4287 : FF;
4288 : FF;
4289 : FF;
4290 : FF;
4291 : FF;
4292 : FF;
4293 : FF;
4294 : FF;
4295 : FF;
4296 : FF;
4297 : FF;
4298 : FF;
4299 : FF;
4300 : FF;
4301 : FF;
4302 : FF;
4303 : FF;
4304 : FF;
4305 : FF;
4306 : FF;
4307 : FF;
4308 : FF;
4309 : FF;
4310 : FF;
4311 : FF;
4312 : FF;
4313 : FF;
4314 : FF;
4315 : FF;
4316 : FF;
4317 : FF;
4318 : FF;
4319 : FF;
4320 : FF;
4321 : FF;
4322 : FF;
4323 : FF;
4324 : FF;
4325 : FF;
4326 : FF;
4327 : FF;
4328 : FF;
4329 : FF;
4330 : FF;
4331 : FF;
4332 : FF;
4333 : FF;
4334 : FF;
4335 : FF;
4336 : FF;
4337 : FF;
4338 : FF;
4339 : FF;
4340 : FF;
4341 : FF;
4342 : FF;
4343 : FF;
4344 : FF;
4345 : FF;
4346 : FF;
4347 : FF;
4348 : FF;
4349 : FF;
4350 : FF;
4351 : FF;
4352 : FF;
4353 : FF;
4354 : FF;
4355 : FF;
4356 : FF;
4357 : FF;
4358 : FF;
4359 : FF;
4360 : FF;
4361 : FF;
4362 : FF;
4363 : FF;
4364 : FF;
4365 : FF;
4366 : FF;
4367 : FF;
4368 : FF;
4369 : FF;
4370 : FF;
4371 : FF;
4372 : FF;
4373 : FF;
4374 : FF;
4375 : FF;
4376 : FF;
4377 : FF;
4378 : FF;
4379 : FF;
4380 : FF;
4381 : FF;
4382 : FF;
4383 : FF;
4384 : FF;
4385 : FF;
4386 : FF;
4387 : FF;
4388 : FF;
4389 : FF;
4390 : FF;
4391 : FF;
4392 : FF;
4393 : FF;
4394 : FF;
4395 : FF;
4396 : FF;
4397 : FF;
4398 : FF;
4399 : FF;
4400 : FF;
4401 : FF;
4402 : FF;
4403 : FF;
4404 : FF;
4405 : FF;
4406 : FF;
4407 : FF;
4408 : FF;
4409 : FF;
4410 : FF;
4411 : FF;
4412 : FF;
4413 : FF;
4414 : FF;
4415 : FF;
4416 : FF;
4417 : FF;
4418 : FF;
4419 : FF;
4420 : FF;
4421 : FF;
4422 : FF;
4423 : FF;
4424 : FF;
4425 : FF;
4426 : FF;
4427 : FF;
4428 : FF;
4429 : FF;
4430 : FF;
4431 : FF;
4432 : FF;
4433 : FF;
4434 : FF;
4435 : FF;
4436 : FF;
4437 : FF;
4438 : FF;
4439 : FF;
4440 : FF;
4441 : FF;
4442 : FF;
4443 : FF;
4444 : FF;
4445 : FF;
4446 : FF;
4447 : FF;
4448 : FF;
4449 : FF;
4450 : FF;
4451 : FF;
4452 : FF;
4453 : FF;
4454 : FF;
4455 : FF;
4456 : FF;
4457 : FF;
4458 : FF;
4459 : FF;
4460 : FF;
4461 : FF;
4462 : FF;
4463 : FF;
4464 : FF;
4465 : FF;
4466 : FF;
4467 : FF;
4468 : FF;
4469 : FF;
4470 : FF;
4471 : FF;
4472 : FF;
4473 : FF;
4474 : FF;
4475 : FF;
4476 : FF;
4477 : FF;
4478 : FF;
4479 : FF;
4480 : FF;
4481 : FF;
4482 : FF;
4483 : FF;
4484 : FF;
4485 : FF;
4486 : FF;
4487 : FF;
4488 : FF;
4489 : FF;
4490 : FF;
4491 : FF;
4492 : FF;
4493 : FF;
4494 : FF;
4495 : FF;
4496 : FF;
4497 : FF;
4498 : FF;
4499 : FF;
4500 : FF;
4501 : FF;
4502 : FF;
4503 : FF;
4504 : FF;
4505 : FF;
4506 : FF;
4507 : FF;
4508 : FF;
4509 : FF;
4510 : FF;
4511 : FF;
4512 : FF;
4513 : FF;
4514 : FF;
4515 : FF;
4516 : FF;
4517 : FF;
4518 : FF;
4519 : FF;
4520 : FF;
4521 : FF;
4522 : FF;
4523 : FF;
4524 : FF;
4525 : FF;
4526 : FF;
4527 : FF;
4528 : FF;
4529 : FF;
4530 : FF;
4531 : FF;
4532 : FF;
4533 : FF;
4534 : FF;
4535 : FF;
4536 : FF;
4537 : FF;
4538 : FF;
4539 : FF;
4540 : FF;
4541 : FF;
4542 : FF;
4543 : FF;
4544 : FF;
4545 : FF;
4546 : FF;
4547 : FF;
4548 : FF;
4549 : FF;
4550 : FF;
4551 : FF;
4552 : FF;
4553 : FF;
4554 : FF;
4555 : FF;
4556 : FF;
4557 : FF;
4558 : FF;
4559 : FF;
4560 : FF;
4561 : FF;
4562 : FF;
4563 : FF;
4564 : FF;
4565 : FF;
4566 : FF;
4567 : FF;
4568 : FF;
4569 : FF;
4570 : FF;
4571 : FF;
4572 : FF;
4573 : FF;
4574 : FF;
4575 : FF;
4576 : FF;
4577 : FF;
4578 : FF;
4579 : FF;
4580 : FF;
4581 : FF;
4582 : FF;
4583 : FF;
4584 : FF;
4585 : FF;
4586 : FF;
4587 : FF;
4588 : FF;
4589 : FF;
4590 : FF;
4591 : FF;
4592 : FF;
4593 : FF;
4594 : FF;
4595 : FF;
4596 : FF;
4597 : FF;
4598 : FF;
4599 : FF;
4600 : FF;
4601 : FF;
4602 : FF;
4603 : FF;
4604 : FF;
4605 : FF;
4606 : FF;
4607 : FF;
4608 : FF;
4609 : FF;
4610 : FF;
4611 : FF;
4612 : FF;
4613 : FF;
4614 : FF;
4615 : FF;
4616 : FF;
4617 : FF;
4618 : FF;
4619 : FF;
4620 : FF;
4621 : FF;
4622 : FF;
4623 : FF;
4624 : FF;
4625 : FF;
4626 : FF;
4627 : FF;
4628 : FF;
4629 : FF;
4630 : FF;
4631 : FF;
4632 : FF;
4633 : FF;
4634 : FF;
4635 : FF;
4636 : FF;
4637 : FF;
4638 : FF;
4639 : FF;
4640 : FF;
4641 : FF;
4642 : FF;
4643 : FF;
4644 : FF;
4645 : FF;
4646 : FF;
4647 : FF;
4648 : FF;
4649 : FF;
4650 : FF;
4651 : FF;
4652 : FF;
4653 : FF;
4654 : FF;
4655 : FF;
4656 : FF;
4657 : FF;
4658 : FF;
4659 : FF;
4660 : FF;
4661 : FF;
4662 : FF;
4663 : FF;
4664 : FF;
4665 : FF;
4666 : FF;
4667 : FF;
4668 : FF;
4669 : FF;
4670 : FF;
4671 : FF;
4672 : FF;
4673 : FF;
4674 : FF;
4675 : FF;
4676 : FF;
4677 : FF;
4678 : FF;
4679 : FF;
4680 : FF;
4681 : FF;
4682 : FF;
4683 : FF;
4684 : FF;
4685 : FF;
4686 : FF;
4687 : FF;
4688 : FF;
4689 : FF;
4690 : FF;
4691 : FF;
4692 : FF;
4693 : FF;
4694 : FF;
4695 : FF;
4696 : FF;
4697 : FF;
4698 : FF;
4699 : FF;
4700 : FF;
4701 : FF;
4702 : FF;
4703 : FF;
4704 : FF;
4705 : FF;
4706 : FF;
4707 : FF;
4708 : FF;
4709 : FF;
4710 : FF;
4711 : FF;
4712 : FF;
4713 : FF;
4714 : FF;
4715 : FF;
4716 : FF;
4717 : FF;
4718 : FF;
4719 : FF;
4720 : FF;
4721 : FF;
4722 : FF;
4723 : FF;
4724 : FF;
4725 : FF;
4726 : FF;
4727 : FF;
4728 : FF;
4729 : FF;
4730 : FF;
4731 : FF;
4732 : FF;
4733 : FF;
4734 : FF;
4735 : FF;
4736 : FF;
4737 : FF;
4738 : FF;
4739 : FF;
4740 : FF;
4741 : FF;
4742 : FF;
4743 : FF;
4744 : FF;
4745 : FF;
4746 : FF;
4747 : FF;
4748 : FF;
4749 : FF;
4750 : FF;
4751 : FF;
4752 : FF;
4753 : FF;
4754 : FF;
4755 : FF;
4756 : FF;
4757 : FF;
4758 : FF;
4759 : FF;
4760 : FF;
4761 : FF;
4762 : FF;
4763 : FF;
4764 : FF;
4765 : FF;
4766 : FF;
4767 : FF;
4768 : FF;
4769 : FF;
4770 : FF;
4771 : FF;
4772 : FF;
4773 : FF;
4774 : FF;
4775 : FF;
4776 : FF;
4777 : FF;
4778 : FF;
4779 : FF;
4780 : FF;
4781 : FF;
4782 : FF;
4783 : FF;
4784 : FF;
4785 : FF;
4786 : FF;
4787 : FF;
4788 : FF;
4789 : FF;
4790 : FF;
4791 : FF;
4792 : FF;
4793 : FF;
4794 : FF;
4795 : FF;
4796 : FF;
4797 : FF;
4798 : FF;
4799 : FF;
4800 : FF;
4801 : FF;
4802 : FF;
4803 : FF;
4804 : FF;
4805 : FF;
4806 : FF;
4807 : FF;
4808 : FF;
4809 : FF;
4810 : FF;
4811 : FF;
4812 : FF;
4813 : FF;
4814 : FF;
4815 : FF;
4816 : FF;
4817 : FF;
4818 : FF;
4819 : FF;
4820 : FF;
4821 : FF;
4822 : FF;
4823 : FF;
4824 : FF;
4825 : FF;
4826 : FF;
4827 : FF;
4828 : FF;
4829 : FF;
4830 : FF;
4831 : FF;
4832 : FF;
4833 : FF;
4834 : FF;
4835 : FF;
4836 : FF;
4837 : FF;
4838 : FF;
4839 : FF;
4840 : FF;
4841 : FF;
4842 : FF;
4843 : FF;
4844 : FF;
4845 : FF;
4846 : FF;
4847 : FF;
4848 : FF;
4849 : FF;
4850 : FF;
4851 : FF;
4852 : FF;
4853 : FF;
4854 : FF;
4855 : FF;
4856 : FF;
4857 : FF;
4858 : FF;
4859 : FF;
4860 : FF;
4861 : FF;
4862 : FF;
4863 : FF;
4864 : FF;
4865 : FF;
4866 : FF;
4867 : FF;
4868 : FF;
4869 : FF;
4870 : FF;
4871 : FF;
4872 : FF;
4873 : FF;
4874 : FF;
4875 : FF;
4876 : FF;
4877 : FF;
4878 : FF;
4879 : FF;
4880 : FF;
4881 : FF;
4882 : FF;
4883 : FF;
4884 : FF;
4885 : FF;
4886 : FF;
4887 : FF;
4888 : FF;
4889 : FF;
4890 : FF;
4891 : FF;
4892 : FF;
4893 : FF;
4894 : FF;
4895 : FF;
4896 : FF;
4897 : FF;
4898 : FF;
4899 : FF;
4900 : FF;
4901 : FF;
4902 : FF;
4903 : FF;
4904 : FF;
4905 : FF;
4906 : FF;
4907 : FF;
4908 : FF;
4909 : FF;
4910 : FF;
4911 : FF;
4912 : FF;
4913 : FF;
4914 : FF;
4915 : FF;
4916 : FF;
4917 : FF;
4918 : FF;
4919 : FF;
4920 : FF;
4921 : FF;
4922 : FF;
4923 : FF;
4924 : FF;
4925 : FF;
4926 : FF;
4927 : FF;
4928 : FF;
4929 : FF;
4930 : FF;
4931 : FF;
4932 : FF;
4933 : FF;
4934 : FF;
4935 : FF;
4936 : FF;
4937 : FF;
4938 : FF;
4939 : FF;
4940 : FF;
4941 : FF;
4942 : FF;
4943 : FF;
4944 : FF;
4945 : FF;
4946 : FF;
4947 : FF;
4948 : FF;
4949 : FF;
4950 : FF;
4951 : FF;
4952 : FF;
4953 : FF;
4954 : FF;
4955 : FF;
4956 : FF;
4957 : FF;
4958 : FF;
4959 : FF;
4960 : FF;
4961 : FF;
4962 : FF;
4963 : FF;
4964 : FF;
4965 : FF;
4966 : FF;
4967 : FF;
4968 : FF;
4969 : FF;
4970 : FF;
4971 : FF;
4972 : FF;
4973 : FF;
4974 : FF;
4975 : FF;
4976 : FF;
4977 : FF;
4978 : FF;
4979 : FF;
4980 : FF;
4981 : FF;
4982 : FF;
4983 : FF;
4984 : FF;
4985 : FF;
4986 : FF;
4987 : FF;
4988 : FF;
4989 : FF;
4990 : FF;
4991 : FF;
4992 : FF;
4993 : FF;
4994 : FF;
4995 : FF;
4996 : FF;
4997 : FF;
4998 : FF;
4999 : FF;
5000 : FF;
5001 : FF;
5002 : FF;
5003 : FF;
5004 : FF;
5005 : FF;
5006 : FF;
5007 : FF;
5008 : FF;
5009 : FF;
5010 : FF;
5011 : FF;
5012 : FF;
5013 : FF;
5014 : FF;
5015 : FF;
5016 : FF;
5017 : FF;
5018 : FF;
5019 : FF;
5020 : FF;
5021 : FF;
5022 : FF;
5023 : FF;
5024 : FF;
5025 : FF;
5026 : FF;
5027 : FF;
5028 : FF;
5029 : FF;
5030 : FF;
5031 : FF;
5032 : FF;
5033 : FF;
5034 : FF;
5035 : FF;
5036 : FF;
5037 : FF;
5038 : FF;
5039 : FF;
5040 : FF;
5041 : FF;
5042 : FF;
5043 : FF;
5044 : FF;
5045 : FF;
5046 : FF;
5047 : FF;
5048 : FF;
5049 : FF;
5050 : FF;
5051 : FF;
5052 : FF;
5053 : FF;
5054 : FF;
5055 : FF;
5056 : FF;
5057 : FF;
5058 : FF;
5059 : FF;
5060 : FF;
5061 : FF;
5062 : FF;
5063 : FF;
5064 : FF;
5065 : FF;
5066 : FF;
5067 : FF;
5068 : FF;
5069 : FF;
5070 : FF;
5071 : FF;
5072 : FF;
5073 : FF;
5074 : FF;
5075 : FF;
5076 : FF;
5077 : FF;
5078 : FF;
5079 : FF;
5080 : FF;
5081 : FF;
5082 : FF;
5083 : FF;
5084 : FF;
5085 : FF;
5086 : FF;
5087 : FF;
5088 : FF;
5089 : FF;
5090 : FF;
5091 : FF;
5092 : FF;
5093 : FF;
5094 : FF;
5095 : FF;
5096 : FF;
5097 : FF;
5098 : FF;
5099 : FF;
5100 : FF;
5101 : FF;
5102 : FF;
5103 : FF;
5104 : FF;
5105 : FF;
5106 : FF;
5107 : FF;
5108 : FF;
5109 : FF;
5110 : FF;
5111 : FF;
5112 : FF;
5113 : FF;
5114 : FF;
5115 : FF;
5116 : FF;
5117 : FF;
5118 : FF;
5119 : FF;
5120 : FF;
5121 : FF;
5122 : FF;
5123 : FF;
5124 : FF;
5125 : FF;
5126 : FF;
5127 : FF;
5128 : FF;
5129 : FF;
5130 : FF;
5131 : FF;
5132 : FF;
5133 : FF;
5134 : FF;
5135 : FF;
5136 : FF;
5137 : FF;
5138 : FF;
5139 : FF;
5140 : FF;
5141 : FF;
5142 : FF;
5143 : FF;
5144 : FF;
5145 : FF;
5146 : FF;
5147 : FF;
5148 : FF;
5149 : FF;
5150 : FF;
5151 : FF;
5152 : FF;
5153 : FF;
5154 : FF;
5155 : FF;
5156 : FF;
5157 : FF;
5158 : FF;
5159 : FF;
5160 : FF;
5161 : FF;
5162 : FF;
5163 : FF;
5164 : FF;
5165 : FF;
5166 : FF;
5167 : FF;
5168 : FF;
5169 : FF;
5170 : FF;
5171 : FF;
5172 : FF;
5173 : FF;
5174 : FF;
5175 : FF;
5176 : FF;
5177 : FF;
5178 : FF;
5179 : FF;
5180 : FF;
5181 : FF;
5182 : FF;
5183 : FF;
5184 : FF;
5185 : FF;
5186 : FF;
5187 : FF;
5188 : FF;
5189 : FF;
5190 : FF;
5191 : FF;
5192 : FF;
5193 : FF;
5194 : FF;
5195 : FF;
5196 : FF;
5197 : FF;
5198 : FF;
5199 : FF;
5200 : FF;
5201 : FF;
5202 : FF;
5203 : FF;
5204 : FF;
5205 : FF;
5206 : FF;
5207 : FF;
5208 : FF;
5209 : FF;
5210 : FF;
5211 : FF;
5212 : FF;
5213 : FF;
5214 : FF;
5215 : FF;
5216 : FF;
5217 : FF;
5218 : FF;
5219 : FF;
5220 : FF;
5221 : FF;
5222 : FF;
5223 : FF;
5224 : FF;
5225 : FF;
5226 : FF;
5227 : FF;
5228 : FF;
5229 : FF;
5230 : FF;
5231 : FF;
5232 : FF;
5233 : FF;
5234 : FF;
5235 : FF;
5236 : FF;
5237 : FF;
5238 : FF;
5239 : FF;
5240 : FF;
5241 : FF;
5242 : FF;
5243 : FF;
5244 : FF;
5245 : FF;
5246 : FF;
5247 : FF;
5248 : FF;
5249 : FF;
5250 : FF;
5251 : FF;
5252 : FF;
5253 : FF;
5254 : FF;
5255 : FF;
5256 : FF;
5257 : FF;
5258 : FF;
5259 : FF;
5260 : FF;
5261 : FF;
5262 : FF;
5263 : FF;
5264 : FF;
5265 : FF;
5266 : FF;
5267 : FF;
5268 : FF;
5269 : FF;
5270 : FF;
5271 : FF;
5272 : FF;
5273 : FF;
5274 : FF;
5275 : FF;
5276 : FF;
5277 : FF;
5278 : FF;
5279 : FF;
5280 : FF;
5281 : FF;
5282 : FF;
5283 : FF;
5284 : FF;
5285 : FF;
5286 : FF;
5287 : FF;
5288 : FF;
5289 : FF;
5290 : FF;
5291 : FF;
5292 : FF;
5293 : FF;
5294 : FF;
5295 : FF;
5296 : FF;
5297 : FF;
5298 : FF;
5299 : FF;
5300 : FF;
5301 : FF;
5302 : FF;
5303 : FF;
5304 : FF;
5305 : FF;
5306 : FF;
5307 : FF;
5308 : FF;
5309 : FF;
5310 : FF;
5311 : FF;
5312 : FF;
5313 : FF;
5314 : FF;
5315 : FF;
5316 : FF;
5317 : FF;
5318 : FF;
5319 : FF;
5320 : FF;
5321 : FF;
5322 : FF;
5323 : FF;
5324 : FF;
5325 : FF;
5326 : FF;
5327 : FF;
5328 : FF;
5329 : FF;
5330 : FF;
5331 : FF;
5332 : FF;
5333 : FF;
5334 : FF;
5335 : FF;
5336 : FF;
5337 : FF;
5338 : FF;
5339 : FF;
5340 : FF;
5341 : FF;
5342 : FF;
5343 : FF;
5344 : FF;
5345 : FF;
5346 : FF;
5347 : FF;
5348 : FF;
5349 : FF;
5350 : FF;
5351 : FF;
5352 : FF;
5353 : FF;
5354 : FF;
5355 : FF;
5356 : FF;
5357 : FF;
5358 : FF;
5359 : FF;
5360 : FF;
5361 : FF;
5362 : FF;
5363 : FF;
5364 : FF;
5365 : FF;
5366 : FF;
5367 : FF;
5368 : FF;
5369 : FF;
5370 : FF;
5371 : FF;
5372 : FF;
5373 : FF;
5374 : FF;
5375 : FF;
5376 : FF;
5377 : FF;
5378 : FF;
5379 : FF;
5380 : FF;
5381 : FF;
5382 : FF;
5383 : FF;
5384 : FF;
5385 : FF;
5386 : FF;
5387 : FF;
5388 : FF;
5389 : FF;
5390 : FF;
5391 : FF;
5392 : FF;
5393 : FF;
5394 : FF;
5395 : FF;
5396 : FF;
5397 : FF;
5398 : FF;
5399 : FF;
5400 : FF;
5401 : FF;
5402 : FF;
5403 : FF;
5404 : FF;
5405 : FF;
5406 : FF;
5407 : FF;
5408 : FF;
5409 : FF;
5410 : FF;
5411 : FF;
5412 : FF;
5413 : FF;
5414 : FF;
5415 : FF;
5416 : FF;
5417 : FF;
5418 : FF;
5419 : FF;
5420 : FF;
5421 : FF;
5422 : FF;
5423 : FF;
5424 : FF;
5425 : FF;
5426 : FF;
5427 : FF;
5428 : FF;
5429 : FF;
5430 : FF;
5431 : FF;
5432 : FF;
5433 : FF;
5434 : FF;
5435 : FF;
5436 : FF;
5437 : FF;
5438 : FF;
5439 : FF;
5440 : FF;
5441 : FF;
5442 : FF;
5443 : FF;
5444 : FF;
5445 : FF;
5446 : FF;
5447 : FF;
5448 : FF;
5449 : FF;
5450 : FF;
5451 : FF;
5452 : FF;
5453 : FF;
5454 : FF;
5455 : FF;
5456 : FF;
5457 : FF;
5458 : FF;
5459 : FF;
5460 : FF;
5461 : FF;
5462 : FF;
5463 : FF;
5464 : FF;
5465 : FF;
5466 : FF;
5467 : FF;
5468 : FF;
5469 : FF;
5470 : FF;
5471 : FF;
5472 : FF;
5473 : FF;
5474 : FF;
5475 : FF;
5476 : FF;
5477 : FF;
5478 : FF;
5479 : FF;
5480 : FF;
5481 : FF;
5482 : FF;
5483 : FF;
5484 : FF;
5485 : FF;
5486 : FF;
5487 : FF;
5488 : FF;
5489 : FF;
5490 : FF;
5491 : FF;
5492 : FF;
5493 : FF;
5494 : FF;
5495 : FF;
5496 : FF;
5497 : FF;
5498 : FF;
5499 : FF;
5500 : FF;
5501 : FF;
5502 : FF;
5503 : FF;
5504 : FF;
5505 : FF;
5506 : FF;
5507 : FF;
5508 : FF;
5509 : FF;
5510 : FF;
5511 : FF;
5512 : FF;
5513 : FF;
5514 : FF;
5515 : FF;
5516 : FF;
5517 : FF;
5518 : FF;
5519 : FF;
5520 : FF;
5521 : FF;
5522 : FF;
5523 : FF;
5524 : FF;
5525 : FF;
5526 : FF;
5527 : FF;
5528 : FF;
5529 : FF;
5530 : FF;
5531 : FF;
5532 : FF;
5533 : FF;
5534 : FF;
5535 : FF;
5536 : FF;
5537 : FF;
5538 : FF;
5539 : FF;
5540 : FF;
5541 : FF;
5542 : FF;
5543 : FF;
5544 : FF;
5545 : FF;
5546 : FF;
5547 : FF;
5548 : FF;
5549 : FF;
5550 : FF;
5551 : FF;
5552 : FF;
5553 : FF;
5554 : FF;
5555 : FF;
5556 : FF;
5557 : FF;
5558 : FF;
5559 : FF;
5560 : FF;
5561 : FF;
5562 : FF;
5563 : FF;
5564 : FF;
5565 : FF;
5566 : FF;
5567 : FF;
5568 : FF;
5569 : FF;
5570 : FF;
5571 : FF;
5572 : FF;
5573 : FF;
5574 : FF;
5575 : FF;
5576 : FF;
5577 : FF;
5578 : FF;
5579 : FF;
5580 : FF;
5581 : FF;
5582 : FF;
5583 : FF;
5584 : FF;
5585 : FF;
5586 : FF;
5587 : FF;
5588 : FF;
5589 : FF;
5590 : FF;
5591 : FF;
5592 : FF;
5593 : FF;
5594 : FF;
5595 : FF;
5596 : FF;
5597 : FF;
5598 : FF;
5599 : FF;
5600 : FF;
5601 : FF;
5602 : FF;
5603 : FF;
5604 : FF;
5605 : FF;
5606 : FF;
5607 : FF;
5608 : FF;
5609 : FF;
5610 : FF;
5611 : FF;
5612 : FF;
5613 : FF;
5614 : FF;
5615 : FF;
5616 : FF;
5617 : FF;
5618 : FF;
5619 : FF;
5620 : FF;
5621 : FF;
5622 : FF;
5623 : FF;
5624 : FF;
5625 : FF;
5626 : FF;
5627 : FF;
5628 : FF;
5629 : FF;
5630 : FF;
5631 : FF;
5632 : FF;
5633 : FF;
5634 : FF;
5635 : FF;
5636 : FF;
5637 : FF;
5638 : FF;
5639 : FF;
5640 : FF;
5641 : FF;
5642 : FF;
5643 : FF;
5644 : FF;
5645 : FF;
5646 : FF;
5647 : FF;
5648 : FF;
5649 : FF;
5650 : FF;
5651 : FF;
5652 : FF;
5653 : FF;
5654 : FF;
5655 : FF;
5656 : FF;
5657 : FF;
5658 : FF;
5659 : FF;
5660 : FF;
5661 : FF;
5662 : FF;
5663 : FF;
5664 : FF;
5665 : FF;
5666 : FF;
5667 : FF;
5668 : FF;
5669 : FF;
5670 : FF;
5671 : FF;
5672 : FF;
5673 : FF;
5674 : FF;
5675 : FF;
5676 : FF;
5677 : FF;
5678 : FF;
5679 : FF;
5680 : FF;
5681 : FF;
5682 : FF;
5683 : FF;
5684 : FF;
5685 : FF;
5686 : FF;
5687 : FF;
5688 : FF;
5689 : FF;
5690 : FF;
5691 : FF;
5692 : FF;
5693 : FF;
5694 : FF;
5695 : FF;
5696 : FF;
5697 : FF;
5698 : FF;
5699 : FF;
5700 : FF;
5701 : FF;
5702 : FF;
5703 : FF;
5704 : FF;
5705 : FF;
5706 : FF;
5707 : FF;
5708 : FF;
5709 : FF;
5710 : FF;
5711 : FF;
5712 : FF;
5713 : FF;
5714 : FF;
5715 : FF;
5716 : FF;
5717 : FF;
5718 : FF;
5719 : FF;
5720 : FF;
5721 : FF;
5722 : FF;
5723 : FF;
5724 : FF;
5725 : FF;
5726 : FF;
5727 : FF;
5728 : FF;
5729 : FF;
5730 : FF;
5731 : FF;
5732 : FF;
5733 : FF;
5734 : FF;
5735 : FF;
5736 : FF;
5737 : FF;
5738 : FF;
5739 : FF;
5740 : FF;
5741 : FF;
5742 : FF;
5743 : FF;
5744 : FF;
5745 : FF;
5746 : FF;
5747 : FF;
5748 : FF;
5749 : FF;
5750 : FF;
5751 : FF;
5752 : FF;
5753 : FF;
5754 : FF;
5755 : FF;
5756 : FF;
5757 : FF;
5758 : FF;
5759 : FF;
5760 : FF;
5761 : FF;
5762 : FF;
5763 : FF;
5764 : FF;
5765 : FF;
5766 : FF;
5767 : FF;
5768 : FF;
5769 : FF;
5770 : FF;
5771 : FF;
5772 : FF;
5773 : FF;
5774 : FF;
5775 : FF;
5776 : FF;
5777 : FF;
5778 : FF;
5779 : FF;
5780 : FF;
5781 : FF;
5782 : FF;
5783 : FF;
5784 : FF;
5785 : FF;
5786 : FF;
5787 : FF;
5788 : FF;
5789 : FF;
5790 : FF;
5791 : FF;
5792 : FF;
5793 : FF;
5794 : FF;
5795 : FF;
5796 : FF;
5797 : FF;
5798 : FF;
5799 : FF;
5800 : FF;
5801 : FF;
5802 : FF;
5803 : FF;
5804 : FF;
5805 : FF;
5806 : FF;
5807 : FF;
5808 : FF;
5809 : FF;
5810 : FF;
5811 : FF;
5812 : FF;
5813 : FF;
5814 : FF;
5815 : FF;
5816 : FF;
5817 : FF;
5818 : FF;
5819 : FF;
5820 : FF;
5821 : FF;
5822 : FF;
5823 : FF;
5824 : FF;
5825 : FF;
5826 : FF;
5827 : FF;
5828 : FF;
5829 : FF;
5830 : FF;
5831 : FF;
5832 : FF;
5833 : FF;
5834 : FF;
5835 : FF;
5836 : FF;
5837 : FF;
5838 : FF;
5839 : FF;
5840 : FF;
5841 : FF;
5842 : FF;
5843 : FF;
5844 : FF;
5845 : FF;
5846 : FF;
5847 : FF;
5848 : FF;
5849 : FF;
5850 : FF;
5851 : FF;
5852 : FF;
5853 : FF;
5854 : FF;
5855 : FF;
5856 : FF;
5857 : FF;
5858 : FF;
5859 : FF;
5860 : FF;
5861 : FF;
5862 : FF;
5863 : FF;
5864 : FF;
5865 : FF;
5866 : FF;
5867 : FF;
5868 : FF;
5869 : FF;
5870 : FF;
5871 : FF;
5872 : FF;
5873 : FF;
5874 : FF;
5875 : FF;
5876 : FF;
5877 : FF;
5878 : FF;
5879 : FF;
5880 : FF;
5881 : FF;
5882 : FF;
5883 : FF;
5884 : FF;
5885 : FF;
5886 : FF;
5887 : FF;
5888 : FF;
5889 : FF;
5890 : FF;
5891 : FF;
5892 : FF;
5893 : FF;
5894 : FF;
5895 : FF;
5896 : FF;
5897 : FF;
5898 : FF;
5899 : FF;
5900 : FF;
5901 : FF;
5902 : FF;
5903 : FF;
5904 : FF;
5905 : FF;
5906 : FF;
5907 : FF;
5908 : FF;
5909 : FF;
5910 : FF;
5911 : FF;
5912 : FF;
5913 : FF;
5914 : FF;
5915 : FF;
5916 : FF;
5917 : FF;
5918 : FF;
5919 : FF;
5920 : FF;
5921 : FF;
5922 : FF;
5923 : FF;
5924 : FF;
5925 : FF;
5926 : FF;
5927 : FF;
5928 : FF;
5929 : FF;
5930 : FF;
5931 : FF;
5932 : FF;
5933 : FF;
5934 : FF;
5935 : FF;
5936 : FF;
5937 : FF;
5938 : FF;
5939 : FF;
5940 : FF;
5941 : FF;
5942 : FF;
5943 : FF;
5944 : FF;
5945 : FF;
5946 : FF;
5947 : FF;
5948 : FF;
5949 : FF;
5950 : FF;
5951 : FF;
5952 : FF;
5953 : FF;
5954 : FF;
5955 : FF;
5956 : FF;
5957 : FF;
5958 : FF;
5959 : FF;
5960 : FF;
5961 : FF;
5962 : FF;
5963 : FF;
5964 : FF;
5965 : FF;
5966 : FF;
5967 : FF;
5968 : FF;
5969 : FF;
5970 : FF;
5971 : FF;
5972 : FF;
5973 : FF;
5974 : FF;
5975 : FF;
5976 : FF;
5977 : FF;
5978 : FF;
5979 : FF;
5980 : FF;
5981 : FF;
5982 : FF;
5983 : FF;
5984 : FF;
5985 : FF;
5986 : FF;
5987 : FF;
5988 : FF;
5989 : FF;
5990 : FF;
5991 : FF;
5992 : FF;
5993 : FF;
5994 : FF;
5995 : FF;
5996 : FF;
5997 : FF;
5998 : FF;
5999 : FF;
6000 : FF;
6001 : FF;
6002 : FF;
6003 : FF;
6004 : FF;
6005 : FF;
6006 : FF;
6007 : FF;
6008 : FF;
6009 : FF;
6010 : FF;
6011 : FF;
6012 : FF;
6013 : FF;
6014 : FF;
6015 : FF;
6016 : FF;
6017 : FF;
6018 : FF;
6019 : FF;
6020 : FF;
6021 : FF;
6022 : FF;
6023 : FF;
6024 : FF;
6025 : FF;
6026 : FF;
6027 : FF;
6028 : FF;
6029 : FF;
6030 : FF;
6031 : FF;
6032 : FF;
6033 : FF;
6034 : FF;
6035 : FF;
6036 : FF;
6037 : FF;
6038 : FF;
6039 : FF;
6040 : FF;
6041 : FF;
6042 : FF;
6043 : FF;
6044 : FF;
6045 : FF;
6046 : FF;
6047 : FF;
6048 : FF;
6049 : FF;
6050 : FF;
6051 : FF;
6052 : FF;
6053 : FF;
6054 : FF;
6055 : FF;
6056 : FF;
6057 : FF;
6058 : FF;
6059 : FF;
6060 : FF;
6061 : FF;
6062 : FF;
6063 : FF;
6064 : FF;
6065 : FF;
6066 : FF;
6067 : FF;
6068 : FF;
6069 : FF;
6070 : FF;
6071 : FF;
6072 : FF;
6073 : FF;
6074 : FF;
6075 : FF;
6076 : FF;
6077 : FF;
6078 : FF;
6079 : FF;
6080 : FF;
6081 : FF;
6082 : FF;
6083 : FF;
6084 : FF;
6085 : FF;
6086 : FF;
6087 : FF;
6088 : FF;
6089 : FF;
6090 : FF;
6091 : FF;
6092 : FF;
6093 : FF;
6094 : FF;
6095 : FF;
6096 : FF;
6097 : FF;
6098 : FF;
6099 : FF;
6100 : FF;
6101 : FF;
6102 : FF;
6103 : FF;
6104 : FF;
6105 : FF;
6106 : FF;
6107 : FF;
6108 : FF;
6109 : FF;
6110 : FF;
6111 : FF;
6112 : FF;
6113 : FF;
6114 : FF;
6115 : FF;
6116 : FF;
6117 : FF;
6118 : FF;
6119 : FF;
6120 : FF;
6121 : FF;
6122 : FF;
6123 : FF;
6124 : FF;
6125 : FF;
6126 : FF;
6127 : FF;
6128 : FF;
6129 : FF;
6130 : FF;
6131 : FF;
6132 : FF;
6133 : FF;
6134 : FF;
6135 : FF;
6136 : FF;
6137 : FF;
6138 : FF;
6139 : FF;
6140 : FF;
6141 : FF;
6142 : FF;
6143 : FF;
6144 : FF;
6145 : FF;
6146 : FF;
6147 : FF;
6148 : FF;
6149 : FF;
6150 : FF;
6151 : FF;
6152 : FF;
6153 : FF;
6154 : FF;
6155 : FF;
6156 : FF;
6157 : FF;
6158 : FF;
6159 : FF;
6160 : FF;
6161 : FF;
6162 : FF;
6163 : FF;
6164 : FF;
6165 : FF;
6166 : FF;
6167 : FF;
6168 : FF;
6169 : FF;
6170 : FF;
6171 : FF;
6172 : FF;
6173 : FF;
6174 : FF;
6175 : FF;
6176 : FF;
6177 : FF;
6178 : FF;
6179 : FF;
6180 : FF;
6181 : FF;
6182 : FF;
6183 : FF;
6184 : FF;
6185 : FF;
6186 : FF;
6187 : FF;
6188 : FF;
6189 : FF;
6190 : FF;
6191 : FF;
6192 : FF;
6193 : FF;
6194 : FF;
6195 : FF;
6196 : FF;
6197 : FF;
6198 : FF;
6199 : FF;
6200 : FF;
6201 : FF;
6202 : FF;
6203 : FF;
6204 : FF;
6205 : FF;
6206 : FF;
6207 : FF;
6208 : FF;
6209 : FF;
6210 : FF;
6211 : FF;
6212 : FF;
6213 : FF;
6214 : FF;
6215 : FF;
6216 : FF;
6217 : FF;
6218 : FF;
6219 : FF;
6220 : FF;
6221 : FF;
6222 : FF;
6223 : FF;
6224 : FF;
6225 : FF;
6226 : FF;
6227 : FF;
6228 : FF;
6229 : FF;
6230 : FF;
6231 : FF;
6232 : FF;
6233 : FF;
6234 : FF;
6235 : FF;
6236 : FF;
6237 : FF;
6238 : FF;
6239 : FF;
6240 : FF;
6241 : FF;
6242 : FF;
6243 : FF;
6244 : FF;
6245 : FF;
6246 : FF;
6247 : FF;
6248 : FF;
6249 : FF;
6250 : FF;
6251 : FF;
6252 : FF;
6253 : FF;
6254 : FF;
6255 : FF;
6256 : FF;
6257 : FF;
6258 : FF;
6259 : FF;
6260 : FF;
6261 : FF;
6262 : FF;
6263 : FF;
6264 : FF;
6265 : FF;
6266 : FF;
6267 : FF;
6268 : FF;
6269 : FF;
6270 : FF;
6271 : FF;
6272 : FF;
6273 : FF;
6274 : FF;
6275 : FF;
6276 : FF;
6277 : FF;
6278 : FF;
6279 : FF;
6280 : FF;
6281 : FF;
6282 : FF;
6283 : FF;
6284 : FF;
6285 : FF;
6286 : FF;
6287 : FF;
6288 : FF;
6289 : FF;
6290 : FF;
6291 : FF;
6292 : FF;
6293 : FF;
6294 : FF;
6295 : FF;
6296 : FF;
6297 : FF;
6298 : FF;
6299 : FF;
6300 : FF;
6301 : FF;
6302 : FF;
6303 : FF;
6304 : FF;
6305 : FF;
6306 : FF;
6307 : FF;
6308 : FF;
6309 : FF;
6310 : FF;
6311 : FF;
6312 : FF;
6313 : FF;
6314 : FF;
6315 : FF;
6316 : FF;
6317 : FF;
6318 : FF;
6319 : FF;
6320 : FF;
6321 : FF;
6322 : FF;
6323 : FF;
6324 : FF;
6325 : FF;
6326 : FF;
6327 : FF;
6328 : FF;
6329 : FF;
6330 : FF;
6331 : FF;
6332 : FF;
6333 : FF;
6334 : FF;
6335 : FF;
6336 : FF;
6337 : FF;
6338 : FF;
6339 : FF;
6340 : FF;
6341 : FF;
6342 : FF;
6343 : FF;
6344 : FF;
6345 : FF;
6346 : FF;
6347 : FF;
6348 : FF;
6349 : FF;
6350 : FF;
6351 : FF;
6352 : FF;
6353 : FF;
6354 : FF;
6355 : FF;
6356 : FF;
6357 : FF;
6358 : FF;
6359 : FF;
6360 : FF;
6361 : FF;
6362 : FF;
6363 : FF;
6364 : FF;
6365 : FF;
6366 : FF;
6367 : FF;
6368 : FF;
6369 : FF;
6370 : FF;
6371 : FF;
6372 : FF;
6373 : FF;
6374 : FF;
6375 : FF;
6376 : FF;
6377 : FF;
6378 : FF;
6379 : FF;
6380 : FF;
6381 : FF;
6382 : FF;
6383 : FF;
6384 : FF;
6385 : FF;
6386 : FF;
6387 : FF;
6388 : FF;
6389 : FF;
6390 : FF;
6391 : FF;
6392 : FF;
6393 : FF;
6394 : FF;
6395 : FF;
6396 : FF;
6397 : FF;
6398 : FF;
6399 : FF;
6400 : FF;
6401 : FF;
6402 : FF;
6403 : FF;
6404 : FF;
6405 : FF;
6406 : FF;
6407 : FF;
6408 : FF;
6409 : FF;
6410 : FF;
6411 : FF;
6412 : FF;
6413 : FF;
6414 : FF;
6415 : FF;
6416 : FF;
6417 : FF;
6418 : FF;
6419 : FF;
6420 : FF;
6421 : FF;
6422 : FF;
6423 : FF;
6424 : FF;
6425 : FF;
6426 : FF;
6427 : FF;
6428 : FF;
6429 : FF;
6430 : FF;
6431 : FF;
6432 : FF;
6433 : FF;
6434 : FF;
6435 : FF;
6436 : FF;
6437 : FF;
6438 : FF;
6439 : FF;
6440 : FF;
6441 : FF;
6442 : FF;
6443 : FF;
6444 : FF;
6445 : FF;
6446 : FF;
6447 : FF;
6448 : FF;
6449 : FF;
6450 : FF;
6451 : FF;
6452 : FF;
6453 : FF;
6454 : FF;
6455 : FF;
6456 : FF;
6457 : FF;
6458 : FF;
6459 : FF;
6460 : FF;
6461 : FF;
6462 : FF;
6463 : FF;
6464 : FF;
6465 : FF;
6466 : FF;
6467 : FF;
6468 : FF;
6469 : FF;
6470 : FF;
6471 : FF;
6472 : FF;
6473 : FF;
6474 : FF;
6475 : FF;
6476 : FF;
6477 : FF;
6478 : FF;
6479 : FF;
6480 : FF;
6481 : FF;
6482 : FF;
6483 : FF;
6484 : FF;
6485 : FF;
6486 : FF;
6487 : FF;
6488 : FF;
6489 : FF;
6490 : FF;
6491 : FF;
6492 : FF;
6493 : FF;
6494 : FF;
6495 : FF;
6496 : FF;
6497 : FF;
6498 : FF;
6499 : FF;
6500 : FF;
6501 : FF;
6502 : FF;
6503 : FF;
6504 : FF;
6505 : FF;
6506 : FF;
6507 : FF;
6508 : FF;
6509 : FF;
6510 : FF;
6511 : FF;
6512 : FF;
6513 : FF;
6514 : FF;
6515 : FF;
6516 : FF;
6517 : FF;
6518 : FF;
6519 : FF;
6520 : FF;
6521 : FF;
6522 : FF;
6523 : FF;
6524 : FF;
6525 : FF;
6526 : FF;
6527 : FF;
6528 : FF;
6529 : FF;
6530 : FF;
6531 : FF;
6532 : FF;
6533 : FF;
6534 : FF;
6535 : FF;
6536 : FF;
6537 : FF;
6538 : FF;
6539 : FF;
6540 : FF;
6541 : FF;
6542 : FF;
6543 : FF;
6544 : FF;
6545 : FF;
6546 : FF;
6547 : FF;
6548 : FF;
6549 : FF;
6550 : FF;
6551 : FF;
6552 : FF;
6553 : FF;
6554 : FF;
6555 : FF;
6556 : FF;
6557 : FF;
6558 : FF;
6559 : FF;
6560 : FF;
6561 : FF;
6562 : FF;
6563 : FF;
6564 : FF;
6565 : FF;
6566 : FF;
6567 : FF;
6568 : FF;
6569 : FF;
6570 : FF;
6571 : FF;
6572 : FF;
6573 : FF;
6574 : FF;
6575 : FF;
6576 : FF;
6577 : FF;
6578 : FF;
6579 : FF;
6580 : FF;
6581 : FF;
6582 : FF;
6583 : FF;
6584 : FF;
6585 : FF;
6586 : FF;
6587 : FF;
6588 : FF;
6589 : FF;
6590 : FF;
6591 : FF;
6592 : FF;
6593 : FF;
6594 : FF;
6595 : FF;
6596 : FF;
6597 : FF;
6598 : FF;
6599 : FF;
6600 : FF;
6601 : FF;
6602 : FF;
6603 : FF;
6604 : FF;
6605 : FF;
6606 : FF;
6607 : FF;
6608 : FF;
6609 : FF;
6610 : FF;
6611 : FF;
6612 : FF;
6613 : FF;
6614 : FF;
6615 : FF;
6616 : FF;
6617 : FF;
6618 : FF;
6619 : FF;
6620 : FF;
6621 : FF;
6622 : FF;
6623 : FF;
6624 : FF;
6625 : FF;
6626 : FF;
6627 : FF;
6628 : FF;
6629 : FF;
6630 : FF;
6631 : FF;
6632 : FF;
6633 : FF;
6634 : FF;
6635 : FF;
6636 : FF;
6637 : FF;
6638 : FF;
6639 : FF;
6640 : FF;
6641 : FF;
6642 : FF;
6643 : FF;
6644 : FF;
6645 : FF;
6646 : FF;
6647 : FF;
6648 : FF;
6649 : FF;
6650 : FF;
6651 : FF;
6652 : FF;
6653 : FF;
6654 : FF;
6655 : FF;
6656 : FF;
6657 : FF;
6658 : FF;
6659 : FF;
6660 : FF;
6661 : FF;
6662 : FF;
6663 : FF;
6664 : FF;
6665 : FF;
6666 : FF;
6667 : FF;
6668 : FF;
6669 : FF;
6670 : FF;
6671 : FF;
6672 : FF;
6673 : FF;
6674 : FF;
6675 : FF;
6676 : FF;
6677 : FF;
6678 : FF;
6679 : FF;
6680 : FF;
6681 : FF;
6682 : FF;
6683 : FF;
6684 : FF;
6685 : FF;
6686 : FF;
6687 : FF;
6688 : FF;
6689 : FF;
6690 : FF;
6691 : FF;
6692 : FF;
6693 : FF;
6694 : FF;
6695 : FF;
6696 : FF;
6697 : FF;
6698 : FF;
6699 : FF;
6700 : FF;
6701 : FF;
6702 : FF;
6703 : FF;
6704 : FF;
6705 : FF;
6706 : FF;
6707 : FF;
6708 : FF;
6709 : FF;
6710 : FF;
6711 : FF;
6712 : FF;
6713 : FF;
6714 : FF;
6715 : FF;
6716 : FF;
6717 : FF;
6718 : FF;
6719 : FF;
6720 : FF;
6721 : FF;
6722 : FF;
6723 : FF;
6724 : FF;
6725 : FF;
6726 : FF;
6727 : FF;
6728 : FF;
6729 : FF;
6730 : FF;
6731 : FF;
6732 : FF;
6733 : FF;
6734 : FF;
6735 : FF;
6736 : FF;
6737 : FF;
6738 : FF;
6739 : FF;
6740 : FF;
6741 : FF;
6742 : FF;
6743 : FF;
6744 : FF;
6745 : FF;
6746 : FF;
6747 : FF;
6748 : FF;
6749 : FF;
6750 : FF;
6751 : FF;
6752 : FF;
6753 : FF;
6754 : FF;
6755 : FF;
6756 : FF;
6757 : FF;
6758 : FF;
6759 : FF;
6760 : FF;
6761 : FF;
6762 : FF;
6763 : FF;
6764 : FF;
6765 : FF;
6766 : FF;
6767 : FF;
6768 : FF;
6769 : FF;
6770 : FF;
6771 : FF;
6772 : FF;
6773 : FF;
6774 : FF;
6775 : FF;
6776 : FF;
6777 : FF;
6778 : FF;
6779 : FF;
6780 : FF;
6781 : FF;
6782 : FF;
6783 : FF;
6784 : FF;
6785 : FF;
6786 : FF;
6787 : FF;
6788 : FF;
6789 : FF;
6790 : FF;
6791 : FF;
6792 : FF;
6793 : FF;
6794 : FF;
6795 : FF;
6796 : FF;
6797 : FF;
6798 : FF;
6799 : FF;
6800 : FF;
6801 : FF;
6802 : FF;
6803 : FF;
6804 : FF;
6805 : FF;
6806 : FF;
6807 : FF;
6808 : FF;
6809 : FF;
6810 : FF;
6811 : FF;
6812 : FF;
6813 : FF;
6814 : FF;
6815 : FF;
6816 : FF;
6817 : FF;
6818 : FF;
6819 : FF;
6820 : FF;
6821 : FF;
6822 : FF;
6823 : FF;
6824 : FF;
6825 : FF;
6826 : FF;
6827 : FF;
6828 : FF;
6829 : FF;
6830 : FF;
6831 : FF;
6832 : FF;
6833 : FF;
6834 : FF;
6835 : FF;
6836 : FF;
6837 : FF;
6838 : FF;
6839 : FF;
6840 : FF;
6841 : FF;
6842 : FF;
6843 : FF;
6844 : FF;
6845 : FF;
6846 : FF;
6847 : FF;
6848 : FF;
6849 : FF;
6850 : FF;
6851 : FF;
6852 : FF;
6853 : FF;
6854 : FF;
6855 : FF;
6856 : FF;
6857 : FF;
6858 : FF;
6859 : FF;
6860 : FF;
6861 : FF;
6862 : FF;
6863 : FF;
6864 : FF;
6865 : FF;
6866 : FF;
6867 : FF;
6868 : FF;
6869 : FF;
6870 : FF;
6871 : FF;
6872 : FF;
6873 : FF;
6874 : FF;
6875 : FF;
6876 : FF;
6877 : FF;
6878 : FF;
6879 : FF;
6880 : FF;
6881 : FF;
6882 : FF;
6883 : FF;
6884 : FF;
6885 : FF;
6886 : FF;
6887 : FF;
6888 : FF;
6889 : FF;
6890 : FF;
6891 : FF;
6892 : FF;
6893 : FF;
6894 : FF;
6895 : FF;
6896 : FF;
6897 : FF;
6898 : FF;
6899 : FF;
6900 : FF;
6901 : FF;
6902 : FF;
6903 : FF;
6904 : FF;
6905 : FF;
6906 : FF;
6907 : FF;
6908 : FF;
6909 : FF;
6910 : FF;
6911 : FF;
6912 : FF;
6913 : FF;
6914 : FF;
6915 : FF;
6916 : FF;
6917 : FF;
6918 : FF;
6919 : FF;
6920 : FF;
6921 : FF;
6922 : FF;
6923 : FF;
6924 : FF;
6925 : FF;
6926 : FF;
6927 : FF;
6928 : FF;
6929 : FF;
6930 : FF;
6931 : FF;
6932 : FF;
6933 : FF;
6934 : FF;
6935 : FF;
6936 : FF;
6937 : FF;
6938 : FF;
6939 : FF;
6940 : FF;
6941 : FF;
6942 : FF;
6943 : FF;
6944 : FF;
6945 : FF;
6946 : FF;
6947 : FF;
6948 : FF;
6949 : FF;
6950 : FF;
6951 : FF;
6952 : FF;
6953 : FF;
6954 : FF;
6955 : FF;
6956 : FF;
6957 : FF;
6958 : FF;
6959 : FF;
6960 : FF;
6961 : FF;
6962 : FF;
6963 : FF;
6964 : FF;
6965 : FF;
6966 : FF;
6967 : FF;
6968 : FF;
6969 : FF;
6970 : FF;
6971 : FF;
6972 : FF;
6973 : FF;
6974 : FF;
6975 : FF;
6976 : FF;
6977 : FF;
6978 : FF;
6979 : FF;
6980 : FF;
6981 : FF;
6982 : FF;
6983 : FF;
6984 : FF;
6985 : FF;
6986 : FF;
6987 : FF;
6988 : FF;
6989 : FF;
6990 : FF;
6991 : FF;
6992 : FF;
6993 : FF;
6994 : FF;
6995 : FF;
6996 : FF;
6997 : FF;
6998 : FF;
6999 : FF;
7000 : FF;
7001 : FF;
7002 : FF;
7003 : FF;
7004 : FF;
7005 : FF;
7006 : FF;
7007 : FF;
7008 : FF;
7009 : FF;
7010 : FF;
7011 : FF;
7012 : FF;
7013 : FF;
7014 : FF;
7015 : FF;
7016 : FF;
7017 : FF;
7018 : FF;
7019 : FF;
7020 : FF;
7021 : FF;
7022 : FF;
7023 : FF;
7024 : FF;
7025 : FF;
7026 : FF;
7027 : FF;
7028 : FF;
7029 : FF;
7030 : FF;
7031 : FF;
7032 : FF;
7033 : FF;
7034 : FF;
7035 : FF;
7036 : FF;
7037 : FF;
7038 : FF;
7039 : FF;
7040 : FF;
7041 : FF;
7042 : FF;
7043 : FF;
7044 : FF;
7045 : FF;
7046 : FF;
7047 : FF;
7048 : FF;
7049 : FF;
7050 : FF;
7051 : FF;
7052 : FF;
7053 : FF;
7054 : FF;
7055 : FF;
7056 : FF;
7057 : FF;
7058 : FF;
7059 : FF;
7060 : FF;
7061 : FF;
7062 : FF;
7063 : FF;
7064 : FF;
7065 : FF;
7066 : FF;
7067 : FF;
7068 : FF;
7069 : FF;
7070 : FF;
7071 : FF;
7072 : FF;
7073 : FF;
7074 : FF;
7075 : FF;
7076 : FF;
7077 : FF;
7078 : FF;
7079 : FF;
7080 : FF;
7081 : FF;
7082 : FF;
7083 : FF;
7084 : FF;
7085 : FF;
7086 : FF;
7087 : FF;
7088 : FF;
7089 : FF;
7090 : FF;
7091 : FF;
7092 : FF;
7093 : FF;
7094 : FF;
7095 : FF;
7096 : FF;
7097 : FF;
7098 : FF;
7099 : FF;
7100 : FF;
7101 : FF;
7102 : FF;
7103 : FF;
7104 : FF;
7105 : FF;
7106 : FF;
7107 : FF;
7108 : FF;
7109 : FF;
7110 : FF;
7111 : FF;
7112 : FF;
7113 : FF;
7114 : FF;
7115 : FF;
7116 : FF;
7117 : FF;
7118 : FF;
7119 : FF;
7120 : FF;
7121 : FF;
7122 : FF;
7123 : FF;
7124 : FF;
7125 : FF;
7126 : FF;
7127 : FF;
7128 : FF;
7129 : FF;
7130 : FF;
7131 : FF;
7132 : FF;
7133 : FF;
7134 : FF;
7135 : FF;
7136 : FF;
7137 : FF;
7138 : FF;
7139 : FF;
7140 : FF;
7141 : FF;
7142 : FF;
7143 : FF;
7144 : FF;
7145 : FF;
7146 : FF;
7147 : FF;
7148 : FF;
7149 : FF;
7150 : FF;
7151 : FF;
7152 : FF;
7153 : FF;
7154 : FF;
7155 : FF;
7156 : FF;
7157 : FF;
7158 : FF;
7159 : FF;
7160 : FF;
7161 : FF;
7162 : FF;
7163 : FF;
7164 : FF;
7165 : FF;
7166 : FF;
7167 : FF;
7168 : FF;
7169 : FF;
7170 : FF;
7171 : FF;
7172 : FF;
7173 : FF;
7174 : FF;
7175 : FF;
7176 : FF;
7177 : FF;
7178 : FF;
7179 : FF;
7180 : FF;
7181 : FF;
7182 : FF;
7183 : FF;
7184 : FF;
7185 : FF;
7186 : FF;
7187 : FF;
7188 : FF;
7189 : FF;
7190 : FF;
7191 : FF;
7192 : FF;
7193 : FF;
7194 : FF;
7195 : FF;
7196 : FF;
7197 : FF;
7198 : FF;
7199 : FF;
7200 : FF;
7201 : FF;
7202 : FF;
7203 : FF;
7204 : FF;
7205 : FF;
7206 : FF;
7207 : FF;
7208 : FF;
7209 : FF;
7210 : FF;
7211 : FF;
7212 : FF;
7213 : FF;
7214 : FF;
7215 : FF;
7216 : FF;
7217 : FF;
7218 : FF;
7219 : FF;
7220 : FF;
7221 : FF;
7222 : FF;
7223 : FF;
7224 : FF;
7225 : FF;
7226 : FF;
7227 : FF;
7228 : FF;
7229 : FF;
7230 : FF;
7231 : FF;
7232 : FF;
7233 : FF;
7234 : FF;
7235 : FF;
7236 : FF;
7237 : FF;
7238 : FF;
7239 : FF;
7240 : FF;
7241 : FF;
7242 : FF;
7243 : FF;
7244 : FF;
7245 : FF;
7246 : FF;
7247 : FF;
7248 : FF;
7249 : FF;
7250 : FF;
7251 : FF;
7252 : FF;
7253 : FF;
7254 : FF;
7255 : FF;
7256 : FF;
7257 : FF;
7258 : FF;
7259 : FF;
7260 : FF;
7261 : FF;
7262 : FF;
7263 : FF;
7264 : FF;
7265 : FF;
7266 : FF;
7267 : FF;
7268 : FF;
7269 : FF;
7270 : FF;
7271 : FF;
7272 : FF;
7273 : FF;
7274 : FF;
7275 : FF;
7276 : FF;
7277 : FF;
7278 : FF;
7279 : FF;
7280 : FF;
7281 : FF;
7282 : FF;
7283 : FF;
7284 : FF;
7285 : FF;
7286 : FF;
7287 : FF;
7288 : FF;
7289 : FF;
7290 : FF;
7291 : FF;
7292 : FF;
7293 : FF;
7294 : FF;
7295 : FF;
7296 : FF;
7297 : FF;
7298 : FF;
7299 : FF;
7300 : FF;
7301 : FF;
7302 : FF;
7303 : FF;
7304 : FF;
7305 : FF;
7306 : FF;
7307 : FF;
7308 : FF;
7309 : FF;
7310 : FF;
7311 : FF;
7312 : FF;
7313 : FF;
7314 : FF;
7315 : FF;
7316 : FF;
7317 : FF;
7318 : FF;
7319 : FF;
7320 : FF;
7321 : FF;
7322 : FF;
7323 : FF;
7324 : FF;
7325 : FF;
7326 : FF;
7327 : FF;
7328 : FF;
7329 : FF;
7330 : FF;
7331 : FF;
7332 : FF;
7333 : FF;
7334 : FF;
7335 : FF;
7336 : FF;
7337 : FF;
7338 : FF;
7339 : FF;
7340 : FF;
7341 : FF;
7342 : FF;
7343 : FF;
7344 : FF;
7345 : FF;
7346 : FF;
7347 : FF;
7348 : FF;
7349 : FF;
7350 : FF;
7351 : FF;
7352 : FF;
7353 : FF;
7354 : FF;
7355 : FF;
7356 : FF;
7357 : FF;
7358 : FF;
7359 : FF;
7360 : FF;
7361 : FF;
7362 : FF;
7363 : FF;
7364 : FF;
7365 : FF;
7366 : FF;
7367 : FF;
7368 : FF;
7369 : FF;
7370 : FF;
7371 : FF;
7372 : FF;
7373 : FF;
7374 : FF;
7375 : FF;
7376 : FF;
7377 : FF;
7378 : FF;
7379 : FF;
7380 : FF;
7381 : FF;
7382 : FF;
7383 : FF;
7384 : FF;
7385 : FF;
7386 : FF;
7387 : FF;
7388 : FF;
7389 : FF;
7390 : FF;
7391 : FF;
7392 : FF;
7393 : FF;
7394 : FF;
7395 : FF;
7396 : FF;
7397 : FF;
7398 : FF;
7399 : FF;
7400 : FF;
7401 : FF;
7402 : FF;
7403 : FF;
7404 : FF;
7405 : FF;
7406 : FF;
7407 : FF;
7408 : FF;
7409 : FF;
7410 : FF;
7411 : FF;
7412 : FF;
7413 : FF;
7414 : FF;
7415 : FF;
7416 : FF;
7417 : FF;
7418 : FF;
7419 : FF;
7420 : FF;
7421 : FF;
7422 : FF;
7423 : FF;
7424 : FF;
7425 : FF;
7426 : FF;
7427 : FF;
7428 : FF;
7429 : FF;
7430 : FF;
7431 : FF;
7432 : FF;
7433 : FF;
7434 : FF;
7435 : FF;
7436 : FF;
7437 : FF;
7438 : FF;
7439 : FF;
7440 : FF;
7441 : FF;
7442 : FF;
7443 : FF;
7444 : FF;
7445 : FF;
7446 : FF;
7447 : FF;
7448 : FF;
7449 : FF;
7450 : FF;
7451 : FF;
7452 : FF;
7453 : FF;
7454 : FF;
7455 : FF;
7456 : FF;
7457 : FF;
7458 : FF;
7459 : FF;
7460 : FF;
7461 : FF;
7462 : FF;
7463 : FF;
7464 : FF;
7465 : FF;
7466 : FF;
7467 : FF;
7468 : FF;
7469 : FF;
7470 : FF;
7471 : FF;
7472 : FF;
7473 : FF;
7474 : FF;
7475 : FF;
7476 : FF;
7477 : FF;
7478 : FF;
7479 : FF;
7480 : FF;
7481 : FF;
7482 : FF;
7483 : FF;
7484 : FF;
7485 : FF;
7486 : FF;
7487 : FF;
7488 : FF;
7489 : FF;
7490 : FF;
7491 : FF;
7492 : FF;
7493 : FF;
7494 : FF;
7495 : FF;
7496 : FF;
7497 : FF;
7498 : FF;
7499 : FF;
7500 : FF;
7501 : FF;
7502 : FF;
7503 : FF;
7504 : FF;
7505 : FF;
7506 : FF;
7507 : FF;
7508 : FF;
7509 : FF;
7510 : FF;
7511 : FF;
7512 : FF;
7513 : FF;
7514 : FF;
7515 : FF;
7516 : FF;
7517 : FF;
7518 : FF;
7519 : FF;
7520 : FF;
7521 : FF;
7522 : FF;
7523 : FF;
7524 : FF;
7525 : FF;
7526 : FF;
7527 : FF;
7528 : FF;
7529 : FF;
7530 : FF;
7531 : FF;
7532 : FF;
7533 : FF;
7534 : FF;
7535 : FF;
7536 : FF;
7537 : FF;
7538 : FF;
7539 : FF;
7540 : FF;
7541 : FF;
7542 : FF;
7543 : FF;
7544 : FF;
7545 : FF;
7546 : FF;
7547 : FF;
7548 : FF;
7549 : FF;
7550 : FF;
7551 : FF;
7552 : FF;
7553 : FF;
7554 : FF;
7555 : FF;
7556 : FF;
7557 : FF;
7558 : FF;
7559 : FF;
7560 : FF;
7561 : FF;
7562 : FF;
7563 : FF;
7564 : FF;
7565 : FF;
7566 : FF;
7567 : FF;
7568 : FF;
7569 : FF;
7570 : FF;
7571 : FF;
7572 : FF;
7573 : FF;
7574 : FF;
7575 : FF;
7576 : FF;
7577 : FF;
7578 : FF;
7579 : FF;
7580 : FF;
7581 : FF;
7582 : FF;
7583 : FF;
7584 : FF;
7585 : FF;
7586 : FF;
7587 : FF;
7588 : FF;
7589 : FF;
7590 : FF;
7591 : FF;
7592 : FF;
7593 : FF;
7594 : FF;
7595 : FF;
7596 : FF;
7597 : FF;
7598 : FF;
7599 : FF;
7600 : FF;
7601 : FF;
7602 : FF;
7603 : FF;
7604 : FF;
7605 : FF;
7606 : FF;
7607 : FF;
7608 : FF;
7609 : FF;
7610 : FF;
7611 : FF;
7612 : FF;
7613 : FF;
7614 : FF;
7615 : FF;
7616 : FF;
7617 : FF;
7618 : FF;
7619 : FF;
7620 : FF;
7621 : FF;
7622 : FF;
7623 : FF;
7624 : FF;
7625 : FF;
7626 : FF;
7627 : FF;
7628 : FF;
7629 : FF;
7630 : FF;
7631 : FF;
7632 : FF;
7633 : FF;
7634 : FF;
7635 : FF;
7636 : FF;
7637 : FF;
7638 : FF;
7639 : FF;
7640 : FF;
7641 : FF;
7642 : FF;
7643 : FF;
7644 : FF;
7645 : FF;
7646 : FF;
7647 : FF;
7648 : FF;
7649 : FF;
7650 : FF;
7651 : FF;
7652 : FF;
7653 : FF;
7654 : FF;
7655 : FF;
7656 : FF;
7657 : FF;
7658 : FF;
7659 : FF;
7660 : FF;
7661 : FF;
7662 : FF;
7663 : FF;
7664 : FF;
7665 : FF;
7666 : FF;
7667 : FF;
7668 : FF;
7669 : FF;
7670 : FF;
7671 : FF;
7672 : FF;
7673 : FF;
7674 : FF;
7675 : FF;
7676 : FF;
7677 : FF;
7678 : FF;
7679 : FF;
7680 : FF;
7681 : FF;
7682 : FF;
7683 : FF;
7684 : FF;
7685 : FF;
7686 : FF;
7687 : FF;
7688 : FF;
7689 : FF;
7690 : FF;
7691 : FF;
7692 : FF;
7693 : FF;
7694 : FF;
7695 : FF;
7696 : FF;
7697 : FF;
7698 : FF;
7699 : FF;
7700 : FF;
7701 : FF;
7702 : FF;
7703 : FF;
7704 : FF;
7705 : FF;
7706 : FF;
7707 : FF;
7708 : FF;
7709 : FF;
7710 : FF;
7711 : FF;
7712 : FF;
7713 : FF;
7714 : FF;
7715 : FF;
7716 : FF;
7717 : FF;
7718 : FF;
7719 : FF;
7720 : FF;
7721 : FF;
7722 : FF;
7723 : FF;
7724 : FF;
7725 : FF;
7726 : FF;
7727 : FF;
7728 : FF;
7729 : FF;
7730 : FF;
7731 : FF;
7732 : FF;
7733 : FF;
7734 : FF;
7735 : FF;
7736 : FF;
7737 : FF;
7738 : FF;
7739 : FF;
7740 : FF;
7741 : FF;
7742 : FF;
7743 : FF;
7744 : FF;
7745 : FF;
7746 : FF;
7747 : FF;
7748 : FF;
7749 : FF;
7750 : FF;
7751 : FF;
7752 : FF;
7753 : FF;
7754 : FF;
7755 : FF;
7756 : FF;
7757 : FF;
7758 : FF;
7759 : FF;
7760 : FF;
7761 : FF;
7762 : FF;
7763 : FF;
7764 : FF;
7765 : FF;
7766 : FF;
7767 : FF;
7768 : FF;
7769 : FF;
7770 : FF;
7771 : FF;
7772 : FF;
7773 : FF;
7774 : FF;
7775 : FF;
7776 : FF;
7777 : FF;
7778 : FF;
7779 : FF;
7780 : FF;
7781 : FF;
7782 : FF;
7783 : FF;
7784 : FF;
7785 : FF;
7786 : FF;
7787 : FF;
7788 : FF;
7789 : FF;
7790 : FF;
7791 : FF;
7792 : FF;
7793 : FF;
7794 : FF;
7795 : FF;
7796 : FF;
7797 : FF;
7798 : FF;
7799 : FF;
7800 : FF;
7801 : FF;
7802 : FF;
7803 : FF;
7804 : FF;
7805 : FF;
7806 : FF;
7807 : FF;
7808 : FF;
7809 : FF;
7810 : FF;
7811 : FF;
7812 : FF;
7813 : FF;
7814 : FF;
7815 : FF;
7816 : FF;
7817 : FF;
7818 : FF;
7819 : FF;
7820 : FF;
7821 : FF;
7822 : FF;
7823 : FF;
7824 : FF;
7825 : FF;
7826 : FF;
7827 : FF;
7828 : FF;
7829 : FF;
7830 : FF;
7831 : FF;
7832 : FF;
7833 : FF;
7834 : FF;
7835 : FF;
7836 : FF;
7837 : FF;
7838 : FF;
7839 : FF;
7840 : FF;
7841 : FF;
7842 : FF;
7843 : FF;
7844 : FF;
7845 : FF;
7846 : FF;
7847 : FF;
7848 : FF;
7849 : FF;
7850 : FF;
7851 : FF;
7852 : FF;
7853 : FF;
7854 : FF;
7855 : FF;
7856 : FF;
7857 : FF;
7858 : FF;
7859 : FF;
7860 : FF;
7861 : FF;
7862 : FF;
7863 : FF;
7864 : FF;
7865 : FF;
7866 : FF;
7867 : FF;
7868 : FF;
7869 : FF;
7870 : FF;
7871 : FF;
7872 : FF;
7873 : FF;
7874 : FF;
7875 : FF;
7876 : FF;
7877 : FF;
7878 : FF;
7879 : FF;
7880 : FF;
7881 : FF;
7882 : FF;
7883 : FF;
7884 : FF;
7885 : FF;
7886 : FF;
7887 : FF;
7888 : FF;
7889 : FF;
7890 : FF;
7891 : FF;
7892 : FF;
7893 : FF;
7894 : FF;
7895 : FF;
7896 : FF;
7897 : FF;
7898 : FF;
7899 : FF;
7900 : FF;
7901 : FF;
7902 : FF;
7903 : FF;
7904 : FF;
7905 : FF;
7906 : FF;
7907 : FF;
7908 : FF;
7909 : FF;
7910 : FF;
7911 : FF;
7912 : FF;
7913 : FF;
7914 : FF;
7915 : FF;
7916 : FF;
7917 : FF;
7918 : FF;
7919 : FF;
7920 : FF;
7921 : FF;
7922 : FF;
7923 : FF;
7924 : FF;
7925 : FF;
7926 : FF;
7927 : FF;
7928 : FF;
7929 : FF;
7930 : FF;
7931 : FF;
7932 : FF;
7933 : FF;
7934 : FF;
7935 : FF;
7936 : FF;
7937 : FF;
7938 : FF;
7939 : FF;
7940 : FF;
7941 : FF;
7942 : FF;
7943 : FF;
7944 : FF;
7945 : FF;
7946 : FF;
7947 : FF;
7948 : FF;
7949 : FF;
7950 : FF;
7951 : FF;
7952 : FF;
7953 : FF;
7954 : FF;
7955 : FF;
7956 : FF;
7957 : FF;
7958 : FF;
7959 : FF;
7960 : FF;
7961 : FF;
7962 : FF;
7963 : FF;
7964 : FF;
7965 : FF;
7966 : FF;
7967 : FF;
7968 : FF;
7969 : FF;
7970 : FF;
7971 : FF;
7972 : FF;
7973 : FF;
7974 : FF;
7975 : FF;
7976 : FF;
7977 : FF;
7978 : FF;
7979 : FF;
7980 : FF;
7981 : FF;
7982 : FF;
7983 : FF;
7984 : FF;
7985 : FF;
7986 : FF;
7987 : FF;
7988 : FF;
7989 : FF;
7990 : FF;
7991 : FF;
7992 : FF;
7993 : FF;
7994 : FF;
7995 : FF;
7996 : FF;
7997 : FF;
7998 : FF;
7999 : FF;
8000 : FF;
8001 : FF;
8002 : FF;
8003 : FF;
8004 : FF;
8005 : FF;
8006 : FF;
8007 : FF;
8008 : FF;
8009 : FF;
8010 : FF;
8011 : FF;
8012 : FF;
8013 : FF;
8014 : FF;
8015 : FF;
8016 : FF;
8017 : FF;
8018 : FF;
8019 : FF;
8020 : FF;
8021 : FF;
8022 : FF;
8023 : FF;
8024 : FF;
8025 : FF;
8026 : FF;
8027 : FF;
8028 : FF;
8029 : FF;
8030 : FF;
8031 : FF;
8032 : FF;
8033 : FF;
8034 : FF;
8035 : FF;
8036 : FF;
8037 : FF;
8038 : FF;
8039 : FF;
8040 : FF;
8041 : FF;
8042 : FF;
8043 : FF;
8044 : FF;
8045 : FF;
8046 : FF;
8047 : FF;
8048 : FF;
8049 : FF;
8050 : FF;
8051 : FF;
8052 : FF;
8053 : FF;
8054 : FF;
8055 : FF;
8056 : FF;
8057 : FF;
8058 : FF;
8059 : FF;
8060 : FF;
8061 : FF;
8062 : FF;
8063 : FF;
8064 : FF;
8065 : FF;
8066 : FF;
8067 : FF;
8068 : FF;
8069 : FF;
8070 : FF;
8071 : FF;
8072 : FF;
8073 : FF;
8074 : FF;
8075 : FF;
8076 : FF;
8077 : FF;
8078 : FF;
8079 : FF;
8080 : FF;
8081 : FF;
8082 : FF;
8083 : FF;
8084 : FF;
8085 : FF;
8086 : FF;
8087 : FF;
8088 : FF;
8089 : FF;
8090 : FF;
8091 : FF;
8092 : FF;
8093 : FF;
8094 : FF;
8095 : FF;
8096 : FF;
8097 : FF;
8098 : FF;
8099 : FF;
8100 : FF;
8101 : FF;
8102 : FF;
8103 : FF;
8104 : FF;
8105 : FF;
8106 : FF;
8107 : FF;
8108 : FF;
8109 : FF;
8110 : FF;
8111 : FF;
8112 : FF;
8113 : FF;
8114 : FF;
8115 : FF;
8116 : FF;
8117 : FF;
8118 : FF;
8119 : FF;
8120 : FF;
8121 : FF;
8122 : FF;
8123 : FF;
8124 : FF;
8125 : FF;
8126 : FF;
8127 : FF;
8128 : FF;
8129 : FF;
8130 : FF;
8131 : FF;
8132 : FF;
8133 : FF;
8134 : FF;
8135 : FF;
8136 : FF;
8137 : FF;
8138 : FF;
8139 : FF;
8140 : FF;
8141 : FF;
8142 : FF;
8143 : FF;
8144 : FF;
8145 : FF;
8146 : FF;
8147 : FF;
8148 : FF;
8149 : FF;
8150 : FF;
8151 : FF;
8152 : FF;
8153 : FF;
8154 : FF;
8155 : FF;
8156 : FF;
8157 : FF;
8158 : FF;
8159 : FF;
8160 : FF;
8161 : FF;
8162 : FF;
8163 : FF;
8164 : FF;
8165 : FF;
8166 : FF;
8167 : FF;
8168 : FF;
8169 : FF;
8170 : FF;
8171 : FF;
8172 : FF;
8173 : FF;
8174 : FF;
8175 : FF;
8176 : FF;
8177 : FF;
8178 : FF;
8179 : FF;
8180 : FF;
8181 : FF;
8182 : FF;
8183 : FF;
8184 : FF;
8185 : FF;
8186 : FF;
8187 : FF;
8188 : FF;
8189 : FF;
8190 : FF;
8191 : FF;
8192 : FF;
8193 : FF;
8194 : FF;
8195 : FF;
8196 : FF;
8197 : FF;
8198 : FF;
8199 : FF;
8200 : FF;
8201 : FF;
8202 : FF;
8203 : FF;
8204 : FF;
8205 : FF;
8206 : FF;
8207 : FF;
8208 : FF;
8209 : FF;
8210 : FF;
8211 : FF;
8212 : FF;
8213 : FF;
8214 : FF;
8215 : FF;
8216 : FF;
8217 : FF;
8218 : FF;
8219 : FF;
8220 : FF;
8221 : FF;
8222 : FF;
8223 : FF;
8224 : FF;
8225 : FF;
8226 : FF;
8227 : FF;
8228 : FF;
8229 : FF;
8230 : FF;
8231 : FF;
8232 : FF;
8233 : FF;
8234 : FF;
8235 : FF;
8236 : FF;
8237 : FF;
8238 : FF;
8239 : FF;
8240 : FF;
8241 : FF;
8242 : FF;
8243 : FF;
8244 : FF;
8245 : FF;
8246 : FF;
8247 : FF;
8248 : FF;
8249 : FF;
8250 : FF;
8251 : FF;
8252 : FF;
8253 : FF;
8254 : FF;
8255 : FF;
8256 : FF;
8257 : FF;
8258 : FF;
8259 : FF;
8260 : FF;
8261 : FF;
8262 : FF;
8263 : FF;
8264 : FF;
8265 : FF;
8266 : FF;
8267 : FF;
8268 : FF;
8269 : FF;
8270 : FF;
8271 : FF;
8272 : FF;
8273 : FF;
8274 : FF;
8275 : FF;
8276 : FF;
8277 : FF;
8278 : FF;
8279 : FF;
8280 : FF;
8281 : FF;
8282 : FF;
8283 : FF;
8284 : FF;
8285 : FF;
8286 : FF;
8287 : FF;
8288 : FF;
8289 : FF;
8290 : FF;
8291 : FF;
8292 : FF;
8293 : FF;
8294 : FF;
8295 : FF;
8296 : FF;
8297 : FF;
8298 : FF;
8299 : FF;
8300 : FF;
8301 : FF;
8302 : FF;
8303 : FF;
8304 : FF;
8305 : FF;
8306 : FF;
8307 : FF;
8308 : FF;
8309 : FF;
8310 : FF;
8311 : FF;
8312 : FF;
8313 : FF;
8314 : FF;
8315 : FF;
8316 : FF;
8317 : FF;
8318 : FF;
8319 : FF;
8320 : FF;
8321 : FF;
8322 : FF;
8323 : FF;
8324 : FF;
8325 : FF;
8326 : FF;
8327 : FF;
8328 : FF;
8329 : FF;
8330 : FF;
8331 : FF;
8332 : FF;
8333 : FF;
8334 : FF;
8335 : FF;
8336 : FF;
8337 : FF;
8338 : FF;
8339 : FF;
8340 : FF;
8341 : FF;
8342 : FF;
8343 : FF;
8344 : FF;
8345 : FF;
8346 : FF;
8347 : FF;
8348 : FF;
8349 : FF;
8350 : FF;
8351 : FF;
8352 : FF;
8353 : FF;
8354 : FF;
8355 : FF;
8356 : FF;
8357 : FF;
8358 : FF;
8359 : FF;
8360 : FF;
8361 : FF;
8362 : FF;
8363 : FF;
8364 : FF;
8365 : FF;
8366 : FF;
8367 : FF;
8368 : FF;
8369 : FF;
8370 : FF;
8371 : FF;
8372 : FF;
8373 : FF;
8374 : FF;
8375 : FF;
8376 : FF;
8377 : FF;
8378 : FF;
8379 : FF;
8380 : FF;
8381 : FF;
8382 : FF;
8383 : FF;
8384 : FF;
8385 : FF;
8386 : FF;
8387 : FF;
8388 : FF;
8389 : FF;
8390 : FF;
8391 : FF;
8392 : FF;
8393 : FF;
8394 : FF;
8395 : FF;
8396 : FF;
8397 : FF;
8398 : FF;
8399 : FF;
8400 : FF;
8401 : FF;
8402 : FF;
8403 : FF;
8404 : FF;
8405 : FF;
8406 : FF;
8407 : FF;
8408 : FF;
8409 : FF;
8410 : FF;
8411 : FF;
8412 : FF;
8413 : FF;
8414 : FF;
8415 : FF;
8416 : FF;
8417 : FF;
8418 : FF;
8419 : FF;
8420 : FF;
8421 : FF;
8422 : FF;
8423 : FF;
8424 : FF;
8425 : FF;
8426 : FF;
8427 : FF;
8428 : FF;
8429 : FF;
8430 : FF;
8431 : FF;
8432 : FF;
8433 : FF;
8434 : FF;
8435 : FF;
8436 : FF;
8437 : FF;
8438 : FF;
8439 : FF;
8440 : FF;
8441 : FF;
8442 : FF;
8443 : FF;
8444 : FF;
8445 : FF;
8446 : FF;
8447 : FF;
8448 : FF;
8449 : FF;
8450 : FF;
8451 : FF;
8452 : FF;
8453 : FF;
8454 : FF;
8455 : FF;
8456 : FF;
8457 : FF;
8458 : FF;
8459 : FF;
8460 : FF;
8461 : FF;
8462 : FF;
8463 : FF;
8464 : FF;
8465 : FF;
8466 : FF;
8467 : FF;
8468 : FF;
8469 : FF;
8470 : FF;
8471 : FF;
8472 : FF;
8473 : FF;
8474 : FF;
8475 : FF;
8476 : FF;
8477 : FF;
8478 : FF;
8479 : FF;
8480 : FF;
8481 : FF;
8482 : FF;
8483 : FF;
8484 : FF;
8485 : FF;
8486 : FF;
8487 : FF;
8488 : FF;
8489 : FF;
8490 : FF;
8491 : FF;
8492 : FF;
8493 : FF;
8494 : FF;
8495 : FF;
8496 : FF;
8497 : FF;
8498 : FF;
8499 : FF;
8500 : FF;
8501 : FF;
8502 : FF;
8503 : FF;
8504 : FF;
8505 : FF;
8506 : FF;
8507 : FF;
8508 : FF;
8509 : FF;
8510 : FF;
8511 : FF;
8512 : FF;
8513 : FF;
8514 : FF;
8515 : FF;
8516 : FF;
8517 : FF;
8518 : FF;
8519 : FF;
8520 : FF;
8521 : FF;
8522 : FF;
8523 : FF;
8524 : FF;
8525 : FF;
8526 : FF;
8527 : FF;
8528 : FF;
8529 : FF;
8530 : FF;
8531 : FF;
8532 : FF;
8533 : FF;
8534 : FF;
8535 : FF;
8536 : FF;
8537 : FF;
8538 : FF;
8539 : FF;
8540 : FF;
8541 : FF;
8542 : FF;
8543 : FF;
8544 : FF;
8545 : FF;
8546 : FF;
8547 : FF;
8548 : FF;
8549 : FF;
8550 : FF;
8551 : FF;
8552 : FF;
8553 : FF;
8554 : FF;
8555 : FF;
8556 : FF;
8557 : FF;
8558 : FF;
8559 : FF;
8560 : FF;
8561 : FF;
8562 : FF;
8563 : FF;
8564 : FF;
8565 : FF;
8566 : FF;
8567 : FF;
8568 : FF;
8569 : FF;
8570 : FF;
8571 : FF;
8572 : FF;
8573 : FF;
8574 : FF;
8575 : FF;
8576 : FF;
8577 : FF;
8578 : FF;
8579 : FF;
8580 : FF;
8581 : FF;
8582 : FF;
8583 : FF;
8584 : FF;
8585 : FF;
8586 : FF;
8587 : FF;
8588 : FF;
8589 : FF;
8590 : FF;
8591 : FF;
8592 : FF;
8593 : FF;
8594 : FF;
8595 : FF;
8596 : FF;
8597 : FF;
8598 : FF;
8599 : FF;
8600 : FF;
8601 : FF;
8602 : FF;
8603 : FF;
8604 : FF;
8605 : FF;
8606 : FF;
8607 : FF;
8608 : FF;
8609 : FF;
8610 : FF;
8611 : FF;
8612 : FF;
8613 : FF;
8614 : FF;
8615 : FF;
8616 : FF;
8617 : FF;
8618 : FF;
8619 : FF;
8620 : FF;
8621 : FF;
8622 : FF;
8623 : FF;
8624 : FF;
8625 : FF;
8626 : FF;
8627 : FF;
8628 : FF;
8629 : FF;
8630 : FF;
8631 : FF;
8632 : FF;
8633 : FF;
8634 : FF;
8635 : FF;
8636 : FF;
8637 : FF;
8638 : FF;
8639 : FF;
8640 : FF;
8641 : FF;
8642 : FF;
8643 : FF;
8644 : FF;
8645 : FF;
8646 : FF;
8647 : FF;
8648 : FF;
8649 : FF;
8650 : FF;
8651 : FF;
8652 : FF;
8653 : FF;
8654 : FF;
8655 : FF;
8656 : FF;
8657 : FF;
8658 : FF;
8659 : FF;
8660 : FF;
8661 : FF;
8662 : FF;
8663 : FF;
8664 : FF;
8665 : FF;
8666 : FF;
8667 : FF;
8668 : FF;
8669 : FF;
8670 : FF;
8671 : FF;
8672 : FF;
8673 : FF;
8674 : FF;
8675 : FF;
8676 : FF;
8677 : FF;
8678 : FF;
8679 : FF;
8680 : FF;
8681 : FF;
8682 : FF;
8683 : FF;
8684 : FF;
8685 : FF;
8686 : FF;
8687 : FF;
8688 : FF;
8689 : FF;
8690 : FF;
8691 : FF;
8692 : FF;
8693 : FF;
8694 : FF;
8695 : FF;
8696 : FF;
8697 : FF;
8698 : FF;
8699 : FF;
8700 : FF;
8701 : FF;
8702 : FF;
8703 : FF;
8704 : FF;
8705 : FF;
8706 : FF;
8707 : FF;
8708 : FF;
8709 : FF;
8710 : FF;
8711 : FF;
8712 : FF;
8713 : FF;
8714 : FF;
8715 : FF;
8716 : FF;
8717 : FF;
8718 : FF;
8719 : FF;
8720 : FF;
8721 : FF;
8722 : FF;
8723 : FF;
8724 : FF;
8725 : FF;
8726 : FF;
8727 : FF;
8728 : FF;
8729 : FF;
8730 : FF;
8731 : FF;
8732 : FF;
8733 : FF;
8734 : FF;
8735 : FF;
8736 : FF;
8737 : FF;
8738 : FF;
8739 : FF;
8740 : FF;
8741 : FF;
8742 : FF;
8743 : FF;
8744 : FF;
8745 : FF;
8746 : FF;
8747 : FF;
8748 : FF;
8749 : FF;
8750 : FF;
8751 : FF;
8752 : FF;
8753 : FF;
8754 : FF;
8755 : FF;
8756 : FF;
8757 : FF;
8758 : FF;
8759 : FF;
8760 : FF;
8761 : FF;
8762 : FF;
8763 : FF;
8764 : FF;
8765 : FF;
8766 : FF;
8767 : FF;
8768 : FF;
8769 : FF;
8770 : FF;
8771 : FF;
8772 : FF;
8773 : FF;
8774 : FF;
8775 : FF;
8776 : FF;
8777 : FF;
8778 : FF;
8779 : FF;
8780 : FF;
8781 : FF;
8782 : FF;
8783 : FF;
8784 : FF;
8785 : FF;
8786 : FF;
8787 : FF;
8788 : FF;
8789 : FF;
8790 : FF;
8791 : FF;
8792 : FF;
8793 : FF;
8794 : FF;
8795 : FF;
8796 : FF;
8797 : FF;
8798 : FF;
8799 : FF;
8800 : FF;
8801 : FF;
8802 : FF;
8803 : FF;
8804 : FF;
8805 : FF;
8806 : FF;
8807 : FF;
8808 : FF;
8809 : FF;
8810 : FF;
8811 : FF;
8812 : FF;
8813 : FF;
8814 : FF;
8815 : FF;
8816 : FF;
8817 : FF;
8818 : FF;
8819 : FF;
8820 : FF;
8821 : FF;
8822 : FF;
8823 : FF;
8824 : FF;
8825 : FF;
8826 : FF;
8827 : FF;
8828 : FF;
8829 : FF;
8830 : FF;
8831 : FF;
8832 : FF;
8833 : FF;
8834 : FF;
8835 : FF;
8836 : FF;
8837 : FF;
8838 : FF;
8839 : FF;
8840 : FF;
8841 : FF;
8842 : FF;
8843 : FF;
8844 : FF;
8845 : FF;
8846 : FF;
8847 : FF;
8848 : FF;
8849 : FF;
8850 : FF;
8851 : FF;
8852 : FF;
8853 : FF;
8854 : FF;
8855 : FF;
8856 : FF;
8857 : FF;
8858 : FF;
8859 : FF;
8860 : FF;
8861 : FF;
8862 : FF;
8863 : FF;
8864 : FF;
8865 : FF;
8866 : FF;
8867 : FF;
8868 : FF;
8869 : FF;
8870 : FF;
8871 : FF;
8872 : FF;
8873 : FF;
8874 : FF;
8875 : FF;
8876 : FF;
8877 : FF;
8878 : FF;
8879 : FF;
8880 : FF;
8881 : FF;
8882 : FF;
8883 : FF;
8884 : FF;
8885 : FF;
8886 : FF;
8887 : FF;
8888 : FF;
8889 : FF;
8890 : FF;
8891 : FF;
8892 : FF;
8893 : FF;
8894 : FF;
8895 : FF;
8896 : FF;
8897 : FF;
8898 : FF;
8899 : FF;
8900 : FF;
8901 : FF;
8902 : FF;
8903 : FF;
8904 : FF;
8905 : FF;
8906 : FF;
8907 : FF;
8908 : FF;
8909 : FF;
8910 : FF;
8911 : FF;
8912 : FF;
8913 : FF;
8914 : FF;
8915 : FF;
8916 : FF;
8917 : FF;
8918 : FF;
8919 : FF;
8920 : FF;
8921 : FF;
8922 : FF;
8923 : FF;
8924 : FF;
8925 : FF;
8926 : FF;
8927 : FF;
8928 : FF;
8929 : FF;
8930 : FF;
8931 : FF;
8932 : FF;
8933 : FF;
8934 : FF;
8935 : FF;
8936 : FF;
8937 : FF;
8938 : FF;
8939 : FF;
8940 : FF;
8941 : FF;
8942 : FF;
8943 : FF;
8944 : FF;
8945 : FF;
8946 : FF;
8947 : FF;
8948 : FF;
8949 : FF;
8950 : FF;
8951 : FF;
8952 : FF;
8953 : FF;
8954 : FF;
8955 : FF;
8956 : FF;
8957 : FF;
8958 : FF;
8959 : FF;
8960 : FF;
8961 : FF;
8962 : FF;
8963 : FF;
8964 : FF;
8965 : FF;
8966 : FF;
8967 : FF;
8968 : FF;
8969 : FF;
8970 : FF;
8971 : FF;
8972 : FF;
8973 : FF;
8974 : FF;
8975 : FF;
8976 : FF;
8977 : FF;
8978 : FF;
8979 : FF;
8980 : FF;
8981 : FF;
8982 : FF;
8983 : FF;
8984 : FF;
8985 : FF;
8986 : FF;
8987 : FF;
8988 : FF;
8989 : FF;
8990 : FF;
8991 : FF;
8992 : FF;
8993 : FF;
8994 : FF;
8995 : FF;
8996 : FF;
8997 : FF;
8998 : FF;
8999 : FF;
9000 : FF;
9001 : FF;
9002 : FF;
9003 : FF;
9004 : FF;
9005 : FF;
9006 : FF;
9007 : FF;
9008 : FF;
9009 : FF;
9010 : FF;
9011 : FF;
9012 : FF;
9013 : FF;
9014 : FF;
9015 : FF;
9016 : FF;
9017 : FF;
9018 : FF;
9019 : FF;
9020 : FF;
9021 : FF;
9022 : FF;
9023 : FF;
9024 : FF;
9025 : FF;
9026 : FF;
9027 : FF;
9028 : FF;
9029 : FF;
9030 : FF;
9031 : FF;
9032 : FF;
9033 : FF;
9034 : FF;
9035 : FF;
9036 : FF;
9037 : FF;
9038 : FF;
9039 : FF;
9040 : FF;
9041 : FF;
9042 : FF;
9043 : FF;
9044 : FF;
9045 : FF;
9046 : FF;
9047 : FF;
9048 : FF;
9049 : FF;
9050 : FF;
9051 : FF;
9052 : FF;
9053 : FF;
9054 : FF;
9055 : FF;
9056 : FF;
9057 : FF;
9058 : FF;
9059 : FF;
9060 : FF;
9061 : FF;
9062 : FF;
9063 : FF;
9064 : FF;
9065 : FF;
9066 : FF;
9067 : FF;
9068 : FF;
9069 : FF;
9070 : FF;
9071 : FF;
9072 : FF;
9073 : FF;
9074 : FF;
9075 : FF;
9076 : FF;
9077 : FF;
9078 : FF;
9079 : FF;
9080 : FF;
9081 : FF;
9082 : FF;
9083 : FF;
9084 : FF;
9085 : FF;
9086 : FF;
9087 : FF;
9088 : FF;
9089 : FF;
9090 : FF;
9091 : FF;
9092 : FF;
9093 : FF;
9094 : FF;
9095 : FF;
9096 : FF;
9097 : FF;
9098 : FF;
9099 : FF;
9100 : FF;
9101 : FF;
9102 : FF;
9103 : FF;
9104 : FF;
9105 : FF;
9106 : FF;
9107 : FF;
9108 : FF;
9109 : FF;
9110 : FF;
9111 : FF;
9112 : FF;
9113 : FF;
9114 : FF;
9115 : FF;
9116 : FF;
9117 : FF;
9118 : FF;
9119 : FF;
9120 : FF;
9121 : FF;
9122 : FF;
9123 : FF;
9124 : FF;
9125 : FF;
9126 : FF;
9127 : FF;
9128 : FF;
9129 : FF;
9130 : FF;
9131 : FF;
9132 : FF;
9133 : FF;
9134 : FF;
9135 : FF;
9136 : FF;
9137 : FF;
9138 : FF;
9139 : FF;
9140 : FF;
9141 : FF;
9142 : FF;
9143 : FF;
9144 : FF;
9145 : FF;
9146 : FF;
9147 : FF;
9148 : FF;
9149 : FF;
9150 : FF;
9151 : FF;
9152 : FF;
9153 : FF;
9154 : FF;
9155 : FF;
9156 : FF;
9157 : FF;
9158 : FF;
9159 : FF;
9160 : FF;
9161 : FF;
9162 : FF;
9163 : FF;
9164 : FF;
9165 : FF;
9166 : FF;
9167 : FF;
9168 : FF;
9169 : FF;
9170 : FF;
9171 : FF;
9172 : FF;
9173 : FF;
9174 : FF;
9175 : FF;
9176 : FF;
9177 : FF;
9178 : FF;
9179 : FF;
9180 : FF;
9181 : FF;
9182 : FF;
9183 : FF;
9184 : FF;
9185 : FF;
9186 : FF;
9187 : FF;
9188 : FF;
9189 : FF;
9190 : FF;
9191 : FF;
9192 : FF;
9193 : FF;
9194 : FF;
9195 : FF;
9196 : FF;
9197 : FF;
9198 : FF;
9199 : FF;
9200 : FF;
9201 : FF;
9202 : FF;
9203 : FF;
9204 : FF;
9205 : FF;
9206 : FF;
9207 : FF;
9208 : FF;
9209 : FF;
9210 : FF;
9211 : FF;
9212 : FF;
9213 : FF;
9214 : FF;
9215 : FF;
9216 : FF;
9217 : FF;
9218 : FF;
9219 : FF;
9220 : FF;
9221 : FF;
9222 : FF;
9223 : FF;
9224 : FF;
9225 : FF;
9226 : FF;
9227 : FF;
9228 : FF;
9229 : FF;
9230 : FF;
9231 : FF;
9232 : FF;
9233 : FF;
9234 : FF;
9235 : FF;
9236 : FF;
9237 : FF;
9238 : FF;
9239 : FF;
9240 : FF;
9241 : FF;
9242 : FF;
9243 : FF;
9244 : FF;
9245 : FF;
9246 : FF;
9247 : FF;
9248 : FF;
9249 : FF;
9250 : FF;
9251 : FF;
9252 : FF;
9253 : FF;
9254 : FF;
9255 : FF;
9256 : FF;
9257 : FF;
9258 : FF;
9259 : FF;
9260 : FF;
9261 : FF;
9262 : FF;
9263 : FF;
9264 : FF;
9265 : FF;
9266 : FF;
9267 : FF;
9268 : FF;
9269 : FF;
9270 : FF;
9271 : FF;
9272 : FF;
9273 : FF;
9274 : FF;
9275 : FF;
9276 : FF;
9277 : FF;
9278 : FF;
9279 : FF;
9280 : FF;
9281 : FF;
9282 : FF;
9283 : FF;
9284 : FF;
9285 : FF;
9286 : FF;
9287 : FF;
9288 : FF;
9289 : FF;
9290 : FF;
9291 : FF;
9292 : FF;
9293 : FF;
9294 : FF;
9295 : FF;
9296 : FF;
9297 : FF;
9298 : FF;
9299 : FF;
9300 : FF;
9301 : FF;
9302 : FF;
9303 : FF;
9304 : FF;
9305 : FF;
9306 : FF;
9307 : FF;
9308 : FF;
9309 : FF;
9310 : FF;
9311 : FF;
9312 : FF;
9313 : FF;
9314 : FF;
9315 : FF;
9316 : FF;
9317 : FF;
9318 : FF;
9319 : FF;
9320 : FF;
9321 : FF;
9322 : FF;
9323 : FF;
9324 : FF;
9325 : FF;
9326 : FF;
9327 : FF;
9328 : FF;
9329 : FF;
9330 : FF;
9331 : FF;
9332 : FF;
9333 : FF;
9334 : FF;
9335 : FF;
9336 : FF;
9337 : FF;
9338 : FF;
9339 : FF;
9340 : FF;
9341 : FF;
9342 : FF;
9343 : FF;
9344 : FF;
9345 : FF;
9346 : FF;
9347 : FF;
9348 : FF;
9349 : FF;
9350 : FF;
9351 : FF;
9352 : FF;
9353 : FF;
9354 : FF;
9355 : FF;
9356 : FF;
9357 : FF;
9358 : FF;
9359 : FF;
9360 : FF;
9361 : FF;
9362 : FF;
9363 : FF;
9364 : FF;
9365 : FF;
9366 : FF;
9367 : FF;
9368 : FF;
9369 : FF;
9370 : FF;
9371 : FF;
9372 : FF;
9373 : FF;
9374 : FF;
9375 : FF;
9376 : FF;
9377 : FF;
9378 : FF;
9379 : FF;
9380 : FF;
9381 : FF;
9382 : FF;
9383 : FF;
9384 : FF;
9385 : FF;
9386 : FF;
9387 : FF;
9388 : FF;
9389 : FF;
9390 : FF;
9391 : FF;
9392 : FF;
9393 : FF;
9394 : FF;
9395 : FF;
9396 : FF;
9397 : FF;
9398 : FF;
9399 : FF;
9400 : FF;
9401 : FF;
9402 : FF;
9403 : FF;
9404 : FF;
9405 : FF;
9406 : FF;
9407 : FF;
9408 : FF;
9409 : FF;
9410 : FF;
9411 : FF;
9412 : FF;
9413 : FF;
9414 : FF;
9415 : FF;
9416 : FF;
9417 : FF;
9418 : FF;
9419 : FF;
9420 : FF;
9421 : FF;
9422 : FF;
9423 : FF;
9424 : FF;
9425 : FF;
9426 : FF;
9427 : FF;
9428 : FF;
9429 : FF;
9430 : FF;
9431 : FF;
9432 : FF;
9433 : FF;
9434 : FF;
9435 : FF;
9436 : FF;
9437 : FF;
9438 : FF;
9439 : FF;
9440 : FF;
9441 : FF;
9442 : FF;
9443 : FF;
9444 : FF;
9445 : FF;
9446 : FF;
9447 : FF;
9448 : FF;
9449 : FF;
9450 : FF;
9451 : FF;
9452 : FF;
9453 : FF;
9454 : FF;
9455 : FF;
9456 : FF;
9457 : FF;
9458 : FF;
9459 : FF;
9460 : FF;
9461 : FF;
9462 : FF;
9463 : FF;
9464 : FF;
9465 : FF;
9466 : FF;
9467 : FF;
9468 : FF;
9469 : FF;
9470 : FF;
9471 : FF;
9472 : FF;
9473 : FF;
9474 : FF;
9475 : FF;
9476 : FF;
9477 : FF;
9478 : FF;
9479 : FF;
9480 : FF;
9481 : FF;
9482 : FF;
9483 : FF;
9484 : FF;
9485 : FF;
9486 : FF;
9487 : FF;
9488 : FF;
9489 : FF;
9490 : FF;
9491 : FF;
9492 : FF;
9493 : FF;
9494 : FF;
9495 : FF;
9496 : FF;
9497 : FF;
9498 : FF;
9499 : FF;
9500 : FF;
9501 : FF;
9502 : FF;
9503 : FF;
9504 : FF;
9505 : FF;
9506 : FF;
9507 : FF;
9508 : FF;
9509 : FF;
9510 : FF;
9511 : FF;
9512 : FF;
9513 : FF;
9514 : FF;
9515 : FF;
9516 : FF;
9517 : FF;
9518 : FF;
9519 : FF;
9520 : FF;
9521 : FF;
9522 : FF;
9523 : FF;
9524 : FF;
9525 : FF;
9526 : FF;
9527 : FF;
9528 : FF;
9529 : FF;
9530 : FF;
9531 : FF;
9532 : FF;
9533 : FF;
9534 : FF;
9535 : FF;
9536 : FF;
9537 : FF;
9538 : FF;
9539 : FF;
9540 : FF;
9541 : FF;
9542 : FF;
9543 : FF;
9544 : FF;
9545 : FF;
9546 : FF;
9547 : FF;
9548 : FF;
9549 : FF;
9550 : FF;
9551 : FF;
9552 : FF;
9553 : FF;
9554 : FF;
9555 : FF;
9556 : FF;
9557 : FF;
9558 : FF;
9559 : FF;
9560 : FF;
9561 : FF;
9562 : FF;
9563 : FF;
9564 : FF;
9565 : FF;
9566 : FF;
9567 : FF;
9568 : FF;
9569 : FF;
9570 : FF;
9571 : FF;
9572 : FF;
9573 : FF;
9574 : FF;
9575 : FF;
9576 : FF;
9577 : FF;
9578 : FF;
9579 : FF;
9580 : FF;
9581 : FF;
9582 : FF;
9583 : FF;
9584 : FF;
9585 : FF;
9586 : FF;
9587 : FF;
9588 : FF;
9589 : FF;
9590 : FF;
9591 : FF;
9592 : FF;
9593 : FF;
9594 : FF;
9595 : FF;
9596 : FF;
9597 : FF;
9598 : FF;
9599 : FF;
9600 : FF;
9601 : FF;
9602 : FF;
9603 : FF;
9604 : FF;
9605 : FF;
9606 : FF;
9607 : FF;
9608 : FF;
9609 : FF;
9610 : FF;
9611 : FF;
9612 : FF;
9613 : FF;
9614 : FF;
9615 : FF;
9616 : FF;
9617 : FF;
9618 : FF;
9619 : FF;
9620 : FF;
9621 : FF;
9622 : FF;
9623 : FF;
9624 : FF;
9625 : FF;
9626 : FF;
9627 : FF;
9628 : FF;
9629 : FF;
9630 : FF;
9631 : FF;
9632 : FF;
9633 : FF;
9634 : FF;
9635 : FF;
9636 : FF;
9637 : FF;
9638 : FF;
9639 : FF;
9640 : FF;
9641 : FF;
9642 : FF;
9643 : FF;
9644 : FF;
9645 : FF;
9646 : FF;
9647 : FF;
9648 : FF;
9649 : FF;
9650 : FF;
9651 : FF;
9652 : FF;
9653 : FF;
9654 : FF;
9655 : FF;
9656 : FF;
9657 : FF;
9658 : FF;
9659 : FF;
9660 : FF;
9661 : FF;
9662 : FF;
9663 : FF;
9664 : FF;
9665 : FF;
9666 : FF;
9667 : FF;
9668 : FF;
9669 : FF;
9670 : FF;
9671 : FF;
9672 : FF;
9673 : FF;
9674 : FF;
9675 : FF;
9676 : FF;
9677 : FF;
9678 : FF;
9679 : FF;
9680 : FF;
9681 : FF;
9682 : FF;
9683 : FF;
9684 : FF;
9685 : FF;
9686 : FF;
9687 : FF;
9688 : FF;
9689 : FF;
9690 : FF;
9691 : FF;
9692 : FF;
9693 : FF;
9694 : FF;
9695 : FF;
9696 : FF;
9697 : FF;
9698 : FF;
9699 : FF;
9700 : FF;
9701 : FF;
9702 : FF;
9703 : FF;
9704 : FF;
9705 : FF;
9706 : FF;
9707 : FF;
9708 : FF;
9709 : FF;
9710 : FF;
9711 : FF;
9712 : FF;
9713 : FF;
9714 : FF;
9715 : FF;
9716 : FF;
9717 : FF;
9718 : FF;
9719 : FF;
9720 : FF;
9721 : FF;
9722 : FF;
9723 : FF;
9724 : FF;
9725 : FF;
9726 : FF;
9727 : FF;
9728 : FF;
9729 : FF;
9730 : FF;
9731 : FF;
9732 : FF;
9733 : FF;
9734 : FF;
9735 : FF;
9736 : FF;
9737 : FF;
9738 : FF;
9739 : FF;
9740 : FF;
9741 : FF;
9742 : FF;
9743 : FF;
9744 : FF;
9745 : FF;
9746 : FF;
9747 : FF;
9748 : FF;
9749 : FF;
9750 : FF;
9751 : FF;
9752 : FF;
9753 : FF;
9754 : FF;
9755 : FF;
9756 : FF;
9757 : FF;
9758 : FF;
9759 : FF;
9760 : FF;
9761 : FF;
9762 : FF;
9763 : FF;
9764 : FF;
9765 : FF;
9766 : FF;
9767 : FF;
9768 : FF;
9769 : FF;
9770 : FF;
9771 : FF;
9772 : FF;
9773 : FF;
9774 : FF;
9775 : FF;
9776 : FF;
9777 : FF;
9778 : FF;
9779 : FF;
9780 : FF;
9781 : FF;
9782 : FF;
9783 : FF;
9784 : FF;
9785 : FF;
9786 : FF;
9787 : FF;
9788 : FF;
9789 : FF;
9790 : FF;
9791 : FF;
9792 : FF;
9793 : FF;
9794 : FF;
9795 : FF;
9796 : FF;
9797 : FF;
9798 : FF;
9799 : FF;
9800 : FF;
9801 : FF;
9802 : FF;
9803 : FF;
9804 : FF;
9805 : FF;
9806 : FF;
9807 : FF;
9808 : FF;
9809 : FF;
9810 : FF;
9811 : FF;
9812 : FF;
9813 : FF;
9814 : FF;
9815 : FF;
9816 : FF;
9817 : FF;
9818 : FF;
9819 : FF;
9820 : FF;
9821 : FF;
9822 : FF;
9823 : FF;
9824 : FF;
9825 : FF;
9826 : FF;
9827 : FF;
9828 : FF;
9829 : FF;
9830 : FF;
9831 : FF;
9832 : FF;
9833 : FF;
9834 : FF;
9835 : FF;
9836 : FF;
9837 : FF;
9838 : FF;
9839 : FF;
9840 : FF;
9841 : FF;
9842 : FF;
9843 : FF;
9844 : FF;
9845 : FF;
9846 : FF;
9847 : FF;
9848 : FF;
9849 : FF;
9850 : FF;
9851 : FF;
9852 : FF;
9853 : FF;
9854 : FF;
9855 : FF;
9856 : FF;
9857 : FF;
9858 : FF;
9859 : FF;
9860 : FF;
9861 : FF;
9862 : FF;
9863 : FF;
9864 : FF;
9865 : FF;
9866 : FF;
9867 : FF;
9868 : FF;
9869 : FF;
9870 : FF;
9871 : FF;
9872 : FF;
9873 : FF;
9874 : FF;
9875 : FF;
9876 : FF;
9877 : FF;
9878 : FF;
9879 : FF;
9880 : FF;
9881 : FF;
9882 : FF;
9883 : FF;
9884 : FF;
9885 : FF;
9886 : FF;
9887 : FF;
9888 : FF;
9889 : FF;
9890 : FF;
9891 : FF;
9892 : FF;
9893 : FF;
9894 : FF;
9895 : FF;
9896 : FF;
9897 : FF;
9898 : FF;
9899 : FF;
9900 : FF;
9901 : FF;
9902 : FF;
9903 : FF;
9904 : FF;
9905 : FF;
9906 : FF;
9907 : FF;
9908 : FF;
9909 : FF;
9910 : FF;
9911 : FF;
9912 : FF;
9913 : FF;
9914 : FF;
9915 : FF;
9916 : FF;
9917 : FF;
9918 : FF;
9919 : FF;
9920 : FF;
9921 : FF;
9922 : FF;
9923 : FF;
9924 : FF;
9925 : FF;
9926 : FF;
9927 : FF;
9928 : FF;
9929 : FF;
9930 : FF;
9931 : FF;
9932 : FF;
9933 : FF;
9934 : FF;
9935 : FF;
9936 : FF;
9937 : FF;
9938 : FF;
9939 : FF;
9940 : FF;
9941 : FF;
9942 : FF;
9943 : FF;
9944 : FF;
9945 : FF;
9946 : FF;
9947 : FF;
9948 : FF;
9949 : FF;
9950 : FF;
9951 : FF;
9952 : FF;
9953 : FF;
9954 : FF;
9955 : FF;
9956 : FF;
9957 : FF;
9958 : FF;
9959 : FF;
9960 : FF;
9961 : FF;
9962 : FF;
9963 : FF;
9964 : FF;
9965 : FF;
9966 : FF;
9967 : FF;
9968 : FF;
9969 : FF;
9970 : FF;
9971 : FF;
9972 : FF;
9973 : FF;
9974 : FF;
9975 : FF;
9976 : FF;
9977 : FF;
9978 : FF;
9979 : FF;
9980 : FF;
9981 : FF;
9982 : FF;
9983 : FF;
9984 : FF;
9985 : FF;
9986 : FF;
9987 : FF;
9988 : FF;
9989 : FF;
9990 : FF;
9991 : FF;
9992 : FF;
9993 : FF;
9994 : FF;
9995 : FF;
9996 : FF;
9997 : FF;
9998 : FF;
9999 : FF;
10000 : FF;
10001 : FF;
10002 : FF;
10003 : FF;
10004 : FF;
10005 : FF;
10006 : FF;
10007 : FF;
10008 : FF;
10009 : FF;
10010 : FF;
10011 : FF;
10012 : FF;
10013 : FF;
10014 : FF;
10015 : FF;
10016 : FF;
10017 : FF;
10018 : FF;
10019 : FF;
10020 : FF;
10021 : FF;
10022 : FF;
10023 : FF;
10024 : FF;
10025 : FF;
10026 : FF;
10027 : FF;
10028 : FF;
10029 : FF;
10030 : FF;
10031 : FF;
10032 : FF;
10033 : FF;
10034 : FF;
10035 : FF;
10036 : FF;
10037 : FF;
10038 : FF;
10039 : FF;
10040 : FF;
10041 : FF;
10042 : FF;
10043 : FF;
10044 : FF;
10045 : FF;
10046 : FF;
10047 : FF;
10048 : FF;
10049 : FF;
10050 : FF;
10051 : FF;
10052 : FF;
10053 : FF;
10054 : FF;
10055 : FF;
10056 : FF;
10057 : FF;
10058 : FF;
10059 : FF;
10060 : FF;
10061 : FF;
10062 : FF;
10063 : FF;
10064 : FF;
10065 : FF;
10066 : FF;
10067 : FF;
10068 : FF;
10069 : FF;
10070 : FF;
10071 : FF;
10072 : FF;
10073 : FF;
10074 : FF;
10075 : FF;
10076 : FF;
10077 : FF;
10078 : FF;
10079 : FF;
10080 : FF;
10081 : FF;
10082 : FF;
10083 : FF;
10084 : FF;
10085 : FF;
10086 : FF;
10087 : FF;
10088 : FF;
10089 : FF;
10090 : FF;
10091 : FF;
10092 : FF;
10093 : FF;
10094 : FF;
10095 : FF;
10096 : FF;
10097 : FF;
10098 : FF;
10099 : FF;
10100 : FF;
10101 : FF;
10102 : FF;
10103 : FF;
10104 : FF;
10105 : FF;
10106 : FF;
10107 : FF;
10108 : FF;
10109 : FF;
10110 : FF;
10111 : FF;
10112 : FF;
10113 : FF;
10114 : FF;
10115 : FF;
10116 : FF;
10117 : FF;
10118 : FF;
10119 : FF;
10120 : FF;
10121 : FF;
10122 : FF;
10123 : FF;
10124 : FF;
10125 : FF;
10126 : FF;
10127 : FF;
10128 : FF;
10129 : FF;
10130 : FF;
10131 : FF;
10132 : FF;
10133 : FF;
10134 : FF;
10135 : FF;
10136 : FF;
10137 : FF;
10138 : FF;
10139 : FF;
10140 : FF;
10141 : FF;
10142 : FF;
10143 : FF;
10144 : FF;
10145 : FF;
10146 : FF;
10147 : FF;
10148 : FF;
10149 : FF;
10150 : FF;
10151 : FF;
10152 : FF;
10153 : FF;
10154 : FF;
10155 : FF;
10156 : FF;
10157 : FF;
10158 : FF;
10159 : FF;
10160 : FF;
10161 : FF;
10162 : FF;
10163 : FF;
10164 : FF;
10165 : FF;
10166 : FF;
10167 : FF;
10168 : FF;
10169 : FF;
10170 : FF;
10171 : FF;
10172 : FF;
10173 : FF;
10174 : FF;
10175 : FF;
10176 : FF;
10177 : FF;
10178 : FF;
10179 : FF;
10180 : FF;
10181 : FF;
10182 : FF;
10183 : FF;
10184 : FF;
10185 : FF;
10186 : FF;
10187 : FF;
10188 : FF;
10189 : FF;
10190 : FF;
10191 : FF;
10192 : FF;
10193 : FF;
10194 : FF;
10195 : FF;
10196 : FF;
10197 : FF;
10198 : FF;
10199 : FF;
10200 : FF;
10201 : FF;
10202 : FF;
10203 : FF;
10204 : FF;
10205 : FF;
10206 : FF;
10207 : FF;
10208 : FF;
10209 : FF;
10210 : FF;
10211 : FF;
10212 : FF;
10213 : FF;
10214 : FF;
10215 : FF;
10216 : FF;
10217 : FF;
10218 : FF;
10219 : FF;
10220 : FF;
10221 : FF;
10222 : FF;
10223 : FF;
10224 : FF;
10225 : FF;
10226 : FF;
10227 : FF;
10228 : FF;
10229 : FF;
10230 : FF;
10231 : FF;
10232 : FF;
10233 : FF;
10234 : FF;
10235 : FF;
10236 : FF;
10237 : FF;
10238 : FF;
10239 : FF;
10240 : FF;
10241 : FF;
10242 : FF;
10243 : FF;
10244 : FF;
10245 : FF;
10246 : FF;
10247 : FF;
10248 : FF;
10249 : FF;
10250 : FF;
10251 : FF;
10252 : FF;
10253 : FF;
10254 : FF;
10255 : FF;
10256 : FF;
10257 : FF;
10258 : FF;
10259 : FF;
10260 : FF;
10261 : FF;
10262 : FF;
10263 : FF;
10264 : FF;
10265 : FF;
10266 : FF;
10267 : FF;
10268 : FF;
10269 : FF;
10270 : FF;
10271 : FF;
10272 : FF;
10273 : FF;
10274 : FF;
10275 : FF;
10276 : FF;
10277 : FF;
10278 : FF;
10279 : FF;
10280 : FF;
10281 : FF;
10282 : FF;
10283 : FF;
10284 : FF;
10285 : FF;
10286 : FF;
10287 : FF;
10288 : FF;
10289 : FF;
10290 : FF;
10291 : FF;
10292 : FF;
10293 : FF;
10294 : FF;
10295 : FF;
10296 : FF;
10297 : FF;
10298 : FF;
10299 : FF;
10300 : FF;
10301 : FF;
10302 : FF;
10303 : FF;
10304 : FF;
10305 : FF;
10306 : FF;
10307 : FF;
10308 : FF;
10309 : FF;
10310 : FF;
10311 : FF;
10312 : FF;
10313 : FF;
10314 : FF;
10315 : FF;
10316 : FF;
10317 : FF;
10318 : FF;
10319 : FF;
10320 : FF;
10321 : FF;
10322 : FF;
10323 : FF;
10324 : FF;
10325 : FF;
10326 : FF;
10327 : FF;
10328 : FF;
10329 : FF;
10330 : FF;
10331 : FF;
10332 : FF;
10333 : FF;
10334 : FF;
10335 : FF;
10336 : FF;
10337 : FF;
10338 : FF;
10339 : FF;
10340 : FF;
10341 : FF;
10342 : FF;
10343 : FF;
10344 : FF;
10345 : FF;
10346 : FF;
10347 : FF;
10348 : FF;
10349 : FF;
10350 : FF;
10351 : FF;
10352 : FF;
10353 : FF;
10354 : FF;
10355 : FF;
10356 : FF;
10357 : FF;
10358 : FF;
10359 : FF;
10360 : FF;
10361 : FF;
10362 : FF;
10363 : FF;
10364 : FF;
10365 : FF;
10366 : FF;
10367 : FF;
10368 : FF;
10369 : FF;
10370 : FF;
10371 : FF;
10372 : FF;
10373 : FF;
10374 : FF;
10375 : FF;
10376 : FF;
10377 : FF;
10378 : FF;
10379 : FF;
10380 : FF;
10381 : FF;
10382 : FF;
10383 : FF;
10384 : FF;
10385 : FF;
10386 : FF;
10387 : FF;
10388 : FF;
10389 : FF;
10390 : FF;
10391 : FF;
10392 : FF;
10393 : FF;
10394 : FF;
10395 : FF;
10396 : FF;
10397 : FF;
10398 : FF;
10399 : FF;
10400 : FF;
10401 : FF;
10402 : FF;
10403 : FF;
10404 : FF;
10405 : FF;
10406 : FF;
10407 : FF;
10408 : FF;
10409 : FF;
10410 : FF;
10411 : FF;
10412 : FF;
10413 : FF;
10414 : FF;
10415 : FF;
10416 : FF;
10417 : FF;
10418 : FF;
10419 : FF;
10420 : FF;
10421 : FF;
10422 : FF;
10423 : FF;
10424 : FF;
10425 : FF;
10426 : FF;
10427 : FF;
10428 : FF;
10429 : FF;
10430 : FF;
10431 : FF;
10432 : FF;
10433 : FF;
10434 : FF;
10435 : FF;
10436 : FF;
10437 : FF;
10438 : FF;
10439 : FF;
10440 : FF;
10441 : FF;
10442 : FF;
10443 : FF;
10444 : FF;
10445 : FF;
10446 : FF;
10447 : FF;
10448 : FF;
10449 : FF;
10450 : FF;
10451 : FF;
10452 : FF;
10453 : FF;
10454 : FF;
10455 : FF;
10456 : FF;
10457 : FF;
10458 : FF;
10459 : FF;
10460 : FF;
10461 : FF;
10462 : FF;
10463 : FF;
10464 : FF;
10465 : FF;
10466 : FF;
10467 : FF;
10468 : FF;
10469 : FF;
10470 : FF;
10471 : FF;
10472 : FF;
10473 : FF;
10474 : FF;
10475 : FF;
10476 : FF;
10477 : FF;
10478 : FF;
10479 : FF;
10480 : FF;
10481 : FF;
10482 : FF;
10483 : FF;
10484 : FF;
10485 : FF;
10486 : FF;
10487 : FF;
10488 : FF;
10489 : FF;
10490 : FF;
10491 : FF;
10492 : FF;
10493 : FF;
10494 : FF;
10495 : FF;
10496 : FF;
10497 : FF;
10498 : FF;
10499 : FF;
10500 : FF;
10501 : FF;
10502 : FF;
10503 : FF;
10504 : FF;
10505 : FF;
10506 : FF;
10507 : FF;
10508 : FF;
10509 : FF;
10510 : FF;
10511 : FF;
10512 : FF;
10513 : FF;
10514 : FF;
10515 : FF;
10516 : FF;
10517 : FF;
10518 : FF;
10519 : FF;
10520 : FF;
10521 : FF;
10522 : FF;
10523 : FF;
10524 : FF;
10525 : FF;
10526 : FF;
10527 : FF;
10528 : FF;
10529 : FF;
10530 : FF;
10531 : FF;
10532 : FF;
10533 : FF;
10534 : FF;
10535 : FF;
10536 : FF;
10537 : FF;
10538 : FF;
10539 : FF;
10540 : FF;
10541 : FF;
10542 : FF;
10543 : FF;
10544 : FF;
10545 : FF;
10546 : FF;
10547 : FF;
10548 : FF;
10549 : FF;
10550 : FF;
10551 : FF;
10552 : FF;
10553 : FF;
10554 : FF;
10555 : FF;
10556 : FF;
10557 : FF;
10558 : FF;
10559 : FF;
10560 : FF;
10561 : FF;
10562 : FF;
10563 : FF;
10564 : FF;
10565 : FF;
10566 : FF;
10567 : FF;
10568 : FF;
10569 : FF;
10570 : FF;
10571 : FF;
10572 : FF;
10573 : FF;
10574 : FF;
10575 : FF;
10576 : FF;
10577 : FF;
10578 : FF;
10579 : FF;
10580 : FF;
10581 : FF;
10582 : FF;
10583 : FF;
10584 : FF;
10585 : FF;
10586 : FF;
10587 : FF;
10588 : FF;
10589 : FF;
10590 : FF;
10591 : FF;
10592 : FF;
10593 : FF;
10594 : FF;
10595 : FF;
10596 : FF;
10597 : FF;
10598 : FF;
10599 : FF;
10600 : FF;
10601 : FF;
10602 : FF;
10603 : FF;
10604 : FF;
10605 : FF;
10606 : FF;
10607 : FF;
10608 : FF;
10609 : FF;
10610 : FF;
10611 : FF;
10612 : FF;
10613 : FF;
10614 : FF;
10615 : FF;
10616 : FF;
10617 : FF;
10618 : FF;
10619 : FF;
10620 : FF;
10621 : FF;
10622 : FF;
10623 : FF;
10624 : FF;
10625 : FF;
10626 : FF;
10627 : FF;
10628 : FF;
10629 : FF;
10630 : FF;
10631 : FF;
10632 : FF;
10633 : FF;
10634 : FF;
10635 : FF;
10636 : FF;
10637 : FF;
10638 : FF;
10639 : FF;
10640 : FF;
10641 : FF;
10642 : FF;
10643 : FF;
10644 : FF;
10645 : FF;
10646 : FF;
10647 : FF;
10648 : FF;
10649 : FF;
10650 : FF;
10651 : FF;
10652 : FF;
10653 : FF;
10654 : FF;
10655 : FF;
10656 : FF;
10657 : FF;
10658 : FF;
10659 : FF;
10660 : FF;
10661 : FF;
10662 : FF;
10663 : FF;
10664 : FF;
10665 : FF;
10666 : FF;
10667 : FF;
10668 : FF;
10669 : FF;
10670 : FF;
10671 : FF;
10672 : FF;
10673 : FF;
10674 : FF;
10675 : FF;
10676 : FF;
10677 : FF;
10678 : FF;
10679 : FF;
10680 : FF;
10681 : FF;
10682 : FF;
10683 : FF;
10684 : FF;
10685 : FF;
10686 : FF;
10687 : FF;
10688 : FF;
10689 : FF;
10690 : FF;
10691 : FF;
10692 : FF;
10693 : FF;
10694 : FF;
10695 : FF;
10696 : FF;
10697 : FF;
10698 : FF;
10699 : FF;
10700 : FF;
10701 : FF;
10702 : FF;
10703 : FF;
10704 : FF;
10705 : FF;
10706 : FF;
10707 : FF;
10708 : FF;
10709 : FF;
10710 : FF;
10711 : FF;
10712 : FF;
10713 : FF;
10714 : FF;
10715 : FF;
10716 : FF;
10717 : FF;
10718 : FF;
10719 : FF;
10720 : FF;
10721 : FF;
10722 : FF;
10723 : FF;
10724 : FF;
10725 : FF;
10726 : FF;
10727 : FF;
10728 : FF;
10729 : FF;
10730 : FF;
10731 : FF;
10732 : FF;
10733 : FF;
10734 : FF;
10735 : FF;
10736 : FF;
10737 : FF;
10738 : FF;
10739 : FF;
10740 : FF;
10741 : FF;
10742 : FF;
10743 : FF;
10744 : FF;
10745 : FF;
10746 : FF;
10747 : FF;
10748 : FF;
10749 : FF;
10750 : FF;
10751 : FF;
10752 : FF;
10753 : FF;
10754 : FF;
10755 : FF;
10756 : FF;
10757 : FF;
10758 : FF;
10759 : FF;
10760 : FF;
10761 : FF;
10762 : FF;
10763 : FF;
10764 : FF;
10765 : FF;
10766 : FF;
10767 : FF;
10768 : FF;
10769 : FF;
10770 : FF;
10771 : FF;
10772 : FF;
10773 : FF;
10774 : FF;
10775 : FF;
10776 : FF;
10777 : FF;
10778 : FF;
10779 : FF;
10780 : FF;
10781 : FF;
10782 : FF;
10783 : FF;
10784 : FF;
10785 : FF;
10786 : FF;
10787 : FF;
10788 : FF;
10789 : FF;
10790 : FF;
10791 : FF;
10792 : FF;
10793 : FF;
10794 : FF;
10795 : FF;
10796 : FF;
10797 : FF;
10798 : FF;
10799 : FF;
10800 : FF;
10801 : FF;
10802 : FF;
10803 : FF;
10804 : FF;
10805 : FF;
10806 : FF;
10807 : FF;
10808 : FF;
10809 : FF;
10810 : FF;
10811 : FF;
10812 : FF;
10813 : FF;
10814 : FF;
10815 : FF;
10816 : FF;
10817 : FF;
10818 : FF;
10819 : FF;
10820 : FF;
10821 : FF;
10822 : FF;
10823 : FF;
10824 : FF;
10825 : FF;
10826 : FF;
10827 : FF;
10828 : FF;
10829 : FF;
10830 : FF;
10831 : FF;
10832 : FF;
10833 : FF;
10834 : FF;
10835 : FF;
10836 : FF;
10837 : FF;
10838 : FF;
10839 : FF;
10840 : FF;
10841 : FF;
10842 : FF;
10843 : FF;
10844 : FF;
10845 : FF;
10846 : FF;
10847 : FF;
10848 : FF;
10849 : FF;
10850 : FF;
10851 : FF;
10852 : FF;
10853 : FF;
10854 : FF;
10855 : FF;
10856 : FF;
10857 : FF;
10858 : FF;
10859 : FF;
10860 : FF;
10861 : FF;
10862 : FF;
10863 : FF;
10864 : FF;
10865 : FF;
10866 : FF;
10867 : FF;
10868 : FF;
10869 : FF;
10870 : FF;
10871 : FF;
10872 : FF;
10873 : FF;
10874 : FF;
10875 : FF;
10876 : FF;
10877 : FF;
10878 : FF;
10879 : FF;
10880 : FF;
10881 : FF;
10882 : FF;
10883 : FF;
10884 : FF;
10885 : FF;
10886 : FF;
10887 : FF;
10888 : FF;
10889 : FF;
10890 : FF;
10891 : FF;
10892 : FF;
10893 : FF;
10894 : FF;
10895 : FF;
10896 : FF;
10897 : FF;
10898 : FF;
10899 : FF;
10900 : FF;
10901 : FF;
10902 : FF;
10903 : FF;
10904 : FF;
10905 : FF;
10906 : FF;
10907 : FF;
10908 : FF;
10909 : FF;
10910 : FF;
10911 : FF;
10912 : FF;
10913 : FF;
10914 : FF;
10915 : FF;
10916 : FF;
10917 : FF;
10918 : FF;
10919 : FF;
10920 : FF;
10921 : FF;
10922 : FF;
10923 : FF;
10924 : FF;
10925 : FF;
10926 : FF;
10927 : FF;
10928 : FF;
10929 : FF;
10930 : FF;
10931 : FF;
10932 : FF;
10933 : FF;
10934 : FF;
10935 : FF;
10936 : FF;
10937 : FF;
10938 : FF;
10939 : FF;
10940 : FF;
10941 : FF;
10942 : FF;
10943 : FF;
10944 : FF;
10945 : FF;
10946 : FF;
10947 : FF;
10948 : FF;
10949 : FF;
10950 : FF;
10951 : FF;
10952 : FF;
10953 : FF;
10954 : FF;
10955 : FF;
10956 : FF;
10957 : FF;
10958 : FF;
10959 : FF;
10960 : FF;
10961 : FF;
10962 : FF;
10963 : FF;
10964 : FF;
10965 : FF;
10966 : FF;
10967 : FF;
10968 : FF;
10969 : FF;
10970 : FF;
10971 : FF;
10972 : FF;
10973 : FF;
10974 : FF;
10975 : FF;
10976 : FF;
10977 : FF;
10978 : FF;
10979 : FF;
10980 : FF;
10981 : FF;
10982 : FF;
10983 : FF;
10984 : FF;
10985 : FF;
10986 : FF;
10987 : FF;
10988 : FF;
10989 : FF;
10990 : FF;
10991 : FF;
10992 : FF;
10993 : FF;
10994 : FF;
10995 : FF;
10996 : FF;
10997 : FF;
10998 : FF;
10999 : FF;
11000 : FF;
11001 : FF;
11002 : FF;
11003 : FF;
11004 : FF;
11005 : FF;
11006 : FF;
11007 : FF;
11008 : FF;
11009 : FF;
11010 : FF;
11011 : FF;
11012 : FF;
11013 : FF;
11014 : FF;
11015 : FF;
11016 : FF;
11017 : FF;
11018 : FF;
11019 : FF;
11020 : FF;
11021 : FF;
11022 : FF;
11023 : FF;
11024 : FF;
11025 : FF;
11026 : FF;
11027 : FF;
11028 : FF;
11029 : FF;
11030 : FF;
11031 : FF;
11032 : FF;
11033 : FF;
11034 : FF;
11035 : FF;
11036 : FF;
11037 : FF;
11038 : FF;
11039 : FF;
11040 : FF;
11041 : FF;
11042 : FF;
11043 : FF;
11044 : FF;
11045 : FF;
11046 : FF;
11047 : FF;
11048 : FF;
11049 : FF;
11050 : FF;
11051 : FF;
11052 : FF;
11053 : FF;
11054 : FF;
11055 : FF;
11056 : FF;
11057 : FF;
11058 : FF;
11059 : FF;
11060 : FF;
11061 : FF;
11062 : FF;
11063 : FF;
11064 : FF;
11065 : FF;
11066 : FF;
11067 : FF;
11068 : FF;
11069 : FF;
11070 : FF;
11071 : FF;
11072 : FF;
11073 : FF;
11074 : FF;
11075 : FF;
11076 : FF;
11077 : FF;
11078 : FF;
11079 : FF;
11080 : FF;
11081 : FF;
11082 : FF;
11083 : FF;
11084 : FF;
11085 : FF;
11086 : FF;
11087 : FF;
11088 : FF;
11089 : FF;
11090 : FF;
11091 : FF;
11092 : FF;
11093 : FF;
11094 : FF;
11095 : FF;
11096 : FF;
11097 : FF;
11098 : FF;
11099 : FF;
11100 : FF;
11101 : FF;
11102 : FF;
11103 : FF;
11104 : FF;
11105 : FF;
11106 : FF;
11107 : FF;
11108 : FF;
11109 : FF;
11110 : FF;
11111 : FF;
11112 : FF;
11113 : FF;
11114 : FF;
11115 : FF;
11116 : FF;
11117 : FF;
11118 : FF;
11119 : FF;
11120 : FF;
11121 : FF;
11122 : FF;
11123 : FF;
11124 : FF;
11125 : FF;
11126 : FF;
11127 : FF;
11128 : FF;
11129 : FF;
11130 : FF;
11131 : FF;
11132 : FF;
11133 : FF;
11134 : FF;
11135 : FF;
11136 : FF;
11137 : FF;
11138 : FF;
11139 : FF;
11140 : FF;
11141 : FF;
11142 : FF;
11143 : FF;
11144 : FF;
11145 : FF;
11146 : FF;
11147 : FF;
11148 : FF;
11149 : FF;
11150 : FF;
11151 : FF;
11152 : FF;
11153 : FF;
11154 : FF;
11155 : FF;
11156 : FF;
11157 : FF;
11158 : FF;
11159 : FF;
11160 : FF;
11161 : FF;
11162 : FF;
11163 : FF;
11164 : FF;
11165 : FF;
11166 : FF;
11167 : FF;
11168 : FF;
11169 : FF;
11170 : FF;
11171 : FF;
11172 : FF;
11173 : FF;
11174 : FF;
11175 : FF;
11176 : FF;
11177 : FF;
11178 : FF;
11179 : FF;
11180 : FF;
11181 : FF;
11182 : FF;
11183 : FF;
11184 : FF;
11185 : FF;
11186 : FF;
11187 : FF;
11188 : FF;
11189 : FF;
11190 : FF;
11191 : FF;
11192 : FF;
11193 : FF;
11194 : FF;
11195 : FF;
11196 : FF;
11197 : FF;
11198 : FF;
11199 : FF;
11200 : FF;
11201 : FF;
11202 : FF;
11203 : FF;
11204 : FF;
11205 : FF;
11206 : FF;
11207 : FF;
11208 : FF;
11209 : FF;
11210 : FF;
11211 : FF;
11212 : FF;
11213 : FF;
11214 : FF;
11215 : FF;
11216 : FF;
11217 : FF;
11218 : FF;
11219 : FF;
11220 : FF;
11221 : FF;
11222 : FF;
11223 : FF;
11224 : FF;
11225 : FF;
11226 : FF;
11227 : FF;
11228 : FF;
11229 : FF;
11230 : FF;
11231 : FF;
11232 : FF;
11233 : FF;
11234 : FF;
11235 : FF;
11236 : FF;
11237 : FF;
11238 : FF;
11239 : FF;
11240 : FF;
11241 : FF;
11242 : FF;
11243 : FF;
11244 : FF;
11245 : FF;
11246 : FF;
11247 : FF;
11248 : FF;
11249 : FF;
11250 : FF;
11251 : FF;
11252 : FF;
11253 : FF;
11254 : FF;
11255 : FF;
11256 : FF;
11257 : FF;
11258 : FF;
11259 : FF;
11260 : FF;
11261 : FF;
11262 : FF;
11263 : FF;
11264 : FF;
11265 : FF;
11266 : FF;
11267 : FF;
11268 : FF;
11269 : FF;
11270 : FF;
11271 : FF;
11272 : FF;
11273 : FF;
11274 : FF;
11275 : FF;
11276 : FF;
11277 : FF;
11278 : FF;
11279 : FF;
11280 : FF;
11281 : FF;
11282 : FF;
11283 : FF;
11284 : FF;
11285 : FF;
11286 : FF;
11287 : FF;
11288 : FF;
11289 : FF;
11290 : FF;
11291 : FF;
11292 : FF;
11293 : FF;
11294 : FF;
11295 : FF;
11296 : FF;
11297 : FF;
11298 : FF;
11299 : FF;
11300 : FF;
11301 : FF;
11302 : FF;
11303 : FF;
11304 : FF;
11305 : FF;
11306 : FF;
11307 : FF;
11308 : FF;
11309 : FF;
11310 : FF;
11311 : FF;
11312 : FF;
11313 : FF;
11314 : FF;
11315 : FF;
11316 : FF;
11317 : FF;
11318 : FF;
11319 : FF;
11320 : FF;
11321 : FF;
11322 : FF;
11323 : FF;
11324 : FF;
11325 : FF;
11326 : FF;
11327 : FF;
11328 : FF;
11329 : FF;
11330 : FF;
11331 : FF;
11332 : FF;
11333 : FF;
11334 : FF;
11335 : FF;
11336 : FF;
11337 : FF;
11338 : FF;
11339 : FF;
11340 : FF;
11341 : FF;
11342 : FF;
11343 : FF;
11344 : FF;
11345 : FF;
11346 : FF;
11347 : FF;
11348 : FF;
11349 : FF;
11350 : FF;
11351 : FF;
11352 : FF;
11353 : FF;
11354 : FF;
11355 : FF;
11356 : FF;
11357 : FF;
11358 : FF;
11359 : FF;
11360 : FF;
11361 : FF;
11362 : FF;
11363 : FF;
11364 : FF;
11365 : FF;
11366 : FF;
11367 : FF;
11368 : FF;
11369 : FF;
11370 : FF;
11371 : FF;
11372 : FF;
11373 : FF;
11374 : FF;
11375 : FF;
11376 : FF;
11377 : FF;
11378 : FF;
11379 : FF;
11380 : FF;
11381 : FF;
11382 : FF;
11383 : FF;
11384 : FF;
11385 : FF;
11386 : FF;
11387 : FF;
11388 : FF;
11389 : FF;
11390 : FF;
11391 : FF;
11392 : FF;
11393 : FF;
11394 : FF;
11395 : FF;
11396 : FF;
11397 : FF;
11398 : FF;
11399 : FF;
11400 : FF;
11401 : FF;
11402 : FF;
11403 : FF;
11404 : FF;
11405 : FF;
11406 : FF;
11407 : FF;
11408 : FF;
11409 : FF;
11410 : FF;
11411 : FF;
11412 : FF;
11413 : FF;
11414 : FF;
11415 : FF;
11416 : FF;
11417 : FF;
11418 : FF;
11419 : FF;
11420 : FF;
11421 : FF;
11422 : FF;
11423 : FF;
11424 : FF;
11425 : FF;
11426 : FF;
11427 : FF;
11428 : FF;
11429 : FF;
11430 : FF;
11431 : FF;
11432 : FF;
11433 : FF;
11434 : FF;
11435 : FF;
11436 : FF;
11437 : FF;
11438 : FF;
11439 : FF;
11440 : FF;
11441 : FF;
11442 : FF;
11443 : FF;
11444 : FF;
11445 : FF;
11446 : FF;
11447 : FF;
11448 : FF;
11449 : FF;
11450 : FF;
11451 : FF;
11452 : FF;
11453 : FF;
11454 : FF;
11455 : FF;
11456 : FF;
11457 : FF;
11458 : FF;
11459 : FF;
11460 : FF;
11461 : FF;
11462 : FF;
11463 : FF;
11464 : FF;
11465 : FF;
11466 : FF;
11467 : FF;
11468 : FF;
11469 : FF;
11470 : FF;
11471 : FF;
11472 : FF;
11473 : FF;
11474 : FF;
11475 : FF;
11476 : FF;
11477 : FF;
11478 : FF;
11479 : FF;
11480 : FF;
11481 : FF;
11482 : FF;
11483 : FF;
11484 : FF;
11485 : FF;
11486 : FF;
11487 : FF;
11488 : FF;
11489 : FF;
11490 : FF;
11491 : FF;
11492 : FF;
11493 : FF;
11494 : FF;
11495 : FF;
11496 : FF;
11497 : FF;
11498 : FF;
11499 : FF;
11500 : FF;
11501 : FF;
11502 : FF;
11503 : FF;
11504 : FF;
11505 : FF;
11506 : FF;
11507 : FF;
11508 : FF;
11509 : FF;
11510 : FF;
11511 : FF;
11512 : FF;
11513 : FF;
11514 : FF;
11515 : FF;
11516 : FF;
11517 : FF;
11518 : FF;
11519 : FF;
11520 : FF;
11521 : FF;
11522 : FF;
11523 : FF;
11524 : FF;
11525 : FF;
11526 : FF;
11527 : FF;
11528 : FF;
11529 : FF;
11530 : FF;
11531 : FF;
11532 : FF;
11533 : FF;
11534 : FF;
11535 : FF;
11536 : FF;
11537 : FF;
11538 : FF;
11539 : FF;
11540 : FF;
11541 : FF;
11542 : FF;
11543 : FF;
11544 : FF;
11545 : FF;
11546 : FF;
11547 : FF;
11548 : FF;
11549 : FF;
11550 : FF;
11551 : FF;
11552 : FF;
11553 : FF;
11554 : FF;
11555 : FF;
11556 : FF;
11557 : FF;
11558 : FF;
11559 : FF;
11560 : FF;
11561 : FF;
11562 : FF;
11563 : FF;
11564 : FF;
11565 : FF;
11566 : FF;
11567 : FF;
11568 : FF;
11569 : FF;
11570 : FF;
11571 : FF;
11572 : FF;
11573 : FF;
11574 : FF;
11575 : FF;
11576 : FF;
11577 : FF;
11578 : FF;
11579 : FF;
11580 : FF;
11581 : FF;
11582 : FF;
11583 : FF;
11584 : FF;
11585 : FF;
11586 : FF;
11587 : FF;
11588 : FF;
11589 : FF;
11590 : FF;
11591 : FF;
11592 : FF;
11593 : FF;
11594 : FF;
11595 : FF;
11596 : FF;
11597 : FF;
11598 : FF;
11599 : FF;
11600 : FF;
11601 : FF;
11602 : FF;
11603 : FF;
11604 : FF;
11605 : FF;
11606 : FF;
11607 : FF;
11608 : FF;
11609 : FF;
11610 : FF;
11611 : FF;
11612 : FF;
11613 : FF;
11614 : FF;
11615 : FF;
11616 : FF;
11617 : FF;
11618 : FF;
11619 : FF;
11620 : FF;
11621 : FF;
11622 : FF;
11623 : FF;
11624 : FF;
11625 : FF;
11626 : FF;
11627 : FF;
11628 : FF;
11629 : FF;
11630 : FF;
11631 : FF;
11632 : FF;
11633 : FF;
11634 : FF;
11635 : FF;
11636 : FF;
11637 : FF;
11638 : FF;
11639 : FF;
11640 : FF;
11641 : FF;
11642 : FF;
11643 : FF;
11644 : FF;
11645 : FF;
11646 : FF;
11647 : FF;
11648 : FF;
11649 : FF;
11650 : FF;
11651 : FF;
11652 : FF;
11653 : FF;
11654 : FF;
11655 : FF;
11656 : FF;
11657 : FF;
11658 : FF;
11659 : FF;
11660 : FF;
11661 : FF;
11662 : FF;
11663 : FF;
11664 : FF;
11665 : FF;
11666 : FF;
11667 : FF;
11668 : FF;
11669 : FF;
11670 : FF;
11671 : FF;
11672 : FF;
11673 : FF;
11674 : FF;
11675 : FF;
11676 : FF;
11677 : FF;
11678 : FF;
11679 : FF;
11680 : FF;
11681 : FF;
11682 : FF;
11683 : FF;
11684 : FF;
11685 : FF;
11686 : FF;
11687 : FF;
11688 : FF;
11689 : FF;
11690 : FF;
11691 : FF;
11692 : FF;
11693 : FF;
11694 : FF;
11695 : FF;
11696 : FF;
11697 : FF;
11698 : FF;
11699 : FF;
11700 : FF;
11701 : FF;
11702 : FF;
11703 : FF;
11704 : FF;
11705 : FF;
11706 : FF;
11707 : FF;
11708 : FF;
11709 : FF;
11710 : FF;
11711 : FF;
11712 : FF;
11713 : FF;
11714 : FF;
11715 : FF;
11716 : FF;
11717 : FF;
11718 : FF;
11719 : FF;
11720 : FF;
11721 : FF;
11722 : FF;
11723 : FF;
11724 : FF;
11725 : FF;
11726 : FF;
11727 : FF;
11728 : FF;
11729 : FF;
11730 : FF;
11731 : FF;
11732 : FF;
11733 : FF;
11734 : FF;
11735 : FF;
11736 : FF;
11737 : FF;
11738 : FF;
11739 : FF;
11740 : FF;
11741 : FF;
11742 : FF;
11743 : FF;
11744 : FF;
11745 : FF;
11746 : FF;
11747 : FF;
11748 : FF;
11749 : FF;
11750 : FF;
11751 : FF;
11752 : FF;
11753 : FF;
11754 : FF;
11755 : FF;
11756 : FF;
11757 : FF;
11758 : FF;
11759 : FF;
11760 : FF;
11761 : FF;
11762 : FF;
11763 : FF;
11764 : FF;
11765 : FF;
11766 : FF;
11767 : FF;
11768 : FF;
11769 : FF;
11770 : FF;
11771 : FF;
11772 : FF;
11773 : FF;
11774 : FF;
11775 : FF;
11776 : FF;
11777 : FF;
11778 : FF;
11779 : FF;
11780 : FF;
11781 : FF;
11782 : FF;
11783 : FF;
11784 : FF;
11785 : FF;
11786 : FF;
11787 : FF;
11788 : FF;
11789 : FF;
11790 : FF;
11791 : FF;
11792 : FF;
11793 : FF;
11794 : FF;
11795 : FF;
11796 : FF;
11797 : FF;
11798 : FF;
11799 : FF;
11800 : FF;
11801 : FF;
11802 : FF;
11803 : FF;
11804 : FF;
11805 : FF;
11806 : FF;
11807 : FF;
11808 : FF;
11809 : FF;
11810 : FF;
11811 : FF;
11812 : FF;
11813 : FF;
11814 : FF;
11815 : FF;
11816 : FF;
11817 : FF;
11818 : FF;
11819 : FF;
11820 : FF;
11821 : FF;
11822 : FF;
11823 : FF;
11824 : FF;
11825 : FF;
11826 : FF;
11827 : FF;
11828 : FF;
11829 : FF;
11830 : FF;
11831 : FF;
11832 : FF;
11833 : FF;
11834 : FF;
11835 : FF;
11836 : FF;
11837 : FF;
11838 : FF;
11839 : FF;
11840 : FF;
11841 : FF;
11842 : FF;
11843 : FF;
11844 : FF;
11845 : FF;
11846 : FF;
11847 : FF;
11848 : FF;
11849 : FF;
11850 : FF;
11851 : FF;
11852 : FF;
11853 : FF;
11854 : FF;
11855 : FF;
11856 : FF;
11857 : FF;
11858 : FF;
11859 : FF;
11860 : FF;
11861 : FF;
11862 : FF;
11863 : FF;
11864 : FF;
11865 : FF;
11866 : FF;
11867 : FF;
11868 : FF;
11869 : FF;
11870 : FF;
11871 : FF;
11872 : FF;
11873 : FF;
11874 : FF;
11875 : FF;
11876 : FF;
11877 : FF;
11878 : FF;
11879 : FF;
11880 : FF;
11881 : FF;
11882 : FF;
11883 : FF;
11884 : FF;
11885 : FF;
11886 : FF;
11887 : FF;
11888 : FF;
11889 : FF;
11890 : FF;
11891 : FF;
11892 : FF;
11893 : FF;
11894 : FF;
11895 : FF;
11896 : FF;
11897 : FF;
11898 : FF;
11899 : FF;
11900 : FF;
11901 : FF;
11902 : FF;
11903 : FF;
11904 : FF;
11905 : FF;
11906 : FF;
11907 : FF;
11908 : FF;
11909 : FF;
11910 : FF;
11911 : FF;
11912 : FF;
11913 : FF;
11914 : FF;
11915 : FF;
11916 : FF;
11917 : FF;
11918 : FF;
11919 : FF;
11920 : FF;
11921 : FF;
11922 : FF;
11923 : FF;
11924 : FF;
11925 : FF;
11926 : FF;
11927 : FF;
11928 : FF;
11929 : FF;
11930 : FF;
11931 : FF;
11932 : FF;
11933 : FF;
11934 : FF;
11935 : FF;
11936 : FF;
11937 : FF;
11938 : FF;
11939 : FF;
11940 : FF;
11941 : FF;
11942 : FF;
11943 : FF;
11944 : FF;
11945 : FF;
11946 : FF;
11947 : FF;
11948 : FF;
11949 : FF;
11950 : FF;
11951 : FF;
11952 : FF;
11953 : FF;
11954 : FF;
11955 : FF;
11956 : FF;
11957 : FF;
11958 : FF;
11959 : FF;
11960 : FF;
11961 : FF;
11962 : FF;
11963 : FF;
11964 : FF;
11965 : FF;
11966 : FF;
11967 : FF;
11968 : FF;
11969 : FF;
11970 : FF;
11971 : FF;
11972 : FF;
11973 : FF;
11974 : FF;
11975 : FF;
11976 : FF;
11977 : FF;
11978 : FF;
11979 : FF;
11980 : FF;
11981 : FF;
11982 : FF;
11983 : FF;
11984 : FF;
11985 : FF;
11986 : FF;
11987 : FF;
11988 : FF;
11989 : FF;
11990 : FF;
11991 : FF;
11992 : FF;
11993 : FF;
11994 : FF;
11995 : FF;
11996 : FF;
11997 : FF;
11998 : FF;
11999 : FF;
12000 : FF;
12001 : FF;
12002 : FF;
12003 : FF;
12004 : FF;
12005 : FF;
12006 : FF;
12007 : FF;
12008 : FF;
12009 : FF;
12010 : FF;
12011 : FF;
12012 : FF;
12013 : FF;
12014 : FF;
12015 : FF;
12016 : FF;
12017 : FF;
12018 : FF;
12019 : FF;
12020 : FF;
12021 : FF;
12022 : FF;
12023 : FF;
12024 : FF;
12025 : FF;
12026 : FF;
12027 : FF;
12028 : FF;
12029 : FF;
12030 : FF;
12031 : FF;
12032 : FF;
12033 : FF;
12034 : FF;
12035 : FF;
12036 : FF;
12037 : FF;
12038 : FF;
12039 : FF;
12040 : FF;
12041 : FF;
12042 : FF;
12043 : FF;
12044 : FF;
12045 : FF;
12046 : FF;
12047 : FF;
12048 : FF;
12049 : FF;
12050 : FF;
12051 : FF;
12052 : FF;
12053 : FF;
12054 : FF;
12055 : FF;
12056 : FF;
12057 : FF;
12058 : FF;
12059 : FF;
12060 : FF;
12061 : FF;
12062 : FF;
12063 : FF;
12064 : FF;
12065 : FF;
12066 : FF;
12067 : FF;
12068 : FF;
12069 : FF;
12070 : FF;
12071 : FF;
12072 : FF;
12073 : FF;
12074 : FF;
12075 : FF;
12076 : FF;
12077 : FF;
12078 : FF;
12079 : FF;
12080 : FF;
12081 : FF;
12082 : FF;
12083 : FF;
12084 : FF;
12085 : FF;
12086 : FF;
12087 : FF;
12088 : FF;
12089 : FF;
12090 : FF;
12091 : FF;
12092 : FF;
12093 : FF;
12094 : FF;
12095 : FF;
12096 : FF;
12097 : FF;
12098 : FF;
12099 : FF;
12100 : FF;
12101 : FF;
12102 : FF;
12103 : FF;
12104 : FF;
12105 : FF;
12106 : FF;
12107 : FF;
12108 : FF;
12109 : FF;
12110 : FF;
12111 : FF;
12112 : FF;
12113 : FF;
12114 : FF;
12115 : FF;
12116 : FF;
12117 : FF;
12118 : FF;
12119 : FF;
12120 : FF;
12121 : FF;
12122 : FF;
12123 : FF;
12124 : FF;
12125 : FF;
12126 : FF;
12127 : FF;
12128 : FF;
12129 : FF;
12130 : FF;
12131 : FF;
12132 : FF;
12133 : FF;
12134 : FF;
12135 : FF;
12136 : FF;
12137 : FF;
12138 : FF;
12139 : FF;
12140 : FF;
12141 : FF;
12142 : FF;
12143 : FF;
12144 : FF;
12145 : FF;
12146 : FF;
12147 : FF;
12148 : FF;
12149 : FF;
12150 : FF;
12151 : FF;
12152 : FF;
12153 : FF;
12154 : FF;
12155 : FF;
12156 : FF;
12157 : FF;
12158 : FF;
12159 : FF;
12160 : FF;
12161 : FF;
12162 : FF;
12163 : FF;
12164 : FF;
12165 : FF;
12166 : FF;
12167 : FF;
12168 : FF;
12169 : FF;
12170 : FF;
12171 : FF;
12172 : FF;
12173 : FF;
12174 : FF;
12175 : FF;
12176 : FF;
12177 : FF;
12178 : FF;
12179 : FF;
12180 : FF;
12181 : FF;
12182 : FF;
12183 : FF;
12184 : FF;
12185 : FF;
12186 : FF;
12187 : FF;
12188 : FF;
12189 : FF;
12190 : FF;
12191 : FF;
12192 : FF;
12193 : FF;
12194 : FF;
12195 : FF;
12196 : FF;
12197 : FF;
12198 : FF;
12199 : FF;
12200 : FF;
12201 : FF;
12202 : FF;
12203 : FF;
12204 : FF;
12205 : FF;
12206 : FF;
12207 : FF;
12208 : FF;
12209 : FF;
12210 : FF;
12211 : FF;
12212 : FF;
12213 : FF;
12214 : FF;
12215 : FF;
12216 : FF;
12217 : FF;
12218 : FF;
12219 : FF;
12220 : FF;
12221 : FF;
12222 : FF;
12223 : FF;
12224 : FF;
12225 : FF;
12226 : FF;
12227 : FF;
12228 : FF;
12229 : FF;
12230 : FF;
12231 : FF;
12232 : FF;
12233 : FF;
12234 : FF;
12235 : FF;
12236 : FF;
12237 : FF;
12238 : FF;
12239 : FF;
12240 : FF;
12241 : FF;
12242 : FF;
12243 : FF;
12244 : FF;
12245 : FF;
12246 : FF;
12247 : FF;
12248 : FF;
12249 : FF;
12250 : FF;
12251 : FF;
12252 : FF;
12253 : FF;
12254 : FF;
12255 : FF;
12256 : FF;
12257 : FF;
12258 : FF;
12259 : FF;
12260 : FF;
12261 : FF;
12262 : FF;
12263 : FF;
12264 : FF;
12265 : FF;
12266 : FF;
12267 : FF;
12268 : FF;
12269 : FF;
12270 : FF;
12271 : FF;
12272 : FF;
12273 : FF;
12274 : FF;
12275 : FF;
12276 : FF;
12277 : FF;
12278 : FF;
12279 : FF;
12280 : FF;
12281 : FF;
12282 : FF;
12283 : FF;
12284 : FF;
12285 : FF;
12286 : FF;
12287 : FF;
12288 : FF;
12289 : FF;
12290 : FF;
12291 : FF;
12292 : FF;
12293 : FF;
12294 : FF;
12295 : FF;
12296 : FF;
12297 : FF;
12298 : FF;
12299 : FF;
12300 : FF;
12301 : FF;
12302 : FF;
12303 : FF;
12304 : FF;
12305 : FF;
12306 : FF;
12307 : FF;
12308 : FF;
12309 : FF;
12310 : FF;
12311 : FF;
12312 : FF;
12313 : FF;
12314 : FF;
12315 : FF;
12316 : FF;
12317 : FF;
12318 : FF;
12319 : FF;
12320 : FF;
12321 : FF;
12322 : FF;
12323 : FF;
12324 : FF;
12325 : FF;
12326 : FF;
12327 : FF;
12328 : FF;
12329 : FF;
12330 : FF;
12331 : FF;
12332 : FF;
12333 : FF;
12334 : FF;
12335 : FF;
12336 : FF;
12337 : FF;
12338 : FF;
12339 : FF;
12340 : FF;
12341 : FF;
12342 : FF;
12343 : FF;
12344 : FF;
12345 : FF;
12346 : FF;
12347 : FF;
12348 : FF;
12349 : FF;
12350 : FF;
12351 : FF;
12352 : FF;
12353 : FF;
12354 : FF;
12355 : FF;
12356 : FF;
12357 : FF;
12358 : FF;
12359 : FF;
12360 : FF;
12361 : FF;
12362 : FF;
12363 : FF;
12364 : FF;
12365 : FF;
12366 : FF;
12367 : FF;
12368 : FF;
12369 : FF;
12370 : FF;
12371 : FF;
12372 : FF;
12373 : FF;
12374 : FF;
12375 : FF;
12376 : FF;
12377 : FF;
12378 : FF;
12379 : FF;
12380 : FF;
12381 : FF;
12382 : FF;
12383 : FF;
12384 : FF;
12385 : FF;
12386 : FF;
12387 : FF;
12388 : FF;
12389 : FF;
12390 : FF;
12391 : FF;
12392 : FF;
12393 : FF;
12394 : FF;
12395 : FF;
12396 : FF;
12397 : FF;
12398 : FF;
12399 : FF;
12400 : FF;
12401 : FF;
12402 : FF;
12403 : FF;
12404 : FF;
12405 : FF;
12406 : FF;
12407 : FF;
12408 : FF;
12409 : FF;
12410 : FF;
12411 : FF;
12412 : FF;
12413 : FF;
12414 : FF;
12415 : FF;
12416 : FF;
12417 : FF;
12418 : FF;
12419 : FF;
12420 : FF;
12421 : FF;
12422 : FF;
12423 : FF;
12424 : FF;
12425 : FF;
12426 : FF;
12427 : FF;
12428 : FF;
12429 : FF;
12430 : FF;
12431 : FF;
12432 : FF;
12433 : FF;
12434 : FF;
12435 : FF;
12436 : FF;
12437 : FF;
12438 : FF;
12439 : FF;
12440 : FF;
12441 : FF;
12442 : FF;
12443 : FF;
12444 : FF;
12445 : FF;
12446 : FF;
12447 : FF;
12448 : FF;
12449 : FF;
12450 : FF;
12451 : FF;
12452 : FF;
12453 : FF;
12454 : FF;
12455 : FF;
12456 : FF;
12457 : FF;
12458 : FF;
12459 : FF;
12460 : FF;
12461 : FF;
12462 : FF;
12463 : FF;
12464 : FF;
12465 : FF;
12466 : FF;
12467 : FF;
12468 : FF;
12469 : FF;
12470 : FF;
12471 : FF;
12472 : FF;
12473 : FF;
12474 : FF;
12475 : FF;
12476 : FF;
12477 : FF;
12478 : FF;
12479 : FF;
12480 : FF;
12481 : FF;
12482 : FF;
12483 : FF;
12484 : FF;
12485 : FF;
12486 : FF;
12487 : FF;
12488 : FF;
12489 : FF;
12490 : FF;
12491 : FF;
12492 : FF;
12493 : FF;
12494 : FF;
12495 : FF;
12496 : FF;
12497 : FF;
12498 : FF;
12499 : FF;
12500 : FF;
12501 : FF;
12502 : FF;
12503 : FF;
12504 : FF;
12505 : FF;
12506 : FF;
12507 : FF;
12508 : FF;
12509 : FF;
12510 : FF;
12511 : FF;
12512 : FF;
12513 : FF;
12514 : FF;
12515 : FF;
12516 : FF;
12517 : FF;
12518 : FF;
12519 : FF;
12520 : FF;
12521 : FF;
12522 : FF;
12523 : FF;
12524 : FF;
12525 : FF;
12526 : FF;
12527 : FF;
12528 : FF;
12529 : FF;
12530 : FF;
12531 : FF;
12532 : FF;
12533 : FF;
12534 : FF;
12535 : FF;
12536 : FF;
12537 : FF;
12538 : FF;
12539 : FF;
12540 : FF;
12541 : FF;
12542 : FF;
12543 : FF;
12544 : FF;
12545 : FF;
12546 : FF;
12547 : FF;
12548 : FF;
12549 : FF;
12550 : FF;
12551 : FF;
12552 : FF;
12553 : FF;
12554 : FF;
12555 : FF;
12556 : FF;
12557 : FF;
12558 : FF;
12559 : FF;
12560 : FF;
12561 : FF;
12562 : FF;
12563 : FF;
12564 : FF;
12565 : FF;
12566 : FF;
12567 : FF;
12568 : FF;
12569 : FF;
12570 : FF;
12571 : FF;
12572 : FF;
12573 : FF;
12574 : FF;
12575 : FF;
12576 : FF;
12577 : FF;
12578 : FF;
12579 : FF;
12580 : FF;
12581 : FF;
12582 : FF;
12583 : FF;
12584 : FF;
12585 : FF;
12586 : FF;
12587 : FF;
12588 : FF;
12589 : FF;
12590 : FF;
12591 : FF;
12592 : FF;
12593 : FF;
12594 : FF;
12595 : FF;
12596 : FF;
12597 : FF;
12598 : FF;
12599 : FF;
12600 : FF;
12601 : FF;
12602 : FF;
12603 : FF;
12604 : FF;
12605 : FF;
12606 : FF;
12607 : FF;
12608 : FF;
12609 : FF;
12610 : FF;
12611 : FF;
12612 : FF;
12613 : FF;
12614 : FF;
12615 : FF;
12616 : FF;
12617 : FF;
12618 : FF;
12619 : FF;
12620 : FF;
12621 : FF;
12622 : FF;
12623 : FF;
12624 : FF;
12625 : FF;
12626 : FF;
12627 : FF;
12628 : FF;
12629 : FF;
12630 : FF;
12631 : FF;
12632 : FF;
12633 : FF;
12634 : FF;
12635 : FF;
12636 : FF;
12637 : FF;
12638 : FF;
12639 : FF;
12640 : FF;
12641 : FF;
12642 : FF;
12643 : FF;
12644 : FF;
12645 : FF;
12646 : FF;
12647 : FF;
12648 : FF;
12649 : FF;
12650 : FF;
12651 : FF;
12652 : FF;
12653 : FF;
12654 : FF;
12655 : FF;
12656 : FF;
12657 : FF;
12658 : FF;
12659 : FF;
12660 : FF;
12661 : FF;
12662 : FF;
12663 : FF;
12664 : FF;
12665 : FF;
12666 : FF;
12667 : FF;
12668 : FF;
12669 : FF;
12670 : FF;
12671 : FF;
12672 : FF;
12673 : FF;
12674 : FF;
12675 : FF;
12676 : FF;
12677 : FF;
12678 : FF;
12679 : FF;
12680 : FF;
12681 : FF;
12682 : FF;
12683 : FF;
12684 : FF;
12685 : FF;
12686 : FF;
12687 : FF;
12688 : FF;
12689 : FF;
12690 : FF;
12691 : FF;
12692 : FF;
12693 : FF;
12694 : FF;
12695 : FF;
12696 : FF;
12697 : FF;
12698 : FF;
12699 : FF;
12700 : FF;
12701 : FF;
12702 : FF;
12703 : FF;
12704 : FF;
12705 : FF;
12706 : FF;
12707 : FF;
12708 : FF;
12709 : FF;
12710 : FF;
12711 : FF;
12712 : FF;
12713 : FF;
12714 : FF;
12715 : FF;
12716 : FF;
12717 : FF;
12718 : FF;
12719 : FF;
12720 : FF;
12721 : FF;
12722 : FF;
12723 : FF;
12724 : FF;
12725 : FF;
12726 : FF;
12727 : FF;
12728 : FF;
12729 : FF;
12730 : FF;
12731 : FF;
12732 : FF;
12733 : FF;
12734 : FF;
12735 : FF;
12736 : FF;
12737 : FF;
12738 : FF;
12739 : FF;
12740 : FF;
12741 : FF;
12742 : FF;
12743 : FF;
12744 : FF;
12745 : FF;
12746 : FF;
12747 : FF;
12748 : FF;
12749 : FF;
12750 : FF;
12751 : FF;
12752 : FF;
12753 : FF;
12754 : FF;
12755 : FF;
12756 : FF;
12757 : FF;
12758 : FF;
12759 : FF;
12760 : FF;
12761 : FF;
12762 : FF;
12763 : FF;
12764 : FF;
12765 : FF;
12766 : FF;
12767 : FF;
12768 : FF;
12769 : FF;
12770 : FF;
12771 : FF;
12772 : FF;
12773 : FF;
12774 : FF;
12775 : FF;
12776 : FF;
12777 : FF;
12778 : FF;
12779 : FF;
12780 : FF;
12781 : FF;
12782 : FF;
12783 : FF;
12784 : FF;
12785 : FF;
12786 : FF;
12787 : FF;
12788 : FF;
12789 : FF;
12790 : FF;
12791 : FF;
12792 : FF;
12793 : FF;
12794 : FF;
12795 : FF;
12796 : FF;
12797 : FF;
12798 : FF;
12799 : FF;
12800 : FF;
12801 : FF;
12802 : FF;
12803 : FF;
12804 : FF;
12805 : FF;
12806 : FF;
12807 : FF;
12808 : FF;
12809 : FF;
12810 : FF;
12811 : FF;
12812 : FF;
12813 : FF;
12814 : FF;
12815 : FF;
12816 : FF;
12817 : FF;
12818 : FF;
12819 : FF;
12820 : FF;
12821 : FF;
12822 : FF;
12823 : FF;
12824 : FF;
12825 : FF;
12826 : FF;
12827 : FF;
12828 : FF;
12829 : FF;
12830 : FF;
12831 : FF;
12832 : FF;
12833 : FF;
12834 : FF;
12835 : FF;
12836 : FF;
12837 : FF;
12838 : FF;
12839 : FF;
12840 : FF;
12841 : FF;
12842 : FF;
12843 : FF;
12844 : FF;
12845 : FF;
12846 : FF;
12847 : FF;
12848 : FF;
12849 : FF;
12850 : FF;
12851 : FF;
12852 : FF;
12853 : FF;
12854 : FF;
12855 : FF;
12856 : FF;
12857 : FF;
12858 : FF;
12859 : FF;
12860 : FF;
12861 : FF;
12862 : FF;
12863 : FF;
12864 : FF;
12865 : FF;
12866 : FF;
12867 : FF;
12868 : FF;
12869 : FF;
12870 : FF;
12871 : FF;
12872 : FF;
12873 : FF;
12874 : FF;
12875 : FF;
12876 : FF;
12877 : FF;
12878 : FF;
12879 : FF;
12880 : FF;
12881 : FF;
12882 : FF;
12883 : FF;
12884 : FF;
12885 : FF;
12886 : FF;
12887 : FF;
12888 : FF;
12889 : FF;
12890 : FF;
12891 : FF;
12892 : FF;
12893 : FF;
12894 : FF;
12895 : FF;
12896 : FF;
12897 : FF;
12898 : FF;
12899 : FF;
12900 : FF;
12901 : FF;
12902 : FF;
12903 : FF;
12904 : FF;
12905 : FF;
12906 : FF;
12907 : FF;
12908 : FF;
12909 : FF;
12910 : FF;
12911 : FF;
12912 : FF;
12913 : FF;
12914 : FF;
12915 : FF;
12916 : FF;
12917 : FF;
12918 : FF;
12919 : FF;
12920 : FF;
12921 : FF;
12922 : FF;
12923 : FF;
12924 : FF;
12925 : FF;
12926 : FF;
12927 : FF;
12928 : FF;
12929 : FF;
12930 : FF;
12931 : FF;
12932 : FF;
12933 : FF;
12934 : FF;
12935 : FF;
12936 : FF;
12937 : FF;
12938 : FF;
12939 : FF;
12940 : FF;
12941 : FF;
12942 : FF;
12943 : FF;
12944 : FF;
12945 : FF;
12946 : FF;
12947 : FF;
12948 : FF;
12949 : FF;
12950 : FF;
12951 : FF;
12952 : FF;
12953 : FF;
12954 : FF;
12955 : FF;
12956 : FF;
12957 : FF;
12958 : FF;
12959 : FF;
12960 : FF;
12961 : FF;
12962 : FF;
12963 : FF;
12964 : FF;
12965 : FF;
12966 : FF;
12967 : FF;
12968 : FF;
12969 : FF;
12970 : FF;
12971 : FF;
12972 : FF;
12973 : FF;
12974 : FF;
12975 : FF;
12976 : FF;
12977 : FF;
12978 : FF;
12979 : FF;
12980 : FF;
12981 : FF;
12982 : FF;
12983 : FF;
12984 : FF;
12985 : FF;
12986 : FF;
12987 : FF;
12988 : FF;
12989 : FF;
12990 : FF;
12991 : FF;
12992 : FF;
12993 : FF;
12994 : FF;
12995 : FF;
12996 : FF;
12997 : FF;
12998 : FF;
12999 : FF;
13000 : FF;
13001 : FF;
13002 : FF;
13003 : FF;
13004 : FF;
13005 : FF;
13006 : FF;
13007 : FF;
13008 : FF;
13009 : FF;
13010 : FF;
13011 : FF;
13012 : FF;
13013 : FF;
13014 : FF;
13015 : FF;
13016 : FF;
13017 : FF;
13018 : FF;
13019 : FF;
13020 : FF;
13021 : FF;
13022 : FF;
13023 : FF;
13024 : FF;
13025 : FF;
13026 : FF;
13027 : FF;
13028 : FF;
13029 : FF;
13030 : FF;
13031 : FF;
13032 : FF;
13033 : FF;
13034 : FF;
13035 : FF;
13036 : FF;
13037 : FF;
13038 : FF;
13039 : FF;
13040 : FF;
13041 : FF;
13042 : FF;
13043 : FF;
13044 : FF;
13045 : FF;
13046 : FF;
13047 : FF;
13048 : FF;
13049 : FF;
13050 : FF;
13051 : FF;
13052 : FF;
13053 : FF;
13054 : FF;
13055 : FF;
13056 : FF;
13057 : FF;
13058 : FF;
13059 : FF;
13060 : FF;
13061 : FF;
13062 : FF;
13063 : FF;
13064 : FF;
13065 : FF;
13066 : FF;
13067 : FF;
13068 : FF;
13069 : FF;
13070 : FF;
13071 : FF;
13072 : FF;
13073 : FF;
13074 : FF;
13075 : FF;
13076 : FF;
13077 : FF;
13078 : FF;
13079 : FF;
13080 : FF;
13081 : FF;
13082 : FF;
13083 : FF;
13084 : FF;
13085 : FF;
13086 : FF;
13087 : FF;
13088 : FF;
13089 : FF;
13090 : FF;
13091 : FF;
13092 : FF;
13093 : FF;
13094 : FF;
13095 : FF;
13096 : FF;
13097 : FF;
13098 : FF;
13099 : FF;
13100 : FF;
13101 : FF;
13102 : FF;
13103 : FF;
13104 : FF;
13105 : FF;
13106 : FF;
13107 : FF;
13108 : FF;
13109 : FF;
13110 : FF;
13111 : FF;
13112 : FF;
13113 : FF;
13114 : FF;
13115 : FF;
13116 : FF;
13117 : FF;
13118 : FF;
13119 : FF;
13120 : FF;
13121 : FF;
13122 : FF;
13123 : FF;
13124 : FF;
13125 : FF;
13126 : FF;
13127 : FF;
13128 : FF;
13129 : FF;
13130 : FF;
13131 : FF;
13132 : FF;
13133 : FF;
13134 : FF;
13135 : FF;
13136 : FF;
13137 : FF;
13138 : FF;
13139 : FF;
13140 : FF;
13141 : FF;
13142 : FF;
13143 : FF;
13144 : FF;
13145 : FF;
13146 : FF;
13147 : FF;
13148 : FF;
13149 : FF;
13150 : FF;
13151 : FF;
13152 : FF;
13153 : FF;
13154 : FF;
13155 : FF;
13156 : FF;
13157 : FF;
13158 : FF;
13159 : FF;
13160 : FF;
13161 : FF;
13162 : FF;
13163 : FF;
13164 : FF;
13165 : FF;
13166 : FF;
13167 : FF;
13168 : FF;
13169 : FF;
13170 : FF;
13171 : FF;
13172 : FF;
13173 : FF;
13174 : FF;
13175 : FF;
13176 : FF;
13177 : FF;
13178 : FF;
13179 : FF;
13180 : FF;
13181 : FF;
13182 : FF;
13183 : FF;
13184 : FF;
13185 : FF;
13186 : FF;
13187 : FF;
13188 : FF;
13189 : FF;
13190 : FF;
13191 : FF;
13192 : FF;
13193 : FF;
13194 : FF;
13195 : FF;
13196 : FF;
13197 : FF;
13198 : FF;
13199 : FF;
13200 : FF;
13201 : FF;
13202 : FF;
13203 : FF;
13204 : FF;
13205 : FF;
13206 : FF;
13207 : FF;
13208 : FF;
13209 : FF;
13210 : FF;
13211 : FF;
13212 : FF;
13213 : FF;
13214 : FF;
13215 : FF;
13216 : FF;
13217 : FF;
13218 : FF;
13219 : FF;
13220 : FF;
13221 : FF;
13222 : FF;
13223 : FF;
13224 : FF;
13225 : FF;
13226 : FF;
13227 : FF;
13228 : FF;
13229 : FF;
13230 : FF;
13231 : FF;
13232 : FF;
13233 : FF;
13234 : FF;
13235 : FF;
13236 : FF;
13237 : FF;
13238 : FF;
13239 : FF;
13240 : FF;
13241 : FF;
13242 : FF;
13243 : FF;
13244 : FF;
13245 : FF;
13246 : FF;
13247 : FF;
13248 : FF;
13249 : FF;
13250 : FF;
13251 : FF;
13252 : FF;
13253 : FF;
13254 : FF;
13255 : FF;
13256 : FF;
13257 : FF;
13258 : FF;
13259 : FF;
13260 : FF;
13261 : FF;
13262 : FF;
13263 : FF;
13264 : FF;
13265 : FF;
13266 : FF;
13267 : FF;
13268 : FF;
13269 : FF;
13270 : FF;
13271 : FF;
13272 : FF;
13273 : FF;
13274 : FF;
13275 : FF;
13276 : FF;
13277 : FF;
13278 : FF;
13279 : FF;
13280 : FF;
13281 : FF;
13282 : FF;
13283 : FF;
13284 : FF;
13285 : FF;
13286 : FF;
13287 : FF;
13288 : FF;
13289 : FF;
13290 : FF;
13291 : FF;
13292 : FF;
13293 : FF;
13294 : FF;
13295 : FF;
13296 : FF;
13297 : FF;
13298 : FF;
13299 : FF;
13300 : FF;
13301 : FF;
13302 : FF;
13303 : FF;
13304 : FF;
13305 : FF;
13306 : FF;
13307 : FF;
13308 : FF;
13309 : FF;
13310 : FF;
13311 : FF;
13312 : FF;
13313 : FF;
13314 : FF;
13315 : FF;
13316 : FF;
13317 : FF;
13318 : FF;
13319 : FF;
13320 : FF;
13321 : FF;
13322 : FF;
13323 : FF;
13324 : FF;
13325 : FF;
13326 : FF;
13327 : FF;
13328 : FF;
13329 : FF;
13330 : FF;
13331 : FF;
13332 : FF;
13333 : FF;
13334 : FF;
13335 : FF;
13336 : FF;
13337 : FF;
13338 : FF;
13339 : FF;
13340 : FF;
13341 : FF;
13342 : FF;
13343 : FF;
13344 : FF;
13345 : FF;
13346 : FF;
13347 : FF;
13348 : FF;
13349 : FF;
13350 : FF;
13351 : FF;
13352 : FF;
13353 : FF;
13354 : FF;
13355 : FF;
13356 : FF;
13357 : FF;
13358 : FF;
13359 : FF;
13360 : FF;
13361 : FF;
13362 : FF;
13363 : FF;
13364 : FF;
13365 : FF;
13366 : FF;
13367 : FF;
13368 : FF;
13369 : FF;
13370 : FF;
13371 : FF;
13372 : FF;
13373 : FF;
13374 : FF;
13375 : FF;
13376 : FF;
13377 : FF;
13378 : FF;
13379 : FF;
13380 : FF;
13381 : FF;
13382 : FF;
13383 : FF;
13384 : FF;
13385 : FF;
13386 : FF;
13387 : FF;
13388 : FF;
13389 : FF;
13390 : FF;
13391 : FF;
13392 : FF;
13393 : FF;
13394 : FF;
13395 : FF;
13396 : FF;
13397 : FF;
13398 : FF;
13399 : FF;
13400 : FF;
13401 : FF;
13402 : FF;
13403 : FF;
13404 : FF;
13405 : FF;
13406 : FF;
13407 : FF;
13408 : FF;
13409 : FF;
13410 : FF;
13411 : FF;
13412 : FF;
13413 : FF;
13414 : FF;
13415 : FF;
13416 : FF;
13417 : FF;
13418 : FF;
13419 : FF;
13420 : FF;
13421 : FF;
13422 : FF;
13423 : FF;
13424 : FF;
13425 : FF;
13426 : FF;
13427 : FF;
13428 : FF;
13429 : FF;
13430 : FF;
13431 : FF;
13432 : FF;
13433 : FF;
13434 : FF;
13435 : FF;
13436 : FF;
13437 : FF;
13438 : FF;
13439 : FF;
13440 : FF;
13441 : FF;
13442 : FF;
13443 : FF;
13444 : FF;
13445 : FF;
13446 : FF;
13447 : FF;
13448 : FF;
13449 : FF;
13450 : FF;
13451 : FF;
13452 : FF;
13453 : FF;
13454 : FF;
13455 : FF;
13456 : FF;
13457 : FF;
13458 : FF;
13459 : FF;
13460 : FF;
13461 : FF;
13462 : FF;
13463 : FF;
13464 : FF;
13465 : FF;
13466 : FF;
13467 : FF;
13468 : FF;
13469 : FF;
13470 : FF;
13471 : FF;
13472 : FF;
13473 : FF;
13474 : FF;
13475 : FF;
13476 : FF;
13477 : FF;
13478 : FF;
13479 : FF;
13480 : FF;
13481 : FF;
13482 : FF;
13483 : FF;
13484 : FF;
13485 : FF;
13486 : FF;
13487 : FF;
13488 : FF;
13489 : FF;
13490 : FF;
13491 : FF;
13492 : FF;
13493 : FF;
13494 : FF;
13495 : FF;
13496 : FF;
13497 : FF;
13498 : FF;
13499 : FF;
13500 : FF;
13501 : FF;
13502 : FF;
13503 : FF;
13504 : FF;
13505 : FF;
13506 : FF;
13507 : FF;
13508 : FF;
13509 : FF;
13510 : FF;
13511 : FF;
13512 : FF;
13513 : FF;
13514 : FF;
13515 : FF;
13516 : FF;
13517 : FF;
13518 : FF;
13519 : FF;
13520 : FF;
13521 : FF;
13522 : FF;
13523 : FF;
13524 : FF;
13525 : FF;
13526 : FF;
13527 : FF;
13528 : FF;
13529 : FF;
13530 : FF;
13531 : FF;
13532 : FF;
13533 : FF;
13534 : FF;
13535 : FF;
13536 : FF;
13537 : FF;
13538 : FF;
13539 : FF;
13540 : FF;
13541 : FF;
13542 : FF;
13543 : FF;
13544 : FF;
13545 : FF;
13546 : FF;
13547 : FF;
13548 : FF;
13549 : FF;
13550 : FF;
13551 : FF;
13552 : FF;
13553 : FF;
13554 : FF;
13555 : FF;
13556 : FF;
13557 : FF;
13558 : FF;
13559 : FF;
13560 : FF;
13561 : FF;
13562 : FF;
13563 : FF;
13564 : FF;
13565 : FF;
13566 : FF;
13567 : FF;
13568 : FF;
13569 : FF;
13570 : FF;
13571 : FF;
13572 : FF;
13573 : FF;
13574 : FF;
13575 : FF;
13576 : FF;
13577 : FF;
13578 : FF;
13579 : FF;
13580 : FF;
13581 : FF;
13582 : FF;
13583 : FF;
13584 : FF;
13585 : FF;
13586 : FF;
13587 : FF;
13588 : FF;
13589 : FF;
13590 : FF;
13591 : FF;
13592 : FF;
13593 : FF;
13594 : FF;
13595 : FF;
13596 : FF;
13597 : FF;
13598 : FF;
13599 : FF;
13600 : FF;
13601 : FF;
13602 : FF;
13603 : FF;
13604 : FF;
13605 : FF;
13606 : FF;
13607 : FF;
13608 : FF;
13609 : FF;
13610 : FF;
13611 : FF;
13612 : FF;
13613 : FF;
13614 : FF;
13615 : FF;
13616 : FF;
13617 : FF;
13618 : FF;
13619 : FF;
13620 : FF;
13621 : FF;
13622 : FF;
13623 : FF;
13624 : FF;
13625 : FF;
13626 : FF;
13627 : FF;
13628 : FF;
13629 : FF;
13630 : FF;
13631 : FF;
13632 : FF;
13633 : FF;
13634 : FF;
13635 : FF;
13636 : FF;
13637 : FF;
13638 : FF;
13639 : FF;
13640 : FF;
13641 : FF;
13642 : FF;
13643 : FF;
13644 : FF;
13645 : FF;
13646 : FF;
13647 : FF;
13648 : FF;
13649 : FF;
13650 : FF;
13651 : FF;
13652 : FF;
13653 : FF;
13654 : FF;
13655 : FF;
13656 : FF;
13657 : FF;
13658 : FF;
13659 : FF;
13660 : FF;
13661 : FF;
13662 : FF;
13663 : FF;
13664 : DB;
13665 : FF;
13666 : FF;
13667 : FF;
13668 : FF;
13669 : FF;
13670 : FF;
13671 : FF;
13672 : FF;
13673 : FF;
13674 : FF;
13675 : FF;
13676 : FF;
13677 : FF;
13678 : FF;
13679 : FF;
13680 : FF;
13681 : FF;
13682 : FF;
13683 : FF;
13684 : FF;
13685 : FF;
13686 : FF;
13687 : FF;
13688 : FF;
13689 : FF;
13690 : FF;
13691 : FF;
13692 : FF;
13693 : FF;
13694 : FF;
13695 : FF;
13696 : FF;
13697 : FF;
13698 : FF;
13699 : FF;
13700 : FF;
13701 : FF;
13702 : FF;
13703 : FF;
13704 : FF;
13705 : FF;
13706 : FF;
13707 : FF;
13708 : FF;
13709 : FF;
13710 : FF;
13711 : FF;
13712 : FF;
13713 : FF;
13714 : FF;
13715 : FF;
13716 : FF;
13717 : FF;
13718 : FF;
13719 : FF;
13720 : FF;
13721 : FF;
13722 : FF;
13723 : FF;
13724 : FF;
13725 : FF;
13726 : FF;
13727 : FF;
13728 : FF;
13729 : FF;
13730 : FF;
13731 : FF;
13732 : FF;
13733 : FF;
13734 : FF;
13735 : FF;
13736 : FF;
13737 : FF;
13738 : FF;
13739 : FF;
13740 : FF;
13741 : FF;
13742 : FF;
13743 : FF;
13744 : FF;
13745 : FF;
13746 : FF;
13747 : FF;
13748 : FF;
13749 : FF;
13750 : FF;
13751 : FF;
13752 : FF;
13753 : FF;
13754 : FF;
13755 : FF;
13756 : FF;
13757 : FF;
13758 : FF;
13759 : FF;
13760 : FF;
13761 : FF;
13762 : FF;
13763 : FF;
13764 : FF;
13765 : FF;
13766 : FF;
13767 : FF;
13768 : FF;
13769 : DB;
13770 : DB;
13771 : DB;
13772 : DB;
13773 : DB;
13774 : DB;
13775 : FF;
13776 : FF;
13777 : FF;
13778 : DB;
13779 : DB;
13780 : DB;
13781 : DB;
13782 : DB;
13783 : FF;
13784 : FF;
13785 : FF;
13786 : FF;
13787 : DB;
13788 : DB;
13789 : DB;
13790 : FF;
13791 : FF;
13792 : FF;
13793 : FF;
13794 : FF;
13795 : FF;
13796 : FF;
13797 : FF;
13798 : FF;
13799 : FF;
13800 : FF;
13801 : FF;
13802 : FF;
13803 : FF;
13804 : FF;
13805 : FF;
13806 : FF;
13807 : FF;
13808 : FF;
13809 : FF;
13810 : FF;
13811 : FF;
13812 : FF;
13813 : FF;
13814 : FF;
13815 : FF;
13816 : FF;
13817 : FF;
13818 : FF;
13819 : FF;
13820 : FF;
13821 : FF;
13822 : FF;
13823 : FF;
13824 : FF;
13825 : FF;
13826 : FF;
13827 : FF;
13828 : FF;
13829 : DB;
13830 : DB;
13831 : DB;
13832 : FF;
13833 : FF;
13834 : DB;
13835 : FF;
13836 : FF;
13837 : FF;
13838 : FF;
13839 : FF;
13840 : FF;
13841 : FF;
13842 : FF;
13843 : FF;
13844 : FF;
13845 : FF;
13846 : FF;
13847 : FF;
13848 : FF;
13849 : FF;
13850 : FF;
13851 : FF;
13852 : FF;
13853 : FF;
13854 : FF;
13855 : FF;
13856 : FF;
13857 : FF;
13858 : FF;
13859 : FF;
13860 : FF;
13861 : FF;
13862 : FF;
13863 : FF;
13864 : FF;
13865 : FF;
13866 : FF;
13867 : FF;
13868 : FF;
13869 : FF;
13870 : FF;
13871 : FF;
13872 : FF;
13873 : FF;
13874 : FF;
13875 : FF;
13876 : FF;
13877 : FF;
13878 : FF;
13879 : FF;
13880 : FF;
13881 : FF;
13882 : FF;
13883 : FF;
13884 : FF;
13885 : FF;
13886 : FF;
13887 : FF;
13888 : FF;
13889 : FF;
13890 : FF;
13891 : FF;
13892 : FF;
13893 : DB;
13894 : DB;
13895 : DB;
13896 : DB;
13897 : DB;
13898 : DB;
13899 : FF;
13900 : FF;
13901 : FF;
13902 : DB;
13903 : DB;
13904 : DB;
13905 : DB;
13906 : DB;
13907 : FF;
13908 : FF;
13909 : FF;
13910 : FF;
13911 : DB;
13912 : DB;
13913 : DB;
13914 : FF;
13915 : FF;
13916 : FF;
13917 : FF;
13918 : FF;
13919 : FF;
13920 : FF;
13921 : FF;
13922 : FF;
13923 : FF;
13924 : FF;
13925 : FF;
13926 : FF;
13927 : FF;
13928 : FF;
13929 : DB;
13930 : DB;
13931 : DB;
13932 : FF;
13933 : FF;
13934 : FF;
13935 : FF;
13936 : FF;
13937 : FF;
13938 : FF;
13939 : FF;
13940 : FF;
13941 : FF;
13942 : FF;
13943 : FF;
13944 : FF;
13945 : FF;
13946 : FF;
13947 : FF;
13948 : FF;
13949 : FF;
13950 : FF;
13951 : DB;
13952 : DB;
13953 : DB;
13954 : DB;
13955 : DB;
13956 : DB;
13957 : DB;
13958 : DB;
13959 : FF;
13960 : FF;
13961 : FF;
13962 : FF;
13963 : FF;
13964 : FF;
13965 : FF;
13966 : FF;
13967 : FF;
13968 : FF;
13969 : FF;
13970 : FF;
13971 : FF;
13972 : FF;
13973 : FF;
13974 : FF;
13975 : FF;
13976 : FF;
13977 : FF;
13978 : FF;
13979 : FF;
13980 : FF;
13981 : FF;
13982 : FF;
13983 : FF;
13984 : FF;
13985 : FF;
13986 : FF;
13987 : FF;
13988 : FF;
13989 : FF;
13990 : FF;
13991 : FF;
13992 : FF;
13993 : FF;
13994 : FF;
13995 : FF;
13996 : FF;
13997 : FF;
13998 : FF;
13999 : FF;
14000 : FF;
14001 : FF;
14002 : FF;
14003 : FF;
14004 : FF;
14005 : FF;
14006 : FF;
14007 : FF;
14008 : FF;
14009 : FF;
14010 : FF;
14011 : FF;
14012 : FF;
14013 : FF;
14014 : FF;
14015 : FF;
14016 : FF;
14017 : FF;
14018 : FF;
14019 : DB;
14020 : DB;
14021 : FF;
14022 : FF;
14023 : FF;
14024 : FF;
14025 : FF;
14026 : FF;
14027 : DB;
14028 : DB;
14029 : DB;
14030 : FF;
14031 : FF;
14032 : FF;
14033 : FF;
14034 : FF;
14035 : FF;
14036 : DB;
14037 : FF;
14038 : FF;
14039 : FF;
14040 : FF;
14041 : FF;
14042 : FF;
14043 : FF;
14044 : FF;
14045 : FF;
14046 : FF;
14047 : FF;
14048 : FF;
14049 : FF;
14050 : FF;
14051 : FF;
14052 : FF;
14053 : DB;
14054 : DB;
14055 : DB;
14056 : FF;
14057 : FF;
14058 : FF;
14059 : FF;
14060 : FF;
14061 : FF;
14062 : FF;
14063 : FF;
14064 : FF;
14065 : FF;
14066 : FF;
14067 : FF;
14068 : FF;
14069 : FF;
14070 : FF;
14071 : FF;
14072 : FF;
14073 : FF;
14074 : DB;
14075 : DB;
14076 : FF;
14077 : FF;
14078 : FF;
14079 : FF;
14080 : FF;
14081 : DB;
14082 : DB;
14083 : FF;
14084 : FF;
14085 : FF;
14086 : FF;
14087 : FF;
14088 : FF;
14089 : FF;
14090 : FF;
14091 : FF;
14092 : FF;
14093 : FF;
14094 : FF;
14095 : FF;
14096 : FF;
14097 : FF;
14098 : FF;
14099 : FF;
14100 : FF;
14101 : FF;
14102 : FF;
14103 : FF;
14104 : FF;
14105 : FF;
14106 : FF;
14107 : FF;
14108 : FF;
14109 : FF;
14110 : FF;
14111 : FF;
14112 : FF;
14113 : FF;
14114 : FF;
14115 : FF;
14116 : FF;
14117 : FF;
14118 : FF;
14119 : FF;
14120 : FF;
14121 : FF;
14122 : FF;
14123 : FF;
14124 : FF;
14125 : FF;
14126 : FF;
14127 : FF;
14128 : FF;
14129 : FF;
14130 : FF;
14131 : FF;
14132 : FF;
14133 : FF;
14134 : FF;
14135 : FF;
14136 : FF;
14137 : FF;
14138 : FF;
14139 : FF;
14140 : FF;
14141 : FF;
14142 : FF;
14143 : DB;
14144 : DB;
14145 : FF;
14146 : FF;
14147 : FF;
14148 : FF;
14149 : FF;
14150 : FF;
14151 : DB;
14152 : DB;
14153 : DB;
14154 : FF;
14155 : FF;
14156 : FF;
14157 : FF;
14158 : FF;
14159 : FF;
14160 : FF;
14161 : FF;
14162 : FF;
14163 : FF;
14164 : FF;
14165 : FF;
14166 : FF;
14167 : FF;
14168 : FF;
14169 : FF;
14170 : FF;
14171 : FF;
14172 : FF;
14173 : FF;
14174 : DB;
14175 : FF;
14176 : FF;
14177 : FF;
14178 : DB;
14179 : DB;
14180 : FF;
14181 : FF;
14182 : FF;
14183 : FF;
14184 : FF;
14185 : FF;
14186 : FF;
14187 : FF;
14188 : FF;
14189 : FF;
14190 : FF;
14191 : FF;
14192 : FF;
14193 : FF;
14194 : FF;
14195 : FF;
14196 : FF;
14197 : DB;
14198 : DB;
14199 : DB;
14200 : FF;
14201 : FF;
14202 : FF;
14203 : FF;
14204 : FF;
14205 : FF;
14206 : FF;
14207 : FF;
14208 : FF;
14209 : FF;
14210 : FF;
14211 : FF;
14212 : FF;
14213 : FF;
14214 : FF;
14215 : FF;
14216 : FF;
14217 : FF;
14218 : FF;
14219 : FF;
14220 : FF;
14221 : FF;
14222 : FF;
14223 : FF;
14224 : FF;
14225 : FF;
14226 : FF;
14227 : FF;
14228 : FF;
14229 : FF;
14230 : FF;
14231 : FF;
14232 : FF;
14233 : FF;
14234 : FF;
14235 : FF;
14236 : FF;
14237 : FF;
14238 : FF;
14239 : FF;
14240 : FF;
14241 : FF;
14242 : FF;
14243 : FF;
14244 : FF;
14245 : FF;
14246 : FF;
14247 : FF;
14248 : FF;
14249 : FF;
14250 : FF;
14251 : FF;
14252 : FF;
14253 : FF;
14254 : FF;
14255 : FF;
14256 : FF;
14257 : FF;
14258 : FF;
14259 : FF;
14260 : FF;
14261 : FF;
14262 : FF;
14263 : FF;
14264 : FF;
14265 : FF;
14266 : FF;
14267 : DB;
14268 : DB;
14269 : FF;
14270 : FF;
14271 : FF;
14272 : FF;
14273 : FF;
14274 : FF;
14275 : DB;
14276 : DB;
14277 : DB;
14278 : FF;
14279 : FF;
14280 : FF;
14281 : FF;
14282 : FF;
14283 : FF;
14284 : FF;
14285 : DB;
14286 : FF;
14287 : FF;
14288 : FF;
14289 : FF;
14290 : FF;
14291 : FF;
14292 : DB;
14293 : DB;
14294 : DB;
14295 : FF;
14296 : FF;
14297 : DB;
14298 : DB;
14299 : FF;
14300 : FF;
14301 : FF;
14302 : DB;
14303 : DB;
14304 : FF;
14305 : FF;
14306 : FF;
14307 : DB;
14308 : DB;
14309 : FF;
14310 : FF;
14311 : FF;
14312 : FF;
14313 : FF;
14314 : FF;
14315 : FF;
14316 : FF;
14317 : FF;
14318 : FF;
14319 : FF;
14320 : FF;
14321 : DB;
14322 : DB;
14323 : DB;
14324 : FF;
14325 : FF;
14326 : FF;
14327 : FF;
14328 : FF;
14329 : FF;
14330 : FF;
14331 : FF;
14332 : FF;
14333 : FF;
14334 : FF;
14335 : FF;
14336 : FF;
14337 : FF;
14338 : DB;
14339 : DB;
14340 : DB;
14341 : FF;
14342 : FF;
14343 : FF;
14344 : FF;
14345 : FF;
14346 : FF;
14347 : FF;
14348 : FF;
14349 : FF;
14350 : DB;
14351 : DB;
14352 : FF;
14353 : FF;
14354 : FF;
14355 : FF;
14356 : FF;
14357 : FF;
14358 : FF;
14359 : FF;
14360 : FF;
14361 : DB;
14362 : FF;
14363 : FF;
14364 : DB;
14365 : FF;
14366 : FF;
14367 : FF;
14368 : FF;
14369 : FF;
14370 : FF;
14371 : DB;
14372 : DB;
14373 : DB;
14374 : FF;
14375 : FF;
14376 : FF;
14377 : FF;
14378 : FF;
14379 : FF;
14380 : FF;
14381 : FF;
14382 : FF;
14383 : FF;
14384 : FF;
14385 : FF;
14386 : FF;
14387 : FF;
14388 : FF;
14389 : FF;
14390 : FF;
14391 : DB;
14392 : DB;
14393 : FF;
14394 : FF;
14395 : FF;
14396 : FF;
14397 : FF;
14398 : FF;
14399 : DB;
14400 : DB;
14401 : DB;
14402 : FF;
14403 : FF;
14404 : FF;
14405 : FF;
14406 : DB;
14407 : DB;
14408 : DB;
14409 : DB;
14410 : FF;
14411 : FF;
14412 : FF;
14413 : FF;
14414 : DB;
14415 : DB;
14416 : DB;
14417 : DB;
14418 : DB;
14419 : DB;
14420 : DB;
14421 : FF;
14422 : FF;
14423 : FF;
14424 : FF;
14425 : FF;
14426 : DB;
14427 : DB;
14428 : DB;
14429 : DB;
14430 : DB;
14431 : DB;
14432 : DB;
14433 : DB;
14434 : FF;
14435 : FF;
14436 : FF;
14437 : FF;
14438 : FF;
14439 : FF;
14440 : FF;
14441 : FF;
14442 : FF;
14443 : FF;
14444 : FF;
14445 : FF;
14446 : DB;
14447 : DB;
14448 : DB;
14449 : DB;
14450 : DB;
14451 : FF;
14452 : FF;
14453 : FF;
14454 : FF;
14455 : FF;
14456 : FF;
14457 : FF;
14458 : FF;
14459 : FF;
14460 : DB;
14461 : DB;
14462 : DB;
14463 : DB;
14464 : DB;
14465 : DB;
14466 : DB;
14467 : FF;
14468 : FF;
14469 : FF;
14470 : FF;
14471 : FF;
14472 : DB;
14473 : DB;
14474 : DB;
14475 : DB;
14476 : DB;
14477 : DB;
14478 : FF;
14479 : FF;
14480 : FF;
14481 : FF;
14482 : FF;
14483 : DB;
14484 : DB;
14485 : DB;
14486 : FF;
14487 : DB;
14488 : DB;
14489 : DB;
14490 : FF;
14491 : FF;
14492 : FF;
14493 : DB;
14494 : DB;
14495 : DB;
14496 : DB;
14497 : DB;
14498 : DB;
14499 : FF;
14500 : FF;
14501 : FF;
14502 : FF;
14503 : FF;
14504 : FF;
14505 : FF;
14506 : FF;
14507 : FF;
14508 : FF;
14509 : FF;
14510 : FF;
14511 : FF;
14512 : FF;
14513 : FF;
14514 : FF;
14515 : DB;
14516 : DB;
14517 : DB;
14518 : DB;
14519 : DB;
14520 : DB;
14521 : DB;
14522 : DB;
14523 : DB;
14524 : DB;
14525 : DB;
14526 : FF;
14527 : FF;
14528 : FF;
14529 : FF;
14530 : DB;
14531 : DB;
14532 : DB;
14533 : DB;
14534 : FF;
14535 : FF;
14536 : FF;
14537 : FF;
14538 : DB;
14539 : DB;
14540 : FF;
14541 : FF;
14542 : FF;
14543 : DB;
14544 : DB;
14545 : FF;
14546 : FF;
14547 : FF;
14548 : FF;
14549 : FF;
14550 : DB;
14551 : DB;
14552 : DB;
14553 : FF;
14554 : FF;
14555 : FF;
14556 : DB;
14557 : DB;
14558 : DB;
14559 : FF;
14560 : FF;
14561 : FF;
14562 : FF;
14563 : FF;
14564 : FF;
14565 : FF;
14566 : FF;
14567 : FF;
14568 : FF;
14569 : FF;
14570 : FF;
14571 : DB;
14572 : DB;
14573 : DB;
14574 : DB;
14575 : DB;
14576 : DB;
14577 : DB;
14578 : FF;
14579 : FF;
14580 : FF;
14581 : FF;
14582 : FF;
14583 : DB;
14584 : DB;
14585 : DB;
14586 : FF;
14587 : FF;
14588 : FF;
14589 : DB;
14590 : DB;
14591 : DB;
14592 : FF;
14593 : FF;
14594 : FF;
14595 : DB;
14596 : DB;
14597 : FF;
14598 : FF;
14599 : FF;
14600 : FF;
14601 : DB;
14602 : DB;
14603 : FF;
14604 : FF;
14605 : FF;
14606 : FF;
14607 : DB;
14608 : DB;
14609 : DB;
14610 : DB;
14611 : DB;
14612 : DB;
14613 : FF;
14614 : FF;
14615 : FF;
14616 : DB;
14617 : DB;
14618 : FF;
14619 : FF;
14620 : FF;
14621 : FF;
14622 : DB;
14623 : DB;
14624 : FF;
14625 : FF;
14626 : FF;
14627 : FF;
14628 : FF;
14629 : FF;
14630 : FF;
14631 : FF;
14632 : FF;
14633 : FF;
14634 : FF;
14635 : FF;
14636 : FF;
14637 : FF;
14638 : FF;
14639 : DB;
14640 : DB;
14641 : DB;
14642 : DB;
14643 : DB;
14644 : DB;
14645 : DB;
14646 : DB;
14647 : DB;
14648 : DB;
14649 : DB;
14650 : FF;
14651 : FF;
14652 : FF;
14653 : FF;
14654 : FF;
14655 : DB;
14656 : DB;
14657 : DB;
14658 : FF;
14659 : FF;
14660 : FF;
14661 : DB;
14662 : DB;
14663 : DB;
14664 : FF;
14665 : FF;
14666 : FF;
14667 : DB;
14668 : DB;
14669 : FF;
14670 : FF;
14671 : FF;
14672 : FF;
14673 : FF;
14674 : DB;
14675 : DB;
14676 : FF;
14677 : FF;
14678 : FF;
14679 : FF;
14680 : DB;
14681 : DB;
14682 : DB;
14683 : FF;
14684 : FF;
14685 : FF;
14686 : FF;
14687 : FF;
14688 : FF;
14689 : FF;
14690 : FF;
14691 : FF;
14692 : FF;
14693 : FF;
14694 : FF;
14695 : FF;
14696 : FF;
14697 : DB;
14698 : DB;
14699 : DB;
14700 : DB;
14701 : DB;
14702 : DB;
14703 : FF;
14704 : FF;
14705 : FF;
14706 : FF;
14707 : DB;
14708 : DB;
14709 : FF;
14710 : FF;
14711 : FF;
14712 : FF;
14713 : FF;
14714 : DB;
14715 : FF;
14716 : FF;
14717 : FF;
14718 : DB;
14719 : DB;
14720 : FF;
14721 : FF;
14722 : FF;
14723 : FF;
14724 : FF;
14725 : DB;
14726 : DB;
14727 : DB;
14728 : FF;
14729 : FF;
14730 : FF;
14731 : FF;
14732 : DB;
14733 : DB;
14734 : FF;
14735 : FF;
14736 : FF;
14737 : FF;
14738 : FF;
14739 : FF;
14740 : DB;
14741 : DB;
14742 : DB;
14743 : DB;
14744 : DB;
14745 : DB;
14746 : DB;
14747 : DB;
14748 : FF;
14749 : FF;
14750 : FF;
14751 : FF;
14752 : FF;
14753 : FF;
14754 : FF;
14755 : FF;
14756 : FF;
14757 : FF;
14758 : FF;
14759 : FF;
14760 : FF;
14761 : FF;
14762 : FF;
14763 : DB;
14764 : DB;
14765 : FF;
14766 : FF;
14767 : FF;
14768 : FF;
14769 : FF;
14770 : FF;
14771 : DB;
14772 : DB;
14773 : DB;
14774 : FF;
14775 : FF;
14776 : FF;
14777 : FF;
14778 : FF;
14779 : DB;
14780 : DB;
14781 : DB;
14782 : FF;
14783 : FF;
14784 : FF;
14785 : FF;
14786 : DB;
14787 : DB;
14788 : FF;
14789 : FF;
14790 : FF;
14791 : DB;
14792 : DB;
14793 : FF;
14794 : FF;
14795 : FF;
14796 : FF;
14797 : FF;
14798 : DB;
14799 : DB;
14800 : FF;
14801 : FF;
14802 : FF;
14803 : FF;
14804 : DB;
14805 : DB;
14806 : DB;
14807 : FF;
14808 : FF;
14809 : FF;
14810 : FF;
14811 : FF;
14812 : FF;
14813 : FF;
14814 : FF;
14815 : FF;
14816 : FF;
14817 : FF;
14818 : FF;
14819 : FF;
14820 : FF;
14821 : FF;
14822 : FF;
14823 : FF;
14824 : DB;
14825 : DB;
14826 : DB;
14827 : DB;
14828 : FF;
14829 : FF;
14830 : DB;
14831 : DB;
14832 : DB;
14833 : FF;
14834 : FF;
14835 : FF;
14836 : FF;
14837 : FF;
14838 : FF;
14839 : FF;
14840 : FF;
14841 : FF;
14842 : DB;
14843 : DB;
14844 : FF;
14845 : FF;
14846 : FF;
14847 : FF;
14848 : FF;
14849 : FF;
14850 : DB;
14851 : DB;
14852 : FF;
14853 : FF;
14854 : FF;
14855 : FF;
14856 : DB;
14857 : DB;
14858 : FF;
14859 : FF;
14860 : FF;
14861 : FF;
14862 : FF;
14863 : DB;
14864 : DB;
14865 : DB;
14866 : DB;
14867 : DB;
14868 : DB;
14869 : DB;
14870 : DB;
14871 : DB;
14872 : DB;
14873 : FF;
14874 : FF;
14875 : FF;
14876 : FF;
14877 : FF;
14878 : FF;
14879 : FF;
14880 : FF;
14881 : FF;
14882 : FF;
14883 : FF;
14884 : FF;
14885 : FF;
14886 : FF;
14887 : DB;
14888 : DB;
14889 : FF;
14890 : FF;
14891 : FF;
14892 : FF;
14893 : FF;
14894 : FF;
14895 : DB;
14896 : DB;
14897 : DB;
14898 : FF;
14899 : FF;
14900 : FF;
14901 : FF;
14902 : FF;
14903 : DB;
14904 : DB;
14905 : DB;
14906 : FF;
14907 : FF;
14908 : FF;
14909 : FF;
14910 : FF;
14911 : DB;
14912 : DB;
14913 : DB;
14914 : DB;
14915 : DB;
14916 : FF;
14917 : FF;
14918 : FF;
14919 : FF;
14920 : FF;
14921 : FF;
14922 : DB;
14923 : DB;
14924 : FF;
14925 : FF;
14926 : FF;
14927 : FF;
14928 : DB;
14929 : DB;
14930 : DB;
14931 : FF;
14932 : FF;
14933 : FF;
14934 : FF;
14935 : FF;
14936 : FF;
14937 : FF;
14938 : FF;
14939 : FF;
14940 : FF;
14941 : FF;
14942 : FF;
14943 : FF;
14944 : FF;
14945 : FF;
14946 : FF;
14947 : FF;
14948 : FF;
14949 : FF;
14950 : DB;
14951 : DB;
14952 : FF;
14953 : FF;
14954 : DB;
14955 : DB;
14956 : DB;
14957 : FF;
14958 : FF;
14959 : FF;
14960 : FF;
14961 : FF;
14962 : FF;
14963 : FF;
14964 : FF;
14965 : FF;
14966 : DB;
14967 : DB;
14968 : FF;
14969 : FF;
14970 : FF;
14971 : FF;
14972 : FF;
14973 : FF;
14974 : DB;
14975 : DB;
14976 : FF;
14977 : FF;
14978 : FF;
14979 : FF;
14980 : DB;
14981 : DB;
14982 : FF;
14983 : FF;
14984 : FF;
14985 : FF;
14986 : FF;
14987 : DB;
14988 : DB;
14989 : DB;
14990 : FF;
14991 : FF;
14992 : FF;
14993 : FF;
14994 : FF;
14995 : FF;
14996 : FF;
14997 : FF;
14998 : FF;
14999 : FF;
15000 : FF;
15001 : FF;
15002 : FF;
15003 : FF;
15004 : FF;
15005 : FF;
15006 : FF;
15007 : FF;
15008 : FF;
15009 : FF;
15010 : FF;
15011 : DB;
15012 : DB;
15013 : FF;
15014 : FF;
15015 : FF;
15016 : FF;
15017 : FF;
15018 : FF;
15019 : DB;
15020 : DB;
15021 : DB;
15022 : FF;
15023 : FF;
15024 : FF;
15025 : FF;
15026 : FF;
15027 : DB;
15028 : DB;
15029 : DB;
15030 : FF;
15031 : FF;
15032 : FF;
15033 : FF;
15034 : DB;
15035 : DB;
15036 : DB;
15037 : DB;
15038 : DB;
15039 : FF;
15040 : FF;
15041 : FF;
15042 : FF;
15043 : FF;
15044 : FF;
15045 : FF;
15046 : DB;
15047 : DB;
15048 : FF;
15049 : FF;
15050 : FF;
15051 : FF;
15052 : DB;
15053 : DB;
15054 : DB;
15055 : FF;
15056 : FF;
15057 : FF;
15058 : FF;
15059 : FF;
15060 : FF;
15061 : FF;
15062 : FF;
15063 : FF;
15064 : FF;
15065 : DB;
15066 : DB;
15067 : FF;
15068 : FF;
15069 : FF;
15070 : FF;
15071 : FF;
15072 : FF;
15073 : FF;
15074 : DB;
15075 : DB;
15076 : FF;
15077 : FF;
15078 : FF;
15079 : DB;
15080 : DB;
15081 : FF;
15082 : FF;
15083 : FF;
15084 : FF;
15085 : FF;
15086 : FF;
15087 : FF;
15088 : FF;
15089 : FF;
15090 : DB;
15091 : DB;
15092 : FF;
15093 : FF;
15094 : FF;
15095 : FF;
15096 : FF;
15097 : DB;
15098 : DB;
15099 : DB;
15100 : FF;
15101 : FF;
15102 : FF;
15103 : FF;
15104 : DB;
15105 : DB;
15106 : FF;
15107 : FF;
15108 : FF;
15109 : FF;
15110 : FF;
15111 : FF;
15112 : DB;
15113 : DB;
15114 : FF;
15115 : FF;
15116 : FF;
15117 : FF;
15118 : FF;
15119 : FF;
15120 : FF;
15121 : FF;
15122 : FF;
15123 : FF;
15124 : FF;
15125 : FF;
15126 : FF;
15127 : FF;
15128 : FF;
15129 : FF;
15130 : FF;
15131 : FF;
15132 : FF;
15133 : FF;
15134 : FF;
15135 : DB;
15136 : DB;
15137 : FF;
15138 : FF;
15139 : FF;
15140 : FF;
15141 : FF;
15142 : FF;
15143 : DB;
15144 : DB;
15145 : DB;
15146 : FF;
15147 : FF;
15148 : FF;
15149 : FF;
15150 : FF;
15151 : DB;
15152 : DB;
15153 : DB;
15154 : FF;
15155 : FF;
15156 : FF;
15157 : DB;
15158 : DB;
15159 : FF;
15160 : FF;
15161 : FF;
15162 : FF;
15163 : FF;
15164 : FF;
15165 : FF;
15166 : FF;
15167 : FF;
15168 : FF;
15169 : FF;
15170 : DB;
15171 : DB;
15172 : FF;
15173 : FF;
15174 : FF;
15175 : FF;
15176 : DB;
15177 : DB;
15178 : DB;
15179 : FF;
15180 : FF;
15181 : FF;
15182 : FF;
15183 : FF;
15184 : FF;
15185 : FF;
15186 : FF;
15187 : FF;
15188 : FF;
15189 : FF;
15190 : DB;
15191 : DB;
15192 : FF;
15193 : FF;
15194 : FF;
15195 : FF;
15196 : FF;
15197 : FF;
15198 : DB;
15199 : DB;
15200 : FF;
15201 : FF;
15202 : FF;
15203 : DB;
15204 : DB;
15205 : DB;
15206 : FF;
15207 : FF;
15208 : FF;
15209 : FF;
15210 : DB;
15211 : DB;
15212 : FF;
15213 : FF;
15214 : FF;
15215 : DB;
15216 : DB;
15217 : FF;
15218 : FF;
15219 : FF;
15220 : FF;
15221 : DB;
15222 : DB;
15223 : FF;
15224 : FF;
15225 : FF;
15226 : FF;
15227 : FF;
15228 : DB;
15229 : DB;
15230 : FF;
15231 : FF;
15232 : FF;
15233 : FF;
15234 : FF;
15235 : FF;
15236 : DB;
15237 : DB;
15238 : DB;
15239 : FF;
15240 : FF;
15241 : FF;
15242 : FF;
15243 : DB;
15244 : FF;
15245 : FF;
15246 : FF;
15247 : FF;
15248 : FF;
15249 : FF;
15250 : FF;
15251 : FF;
15252 : FF;
15253 : FF;
15254 : FF;
15255 : FF;
15256 : FF;
15257 : DB;
15258 : DB;
15259 : DB;
15260 : DB;
15261 : DB;
15262 : DB;
15263 : FF;
15264 : FF;
15265 : FF;
15266 : DB;
15267 : DB;
15268 : DB;
15269 : DB;
15270 : DB;
15271 : FF;
15272 : FF;
15273 : FF;
15274 : DB;
15275 : DB;
15276 : DB;
15277 : DB;
15278 : DB;
15279 : FF;
15280 : FF;
15281 : DB;
15282 : DB;
15283 : DB;
15284 : DB;
15285 : DB;
15286 : DB;
15287 : DB;
15288 : FF;
15289 : FF;
15290 : FF;
15291 : FF;
15292 : FF;
15293 : DB;
15294 : DB;
15295 : DB;
15296 : DB;
15297 : DB;
15298 : FF;
15299 : DB;
15300 : DB;
15301 : DB;
15302 : DB;
15303 : DB;
15304 : FF;
15305 : FF;
15306 : FF;
15307 : FF;
15308 : FF;
15309 : FF;
15310 : FF;
15311 : FF;
15312 : FF;
15313 : FF;
15314 : DB;
15315 : DB;
15316 : DB;
15317 : DB;
15318 : DB;
15319 : DB;
15320 : DB;
15321 : DB;
15322 : DB;
15323 : FF;
15324 : FF;
15325 : FF;
15326 : FF;
15327 : FF;
15328 : DB;
15329 : DB;
15330 : DB;
15331 : DB;
15332 : DB;
15333 : DB;
15334 : FF;
15335 : FF;
15336 : FF;
15337 : FF;
15338 : FF;
15339 : FF;
15340 : DB;
15341 : DB;
15342 : DB;
15343 : DB;
15344 : DB;
15345 : DB;
15346 : FF;
15347 : FF;
15348 : FF;
15349 : FF;
15350 : FF;
15351 : DB;
15352 : DB;
15353 : DB;
15354 : DB;
15355 : DB;
15356 : FF;
15357 : FF;
15358 : FF;
15359 : FF;
15360 : FF;
15361 : DB;
15362 : DB;
15363 : DB;
15364 : DB;
15365 : DB;
15366 : DB;
15367 : FF;
15368 : FF;
15369 : FF;
15370 : FF;
15371 : FF;
15372 : FF;
15373 : FF;
15374 : FF;
15375 : FF;
15376 : FF;
15377 : FF;
15378 : FF;
15379 : FF;
15380 : FF;
15381 : DB;
15382 : DB;
15383 : DB;
15384 : DB;
15385 : DB;
15386 : DB;
15387 : FF;
15388 : FF;
15389 : FF;
15390 : DB;
15391 : DB;
15392 : DB;
15393 : DB;
15394 : DB;
15395 : FF;
15396 : FF;
15397 : FF;
15398 : DB;
15399 : DB;
15400 : DB;
15401 : DB;
15402 : DB;
15403 : FF;
15404 : FF;
15405 : FF;
15406 : FF;
15407 : DB;
15408 : DB;
15409 : DB;
15410 : DB;
15411 : DB;
15412 : DB;
15413 : DB;
15414 : FF;
15415 : FF;
15416 : FF;
15417 : DB;
15418 : DB;
15419 : DB;
15420 : DB;
15421 : DB;
15422 : FF;
15423 : DB;
15424 : DB;
15425 : DB;
15426 : DB;
15427 : DB;
15428 : FF;
15429 : FF;
15430 : FF;
15431 : FF;
15432 : FF;
15433 : FF;
15434 : FF;
15435 : FF;
15436 : FF;
15437 : FF;
15438 : DB;
15439 : FF;
15440 : FF;
15441 : FF;
15442 : DB;
15443 : DB;
15444 : DB;
15445 : FF;
15446 : FF;
15447 : FF;
15448 : FF;
15449 : FF;
15450 : FF;
15451 : FF;
15452 : FF;
15453 : FF;
15454 : DB;
15455 : DB;
15456 : DB;
15457 : FF;
15458 : FF;
15459 : FF;
15460 : FF;
15461 : FF;
15462 : FF;
15463 : FF;
15464 : FF;
15465 : DB;
15466 : DB;
15467 : DB;
15468 : FF;
15469 : FF;
15470 : FF;
15471 : FF;
15472 : FF;
15473 : FF;
15474 : FF;
15475 : DB;
15476 : DB;
15477 : DB;
15478 : DB;
15479 : DB;
15480 : FF;
15481 : FF;
15482 : FF;
15483 : FF;
15484 : FF;
15485 : FF;
15486 : FF;
15487 : DB;
15488 : DB;
15489 : DB;
15490 : FF;
15491 : FF;
15492 : FF;
15493 : FF;
15494 : FF;
15495 : FF;
15496 : FF;
15497 : FF;
15498 : FF;
15499 : FF;
15500 : FF;
15501 : FF;
15502 : FF;
15503 : FF;
15504 : FF;
15505 : FF;
15506 : FF;
15507 : FF;
15508 : FF;
15509 : FF;
15510 : FF;
15511 : FF;
15512 : FF;
15513 : FF;
15514 : FF;
15515 : FF;
15516 : FF;
15517 : FF;
15518 : FF;
15519 : FF;
15520 : FF;
15521 : FF;
15522 : FF;
15523 : FF;
15524 : FF;
15525 : FF;
15526 : FF;
15527 : FF;
15528 : FF;
15529 : FF;
15530 : DB;
15531 : FF;
15532 : FF;
15533 : FF;
15534 : FF;
15535 : FF;
15536 : FF;
15537 : DB;
15538 : DB;
15539 : FF;
15540 : FF;
15541 : FF;
15542 : FF;
15543 : FF;
15544 : FF;
15545 : FF;
15546 : FF;
15547 : FF;
15548 : FF;
15549 : FF;
15550 : FF;
15551 : FF;
15552 : FF;
15553 : FF;
15554 : FF;
15555 : FF;
15556 : FF;
15557 : FF;
15558 : FF;
15559 : FF;
15560 : FF;
15561 : FF;
15562 : FF;
15563 : FF;
15564 : FF;
15565 : FF;
15566 : FF;
15567 : FF;
15568 : FF;
15569 : FF;
15570 : FF;
15571 : FF;
15572 : FF;
15573 : FF;
15574 : FF;
15575 : FF;
15576 : FF;
15577 : FF;
15578 : FF;
15579 : FF;
15580 : FF;
15581 : FF;
15582 : FF;
15583 : FF;
15584 : FF;
15585 : FF;
15586 : FF;
15587 : FF;
15588 : FF;
15589 : FF;
15590 : FF;
15591 : FF;
15592 : FF;
15593 : FF;
15594 : FF;
15595 : FF;
15596 : FF;
15597 : FF;
15598 : FF;
15599 : FF;
15600 : FF;
15601 : FF;
15602 : FF;
15603 : FF;
15604 : FF;
15605 : FF;
15606 : FF;
15607 : FF;
15608 : FF;
15609 : FF;
15610 : FF;
15611 : FF;
15612 : FF;
15613 : FF;
15614 : FF;
15615 : FF;
15616 : FF;
15617 : FF;
15618 : FF;
15619 : FF;
15620 : FF;
15621 : FF;
15622 : FF;
15623 : FF;
15624 : FF;
15625 : FF;
15626 : FF;
15627 : FF;
15628 : FF;
15629 : FF;
15630 : FF;
15631 : FF;
15632 : FF;
15633 : FF;
15634 : FF;
15635 : FF;
15636 : FF;
15637 : FF;
15638 : FF;
15639 : FF;
15640 : FF;
15641 : FF;
15642 : FF;
15643 : FF;
15644 : FF;
15645 : FF;
15646 : FF;
15647 : FF;
15648 : FF;
15649 : FF;
15650 : FF;
15651 : FF;
15652 : FF;
15653 : DB;
15654 : DB;
15655 : FF;
15656 : FF;
15657 : FF;
15658 : FF;
15659 : FF;
15660 : FF;
15661 : DB;
15662 : DB;
15663 : FF;
15664 : FF;
15665 : FF;
15666 : FF;
15667 : FF;
15668 : FF;
15669 : FF;
15670 : FF;
15671 : FF;
15672 : FF;
15673 : FF;
15674 : FF;
15675 : FF;
15676 : FF;
15677 : FF;
15678 : FF;
15679 : FF;
15680 : FF;
15681 : FF;
15682 : FF;
15683 : FF;
15684 : FF;
15685 : FF;
15686 : FF;
15687 : FF;
15688 : FF;
15689 : FF;
15690 : FF;
15691 : FF;
15692 : FF;
15693 : FF;
15694 : FF;
15695 : FF;
15696 : FF;
15697 : FF;
15698 : FF;
15699 : FF;
15700 : FF;
15701 : FF;
15702 : FF;
15703 : FF;
15704 : FF;
15705 : FF;
15706 : FF;
15707 : FF;
15708 : FF;
15709 : FF;
15710 : FF;
15711 : FF;
15712 : FF;
15713 : FF;
15714 : FF;
15715 : FF;
15716 : FF;
15717 : FF;
15718 : FF;
15719 : FF;
15720 : FF;
15721 : FF;
15722 : FF;
15723 : FF;
15724 : FF;
15725 : FF;
15726 : FF;
15727 : FF;
15728 : FF;
15729 : FF;
15730 : FF;
15731 : FF;
15732 : FF;
15733 : FF;
15734 : FF;
15735 : FF;
15736 : FF;
15737 : FF;
15738 : FF;
15739 : FF;
15740 : FF;
15741 : FF;
15742 : FF;
15743 : FF;
15744 : FF;
15745 : FF;
15746 : FF;
15747 : FF;
15748 : FF;
15749 : FF;
15750 : FF;
15751 : FF;
15752 : FF;
15753 : FF;
15754 : FF;
15755 : FF;
15756 : FF;
15757 : FF;
15758 : FF;
15759 : FF;
15760 : FF;
15761 : FF;
15762 : FF;
15763 : FF;
15764 : FF;
15765 : FF;
15766 : FF;
15767 : FF;
15768 : FF;
15769 : FF;
15770 : FF;
15771 : FF;
15772 : FF;
15773 : FF;
15774 : FF;
15775 : FF;
15776 : FF;
15777 : DB;
15778 : DB;
15779 : DB;
15780 : DB;
15781 : DB;
15782 : DB;
15783 : DB;
15784 : DB;
15785 : DB;
15786 : FF;
15787 : FF;
15788 : FF;
15789 : FF;
15790 : FF;
15791 : FF;
15792 : FF;
15793 : FF;
15794 : FF;
15795 : FF;
15796 : FF;
15797 : FF;
15798 : FF;
15799 : FF;
15800 : FF;
15801 : FF;
15802 : FF;
15803 : FF;
15804 : FF;
15805 : FF;
15806 : FF;
15807 : FF;
15808 : FF;
15809 : FF;
15810 : FF;
15811 : FF;
15812 : FF;
15813 : FF;
15814 : FF;
15815 : FF;
15816 : FF;
15817 : FF;
15818 : FF;
15819 : FF;
15820 : FF;
15821 : FF;
15822 : FF;
15823 : FF;
15824 : FF;
15825 : FF;
15826 : FF;
15827 : FF;
15828 : FF;
15829 : FF;
15830 : FF;
15831 : FF;
15832 : FF;
15833 : FF;
15834 : FF;
15835 : FF;
15836 : FF;
15837 : FF;
15838 : FF;
15839 : FF;
15840 : FF;
15841 : FF;
15842 : FF;
15843 : FF;
15844 : FF;
15845 : FF;
15846 : FF;
15847 : FF;
15848 : FF;
15849 : FF;
15850 : FF;
15851 : FF;
15852 : FF;
15853 : FF;
15854 : FF;
15855 : FF;
15856 : FF;
15857 : FF;
15858 : FF;
15859 : FF;
15860 : FF;
15861 : FF;
15862 : FF;
15863 : FF;
15864 : FF;
15865 : FF;
15866 : FF;
15867 : FF;
15868 : FF;
15869 : FF;
15870 : FF;
15871 : FF;
15872 : FF;
15873 : FF;
15874 : FF;
15875 : FF;
15876 : FF;
15877 : FF;
15878 : FF;
15879 : FF;
15880 : FF;
15881 : FF;
15882 : FF;
15883 : FF;
15884 : FF;
15885 : FF;
15886 : FF;
15887 : FF;
15888 : FF;
15889 : FF;
15890 : FF;
15891 : FF;
15892 : FF;
15893 : FF;
15894 : FF;
15895 : FF;
15896 : FF;
15897 : FF;
15898 : FF;
15899 : FF;
15900 : FF;
15901 : FF;
15902 : FF;
15903 : DB;
15904 : DB;
15905 : DB;
15906 : DB;
15907 : DB;
15908 : FF;
15909 : FF;
15910 : FF;
15911 : FF;
15912 : FF;
15913 : FF;
15914 : FF;
15915 : FF;
15916 : FF;
15917 : FF;
15918 : FF;
15919 : FF;
15920 : FF;
15921 : FF;
15922 : FF;
15923 : FF;
15924 : FF;
15925 : FF;
15926 : FF;
15927 : FF;
15928 : FF;
15929 : FF;
15930 : FF;
15931 : FF;
15932 : FF;
15933 : FF;
15934 : FF;
15935 : FF;
15936 : FF;
15937 : FF;
15938 : FF;
15939 : FF;
15940 : FF;
15941 : FF;
15942 : FF;
15943 : FF;
15944 : FF;
15945 : FF;
15946 : FF;
15947 : FF;
15948 : FF;
15949 : FF;
15950 : FF;
15951 : FF;
15952 : FF;
15953 : FF;
15954 : FF;
15955 : FF;
15956 : FF;
15957 : FF;
15958 : FF;
15959 : FF;
15960 : FF;
15961 : FF;
15962 : FF;
15963 : FF;
15964 : FF;
15965 : FF;
15966 : FF;
15967 : FF;
15968 : FF;
15969 : FF;
15970 : FF;
15971 : FF;
15972 : FF;
15973 : FF;
15974 : FF;
15975 : FF;
15976 : FF;
15977 : FF;
15978 : FF;
15979 : FF;
15980 : FF;
15981 : FF;
15982 : FF;
15983 : FF;
15984 : FF;
15985 : FF;
15986 : FF;
15987 : FF;
15988 : FF;
15989 : FF;
15990 : FF;
15991 : FF;
15992 : FF;
15993 : FF;
15994 : FF;
15995 : FF;
15996 : FF;
15997 : FF;
15998 : FF;
15999 : FF;
16000 : FF;
16001 : FF;
16002 : FF;
16003 : FF;
16004 : FF;
16005 : FF;
16006 : FF;
16007 : FF;
16008 : FF;
16009 : FF;
16010 : FF;
16011 : FF;
16012 : FF;
16013 : FF;
16014 : FF;
16015 : FF;
16016 : FF;
16017 : FF;
16018 : FF;
16019 : FF;
16020 : FF;
16021 : FF;
16022 : FF;
16023 : FF;
16024 : FF;
16025 : FF;
16026 : FF;
16027 : FF;
16028 : FF;
16029 : FF;
16030 : FF;
16031 : FF;
16032 : FF;
16033 : FF;
16034 : FF;
16035 : FF;
16036 : FF;
16037 : FF;
16038 : FF;
16039 : FF;
16040 : FF;
16041 : FF;
16042 : FF;
16043 : FF;
16044 : FF;
16045 : FF;
16046 : FF;
16047 : FF;
16048 : FF;
16049 : FF;
16050 : FF;
16051 : FF;
16052 : FF;
16053 : FF;
16054 : FF;
16055 : FF;
16056 : FF;
16057 : FF;
16058 : FF;
16059 : FF;
16060 : FF;
16061 : FF;
16062 : FF;
16063 : FF;
16064 : FF;
16065 : FF;
16066 : FF;
16067 : FF;
16068 : FF;
16069 : FF;
16070 : FF;
16071 : FF;
16072 : FF;
16073 : FF;
16074 : FF;
16075 : FF;
16076 : FF;
16077 : FF;
16078 : FF;
16079 : FF;
16080 : FF;
16081 : FF;
16082 : FF;
16083 : FF;
16084 : FF;
16085 : FF;
16086 : FF;
16087 : FF;
16088 : FF;
16089 : FF;
16090 : FF;
16091 : FF;
16092 : FF;
16093 : FF;
16094 : FF;
16095 : FF;
16096 : FF;
16097 : FF;
16098 : FF;
16099 : FF;
16100 : FF;
16101 : FF;
16102 : FF;
16103 : FF;
16104 : FF;
16105 : FF;
16106 : FF;
16107 : FF;
16108 : FF;
16109 : FF;
16110 : FF;
16111 : FF;
16112 : FF;
16113 : FF;
16114 : FF;
16115 : FF;
16116 : FF;
16117 : FF;
16118 : FF;
16119 : FF;
16120 : FF;
16121 : FF;
16122 : FF;
16123 : FF;
16124 : FF;
16125 : FF;
16126 : FF;
16127 : FF;
16128 : FF;
16129 : FF;
16130 : FF;
16131 : FF;
16132 : FF;
16133 : FF;
16134 : FF;
16135 : FF;
16136 : FF;
16137 : FF;
16138 : FF;
16139 : FF;
16140 : FF;
16141 : FF;
16142 : FF;
16143 : FF;
16144 : FF;
16145 : FF;
16146 : FF;
16147 : FF;
16148 : FF;
16149 : FF;
16150 : FF;
16151 : FF;
16152 : FF;
16153 : FF;
16154 : FF;
16155 : FF;
16156 : FF;
16157 : FF;
16158 : FF;
16159 : FF;
16160 : FF;
16161 : FF;
16162 : FF;
16163 : FF;
16164 : FF;
16165 : FF;
16166 : FF;
16167 : FF;
16168 : FF;
16169 : FF;
16170 : FF;
16171 : FF;
16172 : FF;
16173 : FF;
16174 : FF;
16175 : FF;
16176 : FF;
16177 : FF;
16178 : FF;
16179 : FF;
16180 : FF;
16181 : FF;
16182 : FF;
16183 : FF;
16184 : FF;
16185 : FF;
16186 : FF;
16187 : FF;
16188 : FF;
16189 : FF;
16190 : FF;
16191 : FF;
16192 : FF;
16193 : FF;
16194 : FF;
16195 : FF;
16196 : FF;
16197 : FF;
16198 : FF;
16199 : FF;
16200 : FF;
16201 : FF;
16202 : FF;
16203 : FF;
16204 : FF;
16205 : FF;
16206 : FF;
16207 : FF;
16208 : FF;
16209 : FF;
16210 : FF;
16211 : FF;
16212 : FF;
16213 : FF;
16214 : FF;
16215 : FF;
16216 : FF;
16217 : FF;
16218 : FF;
16219 : FF;
16220 : FF;
16221 : FF;
16222 : FF;
16223 : FF;
16224 : FF;
16225 : FF;
16226 : FF;
16227 : FF;
16228 : FF;
16229 : FF;
16230 : FF;
16231 : FF;
16232 : FF;
16233 : FF;
16234 : FF;
16235 : FF;
16236 : FF;
16237 : FF;
16238 : FF;
16239 : FF;
16240 : FF;
16241 : FF;
16242 : FF;
16243 : FF;
16244 : FF;
16245 : FF;
16246 : FF;
16247 : FF;
16248 : FF;
16249 : FF;
16250 : FF;
16251 : FF;
16252 : FF;
16253 : FF;
16254 : FF;
16255 : FF;
16256 : FF;
16257 : FF;
16258 : FF;
16259 : FF;
16260 : FF;
16261 : FF;
16262 : FF;
16263 : FF;
16264 : FF;
16265 : FF;
16266 : FF;
16267 : FF;
16268 : FF;
16269 : FF;
16270 : FF;
16271 : FF;
16272 : FF;
16273 : FF;
16274 : FF;
16275 : FF;
16276 : FF;
16277 : FF;
16278 : FF;
16279 : FF;
16280 : FF;
16281 : FF;
16282 : FF;
16283 : FF;
16284 : FF;
16285 : FF;
16286 : FF;
16287 : FF;
16288 : FF;
16289 : FF;
16290 : FF;
16291 : FF;
16292 : FF;
16293 : FF;
16294 : FF;
16295 : FF;
16296 : FF;
16297 : FF;
16298 : FF;
16299 : FF;
16300 : FF;
16301 : FF;
16302 : FF;
16303 : FF;
16304 : FF;
16305 : FF;
16306 : FF;
16307 : FF;
16308 : FF;
16309 : FF;
16310 : FF;
16311 : FF;
16312 : FF;
16313 : FF;
16314 : FF;
16315 : FF;
16316 : FF;
16317 : FF;
16318 : FF;
16319 : FF;
16320 : FF;
16321 : FF;
16322 : FF;
16323 : FF;
16324 : FF;
16325 : FF;
16326 : FF;
16327 : FF;
16328 : FF;
16329 : FF;
16330 : FF;
16331 : FF;
16332 : FF;
16333 : FF;
16334 : FF;
16335 : FF;
16336 : FF;
16337 : FF;
16338 : FF;
16339 : FF;
16340 : FF;
16341 : FF;
16342 : FF;
16343 : FF;
16344 : FF;
16345 : FF;
16346 : FF;
16347 : FF;
16348 : FF;
16349 : FF;
16350 : FF;
16351 : FF;
16352 : FF;
16353 : FF;
16354 : FF;
16355 : FF;
16356 : FF;
16357 : FF;
16358 : FF;
16359 : FF;
16360 : FF;
16361 : FF;
16362 : FF;
16363 : FF;
16364 : FF;
16365 : FF;
16366 : FF;
16367 : FF;
16368 : FF;
16369 : FF;
16370 : FF;
16371 : FF;
16372 : FF;
16373 : FF;
16374 : FF;
16375 : FF;
16376 : FF;
16377 : FF;
16378 : FF;
16379 : FF;
16380 : FF;
16381 : FF;
16382 : FF;
16383 : FF;
16384 : FF;
16385 : FF;
16386 : FF;
16387 : FF;
16388 : FF;
16389 : FF;
16390 : FF;
16391 : FF;
16392 : FF;
16393 : FF;
16394 : FF;
16395 : FF;
16396 : FF;
16397 : FF;
16398 : FF;
16399 : FF;
16400 : FF;
16401 : FF;
16402 : FF;
16403 : FF;
16404 : FF;
16405 : FF;
16406 : FF;
16407 : FF;
16408 : FF;
16409 : FF;
16410 : FF;
16411 : FF;
16412 : FF;
16413 : FF;
16414 : FF;
16415 : FF;
16416 : FF;
16417 : FF;
16418 : FF;
16419 : FF;
16420 : FF;
16421 : FF;
16422 : FF;
16423 : FF;
16424 : FF;
16425 : FF;
16426 : FF;
16427 : FF;
16428 : FF;
16429 : FF;
16430 : FF;
16431 : FF;
16432 : FF;
16433 : FF;
16434 : FF;
16435 : FF;
16436 : FF;
16437 : FF;
16438 : FF;
16439 : FF;
16440 : FF;
16441 : FF;
16442 : FF;
16443 : FF;
16444 : FF;
16445 : FF;
16446 : FF;
16447 : FF;
16448 : FF;
16449 : FF;
16450 : FF;
16451 : FF;
16452 : FF;
16453 : FF;
16454 : FF;
16455 : FF;
16456 : FF;
16457 : FF;
16458 : FF;
16459 : FF;
16460 : FF;
16461 : FF;
16462 : FF;
16463 : FF;
16464 : FF;
16465 : FF;
16466 : FF;
16467 : FF;
16468 : FF;
16469 : FF;
16470 : FF;
16471 : FF;
16472 : FF;
16473 : FF;
16474 : FF;
16475 : FF;
16476 : FF;
16477 : FF;
16478 : FF;
16479 : FF;
16480 : FF;
16481 : FF;
16482 : FF;
16483 : FF;
16484 : FF;
16485 : FF;
16486 : FF;
16487 : FF;
16488 : FF;
16489 : FF;
16490 : FF;
16491 : FF;
16492 : FF;
16493 : FF;
16494 : FF;
16495 : FF;
16496 : FF;
16497 : FF;
16498 : FF;
16499 : FF;
16500 : FF;
16501 : FF;
16502 : FF;
16503 : FF;
16504 : FF;
16505 : FF;
16506 : FF;
16507 : FF;
16508 : FF;
16509 : FF;
16510 : FF;
16511 : FF;
16512 : FF;
16513 : FF;
16514 : FF;
16515 : FF;
16516 : FF;
16517 : FF;
16518 : FF;
16519 : FF;
16520 : FF;
16521 : FF;
16522 : FF;
16523 : FF;
16524 : FF;
16525 : FF;
16526 : FF;
16527 : FF;
16528 : FF;
16529 : FF;
16530 : FF;
16531 : FF;
16532 : FF;
16533 : FF;
16534 : FF;
16535 : FF;
16536 : FF;
16537 : FF;
16538 : FF;
16539 : FF;
16540 : FF;
16541 : FF;
16542 : FF;
16543 : FF;
16544 : FF;
16545 : FF;
16546 : FF;
16547 : FF;
16548 : FF;
16549 : FF;
16550 : FF;
16551 : FF;
16552 : FF;
16553 : FF;
16554 : FF;
16555 : FF;
16556 : FF;
16557 : FF;
16558 : FF;
16559 : FF;
16560 : FF;
16561 : FF;
16562 : FF;
16563 : FF;
16564 : FF;
16565 : FF;
16566 : FF;
16567 : FF;
16568 : FF;
16569 : FF;
16570 : FF;
16571 : FF;
16572 : FF;
16573 : FF;
16574 : FF;
16575 : FF;
16576 : FF;
16577 : FF;
16578 : FF;
16579 : FF;
16580 : FF;
16581 : FF;
16582 : FF;
16583 : FF;
16584 : FF;
16585 : FF;
16586 : FF;
16587 : FF;
16588 : FF;
16589 : FF;
16590 : FF;
16591 : FF;
16592 : FF;
16593 : FF;
16594 : FF;
16595 : FF;
16596 : FF;
16597 : FF;
16598 : FF;
16599 : FF;
16600 : FF;
16601 : FF;
16602 : FF;
16603 : FF;
16604 : FF;
16605 : FF;
16606 : FF;
16607 : FF;
16608 : FF;
16609 : FF;
16610 : FF;
16611 : FF;
16612 : FF;
16613 : FF;
16614 : FF;
16615 : FF;
16616 : FF;
16617 : FF;
16618 : FF;
16619 : FF;
16620 : FF;
16621 : FF;
16622 : FF;
16623 : FF;
16624 : FF;
16625 : FF;
16626 : FF;
16627 : FF;
16628 : FF;
16629 : FF;
16630 : FF;
16631 : FF;
16632 : FF;
16633 : FF;
16634 : FF;
16635 : FF;
16636 : FF;
16637 : FF;
16638 : FF;
16639 : FF;
16640 : FF;
16641 : FF;
16642 : FF;
16643 : FF;
16644 : FF;
16645 : FF;
16646 : FF;
16647 : FF;
16648 : FF;
16649 : FF;
16650 : FF;
16651 : FF;
16652 : FF;
16653 : FF;
16654 : FF;
16655 : FF;
16656 : FF;
16657 : FF;
16658 : FF;
16659 : FF;
16660 : FF;
16661 : FF;
16662 : FF;
16663 : FF;
16664 : FF;
16665 : FF;
16666 : FF;
16667 : FF;
16668 : FF;
16669 : FF;
16670 : FF;
16671 : FF;
16672 : FF;
16673 : FF;
16674 : FF;
16675 : FF;
16676 : FF;
16677 : FF;
16678 : FF;
16679 : FF;
16680 : FF;
16681 : FF;
16682 : FF;
16683 : FF;
16684 : FF;
16685 : FF;
16686 : FF;
16687 : FF;
16688 : FF;
16689 : FF;
16690 : FF;
16691 : FF;
16692 : FF;
16693 : FF;
16694 : FF;
16695 : FF;
16696 : FF;
16697 : FF;
16698 : FF;
16699 : FF;
16700 : FF;
16701 : FF;
16702 : FF;
16703 : FF;
16704 : FF;
16705 : FF;
16706 : FF;
16707 : FF;
16708 : FF;
16709 : FF;
16710 : FF;
16711 : FF;
16712 : FF;
16713 : FF;
16714 : FF;
16715 : FF;
16716 : FF;
16717 : FF;
16718 : FF;
16719 : FF;
16720 : FF;
16721 : FF;
16722 : FF;
16723 : FF;
16724 : FF;
16725 : FF;
16726 : FF;
16727 : FF;
16728 : FF;
16729 : FF;
16730 : FF;
16731 : FF;
16732 : FF;
16733 : FF;
16734 : FF;
16735 : FF;
16736 : FF;
16737 : FF;
16738 : FF;
16739 : FF;
16740 : FF;
16741 : FF;
16742 : FF;
16743 : FF;
16744 : FF;
16745 : FF;
16746 : FF;
16747 : FF;
16748 : FF;
16749 : FF;
16750 : FF;
16751 : FF;
16752 : FF;
16753 : FF;
16754 : FF;
16755 : FF;
16756 : FF;
16757 : FF;
16758 : FF;
16759 : FF;
16760 : FF;
16761 : FF;
16762 : FF;
16763 : FF;
16764 : FF;
16765 : FF;
16766 : FF;
16767 : FF;
16768 : FF;
16769 : FF;
16770 : FF;
16771 : FF;
16772 : FF;
16773 : FF;
16774 : FF;
16775 : FF;
16776 : FF;
16777 : FF;
16778 : FF;
16779 : FF;
16780 : FF;
16781 : FF;
16782 : FF;
16783 : FF;
16784 : FF;
16785 : FF;
16786 : FF;
16787 : FF;
16788 : FF;
16789 : FF;
16790 : FF;
16791 : FF;
16792 : FF;
16793 : FF;
16794 : FF;
16795 : FF;
16796 : FF;
16797 : FF;
16798 : FF;
16799 : FF;
16800 : FF;
16801 : FF;
16802 : FF;
16803 : FF;
16804 : FF;
16805 : FF;
16806 : FF;
16807 : FF;
16808 : FF;
16809 : FF;
16810 : FF;
16811 : FF;
16812 : FF;
16813 : FF;
16814 : FF;
16815 : FF;
16816 : FF;
16817 : FF;
16818 : FF;
16819 : FF;
16820 : FF;
16821 : FF;
16822 : FF;
16823 : FF;
16824 : FF;
16825 : FF;
16826 : FF;
16827 : FF;
16828 : FF;
16829 : FF;
16830 : FF;
16831 : FF;
16832 : FF;
16833 : FF;
16834 : FF;
16835 : FF;
16836 : FF;
16837 : FF;
16838 : FF;
16839 : FF;
16840 : FF;
16841 : FF;
16842 : FF;
16843 : FF;
16844 : FF;
16845 : FF;
16846 : FF;
16847 : FF;
16848 : FF;
16849 : FF;
16850 : FF;
16851 : FF;
16852 : FF;
16853 : FF;
16854 : FF;
16855 : FF;
16856 : FF;
16857 : FF;
16858 : FF;
16859 : FF;
16860 : FF;
16861 : FF;
16862 : FF;
16863 : FF;
16864 : FF;
16865 : FF;
16866 : FF;
16867 : FF;
16868 : FF;
16869 : FF;
16870 : FF;
16871 : FF;
16872 : FF;
16873 : FF;
16874 : FF;
16875 : FF;
16876 : FF;
16877 : FF;
16878 : FF;
16879 : FF;
16880 : FF;
16881 : FF;
16882 : FF;
16883 : FF;
16884 : FF;
16885 : FF;
16886 : FF;
16887 : FF;
16888 : FF;
16889 : FF;
16890 : FF;
16891 : FF;
16892 : FF;
16893 : FF;
16894 : FF;
16895 : FF;
16896 : FF;
16897 : FF;
16898 : FF;
16899 : FF;
16900 : FF;
16901 : FF;
16902 : FF;
16903 : FF;
16904 : FF;
16905 : FF;
16906 : FF;
16907 : FF;
16908 : FF;
16909 : FF;
16910 : FF;
16911 : FF;
16912 : FF;
16913 : FF;
16914 : FF;
16915 : FF;
16916 : FF;
16917 : FF;
16918 : FF;
16919 : FF;
16920 : FF;
16921 : FF;
16922 : FF;
16923 : FF;
16924 : FF;
16925 : FF;
16926 : FF;
16927 : FF;
16928 : FF;
16929 : FF;
16930 : FF;
16931 : FF;
16932 : FF;
16933 : FF;
16934 : FF;
16935 : FF;
16936 : FF;
16937 : FF;
16938 : FF;
16939 : FF;
16940 : FF;
16941 : FF;
16942 : FF;
16943 : FF;
16944 : FF;
16945 : FF;
16946 : FF;
16947 : FF;
16948 : FF;
16949 : FF;
16950 : FF;
16951 : FF;
16952 : FF;
16953 : FF;
16954 : FF;
16955 : FF;
16956 : FF;
16957 : FF;
16958 : FF;
16959 : FF;
16960 : FF;
16961 : FF;
16962 : FF;
16963 : FF;
16964 : FF;
16965 : FF;
16966 : FF;
16967 : FF;
16968 : FF;
16969 : FF;
16970 : FF;
16971 : FF;
16972 : FF;
16973 : FF;
16974 : FF;
16975 : FF;
16976 : FF;
16977 : FF;
16978 : FF;
16979 : FF;
16980 : FF;
16981 : FF;
16982 : FF;
16983 : FF;
16984 : FF;
16985 : FF;
16986 : FF;
16987 : FF;
16988 : FF;
16989 : FF;
16990 : FF;
16991 : FF;
16992 : FF;
16993 : FF;
16994 : FF;
16995 : FF;
16996 : FF;
16997 : FF;
16998 : FF;
16999 : FF;
17000 : FF;
17001 : FF;
17002 : FF;
17003 : FF;
17004 : FF;
17005 : FF;
17006 : FF;
17007 : FF;
17008 : FF;
17009 : FF;
17010 : FF;
17011 : FF;
17012 : FF;
17013 : FF;
17014 : FF;
17015 : FF;
17016 : FF;
17017 : FF;
17018 : FF;
17019 : FF;
17020 : FF;
17021 : FF;
17022 : FF;
17023 : FF;
17024 : FF;
17025 : FF;
17026 : FF;
17027 : FF;
17028 : FF;
17029 : FF;
17030 : FF;
17031 : FF;
17032 : FF;
17033 : FF;
17034 : FF;
17035 : FF;
17036 : FF;
17037 : FF;
17038 : FF;
17039 : FF;
17040 : FF;
17041 : FF;
17042 : FF;
17043 : FF;
17044 : FF;
17045 : FF;
17046 : FF;
17047 : FF;
17048 : FF;
17049 : FF;
17050 : FF;
17051 : FF;
17052 : FF;
17053 : FF;
17054 : FF;
17055 : FF;
17056 : FF;
17057 : FF;
17058 : FF;
17059 : FF;
17060 : FF;
17061 : FF;
17062 : FF;
17063 : FF;
17064 : FF;
17065 : FF;
17066 : FF;
17067 : FF;
17068 : FF;
17069 : FF;
17070 : FF;
17071 : FF;
17072 : FF;
17073 : FF;
17074 : FF;
17075 : FF;
17076 : FF;
17077 : FF;
17078 : FF;
17079 : FF;
17080 : FF;
17081 : FF;
17082 : FF;
17083 : FF;
17084 : FF;
17085 : FF;
17086 : FF;
17087 : FF;
17088 : FF;
17089 : FF;
17090 : FF;
17091 : FF;
17092 : FF;
17093 : FF;
17094 : FF;
17095 : FF;
17096 : FF;
17097 : FF;
17098 : FF;
17099 : FF;
17100 : FF;
17101 : FF;
17102 : FF;
17103 : FF;
17104 : FF;
17105 : FF;
17106 : FF;
17107 : FF;
17108 : FF;
17109 : FF;
17110 : FF;
17111 : FF;
17112 : FF;
17113 : FF;
17114 : FF;
17115 : FF;
17116 : FF;
17117 : FF;
17118 : FF;
17119 : FF;
17120 : FF;
17121 : FF;
17122 : FF;
17123 : FF;
17124 : FF;
17125 : FF;
17126 : FF;
17127 : FF;
17128 : FF;
17129 : FF;
17130 : FF;
17131 : FF;
17132 : FF;
17133 : FF;
17134 : FF;
17135 : FF;
17136 : FF;
17137 : FF;
17138 : FF;
17139 : FF;
17140 : FF;
17141 : FF;
17142 : FF;
17143 : FF;
17144 : FF;
17145 : FF;
17146 : FF;
17147 : FF;
17148 : FF;
17149 : FF;
17150 : FF;
17151 : FF;
17152 : FF;
17153 : FF;
17154 : FF;
17155 : FF;
17156 : FF;
17157 : FF;
17158 : FF;
17159 : FF;
17160 : FF;
17161 : FF;
17162 : FF;
17163 : FF;
17164 : FF;
17165 : FF;
17166 : FF;
17167 : FF;
17168 : FF;
17169 : FF;
17170 : FF;
17171 : FF;
17172 : FF;
17173 : FF;
17174 : FF;
17175 : FF;
17176 : FF;
17177 : FF;
17178 : FF;
17179 : FF;
17180 : FF;
17181 : FF;
17182 : FF;
17183 : FF;
17184 : FF;
17185 : FF;
17186 : FF;
17187 : FF;
17188 : FF;
17189 : FF;
17190 : FF;
17191 : FF;
17192 : FF;
17193 : FF;
17194 : FF;
17195 : FF;
17196 : FF;
17197 : FF;
17198 : FF;
17199 : FF;
17200 : FF;
17201 : FF;
17202 : FF;
17203 : FF;
17204 : FF;
17205 : FF;
17206 : FF;
17207 : FF;
17208 : FF;
17209 : FF;
17210 : FF;
17211 : FF;
17212 : FF;
17213 : FF;
17214 : FF;
17215 : FF;
17216 : FF;
17217 : FF;
17218 : FF;
17219 : FF;
17220 : FF;
17221 : FF;
17222 : FF;
17223 : FF;
17224 : FF;
17225 : FF;
17226 : FF;
17227 : FF;
17228 : FF;
17229 : FF;
17230 : FF;
17231 : FF;
17232 : FF;
17233 : FF;
17234 : FF;
17235 : FF;
17236 : FF;
17237 : FF;
17238 : FF;
17239 : FF;
17240 : FF;
17241 : FF;
17242 : FF;
17243 : FF;
17244 : FF;
17245 : FF;
17246 : FF;
17247 : FF;
17248 : FF;
17249 : FF;
17250 : FF;
17251 : FF;
17252 : FF;
17253 : FF;
17254 : FF;
17255 : FF;
17256 : FF;
17257 : FF;
17258 : FF;
17259 : FF;
17260 : FF;
17261 : FF;
17262 : FF;
17263 : FF;
17264 : FF;
17265 : FF;
17266 : FF;
17267 : FF;
17268 : FF;
17269 : FF;
17270 : FF;
17271 : FF;
17272 : FF;
17273 : FF;
17274 : FF;
17275 : FF;
17276 : FF;
17277 : FF;
17278 : FF;
17279 : FF;
17280 : FF;
17281 : FF;
17282 : FF;
17283 : FF;
17284 : FF;
17285 : FF;
17286 : FF;
17287 : FF;
17288 : FF;
17289 : FF;
17290 : FF;
17291 : FF;
17292 : FF;
17293 : FF;
17294 : FF;
17295 : FF;
17296 : FF;
17297 : FF;
17298 : FF;
17299 : FF;
17300 : FF;
17301 : FF;
17302 : FF;
17303 : FF;
17304 : FF;
17305 : FF;
17306 : FF;
17307 : FF;
17308 : FF;
17309 : FF;
17310 : FF;
17311 : FF;
17312 : FF;
17313 : FF;
17314 : FF;
17315 : FF;
17316 : FF;
17317 : FF;
17318 : FF;
17319 : FF;
17320 : FF;
17321 : FF;
17322 : FF;
17323 : FF;
17324 : FF;
17325 : FF;
17326 : FF;
17327 : FF;
17328 : FF;
17329 : FF;
17330 : FF;
17331 : FF;
17332 : FF;
17333 : FF;
17334 : FF;
17335 : FF;
17336 : FF;
17337 : FF;
17338 : FF;
17339 : FF;
17340 : FF;
17341 : FF;
17342 : FF;
17343 : FF;
17344 : FF;
17345 : FF;
17346 : FF;
17347 : FF;
17348 : FF;
17349 : FF;
17350 : FF;
17351 : FF;
17352 : FF;
17353 : FF;
17354 : FF;
17355 : FF;
17356 : FF;
17357 : FF;
17358 : FF;
17359 : FF;
17360 : FF;
17361 : FF;
17362 : FF;
17363 : FF;
17364 : FF;
17365 : FF;
17366 : FF;
17367 : FF;
17368 : FF;
17369 : FF;
17370 : FF;
17371 : FF;
17372 : FF;
17373 : FF;
17374 : FF;
17375 : FF;
17376 : FF;
17377 : FF;
17378 : FF;
17379 : FF;
17380 : FF;
17381 : FF;
17382 : FF;
17383 : FF;
17384 : FF;
17385 : FF;
17386 : FF;
17387 : FF;
17388 : FF;
17389 : FF;
17390 : FF;
17391 : FF;
17392 : FF;
17393 : FF;
17394 : FF;
17395 : FF;
17396 : FF;
17397 : FF;
17398 : FF;
17399 : FF;
17400 : FF;
17401 : FF;
17402 : FF;
17403 : FF;
17404 : FF;
17405 : FF;
17406 : FF;
17407 : FF;
17408 : FF;
17409 : FF;
17410 : FF;
17411 : FF;
17412 : FF;
17413 : FF;
17414 : FF;
17415 : FF;
17416 : FF;
17417 : FF;
17418 : FF;
17419 : FF;
17420 : FF;
17421 : FF;
17422 : FF;
17423 : FF;
17424 : FF;
17425 : FF;
17426 : FF;
17427 : FF;
17428 : FF;
17429 : FF;
17430 : FF;
17431 : FF;
17432 : FF;
17433 : FF;
17434 : FF;
17435 : FF;
17436 : FF;
17437 : FF;
17438 : FF;
17439 : FF;
17440 : FF;
17441 : FF;
17442 : FF;
17443 : FF;
17444 : FF;
17445 : FF;
17446 : FF;
17447 : FF;
17448 : FF;
17449 : FF;
17450 : FF;
17451 : FF;
17452 : FF;
17453 : FF;
17454 : FF;
17455 : FF;
17456 : FF;
17457 : FF;
17458 : FF;
17459 : FF;
17460 : FF;
17461 : FF;
17462 : FF;
17463 : FF;
17464 : FF;
17465 : FF;
17466 : FF;
17467 : FF;
17468 : FF;
17469 : FF;
17470 : FF;
17471 : FF;
17472 : FF;
17473 : FF;
17474 : FF;
17475 : FF;
17476 : FF;
17477 : FF;
17478 : FF;
17479 : FF;
17480 : FF;
17481 : FF;
17482 : FF;
17483 : FF;
17484 : FF;
17485 : FF;
17486 : FF;
17487 : FF;
17488 : FF;
17489 : FF;
17490 : FF;
17491 : FF;
17492 : FF;
17493 : FF;
17494 : FF;
17495 : FF;
17496 : FF;
17497 : FF;
17498 : FF;
17499 : FF;
17500 : FF;
17501 : FF;
17502 : FF;
17503 : FF;
17504 : FF;
17505 : FF;
17506 : FF;
17507 : FF;
17508 : FF;
17509 : FF;
17510 : FF;
17511 : FF;
17512 : FF;
17513 : FF;
17514 : FF;
17515 : FF;
17516 : FF;
17517 : FF;
17518 : FF;
17519 : FF;
17520 : FF;
17521 : FF;
17522 : FF;
17523 : FF;
17524 : FF;
17525 : FF;
17526 : FF;
17527 : FF;
17528 : FF;
17529 : FF;
17530 : FF;
17531 : FF;
17532 : FF;
17533 : FF;
17534 : FF;
17535 : FF;
17536 : FF;
17537 : FF;
17538 : FF;
17539 : FF;
17540 : FF;
17541 : FF;
17542 : FF;
17543 : FF;
17544 : FF;
17545 : FF;
17546 : FF;
17547 : FF;
17548 : FF;
17549 : FF;
17550 : FF;
17551 : FF;
17552 : FF;
17553 : FF;
17554 : FF;
17555 : FF;
17556 : FF;
17557 : FF;
17558 : FF;
17559 : FF;
17560 : FF;
17561 : FF;
17562 : FF;
17563 : FF;
17564 : FF;
17565 : FF;
17566 : FF;
17567 : FF;
17568 : FF;
17569 : FF;
17570 : FF;
17571 : FF;
17572 : FF;
17573 : FF;
17574 : FF;
17575 : FF;
17576 : FF;
17577 : FF;
17578 : FF;
17579 : FF;
17580 : FF;
17581 : FF;
17582 : FF;
17583 : FF;
17584 : FF;
17585 : FF;
17586 : FF;
17587 : FF;
17588 : FF;
17589 : FF;
17590 : FF;
17591 : FF;
17592 : FF;
17593 : FF;
17594 : FF;
17595 : FF;
17596 : FF;
17597 : FF;
17598 : FF;
17599 : FF;
17600 : FF;
17601 : FF;
17602 : FF;
17603 : FF;
17604 : FF;
17605 : FF;
17606 : FF;
17607 : FF;
17608 : FF;
17609 : FF;
17610 : FF;
17611 : FF;
17612 : FF;
17613 : FF;
17614 : FF;
17615 : FF;
17616 : FF;
17617 : FF;
17618 : FF;
17619 : FF;
17620 : FF;
17621 : FF;
17622 : FF;
17623 : FF;
17624 : FF;
17625 : FF;
17626 : FF;
17627 : FF;
17628 : FF;
17629 : FF;
17630 : FF;
17631 : FF;
17632 : FF;
17633 : FF;
17634 : FF;
17635 : FF;
17636 : FF;
17637 : FF;
17638 : FF;
17639 : FF;
17640 : FF;
17641 : FF;
17642 : FF;
17643 : FF;
17644 : FF;
17645 : FF;
17646 : FF;
17647 : FF;
17648 : FF;
17649 : FF;
17650 : FF;
17651 : FF;
17652 : FF;
17653 : FF;
17654 : FF;
17655 : FF;
17656 : FF;
17657 : FF;
17658 : FF;
17659 : FF;
17660 : FF;
17661 : FF;
17662 : FF;
17663 : FF;
17664 : FF;
17665 : FF;
17666 : FF;
17667 : FF;
17668 : FF;
17669 : FF;
17670 : FF;
17671 : FF;
17672 : FF;
17673 : FF;
17674 : FF;
17675 : FF;
17676 : FF;
17677 : FF;
17678 : FF;
17679 : FF;
17680 : FF;
17681 : FF;
17682 : FF;
17683 : FF;
17684 : FF;
17685 : FF;
17686 : FF;
17687 : FF;
17688 : FF;
17689 : FF;
17690 : FF;
17691 : FF;
17692 : FF;
17693 : FF;
17694 : FF;
17695 : FF;
17696 : FF;
17697 : FF;
17698 : FF;
17699 : FF;
17700 : FF;
17701 : FF;
17702 : FF;
17703 : FF;
17704 : FF;
17705 : FF;
17706 : FF;
17707 : FF;
17708 : FF;
17709 : FF;
17710 : FF;
17711 : FF;
17712 : FF;
17713 : FF;
17714 : FF;
17715 : FF;
17716 : FF;
17717 : FF;
17718 : FF;
17719 : FF;
17720 : FF;
17721 : FF;
17722 : FF;
17723 : FF;
17724 : FF;
17725 : FF;
17726 : FF;
17727 : FF;
17728 : FF;
17729 : FF;
17730 : FF;
17731 : FF;
17732 : FF;
17733 : FF;
17734 : FF;
17735 : FF;
17736 : FF;
17737 : FF;
17738 : FF;
17739 : FF;
17740 : FF;
17741 : FF;
17742 : FF;
17743 : FF;
17744 : FF;
17745 : FF;
17746 : FF;
17747 : FF;
17748 : FF;
17749 : FF;
17750 : FF;
17751 : FF;
17752 : FF;
17753 : FF;
17754 : FF;
17755 : FF;
17756 : FF;
17757 : FF;
17758 : FF;
17759 : FF;
17760 : FF;
17761 : FF;
17762 : FF;
17763 : FF;
17764 : FF;
17765 : FF;
17766 : FF;
17767 : FF;
17768 : FF;
17769 : FF;
17770 : FF;
17771 : FF;
17772 : FF;
17773 : FF;
17774 : FF;
17775 : FF;
17776 : FF;
17777 : FF;
17778 : FF;
17779 : FF;
17780 : FF;
17781 : FF;
17782 : FF;
17783 : FF;
17784 : FF;
17785 : FF;
17786 : FF;
17787 : FF;
17788 : FF;
17789 : FF;
17790 : FF;
17791 : FF;
17792 : FF;
17793 : FF;
17794 : FF;
17795 : FF;
17796 : FF;
17797 : FF;
17798 : FF;
17799 : FF;
17800 : FF;
17801 : FF;
17802 : FF;
17803 : FF;
17804 : FF;
17805 : FF;
17806 : FF;
17807 : FF;
17808 : FF;
17809 : FF;
17810 : FF;
17811 : FF;
17812 : FF;
17813 : FF;
17814 : FF;
17815 : FF;
17816 : FF;
17817 : FF;
17818 : FF;
17819 : FF;
17820 : FF;
17821 : FF;
17822 : FF;
17823 : FF;
17824 : FF;
17825 : FF;
17826 : FF;
17827 : FF;
17828 : FF;
17829 : FF;
17830 : FF;
17831 : FF;
17832 : FF;
17833 : FF;
17834 : FF;
17835 : FF;
17836 : FF;
17837 : FF;
17838 : FF;
17839 : FF;
17840 : FF;
17841 : FF;
17842 : FF;
17843 : FF;
17844 : FF;
17845 : FF;
17846 : FF;
17847 : FF;
17848 : FF;
17849 : FF;
17850 : FF;
17851 : FF;
17852 : FF;
17853 : FF;
17854 : FF;
17855 : FF;
17856 : FF;
17857 : FF;
17858 : FF;
17859 : FF;
17860 : FF;
17861 : FF;
17862 : FF;
17863 : FF;
17864 : FF;
17865 : FF;
17866 : FF;
17867 : FF;
17868 : FF;
17869 : FF;
17870 : FF;
17871 : FF;
17872 : FF;
17873 : FF;
17874 : FF;
17875 : FF;
17876 : FF;
17877 : FF;
17878 : FF;
17879 : FF;
17880 : FF;
17881 : FF;
17882 : FF;
17883 : FF;
17884 : FF;
17885 : FF;
17886 : FF;
17887 : FF;
17888 : FF;
17889 : FF;
17890 : FF;
17891 : FF;
17892 : FF;
17893 : FF;
17894 : FF;
17895 : FF;
17896 : FF;
17897 : FF;
17898 : FF;
17899 : FF;
17900 : FF;
17901 : FF;
17902 : FF;
17903 : FF;
17904 : FF;
17905 : FF;
17906 : FF;
17907 : FF;
17908 : FF;
17909 : FF;
17910 : FF;
17911 : FF;
17912 : FF;
17913 : FF;
17914 : FF;
17915 : FF;
17916 : FF;
17917 : FF;
17918 : FF;
17919 : FF;
17920 : FF;
17921 : FF;
17922 : FF;
17923 : FF;
17924 : FF;
17925 : FF;
17926 : FF;
17927 : FF;
17928 : FF;
17929 : FF;
17930 : FF;
17931 : FF;
17932 : FF;
17933 : FF;
17934 : FF;
17935 : FF;
17936 : FF;
17937 : FF;
17938 : FF;
17939 : FF;
17940 : FF;
17941 : FF;
17942 : FF;
17943 : FF;
17944 : FF;
17945 : FF;
17946 : FF;
17947 : FF;
17948 : FF;
17949 : FF;
17950 : FF;
17951 : FF;
17952 : FF;
17953 : FF;
17954 : FF;
17955 : FF;
17956 : FF;
17957 : FF;
17958 : FF;
17959 : FF;
17960 : FF;
17961 : FF;
17962 : FF;
17963 : FF;
17964 : FF;
17965 : FF;
17966 : FF;
17967 : FF;
17968 : FF;
17969 : FF;
17970 : FF;
17971 : FF;
17972 : FF;
17973 : FF;
17974 : FF;
17975 : FF;
17976 : FF;
17977 : FF;
17978 : FF;
17979 : FF;
17980 : FF;
17981 : FF;
17982 : FF;
17983 : FF;
17984 : FF;
17985 : FF;
17986 : FF;
17987 : FF;
17988 : FF;
17989 : FF;
17990 : FF;
17991 : FF;
17992 : FF;
17993 : FF;
17994 : FF;
17995 : FF;
17996 : FF;
17997 : FF;
17998 : FF;
17999 : FF;
18000 : FF;
18001 : FF;
18002 : FF;
18003 : FF;
18004 : FF;
18005 : FF;
18006 : FF;
18007 : FF;
18008 : FF;
18009 : FF;
18010 : FF;
18011 : FF;
18012 : FF;
18013 : FF;
18014 : FF;
18015 : FF;
18016 : FF;
18017 : FF;
18018 : FF;
18019 : FF;
18020 : FF;
18021 : FF;
18022 : FF;
18023 : FF;
18024 : FF;
18025 : FF;
18026 : FF;
18027 : FF;
18028 : FF;
18029 : FF;
18030 : FF;
18031 : FF;
18032 : FF;
18033 : FF;
18034 : FF;
18035 : FF;
18036 : FF;
18037 : FF;
18038 : FF;
18039 : FF;
18040 : FF;
18041 : FF;
18042 : FF;
18043 : FF;
18044 : FF;
18045 : FF;
18046 : FF;
18047 : FF;
18048 : FF;
18049 : FF;
18050 : FF;
18051 : FF;
18052 : FF;
18053 : FF;
18054 : FF;
18055 : FF;
18056 : FF;
18057 : FF;
18058 : FF;
18059 : FF;
18060 : FF;
18061 : FF;
18062 : FF;
18063 : FF;
18064 : FF;
18065 : FF;
18066 : FF;
18067 : FF;
18068 : FF;
18069 : FF;
18070 : FF;
18071 : FF;
18072 : FF;
18073 : FF;
18074 : FF;
18075 : FF;
18076 : FF;
18077 : FF;
18078 : FF;
18079 : FF;
18080 : FF;
18081 : FF;
18082 : FF;
18083 : FF;
18084 : FF;
18085 : FF;
18086 : FF;
18087 : FF;
18088 : FF;
18089 : FF;
18090 : FF;
18091 : FF;
18092 : FF;
18093 : FF;
18094 : FF;
18095 : FF;
18096 : FF;
18097 : FF;
18098 : FF;
18099 : FF;
18100 : FF;
18101 : FF;
18102 : FF;
18103 : FF;
18104 : FF;
18105 : FF;
18106 : FF;
18107 : FF;
18108 : FF;
18109 : FF;
18110 : FF;
18111 : FF;
18112 : FF;
18113 : FF;
18114 : FF;
18115 : FF;
18116 : FF;
18117 : FF;
18118 : FF;
18119 : FF;
18120 : FF;
18121 : FF;
18122 : FF;
18123 : FF;
18124 : FF;
18125 : FF;
18126 : FF;
18127 : FF;
18128 : FF;
18129 : FF;
18130 : FF;
18131 : FF;
18132 : FF;
18133 : FF;
18134 : FF;
18135 : FF;
18136 : FF;
18137 : FF;
18138 : FF;
18139 : FF;
18140 : FF;
18141 : FF;
18142 : FF;
18143 : FF;
18144 : FF;
18145 : FF;
18146 : FF;
18147 : FF;
18148 : FF;
18149 : FF;
18150 : FF;
18151 : FF;
18152 : FF;
18153 : FF;
18154 : FF;
18155 : FF;
18156 : FF;
18157 : FF;
18158 : FF;
18159 : FF;
18160 : FF;
18161 : FF;
18162 : FF;
18163 : FF;
18164 : FF;
18165 : FF;
18166 : FF;
18167 : FF;
18168 : FF;
18169 : FF;
18170 : FF;
18171 : FF;
18172 : FF;
18173 : FF;
18174 : FF;
18175 : FF;
18176 : FF;
18177 : FF;
18178 : FF;
18179 : FF;
18180 : FF;
18181 : FF;
18182 : FF;
18183 : FF;
18184 : FF;
18185 : FF;
18186 : FF;
18187 : FF;
18188 : FF;
18189 : FF;
18190 : FF;
18191 : FF;
18192 : FF;
18193 : FF;
18194 : FF;
18195 : FF;
18196 : FF;
18197 : FF;
18198 : FF;
18199 : FF;
18200 : FF;
18201 : FF;
18202 : FF;
18203 : FF;
18204 : FF;
18205 : FF;
18206 : FF;
18207 : FF;
18208 : FF;
18209 : FF;
18210 : FF;
18211 : FF;
18212 : FF;
18213 : FF;
18214 : FF;
18215 : FF;
18216 : FF;
18217 : FF;
18218 : FF;
18219 : FF;
18220 : FF;
18221 : FF;
18222 : FF;
18223 : FF;
18224 : FF;
18225 : FF;
18226 : FF;
18227 : FF;
18228 : FF;
18229 : FF;
18230 : FF;
18231 : FF;
18232 : FF;
18233 : FF;
18234 : FF;
18235 : FF;
18236 : FF;
18237 : FF;
18238 : FF;
18239 : FF;
18240 : FF;
18241 : FF;
18242 : FF;
18243 : FF;
18244 : FF;
18245 : FF;
18246 : FF;
18247 : FF;
18248 : FF;
18249 : FF;
18250 : FF;
18251 : FF;
18252 : FF;
18253 : FF;
18254 : FF;
18255 : FF;
18256 : FF;
18257 : FF;
18258 : FF;
18259 : FF;
18260 : FF;
18261 : FF;
18262 : FF;
18263 : FF;
18264 : FF;
18265 : FF;
18266 : FF;
18267 : FF;
18268 : FF;
18269 : FF;
18270 : FF;
18271 : FF;
18272 : FF;
18273 : FF;
18274 : FF;
18275 : FF;
18276 : FF;
18277 : FF;
18278 : FF;
18279 : FF;
18280 : FF;
18281 : FF;
18282 : FF;
18283 : FF;
18284 : FF;
18285 : FF;
18286 : FF;
18287 : FF;
18288 : FF;
18289 : FF;
18290 : FF;
18291 : FF;
18292 : FF;
18293 : FF;
18294 : FF;
18295 : FF;
18296 : FF;
18297 : FF;
18298 : FF;
18299 : FF;
18300 : FF;
18301 : FF;
18302 : FF;
18303 : FF;
18304 : FF;
18305 : FF;
18306 : FF;
18307 : FF;
18308 : FF;
18309 : FF;
18310 : FF;
18311 : FF;
18312 : FF;
18313 : FF;
18314 : FF;
18315 : FF;
18316 : FF;
18317 : FF;
18318 : FF;
18319 : FF;
18320 : FF;
18321 : FF;
18322 : FF;
18323 : FF;
18324 : FF;
18325 : FF;
18326 : FF;
18327 : FF;
18328 : FF;
18329 : FF;
18330 : FF;
18331 : FF;
18332 : FF;
18333 : FF;
18334 : FF;
18335 : FF;
18336 : FF;
18337 : FF;
18338 : FF;
18339 : FF;
18340 : FF;
18341 : FF;
18342 : FF;
18343 : FF;
18344 : FF;
18345 : FF;
18346 : FF;
18347 : FF;
18348 : FF;
18349 : FF;
18350 : FF;
18351 : FF;
18352 : FF;
18353 : FF;
18354 : FF;
18355 : FF;
18356 : FF;
18357 : FF;
18358 : FF;
18359 : FF;
18360 : FF;
18361 : FF;
18362 : FF;
18363 : FF;
18364 : FF;
18365 : FF;
18366 : FF;
18367 : FF;
18368 : FF;
18369 : FF;
18370 : FF;
18371 : FF;
18372 : FF;
18373 : FF;
18374 : FF;
18375 : FF;
18376 : FF;
18377 : FF;
18378 : FF;
18379 : FF;
18380 : FF;
18381 : FF;
18382 : FF;
18383 : FF;
18384 : FF;
18385 : FF;
18386 : FF;
18387 : FF;
18388 : FF;
18389 : FF;
18390 : FF;
18391 : FF;
18392 : FF;
18393 : FF;
18394 : FF;
18395 : FF;
18396 : FF;
18397 : FF;
18398 : FF;
18399 : FF;
18400 : FF;
18401 : FF;
18402 : FF;
18403 : FF;
18404 : FF;
18405 : FF;
18406 : FF;
18407 : FF;
18408 : FF;
18409 : FF;
18410 : FF;
18411 : FF;
18412 : FF;
18413 : FF;
18414 : FF;
18415 : FF;
18416 : FF;
18417 : FF;
18418 : FF;
18419 : FF;
18420 : FF;
18421 : FF;
18422 : FF;
18423 : FF;
18424 : FF;
18425 : FF;
18426 : FF;
18427 : FF;
18428 : FF;
18429 : FF;
18430 : FF;
18431 : FF;
18432 : FF;
18433 : FF;
18434 : FF;
18435 : FF;
18436 : FF;
18437 : FF;
18438 : FF;
18439 : FF;
18440 : FF;
18441 : FF;
18442 : FF;
18443 : FF;
18444 : FF;
18445 : FF;
18446 : FF;
18447 : FF;
18448 : FF;
18449 : FF;
18450 : FF;
18451 : FF;
18452 : FF;
18453 : FF;
18454 : FF;
18455 : FF;
18456 : FF;
18457 : FF;
18458 : FF;
18459 : FF;
18460 : FF;
18461 : FF;
18462 : FF;
18463 : FF;
18464 : FF;
18465 : FF;
18466 : FF;
18467 : FF;
18468 : FF;
18469 : FF;
18470 : FF;
18471 : FF;
18472 : FF;
18473 : FF;
18474 : FF;
18475 : FF;
18476 : FF;
18477 : FF;
18478 : FF;
18479 : FF;
18480 : FF;
18481 : FF;
18482 : FF;
18483 : FF;
18484 : FF;
18485 : FF;
18486 : FF;
18487 : FF;
18488 : FF;
18489 : FF;
18490 : FF;
18491 : FF;
18492 : FF;
18493 : FF;
18494 : FF;
18495 : FF;
18496 : FF;
18497 : FF;
18498 : FF;
18499 : FF;
18500 : FF;
18501 : FF;
18502 : FF;
18503 : FF;
18504 : FF;
18505 : FF;
18506 : FF;
18507 : FF;
18508 : FF;
18509 : FF;
18510 : FF;
18511 : FF;
18512 : FF;
18513 : FF;
18514 : FF;
18515 : FF;
18516 : FF;
18517 : FF;
18518 : FF;
18519 : FF;
18520 : FF;
18521 : FF;
18522 : FF;
18523 : FF;
18524 : FF;
18525 : FF;
18526 : FF;
18527 : FF;
18528 : FF;
18529 : FF;
18530 : FF;
18531 : FF;
18532 : FF;
18533 : FF;
18534 : FF;
18535 : FF;
18536 : FF;
18537 : FF;
18538 : FF;
18539 : FF;
18540 : FF;
18541 : FF;
18542 : FF;
18543 : FF;
18544 : FF;
18545 : FF;
18546 : FF;
18547 : FF;
18548 : FF;
18549 : FF;
18550 : FF;
18551 : FF;
18552 : FF;
18553 : FF;
18554 : FF;
18555 : FF;
18556 : FF;
18557 : FF;
18558 : FF;
18559 : FF;
18560 : FF;
18561 : FF;
18562 : FF;
18563 : FF;
18564 : FF;
18565 : FF;
18566 : FF;
18567 : FF;
18568 : FF;
18569 : FF;
18570 : FF;
18571 : FF;
18572 : FF;
18573 : FF;
18574 : FF;
18575 : FF;
18576 : FF;
18577 : FF;
18578 : FF;
18579 : FF;
18580 : FF;
18581 : FF;
18582 : FF;
18583 : FF;
18584 : FF;
18585 : FF;
18586 : FF;
18587 : FF;
18588 : FF;
18589 : FF;
18590 : FF;
18591 : FF;
18592 : FF;
18593 : FF;
18594 : FF;
18595 : FF;
18596 : FF;
18597 : FF;
18598 : FF;
18599 : FF;
18600 : FF;
18601 : FF;
18602 : FF;
18603 : FF;
18604 : FF;
18605 : FF;
18606 : FF;
18607 : FF;
18608 : FF;
18609 : FF;
18610 : FF;
18611 : FF;
18612 : FF;
18613 : FF;
18614 : FF;
18615 : FF;
18616 : FF;
18617 : FF;
18618 : FF;
18619 : FF;
18620 : FF;
18621 : FF;
18622 : FF;
18623 : FF;
18624 : FF;
18625 : FF;
18626 : FF;
18627 : FF;
18628 : FF;
18629 : FF;
18630 : FF;
18631 : FF;
18632 : FF;
18633 : FF;
18634 : FF;
18635 : FF;
18636 : FF;
18637 : FF;
18638 : FF;
18639 : FF;
18640 : FF;
18641 : FF;
18642 : FF;
18643 : FF;
18644 : FF;
18645 : FF;
18646 : FF;
18647 : FF;
18648 : FF;
18649 : FF;
18650 : FF;
18651 : FF;
18652 : FF;
18653 : FF;
18654 : FF;
18655 : FF;
18656 : FF;
18657 : FF;
18658 : FF;
18659 : FF;
18660 : FF;
18661 : FF;
18662 : FF;
18663 : FF;
18664 : FF;
18665 : FF;
18666 : FF;
18667 : FF;
18668 : FF;
18669 : FF;
18670 : FF;
18671 : FF;
18672 : FF;
18673 : FF;
18674 : FF;
18675 : FF;
18676 : FF;
18677 : FF;
18678 : FF;
18679 : FF;
18680 : FF;
18681 : FF;
18682 : FF;
18683 : FF;
18684 : FF;
18685 : FF;
18686 : FF;
18687 : FF;
18688 : FF;
18689 : FF;
18690 : FF;
18691 : FF;
18692 : FF;
18693 : FF;
18694 : FF;
18695 : FF;
18696 : FF;
18697 : FF;
18698 : FF;
18699 : FF;
18700 : FF;
18701 : FF;
18702 : FF;
18703 : FF;
18704 : FF;
18705 : FF;
18706 : FF;
18707 : FF;
18708 : FF;
18709 : FF;
18710 : FF;
18711 : FF;
18712 : FF;
18713 : FF;
18714 : FF;
18715 : FF;
18716 : FF;
18717 : FF;
18718 : FF;
18719 : FF;
18720 : FF;
18721 : FF;
18722 : FF;
18723 : FF;
18724 : FF;
18725 : FF;
18726 : FF;
18727 : FF;
18728 : FF;
18729 : FF;
18730 : FF;
18731 : FF;
18732 : FF;
18733 : FF;
18734 : FF;
18735 : FF;
18736 : FF;
18737 : FF;
18738 : FF;
18739 : FF;
18740 : FF;
18741 : FF;
18742 : FF;
18743 : FF;
18744 : FF;
18745 : FF;
18746 : FF;
18747 : FF;
18748 : FF;
18749 : FF;
18750 : FF;
18751 : FF;
18752 : FF;
18753 : FF;
18754 : FF;
18755 : FF;
18756 : FF;
18757 : FF;
18758 : FF;
18759 : FF;
18760 : FF;
18761 : FF;
18762 : FF;
18763 : FF;
18764 : FF;
18765 : FF;
18766 : FF;
18767 : FF;
18768 : FF;
18769 : FF;
18770 : FF;
18771 : FF;
18772 : FF;
18773 : FF;
18774 : FF;
18775 : FF;
18776 : FF;
18777 : FF;
18778 : DB;
18779 : FF;
18780 : FF;
18781 : FF;
18782 : FF;
18783 : FF;
18784 : FF;
18785 : FF;
18786 : FF;
18787 : FF;
18788 : FF;
18789 : FF;
18790 : FF;
18791 : FF;
18792 : FF;
18793 : FF;
18794 : FF;
18795 : FF;
18796 : FF;
18797 : FF;
18798 : FF;
18799 : FF;
18800 : FF;
18801 : FF;
18802 : FF;
18803 : FF;
18804 : FF;
18805 : FF;
18806 : FF;
18807 : FF;
18808 : FF;
18809 : FF;
18810 : FF;
18811 : FF;
18812 : FF;
18813 : FF;
18814 : FF;
18815 : FF;
18816 : FF;
18817 : FF;
18818 : FF;
18819 : FF;
18820 : FF;
18821 : FF;
18822 : FF;
18823 : FF;
18824 : FF;
18825 : FF;
18826 : FF;
18827 : FF;
18828 : FF;
18829 : FF;
18830 : FF;
18831 : FF;
18832 : FF;
18833 : FF;
18834 : FF;
18835 : FF;
18836 : FF;
18837 : FF;
18838 : FF;
18839 : FF;
18840 : FF;
18841 : FF;
18842 : FF;
18843 : FF;
18844 : FF;
18845 : FF;
18846 : FF;
18847 : FF;
18848 : FF;
18849 : FF;
18850 : FF;
18851 : FF;
18852 : FF;
18853 : FF;
18854 : FF;
18855 : FF;
18856 : DB;
18857 : DB;
18858 : DB;
18859 : DB;
18860 : DB;
18861 : DB;
18862 : FF;
18863 : FF;
18864 : FF;
18865 : FF;
18866 : FF;
18867 : FF;
18868 : FF;
18869 : FF;
18870 : FF;
18871 : FF;
18872 : FF;
18873 : FF;
18874 : FF;
18875 : FF;
18876 : FF;
18877 : FF;
18878 : FF;
18879 : FF;
18880 : FF;
18881 : FF;
18882 : FF;
18883 : FF;
18884 : FF;
18885 : FF;
18886 : FF;
18887 : FF;
18888 : FF;
18889 : FF;
18890 : FF;
18891 : FF;
18892 : FF;
18893 : FF;
18894 : FF;
18895 : FF;
18896 : FF;
18897 : FF;
18898 : FF;
18899 : DB;
18900 : DB;
18901 : DB;
18902 : DB;
18903 : FF;
18904 : FF;
18905 : FF;
18906 : FF;
18907 : FF;
18908 : FF;
18909 : FF;
18910 : FF;
18911 : FF;
18912 : FF;
18913 : FF;
18914 : DB;
18915 : DB;
18916 : DB;
18917 : DB;
18918 : FF;
18919 : FF;
18920 : FF;
18921 : FF;
18922 : FF;
18923 : FF;
18924 : FF;
18925 : FF;
18926 : FF;
18927 : FF;
18928 : FF;
18929 : FF;
18930 : FF;
18931 : FF;
18932 : FF;
18933 : FF;
18934 : FF;
18935 : FF;
18936 : FF;
18937 : FF;
18938 : FF;
18939 : FF;
18940 : FF;
18941 : FF;
18942 : FF;
18943 : FF;
18944 : FF;
18945 : FF;
18946 : FF;
18947 : FF;
18948 : FF;
18949 : FF;
18950 : FF;
18951 : FF;
18952 : FF;
18953 : FF;
18954 : FF;
18955 : FF;
18956 : FF;
18957 : FF;
18958 : FF;
18959 : FF;
18960 : FF;
18961 : FF;
18962 : FF;
18963 : FF;
18964 : FF;
18965 : FF;
18966 : FF;
18967 : FF;
18968 : FF;
18969 : FF;
18970 : FF;
18971 : FF;
18972 : FF;
18973 : FF;
18974 : FF;
18975 : FF;
18976 : FF;
18977 : FF;
18978 : FF;
18979 : FF;
18980 : DB;
18981 : DB;
18982 : DB;
18983 : DB;
18984 : DB;
18985 : DB;
18986 : FF;
18987 : FF;
18988 : FF;
18989 : FF;
18990 : FF;
18991 : FF;
18992 : FF;
18993 : FF;
18994 : FF;
18995 : FF;
18996 : FF;
18997 : FF;
18998 : FF;
18999 : FF;
19000 : FF;
19001 : FF;
19002 : FF;
19003 : FF;
19004 : FF;
19005 : FF;
19006 : FF;
19007 : FF;
19008 : FF;
19009 : FF;
19010 : FF;
19011 : FF;
19012 : FF;
19013 : FF;
19014 : FF;
19015 : FF;
19016 : FF;
19017 : FF;
19018 : FF;
19019 : FF;
19020 : FF;
19021 : FF;
19022 : FF;
19023 : DB;
19024 : DB;
19025 : DB;
19026 : DB;
19027 : FF;
19028 : FF;
19029 : FF;
19030 : FF;
19031 : FF;
19032 : FF;
19033 : FF;
19034 : FF;
19035 : FF;
19036 : FF;
19037 : FF;
19038 : DB;
19039 : DB;
19040 : DB;
19041 : DB;
19042 : FF;
19043 : FF;
19044 : FF;
19045 : FF;
19046 : FF;
19047 : FF;
19048 : FF;
19049 : FF;
19050 : FF;
19051 : FF;
19052 : FF;
19053 : FF;
19054 : FF;
19055 : FF;
19056 : FF;
19057 : FF;
19058 : FF;
19059 : FF;
19060 : FF;
19061 : FF;
19062 : FF;
19063 : FF;
19064 : FF;
19065 : FF;
19066 : FF;
19067 : FF;
19068 : FF;
19069 : FF;
19070 : FF;
19071 : FF;
19072 : FF;
19073 : FF;
19074 : FF;
19075 : FF;
19076 : FF;
19077 : FF;
19078 : FF;
19079 : FF;
19080 : FF;
19081 : FF;
19082 : FF;
19083 : FF;
19084 : FF;
19085 : FF;
19086 : FF;
19087 : FF;
19088 : FF;
19089 : FF;
19090 : FF;
19091 : FF;
19092 : FF;
19093 : FF;
19094 : FF;
19095 : FF;
19096 : FF;
19097 : FF;
19098 : FF;
19099 : FF;
19100 : FF;
19101 : FF;
19102 : FF;
19103 : FF;
19104 : FF;
19105 : FF;
19106 : DB;
19107 : DB;
19108 : FF;
19109 : FF;
19110 : FF;
19111 : FF;
19112 : FF;
19113 : FF;
19114 : FF;
19115 : FF;
19116 : FF;
19117 : FF;
19118 : FF;
19119 : FF;
19120 : FF;
19121 : FF;
19122 : FF;
19123 : FF;
19124 : FF;
19125 : FF;
19126 : FF;
19127 : FF;
19128 : FF;
19129 : FF;
19130 : FF;
19131 : FF;
19132 : FF;
19133 : FF;
19134 : FF;
19135 : FF;
19136 : FF;
19137 : FF;
19138 : FF;
19139 : FF;
19140 : FF;
19141 : FF;
19142 : FF;
19143 : FF;
19144 : FF;
19145 : FF;
19146 : FF;
19147 : FF;
19148 : FF;
19149 : DB;
19150 : DB;
19151 : FF;
19152 : FF;
19153 : FF;
19154 : FF;
19155 : FF;
19156 : FF;
19157 : FF;
19158 : FF;
19159 : FF;
19160 : FF;
19161 : FF;
19162 : FF;
19163 : FF;
19164 : DB;
19165 : DB;
19166 : FF;
19167 : FF;
19168 : FF;
19169 : FF;
19170 : FF;
19171 : FF;
19172 : FF;
19173 : FF;
19174 : FF;
19175 : FF;
19176 : FF;
19177 : FF;
19178 : FF;
19179 : FF;
19180 : FF;
19181 : FF;
19182 : FF;
19183 : FF;
19184 : FF;
19185 : FF;
19186 : FF;
19187 : FF;
19188 : FF;
19189 : FF;
19190 : FF;
19191 : FF;
19192 : FF;
19193 : FF;
19194 : FF;
19195 : FF;
19196 : FF;
19197 : FF;
19198 : FF;
19199 : FF;
19200 : FF;
19201 : FF;
19202 : FF;
19203 : FF;
19204 : FF;
19205 : FF;
19206 : FF;
19207 : FF;
19208 : FF;
19209 : FF;
19210 : FF;
19211 : FF;
19212 : FF;
19213 : FF;
19214 : FF;
19215 : FF;
19216 : FF;
19217 : FF;
19218 : FF;
19219 : FF;
19220 : FF;
19221 : FF;
19222 : FF;
19223 : FF;
19224 : FF;
19225 : FF;
19226 : FF;
19227 : FF;
19228 : FF;
19229 : FF;
19230 : DB;
19231 : DB;
19232 : FF;
19233 : FF;
19234 : FF;
19235 : FF;
19236 : FF;
19237 : FF;
19238 : FF;
19239 : FF;
19240 : FF;
19241 : FF;
19242 : FF;
19243 : DB;
19244 : DB;
19245 : DB;
19246 : FF;
19247 : FF;
19248 : FF;
19249 : FF;
19250 : DB;
19251 : DB;
19252 : DB;
19253 : DB;
19254 : FF;
19255 : FF;
19256 : DB;
19257 : DB;
19258 : DB;
19259 : DB;
19260 : FF;
19261 : FF;
19262 : FF;
19263 : FF;
19264 : DB;
19265 : DB;
19266 : DB;
19267 : FF;
19268 : FF;
19269 : FF;
19270 : FF;
19271 : FF;
19272 : FF;
19273 : DB;
19274 : DB;
19275 : FF;
19276 : FF;
19277 : FF;
19278 : FF;
19279 : FF;
19280 : FF;
19281 : FF;
19282 : FF;
19283 : FF;
19284 : FF;
19285 : FF;
19286 : FF;
19287 : FF;
19288 : DB;
19289 : DB;
19290 : FF;
19291 : FF;
19292 : FF;
19293 : FF;
19294 : FF;
19295 : FF;
19296 : FF;
19297 : DB;
19298 : FF;
19299 : FF;
19300 : FF;
19301 : FF;
19302 : FF;
19303 : FF;
19304 : FF;
19305 : FF;
19306 : FF;
19307 : FF;
19308 : FF;
19309 : FF;
19310 : FF;
19311 : FF;
19312 : FF;
19313 : FF;
19314 : FF;
19315 : FF;
19316 : FF;
19317 : FF;
19318 : FF;
19319 : FF;
19320 : FF;
19321 : FF;
19322 : FF;
19323 : FF;
19324 : FF;
19325 : FF;
19326 : FF;
19327 : FF;
19328 : FF;
19329 : FF;
19330 : FF;
19331 : FF;
19332 : FF;
19333 : FF;
19334 : FF;
19335 : FF;
19336 : FF;
19337 : FF;
19338 : FF;
19339 : FF;
19340 : FF;
19341 : FF;
19342 : FF;
19343 : FF;
19344 : FF;
19345 : FF;
19346 : FF;
19347 : FF;
19348 : FF;
19349 : FF;
19350 : FF;
19351 : FF;
19352 : FF;
19353 : FF;
19354 : DB;
19355 : DB;
19356 : FF;
19357 : FF;
19358 : FF;
19359 : FF;
19360 : FF;
19361 : FF;
19362 : FF;
19363 : FF;
19364 : FF;
19365 : FF;
19366 : DB;
19367 : FF;
19368 : FF;
19369 : FF;
19370 : DB;
19371 : FF;
19372 : FF;
19373 : FF;
19374 : DB;
19375 : DB;
19376 : DB;
19377 : DB;
19378 : FF;
19379 : FF;
19380 : DB;
19381 : DB;
19382 : DB;
19383 : DB;
19384 : FF;
19385 : FF;
19386 : FF;
19387 : DB;
19388 : FF;
19389 : FF;
19390 : FF;
19391 : DB;
19392 : DB;
19393 : FF;
19394 : FF;
19395 : FF;
19396 : FF;
19397 : DB;
19398 : DB;
19399 : FF;
19400 : FF;
19401 : FF;
19402 : FF;
19403 : FF;
19404 : FF;
19405 : FF;
19406 : FF;
19407 : FF;
19408 : FF;
19409 : FF;
19410 : FF;
19411 : FF;
19412 : DB;
19413 : DB;
19414 : FF;
19415 : FF;
19416 : FF;
19417 : FF;
19418 : FF;
19419 : FF;
19420 : FF;
19421 : DB;
19422 : DB;
19423 : FF;
19424 : FF;
19425 : FF;
19426 : FF;
19427 : FF;
19428 : FF;
19429 : FF;
19430 : FF;
19431 : FF;
19432 : FF;
19433 : FF;
19434 : FF;
19435 : FF;
19436 : FF;
19437 : FF;
19438 : FF;
19439 : FF;
19440 : FF;
19441 : FF;
19442 : FF;
19443 : FF;
19444 : FF;
19445 : FF;
19446 : FF;
19447 : FF;
19448 : FF;
19449 : FF;
19450 : FF;
19451 : FF;
19452 : FF;
19453 : FF;
19454 : FF;
19455 : FF;
19456 : FF;
19457 : FF;
19458 : FF;
19459 : FF;
19460 : FF;
19461 : FF;
19462 : FF;
19463 : FF;
19464 : FF;
19465 : FF;
19466 : FF;
19467 : FF;
19468 : FF;
19469 : FF;
19470 : FF;
19471 : FF;
19472 : FF;
19473 : FF;
19474 : FF;
19475 : FF;
19476 : FF;
19477 : FF;
19478 : DB;
19479 : DB;
19480 : FF;
19481 : FF;
19482 : FF;
19483 : FF;
19484 : FF;
19485 : FF;
19486 : FF;
19487 : FF;
19488 : FF;
19489 : DB;
19490 : FF;
19491 : FF;
19492 : FF;
19493 : FF;
19494 : DB;
19495 : DB;
19496 : FF;
19497 : FF;
19498 : FF;
19499 : DB;
19500 : DB;
19501 : FF;
19502 : FF;
19503 : FF;
19504 : FF;
19505 : DB;
19506 : FF;
19507 : FF;
19508 : FF;
19509 : FF;
19510 : DB;
19511 : DB;
19512 : FF;
19513 : FF;
19514 : FF;
19515 : DB;
19516 : DB;
19517 : FF;
19518 : FF;
19519 : FF;
19520 : FF;
19521 : DB;
19522 : DB;
19523 : FF;
19524 : FF;
19525 : FF;
19526 : FF;
19527 : FF;
19528 : FF;
19529 : FF;
19530 : FF;
19531 : FF;
19532 : FF;
19533 : FF;
19534 : FF;
19535 : FF;
19536 : DB;
19537 : DB;
19538 : FF;
19539 : FF;
19540 : FF;
19541 : FF;
19542 : FF;
19543 : FF;
19544 : FF;
19545 : DB;
19546 : FF;
19547 : FF;
19548 : FF;
19549 : FF;
19550 : FF;
19551 : FF;
19552 : FF;
19553 : FF;
19554 : FF;
19555 : FF;
19556 : FF;
19557 : FF;
19558 : FF;
19559 : FF;
19560 : FF;
19561 : FF;
19562 : FF;
19563 : FF;
19564 : FF;
19565 : FF;
19566 : FF;
19567 : FF;
19568 : FF;
19569 : FF;
19570 : FF;
19571 : FF;
19572 : FF;
19573 : FF;
19574 : FF;
19575 : FF;
19576 : FF;
19577 : FF;
19578 : FF;
19579 : FF;
19580 : FF;
19581 : FF;
19582 : FF;
19583 : FF;
19584 : FF;
19585 : FF;
19586 : FF;
19587 : FF;
19588 : FF;
19589 : FF;
19590 : FF;
19591 : FF;
19592 : FF;
19593 : FF;
19594 : FF;
19595 : FF;
19596 : FF;
19597 : FF;
19598 : FF;
19599 : FF;
19600 : FF;
19601 : FF;
19602 : DB;
19603 : DB;
19604 : FF;
19605 : FF;
19606 : FF;
19607 : FF;
19608 : FF;
19609 : FF;
19610 : FF;
19611 : FF;
19612 : DB;
19613 : DB;
19614 : DB;
19615 : DB;
19616 : DB;
19617 : DB;
19618 : DB;
19619 : DB;
19620 : FF;
19621 : FF;
19622 : FF;
19623 : DB;
19624 : DB;
19625 : FF;
19626 : FF;
19627 : FF;
19628 : FF;
19629 : DB;
19630 : FF;
19631 : FF;
19632 : FF;
19633 : FF;
19634 : DB;
19635 : DB;
19636 : DB;
19637 : DB;
19638 : DB;
19639 : DB;
19640 : DB;
19641 : DB;
19642 : FF;
19643 : FF;
19644 : FF;
19645 : DB;
19646 : DB;
19647 : FF;
19648 : FF;
19649 : FF;
19650 : FF;
19651 : FF;
19652 : FF;
19653 : FF;
19654 : FF;
19655 : FF;
19656 : FF;
19657 : FF;
19658 : FF;
19659 : FF;
19660 : DB;
19661 : DB;
19662 : FF;
19663 : FF;
19664 : FF;
19665 : FF;
19666 : FF;
19667 : FF;
19668 : FF;
19669 : FF;
19670 : FF;
19671 : FF;
19672 : FF;
19673 : FF;
19674 : FF;
19675 : FF;
19676 : FF;
19677 : FF;
19678 : FF;
19679 : FF;
19680 : FF;
19681 : FF;
19682 : FF;
19683 : FF;
19684 : FF;
19685 : FF;
19686 : FF;
19687 : FF;
19688 : FF;
19689 : FF;
19690 : FF;
19691 : FF;
19692 : FF;
19693 : FF;
19694 : FF;
19695 : FF;
19696 : FF;
19697 : FF;
19698 : FF;
19699 : FF;
19700 : FF;
19701 : FF;
19702 : FF;
19703 : FF;
19704 : FF;
19705 : FF;
19706 : FF;
19707 : FF;
19708 : FF;
19709 : FF;
19710 : FF;
19711 : FF;
19712 : FF;
19713 : FF;
19714 : FF;
19715 : FF;
19716 : FF;
19717 : FF;
19718 : FF;
19719 : FF;
19720 : FF;
19721 : FF;
19722 : FF;
19723 : FF;
19724 : FF;
19725 : FF;
19726 : DB;
19727 : DB;
19728 : FF;
19729 : FF;
19730 : FF;
19731 : FF;
19732 : FF;
19733 : FF;
19734 : FF;
19735 : FF;
19736 : DB;
19737 : DB;
19738 : FF;
19739 : FF;
19740 : FF;
19741 : FF;
19742 : FF;
19743 : FF;
19744 : FF;
19745 : FF;
19746 : FF;
19747 : FF;
19748 : DB;
19749 : DB;
19750 : FF;
19751 : FF;
19752 : DB;
19753 : FF;
19754 : FF;
19755 : FF;
19756 : FF;
19757 : DB;
19758 : DB;
19759 : DB;
19760 : FF;
19761 : FF;
19762 : FF;
19763 : FF;
19764 : FF;
19765 : FF;
19766 : FF;
19767 : FF;
19768 : FF;
19769 : DB;
19770 : DB;
19771 : FF;
19772 : FF;
19773 : FF;
19774 : FF;
19775 : FF;
19776 : FF;
19777 : FF;
19778 : FF;
19779 : FF;
19780 : FF;
19781 : FF;
19782 : FF;
19783 : FF;
19784 : DB;
19785 : DB;
19786 : FF;
19787 : FF;
19788 : FF;
19789 : FF;
19790 : FF;
19791 : FF;
19792 : FF;
19793 : FF;
19794 : FF;
19795 : FF;
19796 : FF;
19797 : FF;
19798 : FF;
19799 : FF;
19800 : FF;
19801 : FF;
19802 : FF;
19803 : FF;
19804 : FF;
19805 : FF;
19806 : FF;
19807 : FF;
19808 : FF;
19809 : FF;
19810 : FF;
19811 : FF;
19812 : FF;
19813 : FF;
19814 : FF;
19815 : FF;
19816 : FF;
19817 : FF;
19818 : FF;
19819 : FF;
19820 : FF;
19821 : FF;
19822 : FF;
19823 : FF;
19824 : FF;
19825 : FF;
19826 : FF;
19827 : FF;
19828 : FF;
19829 : FF;
19830 : FF;
19831 : FF;
19832 : FF;
19833 : FF;
19834 : FF;
19835 : FF;
19836 : FF;
19837 : FF;
19838 : FF;
19839 : FF;
19840 : FF;
19841 : FF;
19842 : FF;
19843 : FF;
19844 : FF;
19845 : FF;
19846 : FF;
19847 : FF;
19848 : FF;
19849 : FF;
19850 : DB;
19851 : DB;
19852 : FF;
19853 : FF;
19854 : FF;
19855 : FF;
19856 : FF;
19857 : DB;
19858 : FF;
19859 : FF;
19860 : DB;
19861 : DB;
19862 : FF;
19863 : FF;
19864 : FF;
19865 : FF;
19866 : FF;
19867 : FF;
19868 : FF;
19869 : FF;
19870 : FF;
19871 : FF;
19872 : DB;
19873 : DB;
19874 : FF;
19875 : FF;
19876 : DB;
19877 : FF;
19878 : FF;
19879 : FF;
19880 : FF;
19881 : FF;
19882 : DB;
19883 : DB;
19884 : FF;
19885 : FF;
19886 : FF;
19887 : FF;
19888 : FF;
19889 : FF;
19890 : FF;
19891 : FF;
19892 : FF;
19893 : DB;
19894 : DB;
19895 : FF;
19896 : FF;
19897 : FF;
19898 : FF;
19899 : FF;
19900 : FF;
19901 : FF;
19902 : FF;
19903 : FF;
19904 : FF;
19905 : FF;
19906 : FF;
19907 : FF;
19908 : DB;
19909 : DB;
19910 : FF;
19911 : FF;
19912 : FF;
19913 : FF;
19914 : FF;
19915 : FF;
19916 : FF;
19917 : FF;
19918 : FF;
19919 : FF;
19920 : FF;
19921 : FF;
19922 : FF;
19923 : FF;
19924 : FF;
19925 : FF;
19926 : FF;
19927 : FF;
19928 : FF;
19929 : FF;
19930 : FF;
19931 : FF;
19932 : FF;
19933 : FF;
19934 : FF;
19935 : FF;
19936 : FF;
19937 : FF;
19938 : FF;
19939 : FF;
19940 : FF;
19941 : FF;
19942 : FF;
19943 : FF;
19944 : FF;
19945 : FF;
19946 : FF;
19947 : FF;
19948 : FF;
19949 : FF;
19950 : FF;
19951 : FF;
19952 : FF;
19953 : FF;
19954 : FF;
19955 : FF;
19956 : FF;
19957 : FF;
19958 : FF;
19959 : FF;
19960 : FF;
19961 : FF;
19962 : FF;
19963 : FF;
19964 : FF;
19965 : FF;
19966 : FF;
19967 : FF;
19968 : FF;
19969 : FF;
19970 : FF;
19971 : FF;
19972 : FF;
19973 : FF;
19974 : DB;
19975 : DB;
19976 : FF;
19977 : FF;
19978 : FF;
19979 : FF;
19980 : DB;
19981 : DB;
19982 : FF;
19983 : FF;
19984 : FF;
19985 : DB;
19986 : DB;
19987 : FF;
19988 : FF;
19989 : FF;
19990 : FF;
19991 : DB;
19992 : FF;
19993 : FF;
19994 : FF;
19995 : FF;
19996 : FF;
19997 : DB;
19998 : DB;
19999 : FF;
20000 : FF;
20001 : FF;
20002 : FF;
20003 : FF;
20004 : FF;
20005 : FF;
20006 : DB;
20007 : DB;
20008 : FF;
20009 : FF;
20010 : FF;
20011 : FF;
20012 : DB;
20013 : FF;
20014 : FF;
20015 : FF;
20016 : FF;
20017 : DB;
20018 : DB;
20019 : FF;
20020 : FF;
20021 : FF;
20022 : FF;
20023 : FF;
20024 : FF;
20025 : FF;
20026 : FF;
20027 : FF;
20028 : FF;
20029 : FF;
20030 : FF;
20031 : FF;
20032 : DB;
20033 : DB;
20034 : FF;
20035 : FF;
20036 : FF;
20037 : FF;
20038 : FF;
20039 : FF;
20040 : FF;
20041 : DB;
20042 : FF;
20043 : FF;
20044 : FF;
20045 : FF;
20046 : FF;
20047 : FF;
20048 : FF;
20049 : FF;
20050 : FF;
20051 : FF;
20052 : FF;
20053 : FF;
20054 : FF;
20055 : FF;
20056 : FF;
20057 : FF;
20058 : FF;
20059 : FF;
20060 : FF;
20061 : FF;
20062 : FF;
20063 : FF;
20064 : FF;
20065 : FF;
20066 : FF;
20067 : FF;
20068 : FF;
20069 : FF;
20070 : FF;
20071 : FF;
20072 : FF;
20073 : FF;
20074 : FF;
20075 : FF;
20076 : FF;
20077 : FF;
20078 : FF;
20079 : FF;
20080 : FF;
20081 : FF;
20082 : FF;
20083 : FF;
20084 : FF;
20085 : FF;
20086 : FF;
20087 : FF;
20088 : FF;
20089 : FF;
20090 : FF;
20091 : FF;
20092 : FF;
20093 : FF;
20094 : FF;
20095 : FF;
20096 : DB;
20097 : DB;
20098 : DB;
20099 : DB;
20100 : DB;
20101 : DB;
20102 : DB;
20103 : DB;
20104 : DB;
20105 : FF;
20106 : FF;
20107 : FF;
20108 : FF;
20109 : FF;
20110 : DB;
20111 : DB;
20112 : DB;
20113 : DB;
20114 : DB;
20115 : FF;
20116 : FF;
20117 : FF;
20118 : FF;
20119 : FF;
20120 : FF;
20121 : DB;
20122 : DB;
20123 : DB;
20124 : FF;
20125 : FF;
20126 : FF;
20127 : FF;
20128 : FF;
20129 : FF;
20130 : FF;
20131 : DB;
20132 : DB;
20133 : DB;
20134 : DB;
20135 : DB;
20136 : DB;
20137 : FF;
20138 : FF;
20139 : DB;
20140 : DB;
20141 : DB;
20142 : DB;
20143 : DB;
20144 : FF;
20145 : FF;
20146 : FF;
20147 : FF;
20148 : FF;
20149 : FF;
20150 : FF;
20151 : FF;
20152 : FF;
20153 : FF;
20154 : DB;
20155 : DB;
20156 : DB;
20157 : DB;
20158 : DB;
20159 : DB;
20160 : FF;
20161 : FF;
20162 : FF;
20163 : FF;
20164 : FF;
20165 : DB;
20166 : DB;
20167 : FF;
20168 : FF;
20169 : FF;
20170 : FF;
20171 : FF;
20172 : FF;
20173 : FF;
20174 : FF;
20175 : FF;
20176 : FF;
20177 : FF;
20178 : FF;
20179 : FF;
20180 : FF;
20181 : FF;
20182 : FF;
20183 : FF;
20184 : FF;
20185 : FF;
20186 : FF;
20187 : FF;
20188 : FF;
20189 : FF;
20190 : FF;
20191 : FF;
20192 : FF;
20193 : FF;
20194 : FF;
20195 : FF;
20196 : FF;
20197 : FF;
20198 : FF;
20199 : FF;
20200 : FF;
20201 : FF;
20202 : FF;
20203 : FF;
20204 : FF;
20205 : FF;
20206 : FF;
20207 : FF;
20208 : FF;
20209 : FF;
20210 : FF;
20211 : FF;
20212 : FF;
20213 : FF;
20214 : FF;
20215 : FF;
20216 : FF;
20217 : FF;
20218 : FF;
20219 : FF;
20220 : DB;
20221 : DB;
20222 : DB;
20223 : DB;
20224 : DB;
20225 : DB;
20226 : DB;
20227 : DB;
20228 : DB;
20229 : FF;
20230 : FF;
20231 : FF;
20232 : FF;
20233 : FF;
20234 : FF;
20235 : DB;
20236 : DB;
20237 : DB;
20238 : FF;
20239 : FF;
20240 : FF;
20241 : FF;
20242 : FF;
20243 : FF;
20244 : FF;
20245 : FF;
20246 : DB;
20247 : DB;
20248 : FF;
20249 : FF;
20250 : FF;
20251 : FF;
20252 : FF;
20253 : FF;
20254 : FF;
20255 : FF;
20256 : FF;
20257 : DB;
20258 : DB;
20259 : FF;
20260 : FF;
20261 : FF;
20262 : FF;
20263 : DB;
20264 : DB;
20265 : DB;
20266 : DB;
20267 : DB;
20268 : FF;
20269 : FF;
20270 : FF;
20271 : FF;
20272 : FF;
20273 : FF;
20274 : FF;
20275 : FF;
20276 : FF;
20277 : FF;
20278 : DB;
20279 : DB;
20280 : DB;
20281 : DB;
20282 : DB;
20283 : DB;
20284 : FF;
20285 : FF;
20286 : FF;
20287 : FF;
20288 : FF;
20289 : DB;
20290 : FF;
20291 : FF;
20292 : FF;
20293 : FF;
20294 : FF;
20295 : FF;
20296 : FF;
20297 : FF;
20298 : FF;
20299 : FF;
20300 : FF;
20301 : FF;
20302 : FF;
20303 : FF;
20304 : FF;
20305 : FF;
20306 : FF;
20307 : FF;
20308 : FF;
20309 : FF;
20310 : FF;
20311 : FF;
20312 : FF;
20313 : FF;
20314 : FF;
20315 : FF;
20316 : FF;
20317 : FF;
20318 : FF;
20319 : FF;
20320 : FF;
20321 : FF;
20322 : FF;
20323 : FF;
20324 : FF;
20325 : FF;
20326 : FF;
20327 : FF;
20328 : FF;
20329 : FF;
20330 : FF;
20331 : FF;
20332 : FF;
20333 : FF;
20334 : FF;
20335 : FF;
20336 : FF;
20337 : FF;
20338 : FF;
20339 : FF;
20340 : FF;
20341 : FF;
20342 : FF;
20343 : FF;
20344 : FF;
20345 : FF;
20346 : FF;
20347 : FF;
20348 : FF;
20349 : FF;
20350 : FF;
20351 : FF;
20352 : FF;
20353 : FF;
20354 : FF;
20355 : FF;
20356 : FF;
20357 : FF;
20358 : FF;
20359 : FF;
20360 : FF;
20361 : FF;
20362 : FF;
20363 : FF;
20364 : FF;
20365 : FF;
20366 : FF;
20367 : FF;
20368 : FF;
20369 : FF;
20370 : FF;
20371 : FF;
20372 : FF;
20373 : FF;
20374 : FF;
20375 : FF;
20376 : FF;
20377 : FF;
20378 : FF;
20379 : FF;
20380 : FF;
20381 : FF;
20382 : FF;
20383 : FF;
20384 : FF;
20385 : FF;
20386 : FF;
20387 : FF;
20388 : FF;
20389 : FF;
20390 : FF;
20391 : FF;
20392 : FF;
20393 : FF;
20394 : FF;
20395 : FF;
20396 : FF;
20397 : FF;
20398 : FF;
20399 : FF;
20400 : FF;
20401 : FF;
20402 : FF;
20403 : FF;
20404 : FF;
20405 : FF;
20406 : FF;
20407 : FF;
20408 : FF;
20409 : FF;
20410 : FF;
20411 : FF;
20412 : FF;
20413 : FF;
20414 : FF;
20415 : FF;
20416 : FF;
20417 : FF;
20418 : FF;
20419 : FF;
20420 : FF;
20421 : FF;
20422 : FF;
20423 : FF;
20424 : FF;
20425 : FF;
20426 : FF;
20427 : FF;
20428 : FF;
20429 : FF;
20430 : FF;
20431 : FF;
20432 : FF;
20433 : FF;
20434 : FF;
20435 : FF;
20436 : FF;
20437 : FF;
20438 : FF;
20439 : FF;
20440 : FF;
20441 : FF;
20442 : FF;
20443 : FF;
20444 : FF;
20445 : FF;
20446 : FF;
20447 : FF;
20448 : FF;
20449 : FF;
20450 : FF;
20451 : FF;
20452 : FF;
20453 : FF;
20454 : FF;
20455 : FF;
20456 : FF;
20457 : FF;
20458 : FF;
20459 : FF;
20460 : FF;
20461 : FF;
20462 : FF;
20463 : FF;
20464 : FF;
20465 : FF;
20466 : FF;
20467 : FF;
20468 : FF;
20469 : FF;
20470 : FF;
20471 : FF;
20472 : FF;
20473 : FF;
20474 : FF;
20475 : FF;
20476 : FF;
20477 : FF;
20478 : FF;
20479 : FF;
20480 : FF;
20481 : FF;
20482 : FF;
20483 : FF;
20484 : FF;
20485 : FF;
20486 : FF;
20487 : FF;
20488 : FF;
20489 : FF;
20490 : FF;
20491 : FF;
20492 : FF;
20493 : FF;
20494 : FF;
20495 : FF;
20496 : FF;
20497 : FF;
20498 : FF;
20499 : FF;
20500 : FF;
20501 : FF;
20502 : FF;
20503 : FF;
20504 : FF;
20505 : FF;
20506 : FF;
20507 : FF;
20508 : FF;
20509 : FF;
20510 : FF;
20511 : FF;
20512 : FF;
20513 : FF;
20514 : FF;
20515 : FF;
20516 : FF;
20517 : FF;
20518 : FF;
20519 : FF;
20520 : FF;
20521 : FF;
20522 : FF;
20523 : FF;
20524 : FF;
20525 : FF;
20526 : FF;
20527 : FF;
20528 : FF;
20529 : FF;
20530 : FF;
20531 : FF;
20532 : FF;
20533 : FF;
20534 : FF;
20535 : FF;
20536 : FF;
20537 : FF;
20538 : FF;
20539 : FF;
20540 : FF;
20541 : FF;
20542 : FF;
20543 : FF;
20544 : FF;
20545 : FF;
20546 : FF;
20547 : FF;
20548 : FF;
20549 : FF;
20550 : FF;
20551 : FF;
20552 : FF;
20553 : FF;
20554 : FF;
20555 : FF;
20556 : FF;
20557 : FF;
20558 : FF;
20559 : FF;
20560 : FF;
20561 : FF;
20562 : FF;
20563 : FF;
20564 : FF;
20565 : FF;
20566 : FF;
20567 : FF;
20568 : FF;
20569 : FF;
20570 : FF;
20571 : FF;
20572 : FF;
20573 : FF;
20574 : FF;
20575 : FF;
20576 : FF;
20577 : FF;
20578 : FF;
20579 : FF;
20580 : FF;
20581 : FF;
20582 : FF;
20583 : FF;
20584 : FF;
20585 : FF;
20586 : FF;
20587 : FF;
20588 : FF;
20589 : FF;
20590 : FF;
20591 : FF;
20592 : FF;
20593 : FF;
20594 : FF;
20595 : FF;
20596 : FF;
20597 : FF;
20598 : FF;
20599 : FF;
20600 : FF;
20601 : FF;
20602 : FF;
20603 : FF;
20604 : FF;
20605 : FF;
20606 : FF;
20607 : FF;
20608 : FF;
20609 : FF;
20610 : FF;
20611 : FF;
20612 : FF;
20613 : FF;
20614 : FF;
20615 : FF;
20616 : FF;
20617 : FF;
20618 : FF;
20619 : FF;
20620 : FF;
20621 : FF;
20622 : FF;
20623 : FF;
20624 : FF;
20625 : FF;
20626 : FF;
20627 : FF;
20628 : FF;
20629 : FF;
20630 : FF;
20631 : FF;
20632 : FF;
20633 : FF;
20634 : FF;
20635 : FF;
20636 : FF;
20637 : FF;
20638 : FF;
20639 : FF;
20640 : FF;
20641 : FF;
20642 : FF;
20643 : FF;
20644 : FF;
20645 : FF;
20646 : FF;
20647 : FF;
20648 : FF;
20649 : FF;
20650 : FF;
20651 : FF;
20652 : FF;
20653 : FF;
20654 : FF;
20655 : FF;
20656 : FF;
20657 : FF;
20658 : FF;
20659 : FF;
20660 : FF;
20661 : FF;
20662 : FF;
20663 : FF;
20664 : FF;
20665 : FF;
20666 : FF;
20667 : FF;
20668 : FF;
20669 : FF;
20670 : FF;
20671 : FF;
20672 : FF;
20673 : FF;
20674 : FF;
20675 : FF;
20676 : FF;
20677 : FF;
20678 : FF;
20679 : FF;
20680 : FF;
20681 : FF;
20682 : FF;
20683 : FF;
20684 : FF;
20685 : FF;
20686 : FF;
20687 : FF;
20688 : FF;
20689 : FF;
20690 : FF;
20691 : FF;
20692 : FF;
20693 : FF;
20694 : FF;
20695 : FF;
20696 : FF;
20697 : FF;
20698 : FF;
20699 : FF;
20700 : FF;
20701 : FF;
20702 : FF;
20703 : FF;
20704 : FF;
20705 : FF;
20706 : FF;
20707 : FF;
20708 : FF;
20709 : FF;
20710 : FF;
20711 : FF;
20712 : FF;
20713 : FF;
20714 : FF;
20715 : FF;
20716 : FF;
20717 : FF;
20718 : FF;
20719 : FF;
20720 : FF;
20721 : FF;
20722 : FF;
20723 : FF;
20724 : FF;
20725 : FF;
20726 : FF;
20727 : FF;
20728 : FF;
20729 : FF;
20730 : FF;
20731 : FF;
20732 : FF;
20733 : FF;
20734 : FF;
20735 : FF;
20736 : FF;
20737 : FF;
20738 : FF;
20739 : FF;
20740 : FF;
20741 : FF;
20742 : FF;
20743 : FF;
20744 : FF;
20745 : FF;
20746 : FF;
20747 : FF;
20748 : FF;
20749 : FF;
20750 : FF;
20751 : FF;
20752 : FF;
20753 : FF;
20754 : FF;
20755 : FF;
20756 : FF;
20757 : FF;
20758 : FF;
20759 : FF;
20760 : FF;
20761 : FF;
20762 : FF;
20763 : FF;
20764 : FF;
20765 : FF;
20766 : FF;
20767 : FF;
20768 : FF;
20769 : FF;
20770 : FF;
20771 : FF;
20772 : FF;
20773 : FF;
20774 : FF;
20775 : FF;
20776 : FF;
20777 : FF;
20778 : FF;
20779 : FF;
20780 : FF;
20781 : FF;
20782 : FF;
20783 : FF;
20784 : FF;
20785 : FF;
20786 : FF;
20787 : FF;
20788 : FF;
20789 : FF;
20790 : FF;
20791 : FF;
20792 : FF;
20793 : FF;
20794 : FF;
20795 : FF;
20796 : FF;
20797 : FF;
20798 : FF;
20799 : FF;
20800 : FF;
20801 : FF;
20802 : FF;
20803 : FF;
20804 : FF;
20805 : FF;
20806 : FF;
20807 : FF;
20808 : FF;
20809 : FF;
20810 : FF;
20811 : FF;
20812 : FF;
20813 : FF;
20814 : FF;
20815 : FF;
20816 : FF;
20817 : FF;
20818 : FF;
20819 : FF;
20820 : FF;
20821 : FF;
20822 : FF;
20823 : FF;
20824 : FF;
20825 : FF;
20826 : FF;
20827 : FF;
20828 : FF;
20829 : FF;
20830 : FF;
20831 : FF;
20832 : FF;
20833 : FF;
20834 : FF;
20835 : FF;
20836 : FF;
20837 : FF;
20838 : FF;
20839 : FF;
20840 : FF;
20841 : FF;
20842 : FF;
20843 : FF;
20844 : FF;
20845 : FF;
20846 : FF;
20847 : FF;
20848 : FF;
20849 : FF;
20850 : FF;
20851 : FF;
20852 : FF;
20853 : FF;
20854 : FF;
20855 : FF;
20856 : FF;
20857 : FF;
20858 : FF;
20859 : FF;
20860 : FF;
20861 : FF;
20862 : FF;
20863 : FF;
20864 : FF;
20865 : FF;
20866 : FF;
20867 : FF;
20868 : FF;
20869 : FF;
20870 : FF;
20871 : FF;
20872 : FF;
20873 : FF;
20874 : FF;
20875 : FF;
20876 : FF;
20877 : FF;
20878 : FF;
20879 : FF;
20880 : FF;
20881 : FF;
20882 : FF;
20883 : FF;
20884 : FF;
20885 : FF;
20886 : FF;
20887 : FF;
20888 : FF;
20889 : FF;
20890 : FF;
20891 : FF;
20892 : FF;
20893 : FF;
20894 : FF;
20895 : FF;
20896 : FF;
20897 : FF;
20898 : FF;
20899 : FF;
20900 : FF;
20901 : FF;
20902 : FF;
20903 : FF;
20904 : FF;
20905 : FF;
20906 : FF;
20907 : FF;
20908 : FF;
20909 : FF;
20910 : FF;
20911 : FF;
20912 : FF;
20913 : FF;
20914 : FF;
20915 : FF;
20916 : FF;
20917 : FF;
20918 : FF;
20919 : FF;
20920 : FF;
20921 : FF;
20922 : FF;
20923 : FF;
20924 : FF;
20925 : FF;
20926 : FF;
20927 : FF;
20928 : FF;
20929 : FF;
20930 : FF;
20931 : FF;
20932 : FF;
20933 : FF;
20934 : FF;
20935 : FF;
20936 : FF;
20937 : FF;
20938 : FF;
20939 : FF;
20940 : FF;
20941 : FF;
20942 : FF;
20943 : FF;
20944 : FF;
20945 : FF;
20946 : FF;
20947 : FF;
20948 : FF;
20949 : FF;
20950 : FF;
20951 : FF;
20952 : FF;
20953 : FF;
20954 : FF;
20955 : FF;
20956 : FF;
20957 : FF;
20958 : FF;
20959 : FF;
20960 : FF;
20961 : FF;
20962 : FF;
20963 : FF;
20964 : FF;
20965 : FF;
20966 : FF;
20967 : FF;
20968 : FF;
20969 : FF;
20970 : FF;
20971 : FF;
20972 : FF;
20973 : FF;
20974 : FF;
20975 : FF;
20976 : FF;
20977 : FF;
20978 : FF;
20979 : FF;
20980 : FF;
20981 : FF;
20982 : FF;
20983 : FF;
20984 : FF;
20985 : FF;
20986 : FF;
20987 : FF;
20988 : FF;
20989 : FF;
20990 : FF;
20991 : FF;
20992 : FF;
20993 : FF;
20994 : FF;
20995 : FF;
20996 : FF;
20997 : FF;
20998 : FF;
20999 : FF;
21000 : FF;
21001 : FF;
21002 : FF;
21003 : FF;
21004 : FF;
21005 : FF;
21006 : FF;
21007 : FF;
21008 : FF;
21009 : FF;
21010 : FF;
21011 : FF;
21012 : FF;
21013 : FF;
21014 : FF;
21015 : FF;
21016 : FF;
21017 : FF;
21018 : FF;
21019 : FF;
21020 : FF;
21021 : FF;
21022 : FF;
21023 : FF;
21024 : FF;
21025 : FF;
21026 : FF;
21027 : FF;
21028 : FF;
21029 : FF;
21030 : FF;
21031 : FF;
21032 : FF;
21033 : FF;
21034 : FF;
21035 : FF;
21036 : FF;
21037 : FF;
21038 : FF;
21039 : FF;
21040 : FF;
21041 : FF;
21042 : FF;
21043 : FF;
21044 : FF;
21045 : FF;
21046 : FF;
21047 : FF;
21048 : FF;
21049 : FF;
21050 : FF;
21051 : FF;
21052 : FF;
21053 : FF;
21054 : FF;
21055 : FF;
21056 : FF;
21057 : FF;
21058 : FF;
21059 : FF;
21060 : FF;
21061 : FF;
21062 : FF;
21063 : FF;
21064 : FF;
21065 : FF;
21066 : FF;
21067 : FF;
21068 : FF;
21069 : FF;
21070 : FF;
21071 : FF;
21072 : FF;
21073 : FF;
21074 : FF;
21075 : FF;
21076 : FF;
21077 : FF;
21078 : FF;
21079 : FF;
21080 : FF;
21081 : FF;
21082 : FF;
21083 : FF;
21084 : FF;
21085 : FF;
21086 : FF;
21087 : FF;
21088 : FF;
21089 : FF;
21090 : FF;
21091 : FF;
21092 : FF;
21093 : FF;
21094 : FF;
21095 : FF;
21096 : FF;
21097 : FF;
21098 : FF;
21099 : FF;
21100 : FF;
21101 : FF;
21102 : FF;
21103 : FF;
21104 : FF;
21105 : FF;
21106 : FF;
21107 : FF;
21108 : FF;
21109 : FF;
21110 : FF;
21111 : FF;
21112 : FF;
21113 : FF;
21114 : FF;
21115 : FF;
21116 : FF;
21117 : FF;
21118 : FF;
21119 : FF;
21120 : FF;
21121 : FF;
21122 : FF;
21123 : FF;
21124 : FF;
21125 : FF;
21126 : FF;
21127 : FF;
21128 : FF;
21129 : FF;
21130 : FF;
21131 : FF;
21132 : FF;
21133 : FF;
21134 : FF;
21135 : FF;
21136 : FF;
21137 : FF;
21138 : FF;
21139 : FF;
21140 : FF;
21141 : FF;
21142 : FF;
21143 : FF;
21144 : FF;
21145 : FF;
21146 : FF;
21147 : FF;
21148 : FF;
21149 : FF;
21150 : FF;
21151 : FF;
21152 : FF;
21153 : FF;
21154 : FF;
21155 : FF;
21156 : FF;
21157 : FF;
21158 : FF;
21159 : FF;
21160 : FF;
21161 : FF;
21162 : FF;
21163 : FF;
21164 : FF;
21165 : FF;
21166 : FF;
21167 : FF;
21168 : FF;
21169 : FF;
21170 : FF;
21171 : FF;
21172 : FF;
21173 : FF;
21174 : FF;
21175 : FF;
21176 : FF;
21177 : FF;
21178 : FF;
21179 : FF;
21180 : FF;
21181 : FF;
21182 : FF;
21183 : FF;
21184 : FF;
21185 : FF;
21186 : FF;
21187 : FF;
21188 : FF;
21189 : FF;
21190 : FF;
21191 : FF;
21192 : FF;
21193 : FF;
21194 : FF;
21195 : FF;
21196 : FF;
21197 : FF;
21198 : FF;
21199 : FF;
21200 : FF;
21201 : FF;
21202 : FF;
21203 : FF;
21204 : FF;
21205 : FF;
21206 : FF;
21207 : FF;
21208 : FF;
21209 : FF;
21210 : FF;
21211 : FF;
21212 : FF;
21213 : FF;
21214 : FF;
21215 : FF;
21216 : FF;
21217 : FF;
21218 : FF;
21219 : FF;
21220 : FF;
21221 : FF;
21222 : FF;
21223 : FF;
21224 : FF;
21225 : FF;
21226 : FF;
21227 : FF;
21228 : FF;
21229 : FF;
21230 : FF;
21231 : FF;
21232 : FF;
21233 : FF;
21234 : FF;
21235 : FF;
21236 : FF;
21237 : FF;
21238 : FF;
21239 : FF;
21240 : FF;
21241 : FF;
21242 : FF;
21243 : FF;
21244 : FF;
21245 : FF;
21246 : FF;
21247 : FF;
21248 : FF;
21249 : FF;
21250 : FF;
21251 : FF;
21252 : FF;
21253 : FF;
21254 : FF;
21255 : FF;
21256 : FF;
21257 : FF;
21258 : FF;
21259 : FF;
21260 : FF;
21261 : FF;
21262 : FF;
21263 : FF;
21264 : FF;
21265 : FF;
21266 : FF;
21267 : FF;
21268 : FF;
21269 : FF;
21270 : FF;
21271 : FF;
21272 : FF;
21273 : FF;
21274 : FF;
21275 : FF;
21276 : FF;
21277 : FF;
21278 : FF;
21279 : FF;
21280 : FF;
21281 : FF;
21282 : FF;
21283 : FF;
21284 : FF;
21285 : FF;
21286 : FF;
21287 : FF;
21288 : FF;
21289 : FF;
21290 : FF;
21291 : FF;
21292 : FF;
21293 : FF;
21294 : FF;
21295 : FF;
21296 : FF;
21297 : FF;
21298 : FF;
21299 : FF;
21300 : FF;
21301 : FF;
21302 : FF;
21303 : FF;
21304 : FF;
21305 : FF;
21306 : FF;
21307 : FF;
21308 : FF;
21309 : FF;
21310 : FF;
21311 : FF;
21312 : FF;
21313 : FF;
21314 : FF;
21315 : FF;
21316 : FF;
21317 : FF;
21318 : FF;
21319 : FF;
21320 : FF;
21321 : FF;
21322 : FF;
21323 : FF;
21324 : FF;
21325 : FF;
21326 : FF;
21327 : FF;
21328 : FF;
21329 : FF;
21330 : FF;
21331 : FF;
21332 : FF;
21333 : FF;
21334 : FF;
21335 : FF;
21336 : FF;
21337 : FF;
21338 : FF;
21339 : FF;
21340 : FF;
21341 : FF;
21342 : FF;
21343 : FF;
21344 : FF;
21345 : FF;
21346 : FF;
21347 : FF;
21348 : FF;
21349 : FF;
21350 : FF;
21351 : FF;
21352 : FF;
21353 : FF;
21354 : FF;
21355 : FF;
21356 : FF;
21357 : FF;
21358 : FF;
21359 : FF;
21360 : FF;
21361 : FF;
21362 : FF;
21363 : FF;
21364 : FF;
21365 : FF;
21366 : FF;
21367 : FF;
21368 : FF;
21369 : FF;
21370 : FF;
21371 : FF;
21372 : FF;
21373 : FF;
21374 : FF;
21375 : FF;
21376 : FF;
21377 : FF;
21378 : FF;
21379 : FF;
21380 : FF;
21381 : FF;
21382 : FF;
21383 : FF;
21384 : FF;
21385 : FF;
21386 : FF;
21387 : FF;
21388 : FF;
21389 : FF;
21390 : FF;
21391 : FF;
21392 : FF;
21393 : FF;
21394 : FF;
21395 : FF;
21396 : FF;
21397 : FF;
21398 : FF;
21399 : FF;
21400 : FF;
21401 : FF;
21402 : FF;
21403 : FF;
21404 : FF;
21405 : FF;
21406 : FF;
21407 : FF;
21408 : FF;
21409 : FF;
21410 : FF;
21411 : FF;
21412 : FF;
21413 : FF;
21414 : FF;
21415 : FF;
21416 : FF;
21417 : FF;
21418 : FF;
21419 : FF;
21420 : FF;
21421 : FF;
21422 : FF;
21423 : FF;
21424 : FF;
21425 : FF;
21426 : FF;
21427 : FF;
21428 : FF;
21429 : FF;
21430 : FF;
21431 : FF;
21432 : FF;
21433 : FF;
21434 : FF;
21435 : FF;
21436 : FF;
21437 : FF;
21438 : FF;
21439 : FF;
21440 : FF;
21441 : FF;
21442 : FF;
21443 : FF;
21444 : FF;
21445 : FF;
21446 : FF;
21447 : FF;
21448 : FF;
21449 : FF;
21450 : FF;
21451 : FF;
21452 : FF;
21453 : FF;
21454 : FF;
21455 : FF;
21456 : FF;
21457 : FF;
21458 : FF;
21459 : FF;
21460 : FF;
21461 : FF;
21462 : FF;
21463 : FF;
21464 : FF;
21465 : FF;
21466 : FF;
21467 : FF;
21468 : FF;
21469 : FF;
21470 : FF;
21471 : FF;
21472 : FF;
21473 : FF;
21474 : FF;
21475 : FF;
21476 : FF;
21477 : FF;
21478 : FF;
21479 : FF;
21480 : FF;
21481 : FF;
21482 : FF;
21483 : FF;
21484 : FF;
21485 : FF;
21486 : FF;
21487 : FF;
21488 : FF;
21489 : FF;
21490 : FF;
21491 : FF;
21492 : FF;
21493 : FF;
21494 : FF;
21495 : FF;
21496 : FF;
21497 : FF;
21498 : FF;
21499 : FF;
21500 : FF;
21501 : FF;
21502 : FF;
21503 : FF;
21504 : FF;
21505 : FF;
21506 : FF;
21507 : FF;
21508 : FF;
21509 : FF;
21510 : FF;
21511 : FF;
21512 : FF;
21513 : FF;
21514 : FF;
21515 : FF;
21516 : FF;
21517 : FF;
21518 : FF;
21519 : FF;
21520 : FF;
21521 : FF;
21522 : FF;
21523 : FF;
21524 : FF;
21525 : FF;
21526 : FF;
21527 : FF;
21528 : FF;
21529 : FF;
21530 : FF;
21531 : FF;
21532 : FF;
21533 : FF;
21534 : FF;
21535 : FF;
21536 : FF;
21537 : FF;
21538 : FF;
21539 : FF;
21540 : FF;
21541 : FF;
21542 : FF;
21543 : FF;
21544 : FF;
21545 : FF;
21546 : FF;
21547 : FF;
21548 : FF;
21549 : FF;
21550 : FF;
21551 : FF;
21552 : FF;
21553 : FF;
21554 : FF;
21555 : FF;
21556 : FF;
21557 : FF;
21558 : FF;
21559 : FF;
21560 : FF;
21561 : FF;
21562 : FF;
21563 : FF;
21564 : FF;
21565 : FF;
21566 : FF;
21567 : FF;
21568 : FF;
21569 : FF;
21570 : FF;
21571 : FF;
21572 : FF;
21573 : FF;
21574 : FF;
21575 : FF;
21576 : FF;
21577 : FF;
21578 : FF;
21579 : FF;
21580 : FF;
21581 : FF;
21582 : FF;
21583 : FF;
21584 : FF;
21585 : FF;
21586 : FF;
21587 : FF;
21588 : FF;
21589 : FF;
21590 : FF;
21591 : FF;
21592 : FF;
21593 : FF;
21594 : FF;
21595 : FF;
21596 : FF;
21597 : FF;
21598 : FF;
21599 : FF;
21600 : FF;
21601 : FF;
21602 : FF;
21603 : FF;
21604 : FF;
21605 : FF;
21606 : FF;
21607 : FF;
21608 : FF;
21609 : FF;
21610 : FF;
21611 : FF;
21612 : FF;
21613 : FF;
21614 : FF;
21615 : FF;
21616 : FF;
21617 : FF;
21618 : FF;
21619 : FF;
21620 : FF;
21621 : FF;
21622 : FF;
21623 : FF;
21624 : FF;
21625 : FF;
21626 : FF;
21627 : FF;
21628 : FF;
21629 : FF;
21630 : FF;
21631 : FF;
21632 : FF;
21633 : FF;
21634 : FF;
21635 : FF;
21636 : FF;
21637 : FF;
21638 : FF;
21639 : FF;
21640 : FF;
21641 : FF;
21642 : FF;
21643 : FF;
21644 : FF;
21645 : FF;
21646 : FF;
21647 : FF;
21648 : FF;
21649 : FF;
21650 : FF;
21651 : FF;
21652 : FF;
21653 : FF;
21654 : FF;
21655 : FF;
21656 : FF;
21657 : FF;
21658 : FF;
21659 : FF;
21660 : FF;
21661 : FF;
21662 : FF;
21663 : FF;
21664 : FF;
21665 : FF;
21666 : FF;
21667 : FF;
21668 : FF;
21669 : FF;
21670 : FF;
21671 : FF;
21672 : FF;
21673 : FF;
21674 : FF;
21675 : FF;
21676 : FF;
21677 : FF;
21678 : FF;
21679 : FF;
21680 : FF;
21681 : FF;
21682 : FF;
21683 : FF;
21684 : FF;
21685 : FF;
21686 : FF;
21687 : FF;
21688 : FF;
21689 : FF;
21690 : FF;
21691 : FF;
21692 : FF;
21693 : FF;
21694 : FF;
21695 : FF;
21696 : FF;
21697 : FF;
21698 : FF;
21699 : FF;
21700 : FF;
21701 : FF;
21702 : FF;
21703 : FF;
21704 : FF;
21705 : FF;
21706 : FF;
21707 : FF;
21708 : FF;
21709 : FF;
21710 : FF;
21711 : FF;
21712 : FF;
21713 : FF;
21714 : FF;
21715 : FF;
21716 : FF;
21717 : FF;
21718 : FF;
21719 : FF;
21720 : FF;
21721 : FF;
21722 : FF;
21723 : FF;
21724 : FF;
21725 : FF;
21726 : FF;
21727 : FF;
21728 : FF;
21729 : FF;
21730 : FF;
21731 : FF;
21732 : FF;
21733 : FF;
21734 : FF;
21735 : FF;
21736 : FF;
21737 : FF;
21738 : FF;
21739 : FF;
21740 : FF;
21741 : FF;
21742 : FF;
21743 : FF;
21744 : FF;
21745 : FF;
21746 : FF;
21747 : FF;
21748 : FF;
21749 : FF;
21750 : FF;
21751 : FF;
21752 : FF;
21753 : FF;
21754 : FF;
21755 : FF;
21756 : FF;
21757 : FF;
21758 : FF;
21759 : FF;
21760 : FF;
21761 : FF;
21762 : FF;
21763 : FF;
21764 : FF;
21765 : FF;
21766 : FF;
21767 : FF;
21768 : FF;
21769 : FF;
21770 : FF;
21771 : FF;
21772 : FF;
21773 : FF;
21774 : FF;
21775 : FF;
21776 : FF;
21777 : FF;
21778 : FF;
21779 : FF;
21780 : FF;
21781 : FF;
21782 : FF;
21783 : FF;
21784 : FF;
21785 : FF;
21786 : FF;
21787 : FF;
21788 : FF;
21789 : FF;
21790 : FF;
21791 : FF;
21792 : FF;
21793 : FF;
21794 : FF;
21795 : FF;
21796 : FF;
21797 : FF;
21798 : FF;
21799 : FF;
21800 : FF;
21801 : FF;
21802 : FF;
21803 : FF;
21804 : FF;
21805 : FF;
21806 : FF;
21807 : FF;
21808 : FF;
21809 : FF;
21810 : FF;
21811 : FF;
21812 : FF;
21813 : FF;
21814 : FF;
21815 : FF;
21816 : FF;
21817 : FF;
21818 : FF;
21819 : FF;
21820 : FF;
21821 : FF;
21822 : FF;
21823 : FF;
21824 : FF;
21825 : FF;
21826 : FF;
21827 : FF;
21828 : FF;
21829 : FF;
21830 : FF;
21831 : FF;
21832 : FF;
21833 : FF;
21834 : FF;
21835 : FF;
21836 : FF;
21837 : FF;
21838 : FF;
21839 : FF;
21840 : FF;
21841 : FF;
21842 : FF;
21843 : FF;
21844 : FF;
21845 : FF;
21846 : FF;
21847 : FF;
21848 : FF;
21849 : FF;
21850 : FF;
21851 : FF;
21852 : FF;
21853 : FF;
21854 : FF;
21855 : FF;
21856 : FF;
21857 : FF;
21858 : FF;
21859 : FF;
21860 : FF;
21861 : FF;
21862 : FF;
21863 : FF;
21864 : FF;
21865 : FF;
21866 : FF;
21867 : FF;
21868 : FF;
21869 : FF;
21870 : FF;
21871 : FF;
21872 : FF;
21873 : FF;
21874 : FF;
21875 : FF;
21876 : FF;
21877 : FF;
21878 : FF;
21879 : FF;
21880 : FF;
21881 : FF;
21882 : FF;
21883 : FF;
21884 : FF;
21885 : FF;
21886 : FF;
21887 : FF;
21888 : FF;
21889 : FF;
21890 : FF;
21891 : FF;
21892 : FF;
21893 : FF;
21894 : FF;
21895 : FF;
21896 : FF;
21897 : FF;
21898 : FF;
21899 : FF;
21900 : FF;
21901 : FF;
21902 : FF;
21903 : FF;
21904 : FF;
21905 : FF;
21906 : FF;
21907 : FF;
21908 : FF;
21909 : FF;
21910 : FF;
21911 : FF;
21912 : FF;
21913 : FF;
21914 : FF;
21915 : FF;
21916 : FF;
21917 : FF;
21918 : FF;
21919 : FF;
21920 : FF;
21921 : FF;
21922 : FF;
21923 : FF;
21924 : FF;
21925 : FF;
21926 : FF;
21927 : FF;
21928 : FF;
21929 : FF;
21930 : FF;
21931 : FF;
21932 : FF;
21933 : FF;
21934 : FF;
21935 : FF;
21936 : FF;
21937 : FF;
21938 : FF;
21939 : FF;
21940 : FF;
21941 : FF;
21942 : FF;
21943 : FF;
21944 : FF;
21945 : FF;
21946 : FF;
21947 : FF;
21948 : FF;
21949 : FF;
21950 : FF;
21951 : FF;
21952 : FF;
21953 : FF;
21954 : FF;
21955 : FF;
21956 : FF;
21957 : FF;
21958 : FF;
21959 : FF;
21960 : FF;
21961 : FF;
21962 : FF;
21963 : FF;
21964 : FF;
21965 : FF;
21966 : FF;
21967 : FF;
21968 : FF;
21969 : FF;
21970 : FF;
21971 : FF;
21972 : FF;
21973 : FF;
21974 : FF;
21975 : FF;
21976 : FF;
21977 : FF;
21978 : FF;
21979 : FF;
21980 : FF;
21981 : FF;
21982 : FF;
21983 : FF;
21984 : FF;
21985 : FF;
21986 : FF;
21987 : FF;
21988 : FF;
21989 : FF;
21990 : FF;
21991 : FF;
21992 : FF;
21993 : FF;
21994 : FF;
21995 : FF;
21996 : FF;
21997 : FF;
21998 : FF;
21999 : FF;
22000 : FF;
22001 : FF;
22002 : FF;
22003 : FF;
22004 : FF;
22005 : FF;
22006 : FF;
22007 : FF;
22008 : FF;
22009 : FF;
22010 : FF;
22011 : FF;
22012 : FF;
22013 : FF;
22014 : FF;
22015 : FF;
22016 : FF;
22017 : FF;
22018 : FF;
22019 : FF;
22020 : FF;
22021 : FF;
22022 : FF;
22023 : FF;
22024 : FF;
22025 : FF;
22026 : FF;
22027 : FF;
22028 : FF;
22029 : FF;
22030 : FF;
22031 : FF;
22032 : FF;
22033 : FF;
22034 : FF;
22035 : FF;
22036 : FF;
22037 : FF;
22038 : FF;
22039 : FF;
22040 : FF;
22041 : FF;
22042 : FF;
22043 : FF;
22044 : FF;
22045 : FF;
22046 : FF;
22047 : FF;
22048 : FF;
22049 : FF;
22050 : FF;
22051 : FF;
22052 : FF;
22053 : FF;
22054 : FF;
22055 : FF;
22056 : FF;
22057 : FF;
22058 : FF;
22059 : FF;
22060 : FF;
22061 : FF;
22062 : FF;
22063 : FF;
22064 : FF;
22065 : FF;
22066 : FF;
22067 : FF;
22068 : FF;
22069 : FF;
22070 : FF;
22071 : FF;
22072 : FF;
22073 : FF;
22074 : FF;
22075 : FF;
22076 : FF;
22077 : FF;
22078 : FF;
22079 : FF;
22080 : FF;
22081 : FF;
22082 : FF;
22083 : FF;
22084 : FF;
22085 : FF;
22086 : FF;
22087 : FF;
22088 : FF;
22089 : FF;
22090 : FF;
22091 : FF;
22092 : FF;
22093 : FF;
22094 : FF;
22095 : FF;
22096 : FF;
22097 : FF;
22098 : FF;
22099 : FF;
22100 : FF;
22101 : FF;
22102 : FF;
22103 : FF;
22104 : FF;
22105 : FF;
22106 : FF;
22107 : FF;
22108 : FF;
22109 : FF;
22110 : FF;
22111 : FF;
22112 : FF;
22113 : FF;
22114 : FF;
22115 : FF;
22116 : FF;
22117 : FF;
22118 : FF;
22119 : FF;
22120 : FF;
22121 : FF;
22122 : FF;
22123 : FF;
22124 : FF;
22125 : FF;
22126 : FF;
22127 : FF;
22128 : FF;
22129 : FF;
22130 : FF;
22131 : FF;
22132 : FF;
22133 : FF;
22134 : FF;
22135 : FF;
22136 : FF;
22137 : FF;
22138 : FF;
22139 : FF;
22140 : FF;
22141 : FF;
22142 : FF;
22143 : FF;
22144 : FF;
22145 : FF;
22146 : FF;
22147 : FF;
22148 : FF;
22149 : FF;
22150 : FF;
22151 : FF;
22152 : FF;
22153 : FF;
22154 : FF;
22155 : FF;
22156 : FF;
22157 : FF;
22158 : FF;
22159 : FF;
22160 : FF;
22161 : FF;
22162 : FF;
22163 : FF;
22164 : FF;
22165 : FF;
22166 : FF;
22167 : FF;
22168 : FF;
22169 : FF;
22170 : FF;
22171 : FF;
22172 : FF;
22173 : FF;
22174 : FF;
22175 : FF;
22176 : FF;
22177 : FF;
22178 : FF;
22179 : FF;
22180 : FF;
22181 : FF;
22182 : FF;
22183 : FF;
22184 : FF;
22185 : FF;
22186 : FF;
22187 : FF;
22188 : FF;
22189 : FF;
22190 : FF;
22191 : FF;
22192 : FF;
22193 : FF;
22194 : FF;
22195 : FF;
22196 : FF;
22197 : FF;
22198 : FF;
22199 : FF;
22200 : FF;
22201 : FF;
22202 : FF;
22203 : FF;
22204 : FF;
22205 : FF;
22206 : FF;
22207 : FF;
22208 : FF;
22209 : FF;
22210 : FF;
22211 : FF;
22212 : FF;
22213 : FF;
22214 : FF;
22215 : FF;
22216 : FF;
22217 : FF;
22218 : FF;
22219 : FF;
22220 : FF;
22221 : FF;
22222 : FF;
22223 : FF;
22224 : FF;
22225 : FF;
22226 : FF;
22227 : FF;
22228 : FF;
22229 : FF;
22230 : FF;
22231 : FF;
22232 : FF;
22233 : FF;
22234 : FF;
22235 : FF;
22236 : FF;
22237 : FF;
22238 : FF;
22239 : FF;
22240 : FF;
22241 : FF;
22242 : FF;
22243 : FF;
22244 : FF;
22245 : FF;
22246 : FF;
22247 : FF;
22248 : FF;
22249 : FF;
22250 : FF;
22251 : FF;
22252 : FF;
22253 : FF;
22254 : FF;
22255 : FF;
22256 : FF;
22257 : FF;
22258 : FF;
22259 : FF;
22260 : FF;
22261 : FF;
22262 : FF;
22263 : FF;
22264 : FF;
22265 : FF;
22266 : FF;
22267 : FF;
22268 : FF;
22269 : FF;
22270 : FF;
22271 : FF;
22272 : FF;
22273 : FF;
22274 : FF;
22275 : FF;
22276 : FF;
22277 : FF;
22278 : FF;
22279 : FF;
22280 : FF;
22281 : FF;
22282 : FF;
22283 : FF;
22284 : FF;
22285 : FF;
22286 : FF;
22287 : FF;
22288 : FF;
22289 : FF;
22290 : FF;
22291 : FF;
22292 : FF;
22293 : FF;
22294 : FF;
22295 : FF;
22296 : FF;
22297 : FF;
22298 : FF;
22299 : FF;
22300 : FF;
22301 : FF;
22302 : FF;
22303 : FF;
22304 : FF;
22305 : FF;
22306 : FF;
22307 : FF;
22308 : FF;
22309 : FF;
22310 : FF;
22311 : FF;
22312 : FF;
22313 : FF;
22314 : FF;
22315 : FF;
22316 : FF;
22317 : FF;
22318 : FF;
22319 : FF;
22320 : FF;
22321 : FF;
22322 : FF;
22323 : FF;
22324 : FF;
22325 : FF;
22326 : FF;
22327 : FF;
22328 : FF;
22329 : FF;
22330 : FF;
22331 : FF;
22332 : FF;
22333 : FF;
22334 : FF;
22335 : FF;
22336 : FF;
22337 : FF;
22338 : FF;
22339 : FF;
22340 : FF;
22341 : FF;
22342 : FF;
22343 : FF;
22344 : FF;
22345 : FF;
22346 : FF;
22347 : FF;
22348 : FF;
22349 : FF;
22350 : FF;
22351 : FF;
22352 : FF;
22353 : FF;
22354 : FF;
22355 : FF;
22356 : FF;
22357 : FF;
22358 : FF;
22359 : FF;
22360 : FF;
22361 : FF;
22362 : FF;
22363 : FF;
22364 : FF;
22365 : FF;
22366 : FF;
22367 : FF;
22368 : FF;
22369 : FF;
22370 : FF;
22371 : FF;
22372 : FF;
22373 : FF;
22374 : FF;
22375 : FF;
22376 : FF;
22377 : FF;
22378 : FF;
22379 : FF;
22380 : FF;
22381 : FF;
22382 : FF;
22383 : FF;
22384 : FF;
22385 : FF;
22386 : FF;
22387 : FF;
22388 : FF;
22389 : FF;
22390 : FF;
22391 : FF;
22392 : FF;
22393 : FF;
22394 : FF;
22395 : FF;
22396 : FF;
22397 : FF;
22398 : FF;
22399 : FF;
22400 : FF;
22401 : FF;
22402 : FF;
22403 : FF;
22404 : FF;
22405 : FF;
22406 : FF;
22407 : FF;
22408 : FF;
22409 : FF;
22410 : FF;
22411 : FF;
22412 : FF;
22413 : FF;
22414 : FF;
22415 : FF;
22416 : FF;
22417 : FF;
22418 : FF;
22419 : FF;
22420 : FF;
22421 : FF;
22422 : FF;
22423 : FF;
22424 : FF;
22425 : FF;
22426 : FF;
22427 : FF;
22428 : FF;
22429 : FF;
22430 : FF;
22431 : FF;
22432 : FF;
22433 : FF;
22434 : FF;
22435 : FF;
22436 : FF;
22437 : FF;
22438 : FF;
22439 : FF;
22440 : FF;
22441 : FF;
22442 : FF;
22443 : FF;
22444 : FF;
22445 : FF;
22446 : FF;
22447 : FF;
22448 : FF;
22449 : FF;
22450 : FF;
22451 : FF;
22452 : FF;
22453 : FF;
22454 : FF;
22455 : FF;
22456 : FF;
22457 : FF;
22458 : FF;
22459 : FF;
22460 : FF;
22461 : FF;
22462 : FF;
22463 : FF;
22464 : FF;
22465 : FF;
22466 : FF;
22467 : FF;
22468 : FF;
22469 : FF;
22470 : FF;
22471 : FF;
22472 : FF;
22473 : FF;
22474 : FF;
22475 : FF;
22476 : FF;
22477 : FF;
22478 : FF;
22479 : FF;
22480 : FF;
22481 : FF;
22482 : FF;
22483 : FF;
22484 : FF;
22485 : FF;
22486 : FF;
22487 : FF;
22488 : FF;
22489 : FF;
22490 : FF;
22491 : FF;
22492 : FF;
22493 : FF;
22494 : FF;
22495 : FF;
22496 : FF;
22497 : FF;
22498 : DB;
22499 : FF;
22500 : FF;
22501 : FF;
22502 : FF;
22503 : FF;
22504 : FF;
22505 : FF;
22506 : FF;
22507 : FF;
22508 : FF;
22509 : FF;
22510 : FF;
22511 : DB;
22512 : DB;
22513 : DB;
22514 : FF;
22515 : FF;
22516 : FF;
22517 : FF;
22518 : FF;
22519 : FF;
22520 : FF;
22521 : FF;
22522 : FF;
22523 : FF;
22524 : FF;
22525 : FF;
22526 : FF;
22527 : FF;
22528 : FF;
22529 : FF;
22530 : FF;
22531 : FF;
22532 : FF;
22533 : FF;
22534 : FF;
22535 : FF;
22536 : FF;
22537 : FF;
22538 : FF;
22539 : FF;
22540 : FF;
22541 : FF;
22542 : FF;
22543 : FF;
22544 : FF;
22545 : FF;
22546 : FF;
22547 : FF;
22548 : FF;
22549 : FF;
22550 : FF;
22551 : FF;
22552 : FF;
22553 : FF;
22554 : FF;
22555 : FF;
22556 : FF;
22557 : FF;
22558 : FF;
22559 : FF;
22560 : FF;
22561 : FF;
22562 : FF;
22563 : FF;
22564 : FF;
22565 : FF;
22566 : FF;
22567 : FF;
22568 : FF;
22569 : FF;
22570 : FF;
22571 : FF;
22572 : FF;
22573 : FF;
22574 : FF;
22575 : FF;
22576 : DB;
22577 : DB;
22578 : DB;
22579 : DB;
22580 : DB;
22581 : DB;
22582 : FF;
22583 : FF;
22584 : FF;
22585 : FF;
22586 : FF;
22587 : FF;
22588 : FF;
22589 : FF;
22590 : FF;
22591 : FF;
22592 : FF;
22593 : FF;
22594 : FF;
22595 : FF;
22596 : FF;
22597 : FF;
22598 : FF;
22599 : FF;
22600 : FF;
22601 : FF;
22602 : FF;
22603 : FF;
22604 : FF;
22605 : FF;
22606 : FF;
22607 : FF;
22608 : FF;
22609 : FF;
22610 : FF;
22611 : FF;
22612 : FF;
22613 : FF;
22614 : FF;
22615 : FF;
22616 : FF;
22617 : FF;
22618 : FF;
22619 : DB;
22620 : DB;
22621 : DB;
22622 : DB;
22623 : FF;
22624 : FF;
22625 : FF;
22626 : FF;
22627 : FF;
22628 : FF;
22629 : FF;
22630 : FF;
22631 : FF;
22632 : FF;
22633 : DB;
22634 : DB;
22635 : DB;
22636 : DB;
22637 : DB;
22638 : DB;
22639 : DB;
22640 : FF;
22641 : FF;
22642 : FF;
22643 : FF;
22644 : FF;
22645 : FF;
22646 : FF;
22647 : FF;
22648 : FF;
22649 : FF;
22650 : FF;
22651 : FF;
22652 : FF;
22653 : FF;
22654 : FF;
22655 : FF;
22656 : FF;
22657 : FF;
22658 : FF;
22659 : FF;
22660 : FF;
22661 : FF;
22662 : FF;
22663 : FF;
22664 : FF;
22665 : FF;
22666 : FF;
22667 : FF;
22668 : FF;
22669 : FF;
22670 : FF;
22671 : FF;
22672 : FF;
22673 : FF;
22674 : FF;
22675 : FF;
22676 : FF;
22677 : FF;
22678 : FF;
22679 : FF;
22680 : FF;
22681 : FF;
22682 : FF;
22683 : FF;
22684 : FF;
22685 : FF;
22686 : FF;
22687 : FF;
22688 : FF;
22689 : FF;
22690 : FF;
22691 : FF;
22692 : FF;
22693 : FF;
22694 : FF;
22695 : FF;
22696 : FF;
22697 : FF;
22698 : FF;
22699 : FF;
22700 : DB;
22701 : DB;
22702 : DB;
22703 : DB;
22704 : DB;
22705 : DB;
22706 : FF;
22707 : FF;
22708 : FF;
22709 : FF;
22710 : FF;
22711 : FF;
22712 : FF;
22713 : FF;
22714 : FF;
22715 : FF;
22716 : FF;
22717 : FF;
22718 : FF;
22719 : FF;
22720 : FF;
22721 : FF;
22722 : FF;
22723 : FF;
22724 : FF;
22725 : FF;
22726 : FF;
22727 : FF;
22728 : FF;
22729 : FF;
22730 : FF;
22731 : FF;
22732 : FF;
22733 : FF;
22734 : FF;
22735 : FF;
22736 : FF;
22737 : FF;
22738 : FF;
22739 : FF;
22740 : FF;
22741 : FF;
22742 : FF;
22743 : DB;
22744 : DB;
22745 : DB;
22746 : DB;
22747 : FF;
22748 : FF;
22749 : FF;
22750 : FF;
22751 : FF;
22752 : FF;
22753 : FF;
22754 : FF;
22755 : FF;
22756 : DB;
22757 : DB;
22758 : FF;
22759 : FF;
22760 : FF;
22761 : FF;
22762 : DB;
22763 : DB;
22764 : DB;
22765 : FF;
22766 : FF;
22767 : FF;
22768 : FF;
22769 : FF;
22770 : FF;
22771 : FF;
22772 : FF;
22773 : FF;
22774 : FF;
22775 : FF;
22776 : FF;
22777 : FF;
22778 : FF;
22779 : FF;
22780 : FF;
22781 : FF;
22782 : FF;
22783 : FF;
22784 : FF;
22785 : FF;
22786 : FF;
22787 : FF;
22788 : FF;
22789 : FF;
22790 : FF;
22791 : FF;
22792 : FF;
22793 : FF;
22794 : FF;
22795 : FF;
22796 : FF;
22797 : FF;
22798 : FF;
22799 : FF;
22800 : FF;
22801 : FF;
22802 : FF;
22803 : FF;
22804 : FF;
22805 : FF;
22806 : FF;
22807 : FF;
22808 : FF;
22809 : FF;
22810 : FF;
22811 : FF;
22812 : FF;
22813 : FF;
22814 : FF;
22815 : FF;
22816 : FF;
22817 : FF;
22818 : FF;
22819 : FF;
22820 : FF;
22821 : FF;
22822 : FF;
22823 : FF;
22824 : FF;
22825 : FF;
22826 : DB;
22827 : DB;
22828 : FF;
22829 : FF;
22830 : FF;
22831 : FF;
22832 : FF;
22833 : FF;
22834 : FF;
22835 : FF;
22836 : FF;
22837 : FF;
22838 : FF;
22839 : FF;
22840 : FF;
22841 : FF;
22842 : FF;
22843 : FF;
22844 : FF;
22845 : FF;
22846 : FF;
22847 : FF;
22848 : FF;
22849 : FF;
22850 : FF;
22851 : FF;
22852 : FF;
22853 : FF;
22854 : FF;
22855 : FF;
22856 : FF;
22857 : FF;
22858 : FF;
22859 : FF;
22860 : FF;
22861 : FF;
22862 : FF;
22863 : FF;
22864 : FF;
22865 : FF;
22866 : FF;
22867 : FF;
22868 : FF;
22869 : DB;
22870 : DB;
22871 : FF;
22872 : FF;
22873 : FF;
22874 : FF;
22875 : FF;
22876 : FF;
22877 : FF;
22878 : FF;
22879 : FF;
22880 : DB;
22881 : FF;
22882 : FF;
22883 : FF;
22884 : FF;
22885 : FF;
22886 : FF;
22887 : DB;
22888 : DB;
22889 : FF;
22890 : FF;
22891 : FF;
22892 : FF;
22893 : FF;
22894 : FF;
22895 : FF;
22896 : FF;
22897 : FF;
22898 : FF;
22899 : FF;
22900 : FF;
22901 : FF;
22902 : FF;
22903 : FF;
22904 : FF;
22905 : FF;
22906 : FF;
22907 : FF;
22908 : FF;
22909 : FF;
22910 : FF;
22911 : FF;
22912 : FF;
22913 : FF;
22914 : FF;
22915 : FF;
22916 : FF;
22917 : FF;
22918 : FF;
22919 : FF;
22920 : FF;
22921 : FF;
22922 : FF;
22923 : FF;
22924 : FF;
22925 : FF;
22926 : FF;
22927 : FF;
22928 : FF;
22929 : FF;
22930 : FF;
22931 : FF;
22932 : FF;
22933 : FF;
22934 : FF;
22935 : FF;
22936 : FF;
22937 : FF;
22938 : FF;
22939 : FF;
22940 : FF;
22941 : FF;
22942 : FF;
22943 : FF;
22944 : FF;
22945 : FF;
22946 : FF;
22947 : FF;
22948 : FF;
22949 : FF;
22950 : DB;
22951 : DB;
22952 : FF;
22953 : FF;
22954 : FF;
22955 : FF;
22956 : FF;
22957 : FF;
22958 : FF;
22959 : FF;
22960 : FF;
22961 : FF;
22962 : FF;
22963 : DB;
22964 : DB;
22965 : DB;
22966 : FF;
22967 : FF;
22968 : FF;
22969 : FF;
22970 : DB;
22971 : DB;
22972 : DB;
22973 : DB;
22974 : FF;
22975 : FF;
22976 : DB;
22977 : DB;
22978 : DB;
22979 : DB;
22980 : FF;
22981 : FF;
22982 : FF;
22983 : FF;
22984 : DB;
22985 : DB;
22986 : DB;
22987 : FF;
22988 : FF;
22989 : FF;
22990 : FF;
22991 : FF;
22992 : FF;
22993 : DB;
22994 : DB;
22995 : FF;
22996 : FF;
22997 : FF;
22998 : FF;
22999 : FF;
23000 : FF;
23001 : FF;
23002 : FF;
23003 : FF;
23004 : DB;
23005 : FF;
23006 : FF;
23007 : FF;
23008 : FF;
23009 : FF;
23010 : FF;
23011 : DB;
23012 : DB;
23013 : FF;
23014 : FF;
23015 : FF;
23016 : FF;
23017 : DB;
23018 : FF;
23019 : FF;
23020 : FF;
23021 : FF;
23022 : FF;
23023 : FF;
23024 : FF;
23025 : FF;
23026 : FF;
23027 : FF;
23028 : FF;
23029 : FF;
23030 : FF;
23031 : FF;
23032 : FF;
23033 : FF;
23034 : FF;
23035 : FF;
23036 : FF;
23037 : FF;
23038 : FF;
23039 : FF;
23040 : FF;
23041 : FF;
23042 : FF;
23043 : FF;
23044 : FF;
23045 : FF;
23046 : FF;
23047 : FF;
23048 : FF;
23049 : FF;
23050 : FF;
23051 : FF;
23052 : FF;
23053 : FF;
23054 : FF;
23055 : FF;
23056 : FF;
23057 : FF;
23058 : FF;
23059 : FF;
23060 : FF;
23061 : FF;
23062 : FF;
23063 : FF;
23064 : FF;
23065 : FF;
23066 : FF;
23067 : FF;
23068 : FF;
23069 : FF;
23070 : FF;
23071 : FF;
23072 : FF;
23073 : FF;
23074 : DB;
23075 : DB;
23076 : FF;
23077 : FF;
23078 : FF;
23079 : FF;
23080 : FF;
23081 : FF;
23082 : FF;
23083 : FF;
23084 : FF;
23085 : FF;
23086 : DB;
23087 : FF;
23088 : FF;
23089 : FF;
23090 : DB;
23091 : FF;
23092 : FF;
23093 : FF;
23094 : DB;
23095 : DB;
23096 : DB;
23097 : DB;
23098 : FF;
23099 : FF;
23100 : DB;
23101 : DB;
23102 : DB;
23103 : DB;
23104 : FF;
23105 : FF;
23106 : FF;
23107 : DB;
23108 : FF;
23109 : FF;
23110 : FF;
23111 : DB;
23112 : DB;
23113 : FF;
23114 : FF;
23115 : FF;
23116 : FF;
23117 : DB;
23118 : DB;
23119 : FF;
23120 : FF;
23121 : FF;
23122 : FF;
23123 : FF;
23124 : FF;
23125 : FF;
23126 : FF;
23127 : FF;
23128 : FF;
23129 : FF;
23130 : FF;
23131 : FF;
23132 : FF;
23133 : FF;
23134 : DB;
23135 : DB;
23136 : DB;
23137 : FF;
23138 : FF;
23139 : FF;
23140 : FF;
23141 : DB;
23142 : DB;
23143 : FF;
23144 : FF;
23145 : FF;
23146 : FF;
23147 : FF;
23148 : FF;
23149 : FF;
23150 : FF;
23151 : FF;
23152 : FF;
23153 : FF;
23154 : FF;
23155 : FF;
23156 : FF;
23157 : FF;
23158 : FF;
23159 : FF;
23160 : FF;
23161 : FF;
23162 : FF;
23163 : FF;
23164 : FF;
23165 : FF;
23166 : FF;
23167 : FF;
23168 : FF;
23169 : FF;
23170 : FF;
23171 : FF;
23172 : FF;
23173 : FF;
23174 : FF;
23175 : FF;
23176 : FF;
23177 : FF;
23178 : FF;
23179 : FF;
23180 : FF;
23181 : FF;
23182 : FF;
23183 : FF;
23184 : FF;
23185 : FF;
23186 : FF;
23187 : FF;
23188 : FF;
23189 : FF;
23190 : FF;
23191 : FF;
23192 : FF;
23193 : FF;
23194 : FF;
23195 : FF;
23196 : FF;
23197 : FF;
23198 : DB;
23199 : DB;
23200 : FF;
23201 : FF;
23202 : FF;
23203 : FF;
23204 : FF;
23205 : FF;
23206 : FF;
23207 : FF;
23208 : FF;
23209 : DB;
23210 : FF;
23211 : FF;
23212 : FF;
23213 : FF;
23214 : DB;
23215 : DB;
23216 : FF;
23217 : FF;
23218 : FF;
23219 : DB;
23220 : DB;
23221 : FF;
23222 : FF;
23223 : FF;
23224 : FF;
23225 : DB;
23226 : FF;
23227 : FF;
23228 : FF;
23229 : FF;
23230 : DB;
23231 : DB;
23232 : FF;
23233 : FF;
23234 : FF;
23235 : DB;
23236 : DB;
23237 : FF;
23238 : FF;
23239 : FF;
23240 : FF;
23241 : DB;
23242 : DB;
23243 : FF;
23244 : FF;
23245 : FF;
23246 : FF;
23247 : FF;
23248 : FF;
23249 : FF;
23250 : FF;
23251 : FF;
23252 : FF;
23253 : FF;
23254 : FF;
23255 : FF;
23256 : FF;
23257 : FF;
23258 : DB;
23259 : DB;
23260 : FF;
23261 : FF;
23262 : FF;
23263 : FF;
23264 : FF;
23265 : DB;
23266 : FF;
23267 : FF;
23268 : FF;
23269 : FF;
23270 : FF;
23271 : FF;
23272 : FF;
23273 : FF;
23274 : FF;
23275 : FF;
23276 : FF;
23277 : FF;
23278 : FF;
23279 : FF;
23280 : FF;
23281 : FF;
23282 : FF;
23283 : FF;
23284 : FF;
23285 : FF;
23286 : FF;
23287 : FF;
23288 : FF;
23289 : FF;
23290 : FF;
23291 : FF;
23292 : FF;
23293 : FF;
23294 : FF;
23295 : FF;
23296 : FF;
23297 : FF;
23298 : FF;
23299 : FF;
23300 : FF;
23301 : FF;
23302 : FF;
23303 : FF;
23304 : FF;
23305 : FF;
23306 : FF;
23307 : FF;
23308 : FF;
23309 : FF;
23310 : FF;
23311 : FF;
23312 : FF;
23313 : FF;
23314 : FF;
23315 : FF;
23316 : FF;
23317 : FF;
23318 : FF;
23319 : FF;
23320 : FF;
23321 : FF;
23322 : DB;
23323 : DB;
23324 : FF;
23325 : FF;
23326 : FF;
23327 : FF;
23328 : FF;
23329 : FF;
23330 : FF;
23331 : FF;
23332 : DB;
23333 : DB;
23334 : DB;
23335 : DB;
23336 : DB;
23337 : DB;
23338 : DB;
23339 : DB;
23340 : FF;
23341 : FF;
23342 : FF;
23343 : DB;
23344 : DB;
23345 : FF;
23346 : FF;
23347 : FF;
23348 : FF;
23349 : DB;
23350 : FF;
23351 : FF;
23352 : FF;
23353 : FF;
23354 : DB;
23355 : DB;
23356 : DB;
23357 : DB;
23358 : DB;
23359 : DB;
23360 : DB;
23361 : DB;
23362 : FF;
23363 : FF;
23364 : FF;
23365 : DB;
23366 : DB;
23367 : FF;
23368 : FF;
23369 : FF;
23370 : FF;
23371 : FF;
23372 : FF;
23373 : FF;
23374 : FF;
23375 : FF;
23376 : FF;
23377 : FF;
23378 : FF;
23379 : FF;
23380 : FF;
23381 : DB;
23382 : DB;
23383 : FF;
23384 : FF;
23385 : FF;
23386 : FF;
23387 : FF;
23388 : FF;
23389 : FF;
23390 : FF;
23391 : FF;
23392 : FF;
23393 : FF;
23394 : FF;
23395 : FF;
23396 : FF;
23397 : FF;
23398 : FF;
23399 : FF;
23400 : FF;
23401 : FF;
23402 : FF;
23403 : FF;
23404 : FF;
23405 : FF;
23406 : FF;
23407 : FF;
23408 : FF;
23409 : FF;
23410 : FF;
23411 : FF;
23412 : FF;
23413 : FF;
23414 : FF;
23415 : FF;
23416 : FF;
23417 : FF;
23418 : FF;
23419 : FF;
23420 : FF;
23421 : FF;
23422 : FF;
23423 : FF;
23424 : FF;
23425 : FF;
23426 : FF;
23427 : FF;
23428 : FF;
23429 : FF;
23430 : FF;
23431 : FF;
23432 : FF;
23433 : FF;
23434 : FF;
23435 : FF;
23436 : FF;
23437 : FF;
23438 : FF;
23439 : FF;
23440 : FF;
23441 : FF;
23442 : FF;
23443 : FF;
23444 : FF;
23445 : FF;
23446 : DB;
23447 : DB;
23448 : FF;
23449 : FF;
23450 : FF;
23451 : FF;
23452 : FF;
23453 : FF;
23454 : FF;
23455 : FF;
23456 : DB;
23457 : DB;
23458 : FF;
23459 : FF;
23460 : FF;
23461 : FF;
23462 : FF;
23463 : FF;
23464 : FF;
23465 : FF;
23466 : FF;
23467 : FF;
23468 : DB;
23469 : DB;
23470 : FF;
23471 : FF;
23472 : DB;
23473 : FF;
23474 : FF;
23475 : FF;
23476 : FF;
23477 : DB;
23478 : DB;
23479 : DB;
23480 : FF;
23481 : FF;
23482 : FF;
23483 : FF;
23484 : FF;
23485 : FF;
23486 : FF;
23487 : FF;
23488 : FF;
23489 : DB;
23490 : DB;
23491 : FF;
23492 : FF;
23493 : FF;
23494 : FF;
23495 : FF;
23496 : FF;
23497 : FF;
23498 : FF;
23499 : FF;
23500 : FF;
23501 : FF;
23502 : FF;
23503 : FF;
23504 : DB;
23505 : DB;
23506 : FF;
23507 : FF;
23508 : FF;
23509 : FF;
23510 : FF;
23511 : FF;
23512 : FF;
23513 : FF;
23514 : FF;
23515 : FF;
23516 : FF;
23517 : FF;
23518 : FF;
23519 : FF;
23520 : FF;
23521 : FF;
23522 : FF;
23523 : FF;
23524 : FF;
23525 : FF;
23526 : FF;
23527 : FF;
23528 : FF;
23529 : FF;
23530 : FF;
23531 : FF;
23532 : FF;
23533 : FF;
23534 : FF;
23535 : FF;
23536 : FF;
23537 : FF;
23538 : FF;
23539 : FF;
23540 : FF;
23541 : FF;
23542 : FF;
23543 : FF;
23544 : FF;
23545 : FF;
23546 : FF;
23547 : FF;
23548 : FF;
23549 : FF;
23550 : FF;
23551 : FF;
23552 : FF;
23553 : FF;
23554 : FF;
23555 : FF;
23556 : FF;
23557 : FF;
23558 : FF;
23559 : FF;
23560 : FF;
23561 : FF;
23562 : FF;
23563 : FF;
23564 : FF;
23565 : FF;
23566 : FF;
23567 : FF;
23568 : FF;
23569 : FF;
23570 : DB;
23571 : DB;
23572 : FF;
23573 : FF;
23574 : FF;
23575 : FF;
23576 : FF;
23577 : DB;
23578 : FF;
23579 : FF;
23580 : DB;
23581 : DB;
23582 : FF;
23583 : FF;
23584 : FF;
23585 : FF;
23586 : FF;
23587 : FF;
23588 : FF;
23589 : FF;
23590 : FF;
23591 : FF;
23592 : DB;
23593 : DB;
23594 : FF;
23595 : FF;
23596 : DB;
23597 : FF;
23598 : FF;
23599 : FF;
23600 : FF;
23601 : FF;
23602 : DB;
23603 : DB;
23604 : FF;
23605 : FF;
23606 : FF;
23607 : FF;
23608 : FF;
23609 : FF;
23610 : FF;
23611 : FF;
23612 : FF;
23613 : DB;
23614 : DB;
23615 : FF;
23616 : FF;
23617 : FF;
23618 : FF;
23619 : FF;
23620 : FF;
23621 : FF;
23622 : FF;
23623 : FF;
23624 : FF;
23625 : FF;
23626 : DB;
23627 : DB;
23628 : DB;
23629 : FF;
23630 : FF;
23631 : FF;
23632 : DB;
23633 : FF;
23634 : FF;
23635 : FF;
23636 : FF;
23637 : FF;
23638 : FF;
23639 : FF;
23640 : FF;
23641 : FF;
23642 : FF;
23643 : FF;
23644 : FF;
23645 : FF;
23646 : FF;
23647 : FF;
23648 : FF;
23649 : FF;
23650 : FF;
23651 : FF;
23652 : FF;
23653 : FF;
23654 : FF;
23655 : FF;
23656 : FF;
23657 : FF;
23658 : FF;
23659 : FF;
23660 : FF;
23661 : FF;
23662 : FF;
23663 : FF;
23664 : FF;
23665 : FF;
23666 : FF;
23667 : FF;
23668 : FF;
23669 : FF;
23670 : FF;
23671 : FF;
23672 : FF;
23673 : FF;
23674 : FF;
23675 : FF;
23676 : FF;
23677 : FF;
23678 : FF;
23679 : FF;
23680 : FF;
23681 : FF;
23682 : FF;
23683 : FF;
23684 : FF;
23685 : FF;
23686 : FF;
23687 : FF;
23688 : FF;
23689 : FF;
23690 : FF;
23691 : FF;
23692 : FF;
23693 : FF;
23694 : DB;
23695 : DB;
23696 : FF;
23697 : FF;
23698 : FF;
23699 : FF;
23700 : DB;
23701 : DB;
23702 : FF;
23703 : FF;
23704 : FF;
23705 : DB;
23706 : DB;
23707 : FF;
23708 : FF;
23709 : FF;
23710 : FF;
23711 : DB;
23712 : FF;
23713 : FF;
23714 : FF;
23715 : FF;
23716 : FF;
23717 : DB;
23718 : DB;
23719 : FF;
23720 : FF;
23721 : FF;
23722 : FF;
23723 : FF;
23724 : FF;
23725 : FF;
23726 : DB;
23727 : DB;
23728 : FF;
23729 : FF;
23730 : FF;
23731 : FF;
23732 : DB;
23733 : FF;
23734 : FF;
23735 : FF;
23736 : FF;
23737 : DB;
23738 : DB;
23739 : FF;
23740 : FF;
23741 : FF;
23742 : FF;
23743 : FF;
23744 : FF;
23745 : FF;
23746 : FF;
23747 : FF;
23748 : FF;
23749 : DB;
23750 : DB;
23751 : FF;
23752 : FF;
23753 : FF;
23754 : FF;
23755 : FF;
23756 : DB;
23757 : FF;
23758 : FF;
23759 : FF;
23760 : FF;
23761 : DB;
23762 : FF;
23763 : FF;
23764 : FF;
23765 : FF;
23766 : FF;
23767 : FF;
23768 : FF;
23769 : FF;
23770 : FF;
23771 : FF;
23772 : FF;
23773 : FF;
23774 : FF;
23775 : FF;
23776 : FF;
23777 : FF;
23778 : FF;
23779 : FF;
23780 : FF;
23781 : FF;
23782 : FF;
23783 : FF;
23784 : FF;
23785 : FF;
23786 : FF;
23787 : FF;
23788 : FF;
23789 : FF;
23790 : FF;
23791 : FF;
23792 : FF;
23793 : FF;
23794 : FF;
23795 : FF;
23796 : FF;
23797 : FF;
23798 : FF;
23799 : FF;
23800 : FF;
23801 : FF;
23802 : FF;
23803 : FF;
23804 : FF;
23805 : FF;
23806 : FF;
23807 : FF;
23808 : FF;
23809 : FF;
23810 : FF;
23811 : FF;
23812 : FF;
23813 : FF;
23814 : FF;
23815 : FF;
23816 : DB;
23817 : DB;
23818 : DB;
23819 : DB;
23820 : DB;
23821 : DB;
23822 : DB;
23823 : DB;
23824 : DB;
23825 : FF;
23826 : FF;
23827 : FF;
23828 : FF;
23829 : FF;
23830 : DB;
23831 : DB;
23832 : DB;
23833 : DB;
23834 : DB;
23835 : FF;
23836 : FF;
23837 : FF;
23838 : FF;
23839 : FF;
23840 : FF;
23841 : DB;
23842 : DB;
23843 : DB;
23844 : FF;
23845 : FF;
23846 : FF;
23847 : FF;
23848 : FF;
23849 : FF;
23850 : FF;
23851 : DB;
23852 : DB;
23853 : DB;
23854 : DB;
23855 : DB;
23856 : DB;
23857 : FF;
23858 : FF;
23859 : DB;
23860 : DB;
23861 : DB;
23862 : DB;
23863 : DB;
23864 : FF;
23865 : FF;
23866 : FF;
23867 : FF;
23868 : FF;
23869 : FF;
23870 : FF;
23871 : FF;
23872 : DB;
23873 : DB;
23874 : DB;
23875 : DB;
23876 : DB;
23877 : DB;
23878 : DB;
23879 : DB;
23880 : DB;
23881 : FF;
23882 : FF;
23883 : FF;
23884 : FF;
23885 : DB;
23886 : DB;
23887 : FF;
23888 : FF;
23889 : FF;
23890 : FF;
23891 : FF;
23892 : FF;
23893 : FF;
23894 : FF;
23895 : FF;
23896 : FF;
23897 : FF;
23898 : FF;
23899 : FF;
23900 : FF;
23901 : FF;
23902 : FF;
23903 : FF;
23904 : FF;
23905 : FF;
23906 : FF;
23907 : FF;
23908 : FF;
23909 : FF;
23910 : FF;
23911 : FF;
23912 : FF;
23913 : FF;
23914 : FF;
23915 : FF;
23916 : FF;
23917 : FF;
23918 : FF;
23919 : FF;
23920 : FF;
23921 : FF;
23922 : FF;
23923 : FF;
23924 : FF;
23925 : FF;
23926 : FF;
23927 : FF;
23928 : FF;
23929 : FF;
23930 : FF;
23931 : FF;
23932 : FF;
23933 : FF;
23934 : FF;
23935 : FF;
23936 : FF;
23937 : FF;
23938 : FF;
23939 : FF;
23940 : DB;
23941 : DB;
23942 : DB;
23943 : DB;
23944 : DB;
23945 : DB;
23946 : DB;
23947 : DB;
23948 : DB;
23949 : FF;
23950 : FF;
23951 : FF;
23952 : FF;
23953 : FF;
23954 : FF;
23955 : DB;
23956 : DB;
23957 : DB;
23958 : FF;
23959 : FF;
23960 : FF;
23961 : FF;
23962 : FF;
23963 : FF;
23964 : FF;
23965 : FF;
23966 : DB;
23967 : DB;
23968 : FF;
23969 : FF;
23970 : FF;
23971 : FF;
23972 : FF;
23973 : FF;
23974 : FF;
23975 : FF;
23976 : FF;
23977 : DB;
23978 : DB;
23979 : FF;
23980 : FF;
23981 : FF;
23982 : FF;
23983 : DB;
23984 : DB;
23985 : DB;
23986 : DB;
23987 : DB;
23988 : FF;
23989 : FF;
23990 : FF;
23991 : FF;
23992 : FF;
23993 : FF;
23994 : FF;
23995 : FF;
23996 : DB;
23997 : DB;
23998 : DB;
23999 : DB;
24000 : DB;
24001 : DB;
24002 : DB;
24003 : DB;
24004 : DB;
24005 : FF;
24006 : FF;
24007 : FF;
24008 : FF;
24009 : DB;
24010 : FF;
24011 : FF;
24012 : FF;
24013 : FF;
24014 : FF;
24015 : FF;
24016 : FF;
24017 : FF;
24018 : FF;
24019 : FF;
24020 : FF;
24021 : FF;
24022 : FF;
24023 : FF;
24024 : FF;
24025 : FF;
24026 : FF;
24027 : FF;
24028 : FF;
24029 : FF;
24030 : FF;
24031 : FF;
24032 : FF;
24033 : FF;
24034 : FF;
24035 : FF;
24036 : FF;
24037 : FF;
24038 : FF;
24039 : FF;
24040 : FF;
24041 : FF;
24042 : FF;
24043 : FF;
24044 : FF;
24045 : FF;
24046 : FF;
24047 : FF;
24048 : FF;
24049 : FF;
24050 : FF;
24051 : FF;
24052 : FF;
24053 : FF;
24054 : FF;
24055 : FF;
24056 : FF;
24057 : FF;
24058 : FF;
24059 : FF;
24060 : FF;
24061 : FF;
24062 : FF;
24063 : FF;
24064 : FF;
24065 : FF;
24066 : FF;
24067 : FF;
24068 : FF;
24069 : FF;
24070 : FF;
24071 : FF;
24072 : FF;
24073 : FF;
24074 : FF;
24075 : FF;
24076 : FF;
24077 : FF;
24078 : FF;
24079 : FF;
24080 : FF;
24081 : FF;
24082 : FF;
24083 : FF;
24084 : FF;
24085 : FF;
24086 : FF;
24087 : FF;
24088 : FF;
24089 : FF;
24090 : FF;
24091 : FF;
24092 : FF;
24093 : FF;
24094 : FF;
24095 : FF;
24096 : FF;
24097 : FF;
24098 : FF;
24099 : FF;
24100 : FF;
24101 : FF;
24102 : FF;
24103 : FF;
24104 : FF;
24105 : FF;
24106 : FF;
24107 : FF;
24108 : FF;
24109 : FF;
24110 : FF;
24111 : FF;
24112 : FF;
24113 : FF;
24114 : FF;
24115 : FF;
24116 : FF;
24117 : FF;
24118 : FF;
24119 : FF;
24120 : FF;
24121 : FF;
24122 : FF;
24123 : FF;
24124 : FF;
24125 : FF;
24126 : FF;
24127 : FF;
24128 : FF;
24129 : FF;
24130 : FF;
24131 : FF;
24132 : FF;
24133 : FF;
24134 : FF;
24135 : FF;
24136 : FF;
24137 : FF;
24138 : FF;
24139 : FF;
24140 : FF;
24141 : FF;
24142 : FF;
24143 : FF;
24144 : FF;
24145 : FF;
24146 : FF;
24147 : FF;
24148 : FF;
24149 : FF;
24150 : FF;
24151 : FF;
24152 : FF;
24153 : FF;
24154 : FF;
24155 : FF;
24156 : FF;
24157 : FF;
24158 : FF;
24159 : FF;
24160 : FF;
24161 : FF;
24162 : FF;
24163 : FF;
24164 : FF;
24165 : FF;
24166 : FF;
24167 : FF;
24168 : FF;
24169 : FF;
24170 : FF;
24171 : FF;
24172 : FF;
24173 : FF;
24174 : FF;
24175 : FF;
24176 : FF;
24177 : FF;
24178 : FF;
24179 : FF;
24180 : FF;
24181 : FF;
24182 : FF;
24183 : FF;
24184 : FF;
24185 : FF;
24186 : FF;
24187 : FF;
24188 : FF;
24189 : FF;
24190 : FF;
24191 : FF;
24192 : FF;
24193 : FF;
24194 : FF;
24195 : FF;
24196 : FF;
24197 : FF;
24198 : FF;
24199 : FF;
24200 : FF;
24201 : FF;
24202 : FF;
24203 : FF;
24204 : FF;
24205 : FF;
24206 : FF;
24207 : FF;
24208 : FF;
24209 : FF;
24210 : FF;
24211 : FF;
24212 : FF;
24213 : FF;
24214 : FF;
24215 : FF;
24216 : FF;
24217 : FF;
24218 : FF;
24219 : FF;
24220 : FF;
24221 : FF;
24222 : FF;
24223 : FF;
24224 : FF;
24225 : FF;
24226 : FF;
24227 : FF;
24228 : FF;
24229 : FF;
24230 : FF;
24231 : FF;
24232 : FF;
24233 : FF;
24234 : FF;
24235 : FF;
24236 : FF;
24237 : FF;
24238 : FF;
24239 : FF;
24240 : FF;
24241 : FF;
24242 : FF;
24243 : FF;
24244 : FF;
24245 : FF;
24246 : FF;
24247 : FF;
24248 : FF;
24249 : FF;
24250 : FF;
24251 : FF;
24252 : FF;
24253 : FF;
24254 : FF;
24255 : FF;
24256 : FF;
24257 : FF;
24258 : FF;
24259 : FF;
24260 : FF;
24261 : FF;
24262 : FF;
24263 : FF;
24264 : FF;
24265 : FF;
24266 : FF;
24267 : FF;
24268 : FF;
24269 : FF;
24270 : FF;
24271 : FF;
24272 : FF;
24273 : FF;
24274 : FF;
24275 : FF;
24276 : FF;
24277 : FF;
24278 : FF;
24279 : FF;
24280 : FF;
24281 : FF;
24282 : FF;
24283 : FF;
24284 : FF;
24285 : FF;
24286 : FF;
24287 : FF;
24288 : FF;
24289 : FF;
24290 : FF;
24291 : FF;
24292 : FF;
24293 : FF;
24294 : FF;
24295 : FF;
24296 : FF;
24297 : FF;
24298 : FF;
24299 : FF;
24300 : FF;
24301 : FF;
24302 : FF;
24303 : FF;
24304 : FF;
24305 : FF;
24306 : FF;
24307 : FF;
24308 : FF;
24309 : FF;
24310 : FF;
24311 : FF;
24312 : FF;
24313 : FF;
24314 : FF;
24315 : FF;
24316 : FF;
24317 : FF;
24318 : FF;
24319 : FF;
24320 : FF;
24321 : FF;
24322 : FF;
24323 : FF;
24324 : FF;
24325 : FF;
24326 : FF;
24327 : FF;
24328 : FF;
24329 : FF;
24330 : FF;
24331 : FF;
24332 : FF;
24333 : FF;
24334 : FF;
24335 : FF;
24336 : FF;
24337 : FF;
24338 : FF;
24339 : FF;
24340 : FF;
24341 : FF;
24342 : FF;
24343 : FF;
24344 : FF;
24345 : FF;
24346 : FF;
24347 : FF;
24348 : FF;
24349 : FF;
24350 : FF;
24351 : FF;
24352 : FF;
24353 : FF;
24354 : FF;
24355 : FF;
24356 : FF;
24357 : FF;
24358 : FF;
24359 : FF;
24360 : FF;
24361 : FF;
24362 : FF;
24363 : FF;
24364 : FF;
24365 : FF;
24366 : FF;
24367 : FF;
24368 : FF;
24369 : FF;
24370 : FF;
24371 : FF;
24372 : FF;
24373 : FF;
24374 : FF;
24375 : FF;
24376 : FF;
24377 : FF;
24378 : FF;
24379 : FF;
24380 : FF;
24381 : FF;
24382 : FF;
24383 : FF;
24384 : FF;
24385 : FF;
24386 : FF;
24387 : FF;
24388 : FF;
24389 : FF;
24390 : FF;
24391 : FF;
24392 : FF;
24393 : FF;
24394 : FF;
24395 : FF;
24396 : FF;
24397 : FF;
24398 : FF;
24399 : FF;
24400 : FF;
24401 : FF;
24402 : FF;
24403 : FF;
24404 : FF;
24405 : FF;
24406 : FF;
24407 : FF;
24408 : FF;
24409 : FF;
24410 : FF;
24411 : FF;
24412 : FF;
24413 : FF;
24414 : FF;
24415 : FF;
24416 : FF;
24417 : FF;
24418 : FF;
24419 : FF;
24420 : FF;
24421 : FF;
24422 : FF;
24423 : FF;
24424 : FF;
24425 : FF;
24426 : FF;
24427 : FF;
24428 : FF;
24429 : FF;
24430 : FF;
24431 : FF;
24432 : FF;
24433 : FF;
24434 : FF;
24435 : FF;
24436 : FF;
24437 : FF;
24438 : FF;
24439 : FF;
24440 : FF;
24441 : FF;
24442 : FF;
24443 : FF;
24444 : FF;
24445 : FF;
24446 : FF;
24447 : FF;
24448 : FF;
24449 : FF;
24450 : FF;
24451 : FF;
24452 : FF;
24453 : FF;
24454 : FF;
24455 : FF;
24456 : FF;
24457 : FF;
24458 : FF;
24459 : FF;
24460 : FF;
24461 : FF;
24462 : FF;
24463 : FF;
24464 : FF;
24465 : FF;
24466 : FF;
24467 : FF;
24468 : FF;
24469 : FF;
24470 : FF;
24471 : FF;
24472 : FF;
24473 : FF;
24474 : FF;
24475 : FF;
24476 : FF;
24477 : FF;
24478 : FF;
24479 : FF;
24480 : FF;
24481 : FF;
24482 : FF;
24483 : FF;
24484 : FF;
24485 : FF;
24486 : FF;
24487 : FF;
24488 : FF;
24489 : FF;
24490 : FF;
24491 : FF;
24492 : FF;
24493 : FF;
24494 : FF;
24495 : FF;
24496 : FF;
24497 : FF;
24498 : FF;
24499 : FF;
24500 : FF;
24501 : FF;
24502 : FF;
24503 : FF;
24504 : FF;
24505 : FF;
24506 : FF;
24507 : FF;
24508 : FF;
24509 : FF;
24510 : FF;
24511 : FF;
24512 : FF;
24513 : FF;
24514 : FF;
24515 : FF;
24516 : FF;
24517 : FF;
24518 : FF;
24519 : FF;
24520 : FF;
24521 : FF;
24522 : FF;
24523 : FF;
24524 : FF;
24525 : FF;
24526 : FF;
24527 : FF;
24528 : FF;
24529 : FF;
24530 : FF;
24531 : FF;
24532 : FF;
24533 : FF;
24534 : FF;
24535 : FF;
24536 : FF;
24537 : FF;
24538 : FF;
24539 : FF;
24540 : FF;
24541 : FF;
24542 : FF;
24543 : FF;
24544 : FF;
24545 : FF;
24546 : FF;
24547 : FF;
24548 : FF;
24549 : FF;
24550 : FF;
24551 : FF;
24552 : FF;
24553 : FF;
24554 : FF;
24555 : FF;
24556 : FF;
24557 : FF;
24558 : FF;
24559 : FF;
24560 : FF;
24561 : FF;
24562 : FF;
24563 : FF;
24564 : FF;
24565 : FF;
24566 : FF;
24567 : FF;
24568 : FF;
24569 : FF;
24570 : FF;
24571 : FF;
24572 : FF;
24573 : FF;
24574 : FF;
24575 : FF;
24576 : FF;
24577 : FF;
24578 : FF;
24579 : FF;
24580 : FF;
24581 : FF;
24582 : FF;
24583 : FF;
24584 : FF;
24585 : FF;
24586 : FF;
24587 : FF;
24588 : FF;
24589 : FF;
24590 : FF;
24591 : FF;
24592 : FF;
24593 : FF;
24594 : FF;
24595 : FF;
24596 : FF;
24597 : FF;
24598 : FF;
24599 : FF;
24600 : FF;
24601 : FF;
24602 : FF;
24603 : FF;
24604 : FF;
24605 : FF;
24606 : FF;
24607 : FF;
24608 : FF;
24609 : FF;
24610 : FF;
24611 : FF;
24612 : FF;
24613 : FF;
24614 : FF;
24615 : FF;
24616 : FF;
24617 : FF;
24618 : FF;
24619 : FF;
24620 : FF;
24621 : FF;
24622 : FF;
24623 : FF;
24624 : FF;
24625 : FF;
24626 : FF;
24627 : FF;
24628 : FF;
24629 : FF;
24630 : FF;
24631 : FF;
24632 : FF;
24633 : FF;
24634 : FF;
24635 : FF;
24636 : FF;
24637 : FF;
24638 : FF;
24639 : FF;
24640 : FF;
24641 : FF;
24642 : FF;
24643 : FF;
24644 : FF;
24645 : FF;
24646 : FF;
24647 : FF;
24648 : FF;
24649 : FF;
24650 : FF;
24651 : FF;
24652 : FF;
24653 : FF;
24654 : FF;
24655 : FF;
24656 : FF;
24657 : FF;
24658 : FF;
24659 : FF;
24660 : FF;
24661 : FF;
24662 : FF;
24663 : FF;
24664 : FF;
24665 : FF;
24666 : FF;
24667 : FF;
24668 : FF;
24669 : FF;
24670 : FF;
24671 : FF;
24672 : FF;
24673 : FF;
24674 : FF;
24675 : FF;
24676 : FF;
24677 : FF;
24678 : FF;
24679 : FF;
24680 : FF;
24681 : FF;
24682 : FF;
24683 : FF;
24684 : FF;
24685 : FF;
24686 : FF;
24687 : FF;
24688 : FF;
24689 : FF;
24690 : FF;
24691 : FF;
24692 : FF;
24693 : FF;
24694 : FF;
24695 : FF;
24696 : FF;
24697 : FF;
24698 : FF;
24699 : FF;
24700 : FF;
24701 : FF;
24702 : FF;
24703 : FF;
24704 : FF;
24705 : FF;
24706 : FF;
24707 : FF;
24708 : FF;
24709 : FF;
24710 : FF;
24711 : FF;
24712 : FF;
24713 : FF;
24714 : FF;
24715 : FF;
24716 : FF;
24717 : FF;
24718 : FF;
24719 : FF;
24720 : FF;
24721 : FF;
24722 : FF;
24723 : FF;
24724 : FF;
24725 : FF;
24726 : FF;
24727 : FF;
24728 : FF;
24729 : FF;
24730 : FF;
24731 : FF;
24732 : FF;
24733 : FF;
24734 : FF;
24735 : FF;
24736 : FF;
24737 : FF;
24738 : FF;
24739 : FF;
24740 : FF;
24741 : FF;
24742 : FF;
24743 : FF;
24744 : FF;
24745 : FF;
24746 : FF;
24747 : FF;
24748 : FF;
24749 : FF;
24750 : FF;
24751 : FF;
24752 : FF;
24753 : FF;
24754 : FF;
24755 : FF;
24756 : FF;
24757 : FF;
24758 : FF;
24759 : FF;
24760 : FF;
24761 : FF;
24762 : FF;
24763 : FF;
24764 : FF;
24765 : FF;
24766 : FF;
24767 : FF;
24768 : FF;
24769 : FF;
24770 : FF;
24771 : FF;
24772 : FF;
24773 : FF;
24774 : FF;
24775 : FF;
24776 : FF;
24777 : FF;
24778 : FF;
24779 : FF;
24780 : FF;
24781 : FF;
24782 : FF;
24783 : FF;
24784 : FF;
24785 : FF;
24786 : FF;
24787 : FF;
24788 : FF;
24789 : FF;
24790 : FF;
24791 : FF;
24792 : FF;
24793 : FF;
24794 : FF;
24795 : FF;
24796 : FF;
24797 : FF;
24798 : FF;
24799 : FF;
24800 : FF;
24801 : FF;
24802 : FF;
24803 : FF;
24804 : FF;
24805 : FF;
24806 : FF;
24807 : FF;
24808 : FF;
24809 : FF;
24810 : FF;
24811 : FF;
24812 : FF;
24813 : FF;
24814 : FF;
24815 : FF;
24816 : FF;
24817 : FF;
24818 : FF;
24819 : FF;
24820 : FF;
24821 : FF;
24822 : FF;
24823 : FF;
24824 : FF;
24825 : FF;
24826 : FF;
24827 : FF;
24828 : FF;
24829 : FF;
24830 : FF;
24831 : FF;
24832 : FF;
24833 : FF;
24834 : FF;
24835 : FF;
24836 : FF;
24837 : FF;
24838 : FF;
24839 : FF;
24840 : FF;
24841 : FF;
24842 : FF;
24843 : FF;
24844 : FF;
24845 : FF;
24846 : FF;
24847 : FF;
24848 : FF;
24849 : FF;
24850 : FF;
24851 : FF;
24852 : FF;
24853 : FF;
24854 : FF;
24855 : FF;
24856 : FF;
24857 : FF;
24858 : FF;
24859 : FF;
24860 : FF;
24861 : FF;
24862 : FF;
24863 : FF;
24864 : FF;
24865 : FF;
24866 : FF;
24867 : FF;
24868 : FF;
24869 : FF;
24870 : FF;
24871 : FF;
24872 : FF;
24873 : FF;
24874 : FF;
24875 : FF;
24876 : FF;
24877 : FF;
24878 : FF;
24879 : FF;
24880 : FF;
24881 : FF;
24882 : FF;
24883 : FF;
24884 : FF;
24885 : FF;
24886 : FF;
24887 : FF;
24888 : FF;
24889 : FF;
24890 : FF;
24891 : FF;
24892 : FF;
24893 : FF;
24894 : FF;
24895 : FF;
24896 : FF;
24897 : FF;
24898 : FF;
24899 : FF;
24900 : FF;
24901 : FF;
24902 : FF;
24903 : FF;
24904 : FF;
24905 : FF;
24906 : FF;
24907 : FF;
24908 : FF;
24909 : FF;
24910 : FF;
24911 : FF;
24912 : FF;
24913 : FF;
24914 : FF;
24915 : FF;
24916 : FF;
24917 : FF;
24918 : FF;
24919 : FF;
24920 : FF;
24921 : FF;
24922 : FF;
24923 : FF;
24924 : FF;
24925 : FF;
24926 : FF;
24927 : FF;
24928 : FF;
24929 : FF;
24930 : FF;
24931 : FF;
24932 : FF;
24933 : FF;
24934 : FF;
24935 : FF;
24936 : FF;
24937 : FF;
24938 : FF;
24939 : FF;
24940 : FF;
24941 : FF;
24942 : FF;
24943 : FF;
24944 : FF;
24945 : FF;
24946 : FF;
24947 : FF;
24948 : FF;
24949 : FF;
24950 : FF;
24951 : FF;
24952 : FF;
24953 : FF;
24954 : FF;
24955 : FF;
24956 : FF;
24957 : FF;
24958 : FF;
24959 : FF;
24960 : FF;
24961 : FF;
24962 : FF;
24963 : FF;
24964 : FF;
24965 : FF;
24966 : FF;
24967 : FF;
24968 : FF;
24969 : FF;
24970 : FF;
24971 : FF;
24972 : FF;
24973 : FF;
24974 : FF;
24975 : FF;
24976 : FF;
24977 : FF;
24978 : FF;
24979 : FF;
24980 : FF;
24981 : FF;
24982 : FF;
24983 : FF;
24984 : FF;
24985 : FF;
24986 : FF;
24987 : FF;
24988 : FF;
24989 : FF;
24990 : FF;
24991 : FF;
24992 : FF;
24993 : FF;
24994 : FF;
24995 : FF;
24996 : FF;
24997 : FF;
24998 : FF;
24999 : FF;
25000 : FF;
25001 : FF;
25002 : FF;
25003 : FF;
25004 : FF;
25005 : FF;
25006 : FF;
25007 : FF;
25008 : FF;
25009 : FF;
25010 : FF;
25011 : FF;
25012 : FF;
25013 : FF;
25014 : FF;
25015 : FF;
25016 : FF;
25017 : FF;
25018 : FF;
25019 : FF;
25020 : FF;
25021 : FF;
25022 : FF;
25023 : FF;
25024 : FF;
25025 : FF;
25026 : FF;
25027 : FF;
25028 : FF;
25029 : FF;
25030 : FF;
25031 : FF;
25032 : FF;
25033 : FF;
25034 : FF;
25035 : FF;
25036 : FF;
25037 : FF;
25038 : FF;
25039 : FF;
25040 : FF;
25041 : FF;
25042 : FF;
25043 : FF;
25044 : FF;
25045 : FF;
25046 : FF;
25047 : FF;
25048 : FF;
25049 : FF;
25050 : FF;
25051 : FF;
25052 : FF;
25053 : FF;
25054 : FF;
25055 : FF;
25056 : FF;
25057 : FF;
25058 : FF;
25059 : FF;
25060 : FF;
25061 : FF;
25062 : FF;
25063 : FF;
25064 : FF;
25065 : FF;
25066 : FF;
25067 : FF;
25068 : FF;
25069 : FF;
25070 : FF;
25071 : FF;
25072 : FF;
25073 : FF;
25074 : FF;
25075 : FF;
25076 : FF;
25077 : FF;
25078 : FF;
25079 : FF;
25080 : FF;
25081 : FF;
25082 : FF;
25083 : FF;
25084 : FF;
25085 : FF;
25086 : FF;
25087 : FF;
25088 : FF;
25089 : FF;
25090 : FF;
25091 : FF;
25092 : FF;
25093 : FF;
25094 : FF;
25095 : FF;
25096 : FF;
25097 : FF;
25098 : FF;
25099 : FF;
25100 : FF;
25101 : FF;
25102 : FF;
25103 : FF;
25104 : FF;
25105 : FF;
25106 : FF;
25107 : FF;
25108 : FF;
25109 : FF;
25110 : FF;
25111 : FF;
25112 : FF;
25113 : FF;
25114 : FF;
25115 : FF;
25116 : FF;
25117 : FF;
25118 : FF;
25119 : FF;
25120 : FF;
25121 : FF;
25122 : FF;
25123 : FF;
25124 : FF;
25125 : FF;
25126 : FF;
25127 : FF;
25128 : FF;
25129 : FF;
25130 : FF;
25131 : FF;
25132 : FF;
25133 : FF;
25134 : FF;
25135 : FF;
25136 : FF;
25137 : FF;
25138 : FF;
25139 : FF;
25140 : FF;
25141 : FF;
25142 : FF;
25143 : FF;
25144 : FF;
25145 : FF;
25146 : FF;
25147 : FF;
25148 : FF;
25149 : FF;
25150 : FF;
25151 : FF;
25152 : FF;
25153 : FF;
25154 : FF;
25155 : FF;
25156 : FF;
25157 : FF;
25158 : FF;
25159 : FF;
25160 : FF;
25161 : FF;
25162 : FF;
25163 : FF;
25164 : FF;
25165 : FF;
25166 : FF;
25167 : FF;
25168 : FF;
25169 : FF;
25170 : FF;
25171 : FF;
25172 : FF;
25173 : FF;
25174 : FF;
25175 : FF;
25176 : FF;
25177 : FF;
25178 : FF;
25179 : FF;
25180 : FF;
25181 : FF;
25182 : FF;
25183 : FF;
25184 : FF;
25185 : FF;
25186 : FF;
25187 : FF;
25188 : FF;
25189 : FF;
25190 : FF;
25191 : FF;
25192 : FF;
25193 : FF;
25194 : FF;
25195 : FF;
25196 : FF;
25197 : FF;
25198 : FF;
25199 : FF;
25200 : FF;
25201 : FF;
25202 : FF;
25203 : FF;
25204 : FF;
25205 : FF;
25206 : FF;
25207 : FF;
25208 : FF;
25209 : FF;
25210 : FF;
25211 : FF;
25212 : FF;
25213 : FF;
25214 : FF;
25215 : FF;
25216 : FF;
25217 : FF;
25218 : FF;
25219 : FF;
25220 : FF;
25221 : FF;
25222 : FF;
25223 : FF;
25224 : FF;
25225 : FF;
25226 : FF;
25227 : FF;
25228 : FF;
25229 : FF;
25230 : FF;
25231 : FF;
25232 : FF;
25233 : FF;
25234 : FF;
25235 : FF;
25236 : FF;
25237 : FF;
25238 : FF;
25239 : FF;
25240 : FF;
25241 : FF;
25242 : FF;
25243 : FF;
25244 : FF;
25245 : FF;
25246 : FF;
25247 : FF;
25248 : FF;
25249 : FF;
25250 : FF;
25251 : FF;
25252 : FF;
25253 : FF;
25254 : FF;
25255 : FF;
25256 : FF;
25257 : FF;
25258 : FF;
25259 : FF;
25260 : FF;
25261 : FF;
25262 : FF;
25263 : FF;
25264 : FF;
25265 : FF;
25266 : FF;
25267 : FF;
25268 : FF;
25269 : FF;
25270 : FF;
25271 : FF;
25272 : FF;
25273 : FF;
25274 : FF;
25275 : FF;
25276 : FF;
25277 : FF;
25278 : FF;
25279 : FF;
25280 : FF;
25281 : FF;
25282 : FF;
25283 : FF;
25284 : FF;
25285 : FF;
25286 : FF;
25287 : FF;
25288 : FF;
25289 : FF;
25290 : FF;
25291 : FF;
25292 : FF;
25293 : FF;
25294 : FF;
25295 : FF;
25296 : FF;
25297 : FF;
25298 : FF;
25299 : FF;
25300 : FF;
25301 : FF;
25302 : FF;
25303 : FF;
25304 : FF;
25305 : FF;
25306 : FF;
25307 : FF;
25308 : FF;
25309 : FF;
25310 : FF;
25311 : FF;
25312 : FF;
25313 : FF;
25314 : FF;
25315 : FF;
25316 : FF;
25317 : FF;
25318 : FF;
25319 : FF;
25320 : FF;
25321 : FF;
25322 : FF;
25323 : FF;
25324 : FF;
25325 : FF;
25326 : FF;
25327 : FF;
25328 : FF;
25329 : FF;
25330 : FF;
25331 : FF;
25332 : FF;
25333 : FF;
25334 : FF;
25335 : FF;
25336 : FF;
25337 : FF;
25338 : FF;
25339 : FF;
25340 : FF;
25341 : FF;
25342 : FF;
25343 : FF;
25344 : FF;
25345 : FF;
25346 : FF;
25347 : FF;
25348 : FF;
25349 : FF;
25350 : FF;
25351 : FF;
25352 : FF;
25353 : FF;
25354 : FF;
25355 : FF;
25356 : FF;
25357 : FF;
25358 : FF;
25359 : FF;
25360 : FF;
25361 : FF;
25362 : FF;
25363 : FF;
25364 : FF;
25365 : FF;
25366 : FF;
25367 : FF;
25368 : FF;
25369 : FF;
25370 : FF;
25371 : FF;
25372 : FF;
25373 : FF;
25374 : FF;
25375 : FF;
25376 : FF;
25377 : FF;
25378 : FF;
25379 : FF;
25380 : FF;
25381 : FF;
25382 : FF;
25383 : FF;
25384 : FF;
25385 : FF;
25386 : FF;
25387 : FF;
25388 : FF;
25389 : FF;
25390 : FF;
25391 : FF;
25392 : FF;
25393 : FF;
25394 : FF;
25395 : FF;
25396 : FF;
25397 : FF;
25398 : FF;
25399 : FF;
25400 : FF;
25401 : FF;
25402 : FF;
25403 : FF;
25404 : FF;
25405 : FF;
25406 : FF;
25407 : FF;
25408 : FF;
25409 : FF;
25410 : FF;
25411 : FF;
25412 : FF;
25413 : FF;
25414 : FF;
25415 : FF;
25416 : FF;
25417 : FF;
25418 : FF;
25419 : FF;
25420 : FF;
25421 : FF;
25422 : FF;
25423 : FF;
25424 : FF;
25425 : FF;
25426 : FF;
25427 : FF;
25428 : FF;
25429 : FF;
25430 : FF;
25431 : FF;
25432 : FF;
25433 : FF;
25434 : FF;
25435 : FF;
25436 : FF;
25437 : FF;
25438 : FF;
25439 : FF;
25440 : FF;
25441 : FF;
25442 : FF;
25443 : FF;
25444 : FF;
25445 : FF;
25446 : FF;
25447 : FF;
25448 : FF;
25449 : FF;
25450 : FF;
25451 : FF;
25452 : FF;
25453 : FF;
25454 : FF;
25455 : FF;
25456 : FF;
25457 : FF;
25458 : FF;
25459 : FF;
25460 : FF;
25461 : FF;
25462 : FF;
25463 : FF;
25464 : FF;
25465 : FF;
25466 : FF;
25467 : FF;
25468 : FF;
25469 : FF;
25470 : FF;
25471 : FF;
25472 : FF;
25473 : FF;
25474 : FF;
25475 : FF;
25476 : FF;
25477 : FF;
25478 : FF;
25479 : FF;
25480 : FF;
25481 : FF;
25482 : FF;
25483 : FF;
25484 : FF;
25485 : FF;
25486 : FF;
25487 : FF;
25488 : FF;
25489 : FF;
25490 : FF;
25491 : FF;
25492 : FF;
25493 : FF;
25494 : FF;
25495 : FF;
25496 : FF;
25497 : FF;
25498 : FF;
25499 : FF;
25500 : FF;
25501 : FF;
25502 : FF;
25503 : FF;
25504 : FF;
25505 : FF;
25506 : FF;
25507 : FF;
25508 : FF;
25509 : FF;
25510 : FF;
25511 : FF;
25512 : FF;
25513 : FF;
25514 : FF;
25515 : FF;
25516 : FF;
25517 : FF;
25518 : FF;
25519 : FF;
25520 : FF;
25521 : FF;
25522 : FF;
25523 : FF;
25524 : FF;
25525 : FF;
25526 : FF;
25527 : FF;
25528 : FF;
25529 : FF;
25530 : FF;
25531 : FF;
25532 : FF;
25533 : FF;
25534 : FF;
25535 : FF;
25536 : FF;
25537 : FF;
25538 : FF;
25539 : FF;
25540 : FF;
25541 : FF;
25542 : FF;
25543 : FF;
25544 : FF;
25545 : FF;
25546 : FF;
25547 : FF;
25548 : FF;
25549 : FF;
25550 : FF;
25551 : FF;
25552 : FF;
25553 : FF;
25554 : FF;
25555 : FF;
25556 : FF;
25557 : FF;
25558 : FF;
25559 : FF;
25560 : FF;
25561 : FF;
25562 : FF;
25563 : FF;
25564 : FF;
25565 : FF;
25566 : FF;
25567 : FF;
25568 : FF;
25569 : FF;
25570 : FF;
25571 : FF;
25572 : FF;
25573 : FF;
25574 : FF;
25575 : FF;
25576 : FF;
25577 : FF;
25578 : FF;
25579 : FF;
25580 : FF;
25581 : FF;
25582 : FF;
25583 : FF;
25584 : FF;
25585 : FF;
25586 : FF;
25587 : FF;
25588 : FF;
25589 : FF;
25590 : FF;
25591 : FF;
25592 : FF;
25593 : FF;
25594 : FF;
25595 : FF;
25596 : FF;
25597 : FF;
25598 : FF;
25599 : FF;
25600 : FF;
25601 : FF;
25602 : FF;
25603 : FF;
25604 : FF;
25605 : FF;
25606 : FF;
25607 : FF;
25608 : FF;
25609 : FF;
25610 : FF;
25611 : FF;
25612 : FF;
25613 : FF;
25614 : FF;
25615 : FF;
25616 : FF;
25617 : FF;
25618 : FF;
25619 : FF;
25620 : FF;
25621 : FF;
25622 : FF;
25623 : FF;
25624 : FF;
25625 : FF;
25626 : FF;
25627 : FF;
25628 : FF;
25629 : FF;
25630 : FF;
25631 : FF;
25632 : FF;
25633 : FF;
25634 : FF;
25635 : FF;
25636 : FF;
25637 : FF;
25638 : FF;
25639 : FF;
25640 : FF;
25641 : FF;
25642 : FF;
25643 : FF;
25644 : FF;
25645 : FF;
25646 : FF;
25647 : FF;
25648 : FF;
25649 : FF;
25650 : FF;
25651 : FF;
25652 : FF;
25653 : FF;
25654 : FF;
25655 : FF;
25656 : FF;
25657 : FF;
25658 : FF;
25659 : FF;
25660 : FF;
25661 : FF;
25662 : FF;
25663 : FF;
25664 : FF;
25665 : FF;
25666 : FF;
25667 : FF;
25668 : FF;
25669 : FF;
25670 : FF;
25671 : FF;
25672 : FF;
25673 : FF;
25674 : FF;
25675 : FF;
25676 : FF;
25677 : FF;
25678 : FF;
25679 : FF;
25680 : FF;
25681 : FF;
25682 : FF;
25683 : FF;
25684 : FF;
25685 : FF;
25686 : FF;
25687 : FF;
25688 : FF;
25689 : FF;
25690 : FF;
25691 : FF;
25692 : FF;
25693 : FF;
25694 : FF;
25695 : FF;
25696 : FF;
25697 : FF;
25698 : FF;
25699 : FF;
25700 : FF;
25701 : FF;
25702 : FF;
25703 : FF;
25704 : FF;
25705 : FF;
25706 : FF;
25707 : FF;
25708 : FF;
25709 : FF;
25710 : FF;
25711 : FF;
25712 : FF;
25713 : FF;
25714 : FF;
25715 : FF;
25716 : FF;
25717 : FF;
25718 : FF;
25719 : FF;
25720 : FF;
25721 : FF;
25722 : FF;
25723 : FF;
25724 : FF;
25725 : FF;
25726 : FF;
25727 : FF;
25728 : FF;
25729 : FF;
25730 : FF;
25731 : FF;
25732 : FF;
25733 : FF;
25734 : FF;
25735 : FF;
25736 : FF;
25737 : FF;
25738 : FF;
25739 : FF;
25740 : FF;
25741 : FF;
25742 : FF;
25743 : FF;
25744 : FF;
25745 : FF;
25746 : FF;
25747 : FF;
25748 : FF;
25749 : FF;
25750 : FF;
25751 : FF;
25752 : FF;
25753 : FF;
25754 : FF;
25755 : FF;
25756 : FF;
25757 : FF;
25758 : FF;
25759 : FF;
25760 : FF;
25761 : FF;
25762 : FF;
25763 : FF;
25764 : FF;
25765 : FF;
25766 : FF;
25767 : FF;
25768 : FF;
25769 : FF;
25770 : FF;
25771 : FF;
25772 : FF;
25773 : FF;
25774 : FF;
25775 : FF;
25776 : FF;
25777 : FF;
25778 : FF;
25779 : FF;
25780 : FF;
25781 : FF;
25782 : FF;
25783 : FF;
25784 : FF;
25785 : FF;
25786 : FF;
25787 : FF;
25788 : FF;
25789 : FF;
25790 : FF;
25791 : FF;
25792 : FF;
25793 : FF;
25794 : FF;
25795 : FF;
25796 : FF;
25797 : FF;
25798 : FF;
25799 : FF;
25800 : FF;
25801 : FF;
25802 : FF;
25803 : FF;
25804 : FF;
25805 : FF;
25806 : FF;
25807 : FF;
25808 : FF;
25809 : FF;
25810 : FF;
25811 : FF;
25812 : FF;
25813 : FF;
25814 : FF;
25815 : FF;
25816 : FF;
25817 : FF;
25818 : FF;
25819 : FF;
25820 : FF;
25821 : FF;
25822 : FF;
25823 : FF;
25824 : FF;
25825 : FF;
25826 : FF;
25827 : FF;
25828 : FF;
25829 : FF;
25830 : FF;
25831 : FF;
25832 : FF;
25833 : FF;
25834 : FF;
25835 : FF;
25836 : FF;
25837 : FF;
25838 : FF;
25839 : FF;
25840 : FF;
25841 : FF;
25842 : FF;
25843 : FF;
25844 : FF;
25845 : FF;
25846 : FF;
25847 : FF;
25848 : FF;
25849 : FF;
25850 : FF;
25851 : FF;
25852 : FF;
25853 : FF;
25854 : FF;
25855 : FF;
25856 : FF;
25857 : FF;
25858 : FF;
25859 : FF;
25860 : FF;
25861 : FF;
25862 : FF;
25863 : FF;
25864 : FF;
25865 : FF;
25866 : FF;
25867 : FF;
25868 : FF;
25869 : FF;
25870 : FF;
25871 : FF;
25872 : FF;
25873 : FF;
25874 : FF;
25875 : FF;
25876 : FF;
25877 : FF;
25878 : FF;
25879 : FF;
25880 : FF;
25881 : FF;
25882 : FF;
25883 : FF;
25884 : FF;
25885 : FF;
25886 : FF;
25887 : FF;
25888 : FF;
25889 : FF;
25890 : FF;
25891 : FF;
25892 : FF;
25893 : FF;
25894 : FF;
25895 : FF;
25896 : FF;
25897 : FF;
25898 : FF;
25899 : FF;
25900 : FF;
25901 : FF;
25902 : FF;
25903 : FF;
25904 : FF;
25905 : FF;
25906 : FF;
25907 : FF;
25908 : FF;
25909 : FF;
25910 : FF;
25911 : FF;
25912 : FF;
25913 : FF;
25914 : FF;
25915 : FF;
25916 : FF;
25917 : FF;
25918 : FF;
25919 : FF;
25920 : FF;
25921 : FF;
25922 : FF;
25923 : FF;
25924 : FF;
25925 : FF;
25926 : FF;
25927 : FF;
25928 : FF;
25929 : FF;
25930 : FF;
25931 : FF;
25932 : FF;
25933 : FF;
25934 : FF;
25935 : FF;
25936 : FF;
25937 : FF;
25938 : FF;
25939 : FF;
25940 : FF;
25941 : FF;
25942 : FF;
25943 : FF;
25944 : FF;
25945 : FF;
25946 : FF;
25947 : FF;
25948 : FF;
25949 : FF;
25950 : FF;
25951 : FF;
25952 : FF;
25953 : FF;
25954 : FF;
25955 : FF;
25956 : FF;
25957 : FF;
25958 : FF;
25959 : FF;
25960 : FF;
25961 : FF;
25962 : FF;
25963 : FF;
25964 : FF;
25965 : FF;
25966 : FF;
25967 : FF;
25968 : FF;
25969 : FF;
25970 : FF;
25971 : FF;
25972 : FF;
25973 : FF;
25974 : FF;
25975 : FF;
25976 : FF;
25977 : FF;
25978 : FF;
25979 : FF;
25980 : FF;
25981 : FF;
25982 : FF;
25983 : FF;
25984 : FF;
25985 : FF;
25986 : FF;
25987 : FF;
25988 : FF;
25989 : FF;
25990 : FF;
25991 : FF;
25992 : FF;
25993 : FF;
25994 : FF;
25995 : FF;
25996 : FF;
25997 : FF;
25998 : FF;
25999 : FF;
26000 : FF;
26001 : FF;
26002 : FF;
26003 : FF;
26004 : FF;
26005 : FF;
26006 : FF;
26007 : FF;
26008 : FF;
26009 : FF;
26010 : FF;
26011 : FF;
26012 : FF;
26013 : FF;
26014 : FF;
26015 : FF;
26016 : FF;
26017 : FF;
26018 : FF;
26019 : FF;
26020 : FF;
26021 : FF;
26022 : FF;
26023 : FF;
26024 : FF;
26025 : FF;
26026 : FF;
26027 : FF;
26028 : FF;
26029 : FF;
26030 : FF;
26031 : FF;
26032 : FF;
26033 : FF;
26034 : FF;
26035 : FF;
26036 : FF;
26037 : FF;
26038 : FF;
26039 : FF;
26040 : FF;
26041 : FF;
26042 : FF;
26043 : FF;
26044 : FF;
26045 : FF;
26046 : FF;
26047 : FF;
26048 : FF;
26049 : FF;
26050 : FF;
26051 : FF;
26052 : FF;
26053 : FF;
26054 : FF;
26055 : FF;
26056 : FF;
26057 : FF;
26058 : FF;
26059 : FF;
26060 : FF;
26061 : FF;
26062 : FF;
26063 : FF;
26064 : FF;
26065 : FF;
26066 : FF;
26067 : FF;
26068 : FF;
26069 : FF;
26070 : FF;
26071 : FF;
26072 : FF;
26073 : FF;
26074 : FF;
26075 : FF;
26076 : FF;
26077 : FF;
26078 : FF;
26079 : FF;
26080 : FF;
26081 : FF;
26082 : FF;
26083 : FF;
26084 : FF;
26085 : FF;
26086 : FF;
26087 : FF;
26088 : FF;
26089 : FF;
26090 : FF;
26091 : FF;
26092 : FF;
26093 : FF;
26094 : FF;
26095 : FF;
26096 : FF;
26097 : FF;
26098 : FF;
26099 : FF;
26100 : FF;
26101 : FF;
26102 : FF;
26103 : FF;
26104 : FF;
26105 : FF;
26106 : FF;
26107 : FF;
26108 : FF;
26109 : FF;
26110 : FF;
26111 : FF;
26112 : FF;
26113 : FF;
26114 : FF;
26115 : FF;
26116 : FF;
26117 : FF;
26118 : FF;
26119 : FF;
26120 : FF;
26121 : FF;
26122 : FF;
26123 : FF;
26124 : FF;
26125 : FF;
26126 : FF;
26127 : FF;
26128 : FF;
26129 : FF;
26130 : FF;
26131 : FF;
26132 : FF;
26133 : FF;
26134 : FF;
26135 : FF;
26136 : FF;
26137 : FF;
26138 : FF;
26139 : FF;
26140 : FF;
26141 : FF;
26142 : FF;
26143 : FF;
26144 : FF;
26145 : FF;
26146 : FF;
26147 : FF;
26148 : FF;
26149 : FF;
26150 : FF;
26151 : FF;
26152 : FF;
26153 : FF;
26154 : FF;
26155 : FF;
26156 : FF;
26157 : FF;
26158 : FF;
26159 : FF;
26160 : FF;
26161 : FF;
26162 : FF;
26163 : FF;
26164 : FF;
26165 : FF;
26166 : FF;
26167 : FF;
26168 : FF;
26169 : FF;
26170 : FF;
26171 : FF;
26172 : FF;
26173 : FF;
26174 : FF;
26175 : FF;
26176 : FF;
26177 : FF;
26178 : FF;
26179 : FF;
26180 : FF;
26181 : FF;
26182 : FF;
26183 : FF;
26184 : FF;
26185 : FF;
26186 : FF;
26187 : FF;
26188 : FF;
26189 : FF;
26190 : FF;
26191 : FF;
26192 : FF;
26193 : FF;
26194 : FF;
26195 : FF;
26196 : FF;
26197 : FF;
26198 : FF;
26199 : FF;
26200 : FF;
26201 : FF;
26202 : FF;
26203 : FF;
26204 : FF;
26205 : FF;
26206 : FF;
26207 : FF;
26208 : FF;
26209 : FF;
26210 : FF;
26211 : FF;
26212 : FF;
26213 : FF;
26214 : FF;
26215 : FF;
26216 : FF;
26217 : FF;
26218 : DB;
26219 : FF;
26220 : FF;
26221 : FF;
26222 : FF;
26223 : FF;
26224 : FF;
26225 : FF;
26226 : FF;
26227 : FF;
26228 : FF;
26229 : FF;
26230 : FF;
26231 : DB;
26232 : DB;
26233 : DB;
26234 : FF;
26235 : FF;
26236 : FF;
26237 : FF;
26238 : FF;
26239 : FF;
26240 : FF;
26241 : FF;
26242 : FF;
26243 : FF;
26244 : FF;
26245 : FF;
26246 : FF;
26247 : FF;
26248 : FF;
26249 : FF;
26250 : FF;
26251 : FF;
26252 : FF;
26253 : FF;
26254 : FF;
26255 : FF;
26256 : FF;
26257 : FF;
26258 : FF;
26259 : FF;
26260 : FF;
26261 : FF;
26262 : FF;
26263 : FF;
26264 : FF;
26265 : FF;
26266 : FF;
26267 : FF;
26268 : FF;
26269 : FF;
26270 : FF;
26271 : FF;
26272 : FF;
26273 : FF;
26274 : FF;
26275 : FF;
26276 : FF;
26277 : FF;
26278 : FF;
26279 : FF;
26280 : FF;
26281 : FF;
26282 : FF;
26283 : FF;
26284 : FF;
26285 : FF;
26286 : FF;
26287 : FF;
26288 : FF;
26289 : FF;
26290 : FF;
26291 : FF;
26292 : FF;
26293 : FF;
26294 : FF;
26295 : FF;
26296 : DB;
26297 : DB;
26298 : DB;
26299 : DB;
26300 : DB;
26301 : DB;
26302 : FF;
26303 : FF;
26304 : FF;
26305 : FF;
26306 : FF;
26307 : FF;
26308 : FF;
26309 : FF;
26310 : FF;
26311 : FF;
26312 : FF;
26313 : FF;
26314 : FF;
26315 : FF;
26316 : FF;
26317 : FF;
26318 : FF;
26319 : FF;
26320 : FF;
26321 : FF;
26322 : FF;
26323 : FF;
26324 : FF;
26325 : FF;
26326 : FF;
26327 : FF;
26328 : FF;
26329 : FF;
26330 : FF;
26331 : FF;
26332 : FF;
26333 : FF;
26334 : FF;
26335 : FF;
26336 : FF;
26337 : FF;
26338 : FF;
26339 : DB;
26340 : DB;
26341 : DB;
26342 : DB;
26343 : FF;
26344 : FF;
26345 : FF;
26346 : FF;
26347 : FF;
26348 : FF;
26349 : FF;
26350 : FF;
26351 : FF;
26352 : FF;
26353 : FF;
26354 : DB;
26355 : DB;
26356 : DB;
26357 : DB;
26358 : DB;
26359 : DB;
26360 : FF;
26361 : FF;
26362 : FF;
26363 : FF;
26364 : FF;
26365 : FF;
26366 : FF;
26367 : FF;
26368 : FF;
26369 : FF;
26370 : FF;
26371 : FF;
26372 : FF;
26373 : FF;
26374 : FF;
26375 : FF;
26376 : FF;
26377 : FF;
26378 : FF;
26379 : FF;
26380 : FF;
26381 : FF;
26382 : FF;
26383 : FF;
26384 : FF;
26385 : FF;
26386 : FF;
26387 : FF;
26388 : FF;
26389 : FF;
26390 : FF;
26391 : FF;
26392 : FF;
26393 : FF;
26394 : FF;
26395 : FF;
26396 : FF;
26397 : FF;
26398 : FF;
26399 : FF;
26400 : FF;
26401 : FF;
26402 : FF;
26403 : FF;
26404 : FF;
26405 : FF;
26406 : FF;
26407 : FF;
26408 : FF;
26409 : FF;
26410 : FF;
26411 : FF;
26412 : FF;
26413 : FF;
26414 : FF;
26415 : FF;
26416 : FF;
26417 : FF;
26418 : FF;
26419 : FF;
26420 : DB;
26421 : DB;
26422 : DB;
26423 : DB;
26424 : DB;
26425 : DB;
26426 : FF;
26427 : FF;
26428 : FF;
26429 : FF;
26430 : FF;
26431 : FF;
26432 : FF;
26433 : FF;
26434 : FF;
26435 : FF;
26436 : FF;
26437 : FF;
26438 : FF;
26439 : FF;
26440 : FF;
26441 : FF;
26442 : FF;
26443 : FF;
26444 : FF;
26445 : FF;
26446 : FF;
26447 : FF;
26448 : FF;
26449 : FF;
26450 : FF;
26451 : FF;
26452 : FF;
26453 : FF;
26454 : FF;
26455 : FF;
26456 : FF;
26457 : FF;
26458 : FF;
26459 : FF;
26460 : FF;
26461 : FF;
26462 : FF;
26463 : DB;
26464 : DB;
26465 : DB;
26466 : DB;
26467 : FF;
26468 : FF;
26469 : FF;
26470 : FF;
26471 : FF;
26472 : FF;
26473 : FF;
26474 : FF;
26475 : FF;
26476 : FF;
26477 : DB;
26478 : FF;
26479 : FF;
26480 : FF;
26481 : FF;
26482 : FF;
26483 : DB;
26484 : DB;
26485 : FF;
26486 : FF;
26487 : FF;
26488 : FF;
26489 : FF;
26490 : FF;
26491 : FF;
26492 : FF;
26493 : FF;
26494 : FF;
26495 : FF;
26496 : FF;
26497 : FF;
26498 : FF;
26499 : FF;
26500 : FF;
26501 : FF;
26502 : FF;
26503 : FF;
26504 : FF;
26505 : FF;
26506 : FF;
26507 : FF;
26508 : FF;
26509 : FF;
26510 : FF;
26511 : FF;
26512 : FF;
26513 : FF;
26514 : FF;
26515 : FF;
26516 : FF;
26517 : FF;
26518 : FF;
26519 : FF;
26520 : FF;
26521 : FF;
26522 : FF;
26523 : FF;
26524 : FF;
26525 : FF;
26526 : FF;
26527 : FF;
26528 : FF;
26529 : FF;
26530 : FF;
26531 : FF;
26532 : FF;
26533 : FF;
26534 : FF;
26535 : FF;
26536 : FF;
26537 : FF;
26538 : FF;
26539 : FF;
26540 : FF;
26541 : FF;
26542 : FF;
26543 : FF;
26544 : FF;
26545 : FF;
26546 : DB;
26547 : DB;
26548 : FF;
26549 : FF;
26550 : FF;
26551 : FF;
26552 : FF;
26553 : FF;
26554 : FF;
26555 : FF;
26556 : FF;
26557 : FF;
26558 : FF;
26559 : FF;
26560 : FF;
26561 : FF;
26562 : FF;
26563 : FF;
26564 : FF;
26565 : FF;
26566 : FF;
26567 : FF;
26568 : FF;
26569 : FF;
26570 : FF;
26571 : FF;
26572 : FF;
26573 : FF;
26574 : FF;
26575 : FF;
26576 : FF;
26577 : FF;
26578 : FF;
26579 : FF;
26580 : FF;
26581 : FF;
26582 : FF;
26583 : FF;
26584 : FF;
26585 : FF;
26586 : FF;
26587 : FF;
26588 : FF;
26589 : DB;
26590 : DB;
26591 : FF;
26592 : FF;
26593 : FF;
26594 : FF;
26595 : FF;
26596 : FF;
26597 : FF;
26598 : FF;
26599 : FF;
26600 : FF;
26601 : DB;
26602 : FF;
26603 : FF;
26604 : FF;
26605 : FF;
26606 : FF;
26607 : DB;
26608 : DB;
26609 : FF;
26610 : FF;
26611 : FF;
26612 : FF;
26613 : FF;
26614 : FF;
26615 : FF;
26616 : FF;
26617 : FF;
26618 : FF;
26619 : FF;
26620 : FF;
26621 : FF;
26622 : FF;
26623 : FF;
26624 : FF;
26625 : FF;
26626 : FF;
26627 : FF;
26628 : FF;
26629 : FF;
26630 : FF;
26631 : FF;
26632 : FF;
26633 : FF;
26634 : FF;
26635 : FF;
26636 : FF;
26637 : FF;
26638 : FF;
26639 : FF;
26640 : FF;
26641 : FF;
26642 : FF;
26643 : FF;
26644 : FF;
26645 : FF;
26646 : FF;
26647 : FF;
26648 : FF;
26649 : FF;
26650 : FF;
26651 : FF;
26652 : FF;
26653 : FF;
26654 : FF;
26655 : FF;
26656 : FF;
26657 : FF;
26658 : FF;
26659 : FF;
26660 : FF;
26661 : FF;
26662 : FF;
26663 : FF;
26664 : FF;
26665 : FF;
26666 : FF;
26667 : FF;
26668 : FF;
26669 : FF;
26670 : DB;
26671 : DB;
26672 : FF;
26673 : FF;
26674 : FF;
26675 : FF;
26676 : FF;
26677 : FF;
26678 : FF;
26679 : FF;
26680 : FF;
26681 : FF;
26682 : FF;
26683 : DB;
26684 : DB;
26685 : DB;
26686 : FF;
26687 : FF;
26688 : FF;
26689 : FF;
26690 : DB;
26691 : DB;
26692 : DB;
26693 : DB;
26694 : FF;
26695 : FF;
26696 : DB;
26697 : DB;
26698 : DB;
26699 : DB;
26700 : FF;
26701 : FF;
26702 : FF;
26703 : FF;
26704 : DB;
26705 : DB;
26706 : DB;
26707 : FF;
26708 : FF;
26709 : FF;
26710 : FF;
26711 : FF;
26712 : FF;
26713 : DB;
26714 : DB;
26715 : FF;
26716 : FF;
26717 : FF;
26718 : FF;
26719 : FF;
26720 : FF;
26721 : FF;
26722 : FF;
26723 : FF;
26724 : FF;
26725 : FF;
26726 : FF;
26727 : FF;
26728 : FF;
26729 : FF;
26730 : FF;
26731 : DB;
26732 : FF;
26733 : FF;
26734 : FF;
26735 : FF;
26736 : FF;
26737 : DB;
26738 : FF;
26739 : FF;
26740 : FF;
26741 : FF;
26742 : FF;
26743 : FF;
26744 : FF;
26745 : FF;
26746 : FF;
26747 : FF;
26748 : FF;
26749 : FF;
26750 : FF;
26751 : FF;
26752 : FF;
26753 : FF;
26754 : FF;
26755 : FF;
26756 : FF;
26757 : FF;
26758 : FF;
26759 : FF;
26760 : FF;
26761 : FF;
26762 : FF;
26763 : FF;
26764 : FF;
26765 : FF;
26766 : FF;
26767 : FF;
26768 : FF;
26769 : FF;
26770 : FF;
26771 : FF;
26772 : FF;
26773 : FF;
26774 : FF;
26775 : FF;
26776 : FF;
26777 : FF;
26778 : FF;
26779 : FF;
26780 : FF;
26781 : FF;
26782 : FF;
26783 : FF;
26784 : FF;
26785 : FF;
26786 : FF;
26787 : FF;
26788 : FF;
26789 : FF;
26790 : FF;
26791 : FF;
26792 : FF;
26793 : FF;
26794 : DB;
26795 : DB;
26796 : FF;
26797 : FF;
26798 : FF;
26799 : FF;
26800 : FF;
26801 : FF;
26802 : FF;
26803 : FF;
26804 : FF;
26805 : FF;
26806 : DB;
26807 : FF;
26808 : FF;
26809 : FF;
26810 : DB;
26811 : FF;
26812 : FF;
26813 : FF;
26814 : DB;
26815 : DB;
26816 : DB;
26817 : DB;
26818 : FF;
26819 : FF;
26820 : DB;
26821 : DB;
26822 : DB;
26823 : DB;
26824 : FF;
26825 : FF;
26826 : FF;
26827 : DB;
26828 : FF;
26829 : FF;
26830 : FF;
26831 : DB;
26832 : DB;
26833 : FF;
26834 : FF;
26835 : FF;
26836 : FF;
26837 : DB;
26838 : DB;
26839 : FF;
26840 : FF;
26841 : FF;
26842 : FF;
26843 : FF;
26844 : FF;
26845 : FF;
26846 : FF;
26847 : FF;
26848 : FF;
26849 : FF;
26850 : FF;
26851 : FF;
26852 : DB;
26853 : DB;
26854 : DB;
26855 : FF;
26856 : FF;
26857 : FF;
26858 : FF;
26859 : FF;
26860 : FF;
26861 : DB;
26862 : DB;
26863 : FF;
26864 : FF;
26865 : FF;
26866 : FF;
26867 : FF;
26868 : FF;
26869 : FF;
26870 : FF;
26871 : FF;
26872 : FF;
26873 : FF;
26874 : FF;
26875 : FF;
26876 : FF;
26877 : FF;
26878 : FF;
26879 : FF;
26880 : FF;
26881 : FF;
26882 : FF;
26883 : FF;
26884 : FF;
26885 : FF;
26886 : FF;
26887 : FF;
26888 : FF;
26889 : FF;
26890 : FF;
26891 : FF;
26892 : FF;
26893 : FF;
26894 : FF;
26895 : FF;
26896 : FF;
26897 : FF;
26898 : FF;
26899 : FF;
26900 : FF;
26901 : FF;
26902 : FF;
26903 : FF;
26904 : FF;
26905 : FF;
26906 : FF;
26907 : FF;
26908 : FF;
26909 : FF;
26910 : FF;
26911 : FF;
26912 : FF;
26913 : FF;
26914 : FF;
26915 : FF;
26916 : FF;
26917 : FF;
26918 : DB;
26919 : DB;
26920 : FF;
26921 : FF;
26922 : FF;
26923 : FF;
26924 : FF;
26925 : FF;
26926 : FF;
26927 : FF;
26928 : FF;
26929 : DB;
26930 : FF;
26931 : FF;
26932 : FF;
26933 : FF;
26934 : DB;
26935 : DB;
26936 : FF;
26937 : FF;
26938 : FF;
26939 : DB;
26940 : DB;
26941 : FF;
26942 : FF;
26943 : FF;
26944 : FF;
26945 : DB;
26946 : FF;
26947 : FF;
26948 : FF;
26949 : FF;
26950 : DB;
26951 : DB;
26952 : FF;
26953 : FF;
26954 : FF;
26955 : DB;
26956 : DB;
26957 : FF;
26958 : FF;
26959 : FF;
26960 : FF;
26961 : DB;
26962 : DB;
26963 : FF;
26964 : FF;
26965 : FF;
26966 : FF;
26967 : FF;
26968 : FF;
26969 : FF;
26970 : FF;
26971 : FF;
26972 : FF;
26973 : FF;
26974 : FF;
26975 : FF;
26976 : DB;
26977 : DB;
26978 : DB;
26979 : FF;
26980 : FF;
26981 : FF;
26982 : FF;
26983 : FF;
26984 : FF;
26985 : DB;
26986 : FF;
26987 : FF;
26988 : FF;
26989 : FF;
26990 : FF;
26991 : FF;
26992 : FF;
26993 : FF;
26994 : FF;
26995 : FF;
26996 : FF;
26997 : FF;
26998 : FF;
26999 : FF;
27000 : FF;
27001 : FF;
27002 : FF;
27003 : FF;
27004 : FF;
27005 : FF;
27006 : FF;
27007 : FF;
27008 : FF;
27009 : FF;
27010 : FF;
27011 : FF;
27012 : FF;
27013 : FF;
27014 : FF;
27015 : FF;
27016 : FF;
27017 : FF;
27018 : FF;
27019 : FF;
27020 : FF;
27021 : FF;
27022 : FF;
27023 : FF;
27024 : FF;
27025 : FF;
27026 : FF;
27027 : FF;
27028 : FF;
27029 : FF;
27030 : FF;
27031 : FF;
27032 : FF;
27033 : FF;
27034 : FF;
27035 : FF;
27036 : FF;
27037 : FF;
27038 : FF;
27039 : FF;
27040 : FF;
27041 : FF;
27042 : DB;
27043 : DB;
27044 : FF;
27045 : FF;
27046 : FF;
27047 : FF;
27048 : FF;
27049 : FF;
27050 : FF;
27051 : FF;
27052 : DB;
27053 : DB;
27054 : DB;
27055 : DB;
27056 : DB;
27057 : DB;
27058 : DB;
27059 : DB;
27060 : FF;
27061 : FF;
27062 : FF;
27063 : DB;
27064 : DB;
27065 : FF;
27066 : FF;
27067 : FF;
27068 : FF;
27069 : DB;
27070 : FF;
27071 : FF;
27072 : FF;
27073 : FF;
27074 : DB;
27075 : DB;
27076 : DB;
27077 : DB;
27078 : DB;
27079 : DB;
27080 : DB;
27081 : DB;
27082 : FF;
27083 : FF;
27084 : FF;
27085 : DB;
27086 : DB;
27087 : FF;
27088 : FF;
27089 : FF;
27090 : FF;
27091 : FF;
27092 : FF;
27093 : FF;
27094 : FF;
27095 : FF;
27096 : FF;
27097 : FF;
27098 : FF;
27099 : FF;
27100 : FF;
27101 : FF;
27102 : FF;
27103 : DB;
27104 : DB;
27105 : FF;
27106 : FF;
27107 : FF;
27108 : FF;
27109 : FF;
27110 : FF;
27111 : FF;
27112 : FF;
27113 : FF;
27114 : FF;
27115 : FF;
27116 : FF;
27117 : FF;
27118 : FF;
27119 : FF;
27120 : FF;
27121 : FF;
27122 : FF;
27123 : FF;
27124 : FF;
27125 : FF;
27126 : FF;
27127 : FF;
27128 : FF;
27129 : FF;
27130 : FF;
27131 : FF;
27132 : FF;
27133 : FF;
27134 : FF;
27135 : FF;
27136 : FF;
27137 : FF;
27138 : FF;
27139 : FF;
27140 : FF;
27141 : FF;
27142 : FF;
27143 : FF;
27144 : FF;
27145 : FF;
27146 : FF;
27147 : FF;
27148 : FF;
27149 : FF;
27150 : FF;
27151 : FF;
27152 : FF;
27153 : FF;
27154 : FF;
27155 : FF;
27156 : FF;
27157 : FF;
27158 : FF;
27159 : FF;
27160 : FF;
27161 : FF;
27162 : FF;
27163 : FF;
27164 : FF;
27165 : FF;
27166 : DB;
27167 : DB;
27168 : FF;
27169 : FF;
27170 : FF;
27171 : FF;
27172 : FF;
27173 : FF;
27174 : FF;
27175 : FF;
27176 : DB;
27177 : DB;
27178 : FF;
27179 : FF;
27180 : FF;
27181 : FF;
27182 : FF;
27183 : FF;
27184 : FF;
27185 : FF;
27186 : FF;
27187 : FF;
27188 : DB;
27189 : DB;
27190 : FF;
27191 : FF;
27192 : DB;
27193 : FF;
27194 : FF;
27195 : FF;
27196 : FF;
27197 : DB;
27198 : DB;
27199 : DB;
27200 : FF;
27201 : FF;
27202 : FF;
27203 : FF;
27204 : FF;
27205 : FF;
27206 : FF;
27207 : FF;
27208 : FF;
27209 : DB;
27210 : DB;
27211 : FF;
27212 : FF;
27213 : FF;
27214 : FF;
27215 : FF;
27216 : FF;
27217 : FF;
27218 : FF;
27219 : FF;
27220 : FF;
27221 : FF;
27222 : FF;
27223 : FF;
27224 : FF;
27225 : FF;
27226 : FF;
27227 : DB;
27228 : DB;
27229 : FF;
27230 : FF;
27231 : FF;
27232 : FF;
27233 : FF;
27234 : FF;
27235 : FF;
27236 : FF;
27237 : FF;
27238 : FF;
27239 : FF;
27240 : FF;
27241 : FF;
27242 : FF;
27243 : FF;
27244 : FF;
27245 : FF;
27246 : FF;
27247 : FF;
27248 : FF;
27249 : FF;
27250 : FF;
27251 : FF;
27252 : FF;
27253 : FF;
27254 : FF;
27255 : FF;
27256 : FF;
27257 : FF;
27258 : FF;
27259 : FF;
27260 : FF;
27261 : FF;
27262 : FF;
27263 : FF;
27264 : FF;
27265 : FF;
27266 : FF;
27267 : FF;
27268 : FF;
27269 : FF;
27270 : FF;
27271 : FF;
27272 : FF;
27273 : FF;
27274 : FF;
27275 : FF;
27276 : FF;
27277 : FF;
27278 : FF;
27279 : FF;
27280 : FF;
27281 : FF;
27282 : FF;
27283 : FF;
27284 : FF;
27285 : FF;
27286 : FF;
27287 : FF;
27288 : FF;
27289 : FF;
27290 : DB;
27291 : DB;
27292 : FF;
27293 : FF;
27294 : FF;
27295 : FF;
27296 : FF;
27297 : DB;
27298 : FF;
27299 : FF;
27300 : DB;
27301 : DB;
27302 : FF;
27303 : FF;
27304 : FF;
27305 : FF;
27306 : FF;
27307 : FF;
27308 : FF;
27309 : FF;
27310 : FF;
27311 : FF;
27312 : DB;
27313 : DB;
27314 : FF;
27315 : FF;
27316 : DB;
27317 : FF;
27318 : FF;
27319 : FF;
27320 : FF;
27321 : FF;
27322 : DB;
27323 : DB;
27324 : FF;
27325 : FF;
27326 : FF;
27327 : FF;
27328 : FF;
27329 : FF;
27330 : FF;
27331 : FF;
27332 : FF;
27333 : DB;
27334 : DB;
27335 : FF;
27336 : FF;
27337 : FF;
27338 : FF;
27339 : FF;
27340 : FF;
27341 : FF;
27342 : FF;
27343 : FF;
27344 : DB;
27345 : DB;
27346 : FF;
27347 : FF;
27348 : FF;
27349 : FF;
27350 : FF;
27351 : DB;
27352 : DB;
27353 : FF;
27354 : FF;
27355 : FF;
27356 : FF;
27357 : FF;
27358 : FF;
27359 : FF;
27360 : FF;
27361 : FF;
27362 : FF;
27363 : FF;
27364 : FF;
27365 : FF;
27366 : FF;
27367 : FF;
27368 : FF;
27369 : FF;
27370 : FF;
27371 : FF;
27372 : FF;
27373 : FF;
27374 : FF;
27375 : FF;
27376 : FF;
27377 : FF;
27378 : FF;
27379 : FF;
27380 : FF;
27381 : FF;
27382 : FF;
27383 : FF;
27384 : FF;
27385 : FF;
27386 : FF;
27387 : FF;
27388 : FF;
27389 : FF;
27390 : FF;
27391 : FF;
27392 : FF;
27393 : FF;
27394 : FF;
27395 : FF;
27396 : FF;
27397 : FF;
27398 : FF;
27399 : FF;
27400 : FF;
27401 : FF;
27402 : FF;
27403 : FF;
27404 : FF;
27405 : FF;
27406 : FF;
27407 : FF;
27408 : FF;
27409 : FF;
27410 : FF;
27411 : FF;
27412 : FF;
27413 : FF;
27414 : DB;
27415 : DB;
27416 : FF;
27417 : FF;
27418 : FF;
27419 : FF;
27420 : DB;
27421 : DB;
27422 : FF;
27423 : FF;
27424 : FF;
27425 : DB;
27426 : DB;
27427 : FF;
27428 : FF;
27429 : FF;
27430 : FF;
27431 : DB;
27432 : FF;
27433 : FF;
27434 : FF;
27435 : FF;
27436 : FF;
27437 : DB;
27438 : DB;
27439 : FF;
27440 : FF;
27441 : FF;
27442 : FF;
27443 : FF;
27444 : FF;
27445 : FF;
27446 : DB;
27447 : DB;
27448 : FF;
27449 : FF;
27450 : FF;
27451 : FF;
27452 : DB;
27453 : FF;
27454 : FF;
27455 : FF;
27456 : FF;
27457 : DB;
27458 : DB;
27459 : FF;
27460 : FF;
27461 : FF;
27462 : FF;
27463 : FF;
27464 : FF;
27465 : FF;
27466 : FF;
27467 : FF;
27468 : DB;
27469 : DB;
27470 : FF;
27471 : FF;
27472 : FF;
27473 : FF;
27474 : FF;
27475 : DB;
27476 : DB;
27477 : FF;
27478 : FF;
27479 : FF;
27480 : FF;
27481 : DB;
27482 : FF;
27483 : FF;
27484 : FF;
27485 : FF;
27486 : FF;
27487 : FF;
27488 : FF;
27489 : FF;
27490 : FF;
27491 : FF;
27492 : FF;
27493 : FF;
27494 : FF;
27495 : FF;
27496 : FF;
27497 : FF;
27498 : FF;
27499 : FF;
27500 : FF;
27501 : FF;
27502 : FF;
27503 : FF;
27504 : FF;
27505 : FF;
27506 : FF;
27507 : FF;
27508 : FF;
27509 : FF;
27510 : FF;
27511 : FF;
27512 : FF;
27513 : FF;
27514 : FF;
27515 : FF;
27516 : FF;
27517 : FF;
27518 : FF;
27519 : FF;
27520 : FF;
27521 : FF;
27522 : FF;
27523 : FF;
27524 : FF;
27525 : FF;
27526 : FF;
27527 : FF;
27528 : FF;
27529 : FF;
27530 : FF;
27531 : FF;
27532 : FF;
27533 : FF;
27534 : FF;
27535 : FF;
27536 : DB;
27537 : DB;
27538 : DB;
27539 : DB;
27540 : DB;
27541 : DB;
27542 : DB;
27543 : DB;
27544 : DB;
27545 : FF;
27546 : FF;
27547 : FF;
27548 : FF;
27549 : FF;
27550 : DB;
27551 : DB;
27552 : DB;
27553 : DB;
27554 : DB;
27555 : FF;
27556 : FF;
27557 : FF;
27558 : FF;
27559 : FF;
27560 : FF;
27561 : DB;
27562 : DB;
27563 : DB;
27564 : FF;
27565 : FF;
27566 : FF;
27567 : FF;
27568 : FF;
27569 : FF;
27570 : FF;
27571 : DB;
27572 : DB;
27573 : DB;
27574 : DB;
27575 : DB;
27576 : DB;
27577 : FF;
27578 : FF;
27579 : DB;
27580 : DB;
27581 : DB;
27582 : DB;
27583 : DB;
27584 : FF;
27585 : FF;
27586 : FF;
27587 : FF;
27588 : FF;
27589 : FF;
27590 : FF;
27591 : FF;
27592 : FF;
27593 : DB;
27594 : DB;
27595 : DB;
27596 : DB;
27597 : DB;
27598 : DB;
27599 : DB;
27600 : FF;
27601 : FF;
27602 : FF;
27603 : FF;
27604 : FF;
27605 : DB;
27606 : DB;
27607 : FF;
27608 : FF;
27609 : FF;
27610 : FF;
27611 : FF;
27612 : FF;
27613 : FF;
27614 : FF;
27615 : FF;
27616 : FF;
27617 : FF;
27618 : FF;
27619 : FF;
27620 : FF;
27621 : FF;
27622 : FF;
27623 : FF;
27624 : FF;
27625 : FF;
27626 : FF;
27627 : FF;
27628 : FF;
27629 : FF;
27630 : FF;
27631 : FF;
27632 : FF;
27633 : FF;
27634 : FF;
27635 : FF;
27636 : FF;
27637 : FF;
27638 : FF;
27639 : FF;
27640 : FF;
27641 : FF;
27642 : FF;
27643 : FF;
27644 : FF;
27645 : FF;
27646 : FF;
27647 : FF;
27648 : FF;
27649 : FF;
27650 : FF;
27651 : FF;
27652 : FF;
27653 : FF;
27654 : FF;
27655 : FF;
27656 : FF;
27657 : FF;
27658 : FF;
27659 : FF;
27660 : DB;
27661 : DB;
27662 : DB;
27663 : DB;
27664 : DB;
27665 : DB;
27666 : DB;
27667 : DB;
27668 : DB;
27669 : FF;
27670 : FF;
27671 : FF;
27672 : FF;
27673 : FF;
27674 : FF;
27675 : DB;
27676 : DB;
27677 : DB;
27678 : FF;
27679 : FF;
27680 : FF;
27681 : FF;
27682 : FF;
27683 : FF;
27684 : FF;
27685 : FF;
27686 : DB;
27687 : DB;
27688 : FF;
27689 : FF;
27690 : FF;
27691 : FF;
27692 : FF;
27693 : FF;
27694 : FF;
27695 : FF;
27696 : FF;
27697 : DB;
27698 : DB;
27699 : FF;
27700 : FF;
27701 : FF;
27702 : FF;
27703 : DB;
27704 : DB;
27705 : DB;
27706 : DB;
27707 : DB;
27708 : FF;
27709 : FF;
27710 : FF;
27711 : FF;
27712 : FF;
27713 : FF;
27714 : FF;
27715 : FF;
27716 : FF;
27717 : FF;
27718 : FF;
27719 : DB;
27720 : DB;
27721 : DB;
27722 : FF;
27723 : FF;
27724 : FF;
27725 : FF;
27726 : FF;
27727 : FF;
27728 : FF;
27729 : DB;
27730 : FF;
27731 : FF;
27732 : FF;
27733 : FF;
27734 : FF;
27735 : FF;
27736 : FF;
27737 : FF;
27738 : FF;
27739 : FF;
27740 : FF;
27741 : FF;
27742 : FF;
27743 : FF;
27744 : FF;
27745 : FF;
27746 : FF;
27747 : FF;
27748 : FF;
27749 : FF;
27750 : FF;
27751 : FF;
27752 : FF;
27753 : FF;
27754 : FF;
27755 : FF;
27756 : FF;
27757 : FF;
27758 : FF;
27759 : FF;
27760 : FF;
27761 : FF;
27762 : FF;
27763 : FF;
27764 : FF;
27765 : FF;
27766 : FF;
27767 : FF;
27768 : FF;
27769 : FF;
27770 : FF;
27771 : FF;
27772 : FF;
27773 : FF;
27774 : FF;
27775 : FF;
27776 : FF;
27777 : FF;
27778 : FF;
27779 : FF;
27780 : FF;
27781 : FF;
27782 : FF;
27783 : FF;
27784 : FF;
27785 : FF;
27786 : FF;
27787 : FF;
27788 : FF;
27789 : FF;
27790 : FF;
27791 : FF;
27792 : FF;
27793 : FF;
27794 : FF;
27795 : FF;
27796 : FF;
27797 : FF;
27798 : FF;
27799 : FF;
27800 : FF;
27801 : FF;
27802 : FF;
27803 : FF;
27804 : FF;
27805 : FF;
27806 : FF;
27807 : FF;
27808 : FF;
27809 : FF;
27810 : FF;
27811 : FF;
27812 : FF;
27813 : FF;
27814 : FF;
27815 : FF;
27816 : FF;
27817 : FF;
27818 : FF;
27819 : FF;
27820 : FF;
27821 : FF;
27822 : FF;
27823 : FF;
27824 : FF;
27825 : FF;
27826 : FF;
27827 : FF;
27828 : FF;
27829 : FF;
27830 : FF;
27831 : FF;
27832 : FF;
27833 : FF;
27834 : FF;
27835 : FF;
27836 : FF;
27837 : FF;
27838 : FF;
27839 : FF;
27840 : FF;
27841 : FF;
27842 : FF;
27843 : FF;
27844 : FF;
27845 : FF;
27846 : FF;
27847 : FF;
27848 : FF;
27849 : FF;
27850 : FF;
27851 : FF;
27852 : FF;
27853 : FF;
27854 : FF;
27855 : FF;
27856 : FF;
27857 : FF;
27858 : FF;
27859 : FF;
27860 : FF;
27861 : FF;
27862 : FF;
27863 : FF;
27864 : FF;
27865 : FF;
27866 : FF;
27867 : FF;
27868 : FF;
27869 : FF;
27870 : FF;
27871 : FF;
27872 : FF;
27873 : FF;
27874 : FF;
27875 : FF;
27876 : FF;
27877 : FF;
27878 : FF;
27879 : FF;
27880 : FF;
27881 : FF;
27882 : FF;
27883 : FF;
27884 : FF;
27885 : FF;
27886 : FF;
27887 : FF;
27888 : FF;
27889 : FF;
27890 : FF;
27891 : FF;
27892 : FF;
27893 : FF;
27894 : FF;
27895 : FF;
27896 : FF;
27897 : FF;
27898 : FF;
27899 : FF;
27900 : FF;
27901 : FF;
27902 : FF;
27903 : FF;
27904 : FF;
27905 : FF;
27906 : FF;
27907 : FF;
27908 : FF;
27909 : FF;
27910 : FF;
27911 : FF;
27912 : FF;
27913 : FF;
27914 : FF;
27915 : FF;
27916 : FF;
27917 : FF;
27918 : FF;
27919 : FF;
27920 : FF;
27921 : FF;
27922 : FF;
27923 : FF;
27924 : FF;
27925 : FF;
27926 : FF;
27927 : FF;
27928 : FF;
27929 : FF;
27930 : FF;
27931 : FF;
27932 : FF;
27933 : FF;
27934 : FF;
27935 : FF;
27936 : FF;
27937 : FF;
27938 : FF;
27939 : FF;
27940 : FF;
27941 : FF;
27942 : FF;
27943 : FF;
27944 : FF;
27945 : FF;
27946 : FF;
27947 : FF;
27948 : FF;
27949 : FF;
27950 : FF;
27951 : FF;
27952 : FF;
27953 : FF;
27954 : FF;
27955 : FF;
27956 : FF;
27957 : FF;
27958 : FF;
27959 : FF;
27960 : FF;
27961 : FF;
27962 : FF;
27963 : FF;
27964 : FF;
27965 : FF;
27966 : FF;
27967 : FF;
27968 : FF;
27969 : FF;
27970 : FF;
27971 : FF;
27972 : FF;
27973 : FF;
27974 : FF;
27975 : FF;
27976 : FF;
27977 : FF;
27978 : FF;
27979 : FF;
27980 : FF;
27981 : FF;
27982 : FF;
27983 : FF;
27984 : FF;
27985 : FF;
27986 : FF;
27987 : FF;
27988 : FF;
27989 : FF;
27990 : FF;
27991 : FF;
27992 : FF;
27993 : FF;
27994 : FF;
27995 : FF;
27996 : FF;
27997 : FF;
27998 : FF;
27999 : FF;
28000 : FF;
28001 : FF;
28002 : FF;
28003 : FF;
28004 : FF;
28005 : FF;
28006 : FF;
28007 : FF;
28008 : FF;
28009 : FF;
28010 : FF;
28011 : FF;
28012 : FF;
28013 : FF;
28014 : FF;
28015 : FF;
28016 : FF;
28017 : FF;
28018 : FF;
28019 : FF;
28020 : FF;
28021 : FF;
28022 : FF;
28023 : FF;
28024 : FF;
28025 : FF;
28026 : FF;
28027 : FF;
28028 : FF;
28029 : FF;
28030 : FF;
28031 : FF;
28032 : FF;
28033 : FF;
28034 : FF;
28035 : FF;
28036 : FF;
28037 : FF;
28038 : FF;
28039 : FF;
28040 : FF;
28041 : FF;
28042 : FF;
28043 : FF;
28044 : FF;
28045 : FF;
28046 : FF;
28047 : FF;
28048 : FF;
28049 : FF;
28050 : FF;
28051 : FF;
28052 : FF;
28053 : FF;
28054 : FF;
28055 : FF;
28056 : FF;
28057 : FF;
28058 : FF;
28059 : FF;
28060 : FF;
28061 : FF;
28062 : FF;
28063 : FF;
28064 : FF;
28065 : FF;
28066 : FF;
28067 : FF;
28068 : FF;
28069 : FF;
28070 : FF;
28071 : FF;
28072 : FF;
28073 : FF;
28074 : FF;
28075 : FF;
28076 : FF;
28077 : FF;
28078 : FF;
28079 : FF;
28080 : FF;
28081 : FF;
28082 : FF;
28083 : FF;
28084 : FF;
28085 : FF;
28086 : FF;
28087 : FF;
28088 : FF;
28089 : FF;
28090 : FF;
28091 : FF;
28092 : FF;
28093 : FF;
28094 : FF;
28095 : FF;
28096 : FF;
28097 : FF;
28098 : FF;
28099 : FF;
28100 : FF;
28101 : FF;
28102 : FF;
28103 : FF;
28104 : FF;
28105 : FF;
28106 : FF;
28107 : FF;
28108 : FF;
28109 : FF;
28110 : FF;
28111 : FF;
28112 : FF;
28113 : FF;
28114 : FF;
28115 : FF;
28116 : FF;
28117 : FF;
28118 : FF;
28119 : FF;
28120 : FF;
28121 : FF;
28122 : FF;
28123 : FF;
28124 : FF;
28125 : FF;
28126 : FF;
28127 : FF;
28128 : FF;
28129 : FF;
28130 : FF;
28131 : FF;
28132 : FF;
28133 : FF;
28134 : FF;
28135 : FF;
28136 : FF;
28137 : FF;
28138 : FF;
28139 : FF;
28140 : FF;
28141 : FF;
28142 : FF;
28143 : FF;
28144 : FF;
28145 : FF;
28146 : FF;
28147 : FF;
28148 : FF;
28149 : FF;
28150 : FF;
28151 : FF;
28152 : FF;
28153 : FF;
28154 : FF;
28155 : FF;
28156 : FF;
28157 : FF;
28158 : FF;
28159 : FF;
28160 : FF;
28161 : FF;
28162 : FF;
28163 : FF;
28164 : FF;
28165 : FF;
28166 : FF;
28167 : FF;
28168 : FF;
28169 : FF;
28170 : FF;
28171 : FF;
28172 : FF;
28173 : FF;
28174 : FF;
28175 : FF;
28176 : FF;
28177 : FF;
28178 : FF;
28179 : FF;
28180 : FF;
28181 : FF;
28182 : FF;
28183 : FF;
28184 : FF;
28185 : FF;
28186 : FF;
28187 : FF;
28188 : FF;
28189 : FF;
28190 : FF;
28191 : FF;
28192 : FF;
28193 : FF;
28194 : FF;
28195 : FF;
28196 : FF;
28197 : FF;
28198 : FF;
28199 : FF;
28200 : FF;
28201 : FF;
28202 : FF;
28203 : FF;
28204 : FF;
28205 : FF;
28206 : FF;
28207 : FF;
28208 : FF;
28209 : FF;
28210 : FF;
28211 : FF;
28212 : FF;
28213 : FF;
28214 : FF;
28215 : FF;
28216 : FF;
28217 : FF;
28218 : FF;
28219 : FF;
28220 : FF;
28221 : FF;
28222 : FF;
28223 : FF;
28224 : FF;
28225 : FF;
28226 : FF;
28227 : FF;
28228 : FF;
28229 : FF;
28230 : FF;
28231 : FF;
28232 : FF;
28233 : FF;
28234 : FF;
28235 : FF;
28236 : FF;
28237 : FF;
28238 : FF;
28239 : FF;
28240 : FF;
28241 : FF;
28242 : FF;
28243 : FF;
28244 : FF;
28245 : FF;
28246 : FF;
28247 : FF;
28248 : FF;
28249 : FF;
28250 : FF;
28251 : FF;
28252 : FF;
28253 : FF;
28254 : FF;
28255 : FF;
28256 : FF;
28257 : FF;
28258 : FF;
28259 : FF;
28260 : FF;
28261 : FF;
28262 : FF;
28263 : FF;
28264 : FF;
28265 : FF;
28266 : FF;
28267 : FF;
28268 : FF;
28269 : FF;
28270 : FF;
28271 : FF;
28272 : FF;
28273 : FF;
28274 : FF;
28275 : FF;
28276 : FF;
28277 : FF;
28278 : FF;
28279 : FF;
28280 : FF;
28281 : FF;
28282 : FF;
28283 : FF;
28284 : FF;
28285 : FF;
28286 : FF;
28287 : FF;
28288 : FF;
28289 : FF;
28290 : FF;
28291 : FF;
28292 : FF;
28293 : FF;
28294 : FF;
28295 : FF;
28296 : FF;
28297 : FF;
28298 : FF;
28299 : FF;
28300 : FF;
28301 : FF;
28302 : FF;
28303 : FF;
28304 : FF;
28305 : FF;
28306 : FF;
28307 : FF;
28308 : FF;
28309 : FF;
28310 : FF;
28311 : FF;
28312 : FF;
28313 : FF;
28314 : FF;
28315 : FF;
28316 : FF;
28317 : FF;
28318 : FF;
28319 : FF;
28320 : FF;
28321 : FF;
28322 : FF;
28323 : FF;
28324 : FF;
28325 : FF;
28326 : FF;
28327 : FF;
28328 : FF;
28329 : FF;
28330 : FF;
28331 : FF;
28332 : FF;
28333 : FF;
28334 : FF;
28335 : FF;
28336 : FF;
28337 : FF;
28338 : FF;
28339 : FF;
28340 : FF;
28341 : FF;
28342 : FF;
28343 : FF;
28344 : FF;
28345 : FF;
28346 : FF;
28347 : FF;
28348 : FF;
28349 : FF;
28350 : FF;
28351 : FF;
28352 : FF;
28353 : FF;
28354 : FF;
28355 : FF;
28356 : FF;
28357 : FF;
28358 : FF;
28359 : FF;
28360 : FF;
28361 : FF;
28362 : FF;
28363 : FF;
28364 : FF;
28365 : FF;
28366 : FF;
28367 : FF;
28368 : FF;
28369 : FF;
28370 : FF;
28371 : FF;
28372 : FF;
28373 : FF;
28374 : FF;
28375 : FF;
28376 : FF;
28377 : FF;
28378 : FF;
28379 : FF;
28380 : FF;
28381 : FF;
28382 : FF;
28383 : FF;
28384 : FF;
28385 : FF;
28386 : FF;
28387 : FF;
28388 : FF;
28389 : FF;
28390 : FF;
28391 : FF;
28392 : FF;
28393 : FF;
28394 : FF;
28395 : FF;
28396 : FF;
28397 : FF;
28398 : FF;
28399 : FF;
28400 : FF;
28401 : FF;
28402 : FF;
28403 : FF;
28404 : FF;
28405 : FF;
28406 : FF;
28407 : FF;
28408 : FF;
28409 : FF;
28410 : FF;
28411 : FF;
28412 : FF;
28413 : FF;
28414 : FF;
28415 : FF;
28416 : FF;
28417 : FF;
28418 : FF;
28419 : FF;
28420 : FF;
28421 : FF;
28422 : FF;
28423 : FF;
28424 : FF;
28425 : FF;
28426 : FF;
28427 : FF;
28428 : FF;
28429 : FF;
28430 : FF;
28431 : FF;
28432 : FF;
28433 : FF;
28434 : FF;
28435 : FF;
28436 : FF;
28437 : FF;
28438 : FF;
28439 : FF;
28440 : FF;
28441 : FF;
28442 : FF;
28443 : FF;
28444 : FF;
28445 : FF;
28446 : FF;
28447 : FF;
28448 : FF;
28449 : FF;
28450 : FF;
28451 : FF;
28452 : FF;
28453 : FF;
28454 : FF;
28455 : FF;
28456 : FF;
28457 : FF;
28458 : FF;
28459 : FF;
28460 : FF;
28461 : FF;
28462 : FF;
28463 : FF;
28464 : FF;
28465 : FF;
28466 : FF;
28467 : FF;
28468 : FF;
28469 : FF;
28470 : FF;
28471 : FF;
28472 : FF;
28473 : FF;
28474 : FF;
28475 : FF;
28476 : FF;
28477 : FF;
28478 : FF;
28479 : FF;
28480 : FF;
28481 : FF;
28482 : FF;
28483 : FF;
28484 : FF;
28485 : FF;
28486 : FF;
28487 : FF;
28488 : FF;
28489 : FF;
28490 : FF;
28491 : FF;
28492 : FF;
28493 : FF;
28494 : FF;
28495 : FF;
28496 : FF;
28497 : FF;
28498 : FF;
28499 : FF;
28500 : FF;
28501 : FF;
28502 : FF;
28503 : FF;
28504 : FF;
28505 : FF;
28506 : FF;
28507 : FF;
28508 : FF;
28509 : FF;
28510 : FF;
28511 : FF;
28512 : FF;
28513 : FF;
28514 : FF;
28515 : FF;
28516 : FF;
28517 : FF;
28518 : FF;
28519 : FF;
28520 : FF;
28521 : FF;
28522 : FF;
28523 : FF;
28524 : FF;
28525 : FF;
28526 : FF;
28527 : FF;
28528 : FF;
28529 : FF;
28530 : FF;
28531 : FF;
28532 : FF;
28533 : FF;
28534 : FF;
28535 : FF;
28536 : FF;
28537 : FF;
28538 : FF;
28539 : FF;
28540 : FF;
28541 : FF;
28542 : FF;
28543 : FF;
28544 : FF;
28545 : FF;
28546 : FF;
28547 : FF;
28548 : FF;
28549 : FF;
28550 : FF;
28551 : FF;
28552 : FF;
28553 : FF;
28554 : FF;
28555 : FF;
28556 : FF;
28557 : FF;
28558 : FF;
28559 : FF;
28560 : FF;
28561 : FF;
28562 : FF;
28563 : FF;
28564 : FF;
28565 : FF;
28566 : FF;
28567 : FF;
28568 : FF;
28569 : FF;
28570 : FF;
28571 : FF;
28572 : FF;
28573 : FF;
28574 : FF;
28575 : FF;
28576 : FF;
28577 : FF;
28578 : FF;
28579 : FF;
28580 : FF;
28581 : FF;
28582 : FF;
28583 : FF;
28584 : FF;
28585 : FF;
28586 : FF;
28587 : FF;
28588 : FF;
28589 : FF;
28590 : FF;
28591 : FF;
28592 : FF;
28593 : FF;
28594 : FF;
28595 : FF;
28596 : FF;
28597 : FF;
28598 : FF;
28599 : FF;
28600 : FF;
28601 : FF;
28602 : FF;
28603 : FF;
28604 : FF;
28605 : FF;
28606 : FF;
28607 : FF;
28608 : FF;
28609 : FF;
28610 : FF;
28611 : FF;
28612 : FF;
28613 : FF;
28614 : FF;
28615 : FF;
28616 : FF;
28617 : FF;
28618 : FF;
28619 : FF;
28620 : FF;
28621 : FF;
28622 : FF;
28623 : FF;
28624 : FF;
28625 : FF;
28626 : FF;
28627 : FF;
28628 : FF;
28629 : FF;
28630 : FF;
28631 : FF;
28632 : FF;
28633 : FF;
28634 : FF;
28635 : FF;
28636 : FF;
28637 : FF;
28638 : FF;
28639 : FF;
28640 : FF;
28641 : FF;
28642 : FF;
28643 : FF;
END;
